NAME	Tcells	Monocytes	NK.cells	B.cells	Neutrophils	Macrophages	Plasma	Eosinophils	Mast.cells	Dendritic.cells	tDC2	tpDC	tDC3	tDC1
A2M	1	57.6045246110991	1	1	1	267.08512635478	1	75.9975999955022	1	320.315251527197	1	1	1	1
A4GALT	1	1	1	1	1	1	1	1	32.4703245192723	1	1	1	1	1
AARS	23.7947650399999	20.2364987745271	28.9445612587726	17.2580644777643	1	28.6070402541979	86.5919037462771	29.322023127051	52.0471575339211	37.9437444697493	1	1	1	1
AASDH	1	12.8920940111887	23.1376352995288	1	1	1	1	1	1	1	1	1	1	1
AASS	1	1	1	1	1	1	1	19.9271758859766	17.073419944887	1	1	1	1	1
AATBC	1	20.5249021660917	1	1	1	1	1	1	1	1	1	1	1	1
AATK	1	14.5958493239663	1	1	110.701930358151	13.4276589442355	1	1	1	1	1	1	1	1
ABCA1	1	50.2754669474758	1	34.6534588523073	88.4852829480325	255.938483870213	1	118.95794673236	68.349737076124	77.8248956278239	1	1	1	1
ABCA2	22.561859864117	15.3418241186943	49.3089864736108	1	19.315643004257	1	1	1	1	1	1	1	1	1
ABCA3	1	1	1	1	1	1	1	1	33.1121380670187	1	1	1	1	1
ABCA7	1	16.4815029532971	28.4139858014456	1	69.7126783216696	1	1	1	1	1	1	1	1	1
ABCB1	23.0268656427711	1	67.8837792515436	1	1	1	1	15.2951813367132	1	1	1	1	1	1
ABCB8	1	1	19.128121675006	1	1	12.4789042411675	1	27.7432482667043	1	1	1	1	1	1
ABCC4	1	1	12.3316176979319	1	1	13.5663706417538	26.598616632982	41.418568328867	59.0320969307795	31.7038847940627	1	1	1	1
ABCD1	1	15.7473491543334	1	1	1	28.7007109276942	1	1	1	16.8529362200267	1	1	1	1
ABHD12	17.3284455495903	33.112601513736	25.2237519851025	1	1	179.826803068192	27.062896892726	22.7157736654259	38.4461691956058	91.2724720232693	1	1	1	1
ABHD14A	1	1	15.3961746976493	1	1	1	24.541970776765	1	1	1	1	1	1	1
ABHD15	33.9595774760725	39.0661928811786	68.4328722526272	61.1996271678367	49.6672624061491	38.5179076982455	11.1994229724811	33.2835275740511	24.1315376560396	38.0407819931844	1	239.564931869622	1	1
ABHD17A	93.362250190277	50.0987712492711	390.147181546515	28.1419342894929	39.4291256655969	32.8654028290228	18.1901640051376	48.7299190827746	42.1965919662386	46.7172183485282	1	1	1	1
ABHD17B	47.2224502735204	21.5771650130371	44.9128524169911	56.6775793151354	1	15.0960839875598	1	86.6805031019587	38.5621414590336	15.0538126602125	1	1	1	1
ABHD17C	1	21.8793348165311	1	1	1	1	1	17.7720011379821	66.2314657429373	15.3857820391882	1	1	1	1
ABI1	75.9210551999663	57.0248205569492	96.7081553385575	63.0694903367963	101.029378646051	86.999246955851	28.6876312809494	55.3887553111015	58.2465430371274	67.4213199411342	1	1	101.701397564593	1
ABI3	26.072540477125	52.9246205262022	182.742563698215	31.2447295645619	1	66.2719183585272	1	9.14278537561818	1	76.8730994923871	107.427191937854	1	1	1
ABL1	31.3679358525939	24.9143047175035	32.0466390446721	21.3437232856804	1	27.7862063140312	1	12.4656479442429	22.9296249450826	30.7282009170436	1	1	1	124.269545769283
ABL2	37.2995180912905	82.1162969265126	48.9100538224005	40.0169122609657	99.3661513301658	207.880502909773	28.0893272214747	106.810503568625	65.0434692867421	156.412104375413	205.079971241883	1	1	1
ABLIM1	146.850399952811	20.9789355873862	89.168163967394	59.3638557555884	1	1	1	83.6565138457718	87.8402524403007	37.6027067013996	1	1	1	1
ABO	1	1	1	1	1	1	1	1	32.1163327843747	1	1	1	1	1
ABR	29.4798692237521	58.4216857397173	65.2634440371686	26.1399968680879	54.9072058351334	115.606161560809	1	32.481677725788	31.8264461956811	81.0047293026566	118.409640464586	1	1	1
ABRACL	100.335785596257	87.9471342856022	94.1238629473843	20.7449824423818	20.8403368885741	69.54816277314	19.7306831077445	65.2154721798078	91.3140157125065	54.5724296881108	1	1	1	90.6855466479099
ABTB1	19.1268354188723	36.4138528819934	30.1705882349692	1	409.23423984915	14.5124073588377	1	34.64664855608	1	1	1	1	1	1
AC003102.1	1	1	20.1093155835931	1	1	1	1	1	1	1	1	1	1	1
AC004156.1	1	1	12.619269776217	1	15.7325545422511	1	1	23.3395887455758	1	1	1	1	1	1
AC004584.1	1	1	1	1	26.5354779034837	1	1	1	1	1	1	1	1	1
AC004687.1	51.2892787144133	47.3337554916429	128.991584083232	66.7830579868657	56.3284218280797	20.4716512442818	1	32.0264899328979	1	61.4832620476403	1	309.807433017811	1	153.702140701734
AC004846.1	1	22.1197757895231	21.3096936824559	1	49.3894770665447	15.1890487899782	1	1	1	1	1	1	1	1
AC004847.1	1	17.8366880037603	45.0398662881037	1	1	1	1	1	1	1	1	1	1	1
AC004865.2	1	1	21.9485371906013	1	1	1	1	1	1	1	1	1	1	1
AC004918.1	1	1	30.3324805642335	1	1	1	1	17.9161038332441	20.1466375313897	1	1	1	1	1
AC005261.4	1	1	1	1	1	1	1	17.0508641754197	1	1	1	1	1	1
AC005330.1	1	1	1	1	26.5101550365861	1	1	1	1	1	1	1	1	1
AC005332.7	1	1	21.2993824127258	1	1	1	1	1	1	1	1	1	1	1
AC005614.1	17.1431693649014	28.4220922423484	59.6244277666108	1	1	13.0455154798009	1	18.1154430148333	17.5894622224035	1	1	1	1	1
AC005632.2	1	15.7622309263943	1	1	39.2720759401246	1	1	1	1	1	1	1	1	1
AC005726.4	1	1	1	1	31.6058882076443	1	1	1	1	1	1	1	1	1
AC005726.5	1	1	1	1	1	1	50.2136434424188	1	1	1	1	1	1	1
AC005831.1	17.5327504905241	1	23.5949916010855	1	1	1	1	1	1	1	1	1	1	1
AC006033.2	1	1	50.976768920873	1	1	1	1	1	1	1	1	1	1	1
AC006449.6	1	1	16.6867830641244	1	1	22.5935768995648	1	1	1	1	1	1	1	1
AC007032.1	1	1	1	1	33.7889983311592	1	1	1	1	1	1	1	1	1
AC007382.1	1	1	27.0979343969364	1	1	1	1	1	1	1	1	1	1	1
AC007406.5	1	1	27.9230420555184	1	1	1	1	1	1	1	1	1	1	1
AC007608.4	1	1	1	1	1	1	1	35.5744279656431	1	18.3307556733646	1	1	1	1
AC007743.1	1	1	14.4207505530074	1	1	1	1	24.5122099144917	1	1	1	1	1	1
AC007998.4	17.2202034201105	18.6481229705151	42.1734420936041	21.21016543318	1	1	1	1	1	1	1	1	1	1
AC008074.3	1	1	1	1	1	1	21.5668853502668	1	1	1	1	1	1	1
AC008758.4	1	19.7238860191234	25.1678420855423	1	37.5198499357576	1	1	1	1	1	1	1	1	1
AC008895.1	1	14.0879478331368	18.7291369777791	1	35.7945590540908	1	1	1	1	1	1	1	1	1
AC008946.1	1	1	1	1	1	1	1	17.4578153434197	1	1	1	1	1	1
AC008993.1	1	11.8376268160964	18.7512223501788	1	59.3186234384952	1	1	14.5793161446368	1	1	1	1	1	1
AC009078.3	1	1	1	1	1	1	1	19.7911953178608	1	1	1	1	1	1
AC009084.2	1	17.7593058813271	21.5544348844834	1	36.66411220233	1	1	1	1	1	1	1	1	1
AC009120.3	1	1	1	1	1	1	15.3862941800828	1	1	1	1	1	1	1
AC009404.1	1	1	1	1	1	28.9771514040859	16.4049262273709	32.1813860732558	1	1	1	1	1	1
AC009407.1	1	1	1	1	30.4733118316821	1	1	1	1	1	1	1	1	1
AC009506.1	1	1	1	1	49.4699645797253	1	1	1	1	1	1	1	1	1
AC009831.4	46.1488066463728	1	45.9909481781847	1	1	1	1	14.5504591366521	1	1	1	1	1	1
AC009948.5	1	14.9176744916234	24.5369468102759	1	1	1	1	70.6793020494836	1	1	1	1	1	1
AC009996.1	1	1	1	1	1	1	1	19.7977469620621	14.7703258153065	1	1	1	1	1
AC010226.1	1	1	1	1	1	1	17.5936828447118	1	1	1	1	1	1	1
AC010319.3	1	1	1	1	1	1	1	36.127681041809	1	1	1	1	1	1
AC010463.3	1	1	1	1	1	1	1	31.6900676915056	1	1	1	1	1	1
AC010642.2	1	1	16.7847691777718	1	1	1	31.8619433305313	23.8016681860763	20.7916910446053	12.1429221341757	1	1	1	1
AC011379.1	1	1	1	18.7321982857433	1	1	1	1	1	1	1	1	1	1
AC011466.4	1	1	1	1	18.428120895197	1	1	22.8232983421566	1	1	1	1	1	1
AC011472.2	1	1	1	1	113.230564290724	1	1	1	1	1	1	1	1	1
AC011498.1	1	1	1	1	1	20.0260542576954	1	1	1	1	1	1	1	1
AC011840.1	1	1	1	1	1	1	1	1	54.9864605145418	1	1	1	1	1
AC012236.1	1	1	1	1	1	1	102.697711344473	1	1	1	1	1	1	1
AC012254.2	1	1	1	1	1	12.1292244311936	16.2166505336698	1	18.486765633309	1	1	1	1	1
AC012317.2	1	32.9529563377613	1	1	152.719913073264	1	1	1	1	1	1	1	1	1
AC012368.1	1	13.216092080604	1	1	126.166190790472	1	14.0346722747278	1	1	1	1	1	1	1
AC012615.1	18.0246931055904	1	13.8221020345989	1	1	1	1	1	1	1	1	1	1	1
AC015871.3	1	1	1	1	33.3655881550389	1	1	1	1	1	1	1	1	1
AC015912.3	1	1	1	1	38.6948907349274	1	1	1	1	1	1	1	1	1
AC016405.1	1	1	1	18.6598819059964	1	11.3976358911914	1	12.604056145179	1	1	1	1	1	1
AC016588.2	1	1	1	1	1	1	1	15.1357170838874	1	1	1	1	1	1
AC016708.1	1	1	21.6064459605722	1	1	1	1	1	1	1	1	1	1	1
AC016745.2	1	14.7701904641788	23.1315960483148	1	41.8918791364299	1	1	1	1	1	1	1	1	1
AC016831.1	1	1	1	1	29.0894957693225	12.6107943496153	1	1	1	1	1	1	1	1
AC016831.5	72.2650532421232	26.0224162815447	53.5462183596621	57.1835669705956	45.4998314728414	31.571483302383	71.6376473829983	41.4839513754281	1	28.6602168117615	1	215.58910719081	1	1
AC016949.1	1	26.7032494714823	32.4319266995725	22.6772699594986	1	14.0305436627875	1	59.6170829551362	19.8235835776476	25.9560917174214	1	1	1	1
AC016957.2	16.7499569451869	1	24.3916803639038	1	36.9721326657374	1	1	1	1	1	1	1	1	1
AC018445.4	1	1	1	26.4263262893417	1	1	1	28.7392790891071	15.2852285223457	1	1	1	1	1
AC018695.7	1	20.6597886269212	25.4658041205736	1	40.9024455142324	1	1	1	1	1	1	1	1	1
AC020571.1	1	1	1	1	1	1	1	32.2565526412502	1	1	1	1	1	1
AC020656.1	1	58.3976690867744	1	1	17.6224712505305	54.2262776543195	1	1	1	58.8094572619208	1	1	1	103.506986857676
AC020907.3	1	21.0182471820808	26.0784992154154	1	73.4057368518812	12.5921705100957	1	1	1	1	1	1	1	1
AC020916.1	44.2957261523367	27.692537301051	1	50.9764718117546	72.5428951567493	28.6630479202198	37.2628984866221	181.214662497184	86.4845011555821	33.8126008514733	1	1	1	1
AC021087.3	1	1	1	1	43.8237782072786	1	1	1	1	1	1	1	1	1
AC022211.4	1	1	1	1	24.3795530319225	1	1	1	1	1	1	1	1	1
AC022405.1	1	1	1	1	24.9375346958763	1	1	1	1	1	1	1	1	1
AC022497.1	1	14.9933205317784	1	1	1	23.5350586975896	1	1	1	16.3206193080647	1	1	1	1
AC022706.1	22.4005680787328	1	38.5064980940882	1	1	1	1	1	1	1	1	1	1	1
AC023157.3	1	21.3430117908578	13.6209448844394	1	173.433265950392	11.8909185290049	1	23.778266998808	23.962254670523	1	1	1	1	1
AC023283.1	1	1	1	24.9027352896607	1	1	1	1	1	1	1	1	1	1
AC023355.1	1	1	1	1	1	1	1	17.103175107287	1	1	1	1	1	1
AC024075.2	1	1	14.9730907771719	1	1	1	1	20.5855412742042	1	1	1	1	1	1
AC025164.2	35.0840260373566	20.3231577434418	1	53.4819323750553	1	1	1	26.208816910749	1	1	1	1	1	1
AC025268.1	1	13.2043993528594	17.3981374758454	1	1	1	1	26.6307485893818	1	1	1	1	1	1
AC025279.1	1	1	1	46.1867445555348	1	1	1	1	1	1	1	1	1	1
AC025539.1	1	1	17.5434283217152	15.4575835913667	1	1	1	1	1	1	1	1	1	1
AC026979.3	34.4033299017144	11.3012895997592	25.1113923240199	1	34.2638241594811	13.6609435429027	1	1	1	1	1	1	1	1
AC027097.1	16.7096904474735	19.5612568388707	35.9712105872617	49.3160104780906	1	1	1	11.3392415848428	1	1	1	1	1	1
AC027288.3	1	15.9882801352443	36.4222893997485	1	1	12.3012006821392	1	1	1	1	1	1	1	1
AC027290.2	144.817347682491	112.344029562203	154.281675864597	290.419583959613	238.06219074911	77.7657475822729	40.7280479934812	307.209394181057	125.772391798513	85.0608409869933	1	1	1	1
AC027644.3	1	20.2799133138636	17.48339121098	1	49.2721162995698	14.4807590651474	1	69.9759626379523	21.9476823265551	1	1	1	1	1
AC034187.1	1	1	1	1	1	1	1	21.3634663107506	1	1	1	1	1	1
AC044849.2	20.9366433735514	1	1	1	1	1	1	1	1	1	1	1	1	1
AC046185.3	1	1	21.2646578643208	1	1	1	1	1	1	1	1	1	1	1
AC060780.1	18.9837759972371	21.8243413413151	45.0805121797318	44.4871506547151	45.9538917381333	20.7887167293125	26.8884846438808	26.2921582144746	35.577609607332	16.8062590449247	1	193.021220723937	1	1
AC063949.2	1	1	1	36.2360588086914	1	1	1	1	1	1	1	1	1	1
AC064805.1	1	22.6777913564116	1	1	1	1	1	1	1	1	1	1	1	1
AC068547.1	42.5368522085271	54.2959266100949	60.7590670921359	44.9397219412257	1	66.4116144835321	35.3561718105976	52.9754132201216	56.9402797701422	68.4755000907981	1	1	1	184.520927921775
AC068580.4	1	1	1	1	1	35.1084436899104	1	1	1	1	1	1	1	1
AC068587.6	40.1742776975815	73.5922490153115	56.8659868110699	75.5170593086599	92.1223026249029	41.5911548404422	19.5264527618533	85.171157918581	51.407659376934	63.4349489126376	1	1	1	146.035810430338
AC073111.5	1	1	1	21.4845375496356	1	1	1	1	1	1	1	1	1	1
AC073172.1	1	1	1	1	24.0358322329591	1	1	1	1	1	1	1	1	1
AC074117.1	108.494831454701	95.068204517363	122.001540739354	91.6461593662129	93.9686979118973	80.5845230682871	32.0469043109393	134.164543037176	199.543417113645	65.0991125582341	1	162.140345878298	1	1
AC078795.1	1	1	1	1	1	1	1	17.7748320454559	11.9233005467041	1	1	1	1	1
AC078883.1	1	1	1	1	1	1	33.2124623370232	1	1	1	1	1	1	1
AC078927.1	1	1	1	1	1	1	1	17.6375125982014	1	1	1	1	1	1
AC079174.2	1	1	1	1	1	1	1	26.5407424070851	1	1	1	1	1	1
AC079331.1	1	1	27.1131690148656	1	1	1	1	1	1	1	1	1	1	1
AC079630.1	1	1	1	1	30.9262589439422	1	1	1	1	1	1	1	1	1
AC083799.1	1	14.2618327563348	1	1	95.62444133105	18.5370419671472	1	1	23.9732064622537	13.4702409527	1	1	1	1
AC083862.2	1	1	1	1	47.5468838684096	1	22.8301449573394	1	1	1	1	1	1	1
AC084824.3	1	1	1	1	1	1	1	20.0308033445321	1	1	1	1	1	1
AC087284.1	1	18.9214708332712	1	1	1	1	1	1	1	12.9989856817253	1	1	1	1
AC090152.1	1	1	37.4168838872894	1	1	1	1	1	1	1	1	1	1	1
AC090907.2	1	13.0081852917014	14.6471017112912	1	45.2611858949377	1	1	1	1	1	1	1	1	1
AC091057.2	1	1	37.0781796844137	1	1	1	1	1	1	16.2545863790717	1	1	1	1
AC091271.1	1	1	1	1	30.6085439627674	1	1	1	1	1	1	1	1	1
AC091825.1	1	1	1	1	1	1	1	16.7977476809334	1	1	1	1	1	1
AC091948.1	1	1	1	1	1	1	58.1725884154942	1	1	1	1	1	1	1
AC092068.2	1	11.7669445772378	15.1132447603576	14.0304637033733	53.0705287666149	1	1	1	1	1	1	1	1	1
AC092069.1	1	1	1	1	1	20.1524997362114	1	1	22.3253625657709	32.5243824957831	1	1	1	1
AC092118.1	1	1	1	1	30.0527216419186	1	1	17.3233003479984	1	1	1	1	1	1
AC092490.1	1	1	1	1	1	18.4404297152291	1	1	1	1	1	1	1	1
AC092683.1	18.4436233963854	15.3691801658319	22.1961442075632	18.8713556421202	1	1	1	1	1	1	1	1	1	1
AC092718.3	1	1	1	1	1	1	1	48.9794923353658	1	1	1	1	1	1
AC092723.1	1	1	13.4821699105764	1	45.4474035242713	1	1	1	1	1	1	1	1	1
AC092756.1	1	10.5921105462856	1	1	19.4136103678517	1	1	24.1494872978249	1	1	1	1	1	1
AC092821.1	1	1	1	1	28.0124394161193	1	1	1	1	1	1	1	1	1
AC092821.3	25.8405034084324	1	127.698353127163	36.5939444876282	1	1	1	1	1	1	1	1	1	1
AC092868.2	1	1	1	1	23.9993621649352	1	1	1	1	1	1	1	1	1
AC093010.2	1	1	21.68143512076	1	1	1	1	1	1	1	1	1	1	1
AC093323.1	1	1	31.4204134372262	1	1	1	1	1	1	1	1	1	1	1
AC093599.1	1	1	1	1	1	1	24.02072856435	1	1	1	1	1	1	1
AC093904.4	1	1	1	1	43.9443371940775	1	1	1	1	1	1	1	1	1
AC096564.2	1	12.7481681446959	1	1	38.6818636904764	1	1	1	1	1	1	1	1	1
AC096667.1	1	26.5400272404586	1	1	23.6787848045632	1	1	1	1	1	1	1	1	1
AC098818.2	1	1	1	1	1	1	1	32.0426095954502	1	1	1	1	1	1
AC099063.4	25.432981020032	49.9253376264899	99.2454829736246	22.5911154255477	1	17.7607350673669	1	19.9601184328594	16.3362686382824	22.8582239335433	1	1	1	1
AC099343.3	1	15.725811637559	28.4488355829202	1	45.3938375674004	1	1	14.5828744232419	1	1	1	1	1	1
AC099850.1	1	25.4828186019479	14.7902470739964	1	61.4472704390876	14.6356575529851	1	1	1	18.2397455081515	1	1	1	1
AC103957.2	1	12.8303433086868	24.5190812566072	1	1	1	1	1	1	1	1	1	1	1
AC104024.1	1	1	1	35.0260392328124	1	1	12.76444894472	1	1	1	1	1	1	1
AC104135.1	1	14.7984416081208	16.8194574371014	1	35.6698360114002	1	1	1	1	1	1	1	1	1
AC104581.4	1	19.7071519649911	1	1	26.7592166047024	59.7647287081092	1	40.422898771795	17.1976078995172	22.5256558765174	1	1	1	1
AC104667.2	1	11.8050911570353	1	17.4624599348924	20.3027220148224	1	1	40.1379897535403	1	1	1	1	1	1
AC104695.2	24.0556928336268	26.0296685462763	19.3705527512646	1	1	74.0334094826202	1	29.594940137545	29.6425033662847	56.6614489047702	1	1	1	1
AC104699.1	1	1	1	1	1	1	21.335034783383	1	1	1	1	1	1	1
AC104794.2	1	18.156614525864	22.1607694038231	1	1	1	1	1	1	1	1	1	1	1
AC107398.3	1	21.8963246969457	14.3558802302594	1	55.9939651530667	1	1	20.3425882292182	12.3524599657213	1	1	1	1	1
AC107993.1	1	12.328251134445	1	1	38.7916297424886	1	1	1	1	1	1	1	1	1
AC108134.3	26.376343205112	1	59.8399848729813	1	1	1	1	66.5784941909295	1	1	1	1	1	1
AC108704.2	1	19.8749040246709	44.5501784503948	1	71.7117668985797	1	1	1	1	13.1438617493065	1	286.310295215142	1	1
AC108718.1	1	1	1	1	29.9906454573921	1	1	1	1	1	1	1	1	1
AC109326.1	1	1	1	1	1	18.8884519957628	1	39.0798669553415	1	1	1	1	1	1
AC109466.1	1	14.7601688523544	25.5034788949796	18.2245262582053	1	12.0482198427672	1	1	1	1	1	1	1	1
AC114488.3	1	1	1	1	1	1	20.0409938956331	1	1	1	1	1	1	1
AC118344.2	1	20.5920432216695	15.7915275471437	1	1	1	1	1	1	1	1	1	1	1
AC118758.3	1	23.5654598333278	18.532943836921	1	76.523417853645	1	1	11.7367146736908	14.8507351013515	1	1	1	1	1
AC125257.1	23.3513889375427	1	19.6452606043308	1	1	1	1	1	29.4125513244937	1	1	1	1	1
AC127496.1	1	1	12.3157113291541	1	33.369248758819	1	1	1	1	1	1	1	1	1
AC127496.7	1	1	1	1	1	1	1	14.0097227763635	1	1	1	1	1	1
AC127502.2	1	18.8361190628648	47.1354204836227	1	1	16.0283826513973	1	1	1	1	1	1	1	1
AC130469.2	1	27.3310634084316	45.0523414298464	1	76.711039857107	1	1	1	1	12.5504724884951	1	1	1	1
AC131009.2	1	1	1	1	26.2488980360127	1	1	1	1	1	1	1	1	1
AC131649.2	1	15.8228816548523	14.4742258973847	1	21.1082900661691	1	1	38.0123737857485	1	1	1	1	1	1
AC132872.1	1	1	1	1	26.3316179259958	1	1	1	1	1	1	1	1	1
AC133065.6	1	12.9228762557747	1	1	1	12.5588661942908	1	1	1	21.7943326969081	1	1	1	1
AC133637.1	1	1	1	39.7665020998832	1	1	1	1	1	1	1	1	1	1
AC133644.2	16.5260512566497	1	1	1	1	1	1	1	1	1	1	1	1	1
AC134669.2	18.9011063404758	28.7822728065144	1	15.4981913105393	105.998403242839	1	1	1	1	1	1	1	1	1
AC135050.3	1	1	1	1	1	25.2241115103535	1	1	1	15.3375455353083	1	1	1	1
AC138150.1	1	1	39.1247508439791	1	1	1	1	1	1	1	1	1	1	1
AC145285.2	1	1	14.5918558073829	15.4563381644201	1	1	1	1	1	1	1	1	1	1
AC239800.3	31.7549305632011	13.6508022560298	77.1155727867756	1	24.3336520352199	1	1	11.8695496859719	15.6714192211793	1	1	1	1	1
AC240565.2	1	11.2532927084643	1	1	46.9818950830948	1	1	1	16.6028276272233	1	1	1	1	1
AC245128.3	1	103.189424074904	1	1	394.599764252053	20.1123255859205	1	46.5814005843105	1	1	1	1	1	1
AC245297.2	1	1	19.2077671748082	1	1	1	1	1	1	1	1	1	1	1
ACAP1	150.258107567767	34.7980923267714	177.184543452599	136.77612728358	80.2269088039959	13.5963837713093	25.0775834985962	58.1477912538536	15.6291006639391	24.9156887265924	1	1	1	1
ACAP3	1	24.3273268886848	18.3332269757141	1	1	1	18.7054201101002	1	17.4801298959559	11.5674719009645	1	1	1	1
ACBD7	1	13.8645137419611	29.5457805531326	1	1	1	1	1	1	1	1	1	1	1
ACD	1	1	27.1594960988056	1	1	1	1	17.551924714785	1	1	1	1	1	1
ACE	17.2044218804957	22.2840524055896	18.8443021926112	1	20.1177744130811	119.935124642812	1	18.7331772160801	16.6074905501483	53.5625479165896	1	1	1	1
ACKR3	1	22.8208800008074	1	1	1	31.3457014183753	1	1	24.7642584664234	1	1	1	1	1
ACP2	1	26.0071240282705	18.6528430069916	1	1	143.286914650419	13.363274026788	1	1	34.5249312963883	1	1	1	1
ACP5	25.6107151137692	87.6483243292204	22.3651018862211	46.6087405186638	1	981.983655393531	15.0895348899513	43.8376069016372	34.843950420282	182.121949503708	1	1	1	1
ACSL1	25.746398822105	265.82537421644	25.9942752596975	45.2194670833626	1058.24770835673	291.700193402632	1	106.637083373689	67.3147894061649	197.89124709984	1	1	1	1
ACSL5	50.22947928175	70.9472326223143	57.5361315381951	26.411216427257	49.0725579959524	46.0539764523739	17.2674500832435	23.7131390392054	35.0706646135758	53.7387358260004	1	1	1	113.05499183734
ACTN1	51.6124756185445	188.035211548214	24.8928007240482	23.4492834690468	789.168417695256	230.232107701926	1	180.539159641555	115.730410420062	229.885568243229	208.452796241044	1	273.897480823122	372.962193385041
ACTN4	248.938002231082	238.389296449628	431.135407978643	100.454895817646	342.398322818326	175.091866092283	64.6711836575581	265.417477898481	236.150837500645	306.304762518768	239.928768948108	862.975329725296	174.07056087419	188.114173078545
ACVR2B	1	1	1	1	1	1	59.9127246262294	1	1	1	1	1	1	1
ACVRL1	1	1	1	1	1	29.7590435525496	1	1	1	1	1	1	1	1
ACYP2	1	10.7321574458395	16.9159560287109	16.9067734302999	1	1	1	14.8973394233313	1	1	1	1	1	1
AD000090.1	1	1	1	1	1	17.9248786428474	17.90168121592	1	20.2170876328624	33.8783513889543	1	1	1	1
AD000671.3	1	1	1	1	23.8865530738078	1	1	1	1	1	1	1	1	1
ADA	18.1861617700881	14.6740487269331	41.3907150324067	1	1	1	14.1878216437924	1	1	1	1	1	1	1
ADA2	81.8839348836786	374.892027313133	111.475079180463	51.7067931453721	32.7231752828848	373.851203969564	392.177014635476	62.6531276560247	22.9817240637188	237.292214385527	322.971310145953	260.182289671481	1	451.714979305837
ADAL	1	1	21.1441426164386	1	1	1	1	1	1	1	1	1	1	1
ADAM12	1	1	1	1	1	1	1	33.086004021198	73.4229082482966	1	1	1	1	1
ADAM15	1	35.7611195632529	15.6496159325055	1	1	20.4637289807019	28.5317846576315	1	20.0323815293155	27.5215065455246	1	1	1	1
ADAM19	99.4977862682393	70.1864339642866	1	81.7654850260193	100.935533194894	1	73.879592045095	65.4056263528244	1	193.176698741508	487.339209482516	565.324717553523	550.953275440863	390.80065092256
ADAM23	1	1	1	1	1	1	1	1	32.4743598536851	1	1	1	1	1
ADAM28	1	24.1186855564881	12.1621737312965	238.256108419961	1	24.4173264635665	37.2254764935328	16.8396393676522	1	54.2785623604012	1	1	1	1
ADAM8	63.1834493433386	117.726686671848	182.961044499139	40.1417122780919	509.427133349186	104.080986886099	1	93.5306476969133	37.8969194767683	131.377427793751	269.029917577139	1	159.24385477921	1
ADAM9	1	43.9445514095469	1	1	1	112.973479352674	1	21.7711833727923	52.8973125705386	78.1309423732982	1	1	1	1
ADAMDEC1	1	1	1	1	1	24.8559960773949	1	1	1	1	1	1	1	1
ADAMTS3	1	1	1	1	1	1	1	17.227127956299	1	1	1	1	1	1
ADAMTS7	1	1	1	1	1	1	1	26.7876851907248	1	1	1	1	1	1
ADAMTSL4	1	39.5708385141198	1	1	1	70.9646387551783	1	1	1	43.201992901331	1	1	1	1
ADAMTSL4-AS1	1	1	1	1	23.06702089997	1	1	1	1	1	1	1	1	1
ADAP1	1	29.7297715891921	35.9623063794871	1	18.2375808694512	1	1	1	1	18.5410270340084	1	1	1	1
ADAP2	1	88.6290765901264	1	25.4568279729891	24.0300148254962	187.519522500716	1	1	1	114.360912944552	200.838158996745	1	1	108.353358567624
ADARB1	20.8616956932854	1	1	1	1	1	1	25.8674084333508	1	1	1	1	1	1
ADAT3	1	1	1	1	1	1	19.5284764395992	1	1	1	1	1	1	1
ADCY3	37.4161695852256	16.2778107183011	1	15.5206239260416	1	60.6750461875294	1	33.2237990436265	48.2262678979863	78.7295420399534	1	1	1	1
ADCY7	66.2656076874641	116.042930339395	290.016492744141	39.6100209549423	45.8563228043824	59.8439857490068	16.7800874097158	135.237853213657	48.2225759427966	91.8435460122905	241.657247858947	1	1	147.308388986282
ADCYAP1	1	1	1	1	1	1	1	209.163309735561	181.301323685133	1	1	1	1	1
ADD1	80.468691364576	87.4400880012896	191.102719156827	88.4728347621833	89.3878421389644	66.3353123966701	24.324394631127	56.1429555445862	65.8881651453901	74.4873258865207	1	155.303751339618	1	1
ADD2	1	1	1	17.5949733118299	1	1	1	1	1	1	1	1	1	1
ADGRE1	1	29.0792377433506	1	1	1	1	1	1	1	1	1	1	1	1
ADGRE3	1	1	1	1	37.3114728270279	1	1	1	1	1	1	1	1	1
ADGRF1	1	21.8237671202475	13.5017907241304	1	54.4036105191397	1	1	1	1	16.4190703398674	1	1	1	1
ADGRF5	1	46.6128714495906	1	1	1	1	1	42.0079018161954	23.3424117124217	65.4972583587121	1	1	1	1
ADGRG1	1	19.4612209829572	654.503354806694	1	1	1	1	26.2329577678375	28.7464119399915	59.9208039948926	1	1	1	1
ADGRG3	1	1	1	1	263.088417799896	1	1	37.0420696484499	1	1	1	1	1	1
ADGRG5	1	1	41.1604534673929	1	1	1	20.7474540037827	1	1	1	1	1	1	1
ADGRG6	1	1	1	1	1	1	1	1	15.0457534256485	21.6709013272229	1	1	1	1
ADGRL1	1	1	26.0848363573412	1	1	1	19.9454496403472	12.5926154320604	21.0234530347098	1	1	1	1	1
ADGRL2	1	1	1	1	1	1	1	69.5760994022567	1	1	1	1	1	1
ADH7	1	1	1	1	1	1	1	1	73.4212751923893	1	1	1	1	1
ADHFE1	1	1	18.6726786182404	1	1	1	1	1	1	1	1	1	1	1
ADIRF	1	51.1782649189258	1	1	1	1	1	1	56.4776345602539	35.291844633171	1	1	1	1
ADM	1	37.3490838148107	1	1	263.252031989584	90.2839675381144	1	209.986356023108	133.413259016679	49.9822209925109	1	1	1	1
ADORA2A	26.8050144929799	1	1	33.879122811552	65.2576178526004	1	24.4583450757204	33.1264799840126	1	18.2302134173505	1	1	170.039527385105	1
ADORA3	1	1	1	1	1	25.2237159945855	1	1	1	1	1	1	1	1
ADPRH	1	27.3591187793667	1	1	1	29.6776067658769	1	10.8366695995895	1	23.1892532780474	1	1	1	1
ADPRM	17.3413866237722	1	1	1	1	1	1	1	15.6220556712216	1	1	1	1	1
ADRA1A	1	1	1	1	24.1308954657052	1	1	1	1	1	1	1	1	1
ADRB2	1	1	78.0816087598325	1	1	1	1	23.5946318474546	35.7229664203528	1	1	1	1	1
ADTRP	17.5082528588396	1	1	1	1	21.5051322248017	1	1	1	1	1	1	1	1
AES	184.925451718119	82.9326987427025	307.667516277631	109.467047784139	1	66.1938743735545	41.8567478943368	67.4952806048981	46.8694011431531	89.8132621504039	204.859695342403	183.974492683874	1	168.396384687967
AF127577.3	1	10.9310421775148	19.0022473467775	15.5180974435511	1	1	1	1	1	1	1	1	1	1
AF131216.3	16.5415001083629	1	1	1	1	1	1	1	1	1	1	1	1	1
AFAP1	20.4721995465909	1	1	1	1	1	1	1	26.3767800932787	20.3886134139682	1	1	1	1
AFDN	1	19.2268881055156	1	14.522241288841	19.7106805539197	18.933423980938	1	29.337714483623	48.742806726448	61.8426661350874	103.117940951857	1	1	1
AFF2	1	1	1	1	1	1	1	25.8536277506226	1	1	1	1	1	1
AFF3	1	1	1	76.9105515607702	1	1	1	1	1	1	1	152.898737675603	1	1
AFTPH	87.3441161604633	104.91394339372	115.584227157754	161.965443597416	154.425457017629	68.3659737277914	68.2968861305288	107.832866916562	83.2376388796816	84.3361590462478	118.564668989669	1	244.209268600146	1
AGA	18.8304772391645	19.2562348192099	22.5161610957841	1	1	19.7310091019564	46.1182926338444	41.752980626867	46.2236130794391	17.9580615579859	1	1	1	1
AGAP1	1	1	54.0163578387261	1	1	1	1	22.4628353595212	57.7238786829247	1	1	1	1	1
AGAP2	24.8640778251143	1	33.053597469814	1	21.9006878919563	1	1	24.3133366989123	1	1	1	1	1	1
AGAP3	21.0485868078362	58.33838470123	23.8842673598598	1	1	86.2035701218704	1	58.3151584563576	41.7973941920638	75.023341293847	1	1	1	1
AGER	1	16.1492217747613	1	1	31.011837826354	1	1	1	1	159.997858583174	1	1	1	1
AGMAT	17.6269796122949	25.5910685379738	35.550006888776	1	78.7260547597503	12.7597494648221	1	14.7299126923572	1	1	1	1	1	1
AGO4	23.1102522547738	62.6636139607681	50.9614797559585	1	162.442403090136	28.3806084714902	1	22.6085334395203	22.0506002932327	22.4581956326976	1	1	1	1
AGPAT1	1	20.053416227705	18.614275622802	1	21.0130005661855	21.3505975417109	12.7017358287763	1	22.142770355808	24.1774764077928	1	1	1	90.1544456797568
AGPAT4	1	28.0182997409234	26.5598952329745	1	1	60.2785101360582	1	19.9780002794673	1	16.7217147770772	1	1	1	1
AGPAT4-IT1	1	23.4253542862345	33.7061617968098	1	1	42.3781346007272	1	28.0313428320687	1	17.9912625019472	1	1	1	1
AGPAT5	45.4642060028485	13.2647337006281	17.2895529631908	30.6826168512306	1	16.3521581337315	1	26.9428776033221	35.3018469684016	21.5659050895787	1	167.898694490136	1	1
AGR2	1	132.094418577282	1	1	1	1	1	1	437.102277190309	105.758945654979	1	1	1	1
AGT	1	1	1	1	1	1	1	1	35.2121635757397	1	1	1	1	1
AGTRAP	17.1462550452558	103.816985234067	60.612087677158	1	125.720850068468	58.8045290102405	1	42.318623388938	20.5289670245812	32.0587448901547	1	1	1	1
AHCY	1	33.9886039070236	1	15.7219131216302	1	59.8316918274082	25.3145787208642	1	68.2731569889769	45.3925752917185	1	1	1	1
AHCYL2	1	34.4732236021517	14.9642119124666	1	1	13.1640742852021	1	69.9180372879017	27.5884862896787	24.9535724209722	1	1	1	1
AHI1	68.1396008637478	26.3622100949237	43.7676756164991	64.4002868420267	1	41.1307258617073	38.4244672364011	37.1550122776666	63.0501338530554	36.8506137391115	1	194.110782620787	1	1
AHNAK2	1	1	1	1	1	1	1	12.1608815735228	55.3783079305441	1	1	1	1	1
AHR	62.7939687513074	93.7103986286889	18.6025253281983	42.4089943224495	1	69.6804098677578	1	248.051712992985	175.198843402822	98.431593067102	141.025560026484	1	1	1
AIDA	69.0636751588417	52.0669681137285	75.2844628542212	105.489638299106	1	73.663841565779	35.2269549950912	78.0188754990533	85.9600159494137	75.4269349966041	1	155.737205115692	1	279.076905963042
AIF1	1	429.842043075549	1	1	403.863334178615	345.711827021779	1	28.7964137049236	1	301.16913450354	696.824819495832	1	1	338.006464972792
AIM2	1	1	1	82.4737142043522	1	1	33.5465859954898	1	1	1	1	1	1	1
AJ239322.1	1	12.0830719202148	1	1	63.6663727210971	1	1	1	1	1	1	1	1	1
AK2	53.0728578584716	78.4221509013689	48.2424099122733	40.3814807521052	23.1523203722442	60.0651276423197	26.9010709599416	76.8151846801933	154.115887395731	90.4846251367381	153.544457304128	1	1	1
AK4	1	18.0290600274515	1	1	1	20.8068700574842	1	1	63.1161367774039	31.0009504348323	1	1	1	1
AKAP11	31.8215308727641	23.0345516850471	34.0067887178728	63.7661458536256	1	21.2987905850632	1	57.2229128191394	35.2223830700385	23.8508290263436	1	1	1	1
AKAP12	1	1	1	1	1	1	1	59.3002562284361	30.1244241039576	1	1	1	1	1
AKAP2	1	1	28.8536197744948	89.2020290714485	1	21.8297808846355	29.7577972146267	133.592107418533	77.0489631354536	44.9608677063121	1	1	158.387775810308	1
AKAP9	147.822349415073	122.042650336412	178.034289931477	123.649748218864	108.733145738658	91.2099979872874	93.8625962639658	153.442206078015	108.176973625697	91.7919460783048	124.566676900809	288.629195815585	1	1
AKR1A1	38.5174525197446	86.042277879065	41.6927026546632	45.1262482017731	21.6517572301222	181.724882899806	78.9767111235824	50.302985766849	112.286689289188	128.498167405079	200.200144363238	1	1	129.140506669063
AKR1B1	48.3145097342682	57.7864626199725	89.8270246952981	67.9878352260751	1	238.240803565279	50.1375697708297	15.4850825110801	56.8635849937038	125.021366256624	249.38605128736	1	1	1
AKR1B10	1	1	1	1	1	1	1	1	119.743674586505	1	1	1	1	1
AKR1C1	1	1	1	1	1	1	1	24.9285058805073	353.730955052277	1	1	1	1	1
AKR1C2	1	1	1	1	1	1	1	1	247.93371991276	1	1	1	1	1
AKR1C3	1	1	157.941139758605	1	1	1	1	1	507.157006102302	36.4444262206405	1	1	1	1
AKR7A3	1	1	1	1	1	1	1	1	39.627526556251	1	1	1	1	1
AKT3	32.3689409476397	11.4319269422587	37.6502487933596	23.277183102449	1	1	1	15.5535569244042	13.8924397354436	1	1	1	1	1
AKTIP	29.9527631244204	19.7182844144931	30.8848253878452	1	47.7055952343691	1	1	1	17.0165647211176	1	1	1	1	1
AL021368.2	1	1	23.8339696693665	1	1	1	1	1	1	1	1	1	1	1
AL021707.6	1	1	1	1	25.3992133554062	1	1	1	1	1	1	1	1	1
AL021707.7	1	1	1	1	31.5690071747528	1	1	1	1	1	1	1	1	1
AL022476.1	1	1	1	16.3672806538741	1	1	1	11.3690366116449	1	1	1	1	1	1
AL031595.3	54.7209472291509	87.1417646610495	88.3161769748156	78.3285173874106	167.953373103395	62.3011473337958	33.6325879604945	77.8636260933966	62.2477350521362	57.0142891072547	1	150.080590120546	1	1
AL031663.3	1	1	14.3045970467806	15.3326642976705	1	1	1	1	1	1	1	1	1	1
AL031666.2	1	1	1	1	1	1	1	15.0050548080689	1	1	1	1	1	1
AL031709.1	1	1	1	1	1	1	1	19.6169393432468	1	1	1	1	1	1
AL031733.2	1	16.6837997452966	1	1	20.5033390221526	16.1105171442189	1	23.799555431228	1	1	1	1	1	1
AL031777.3	1	1	1	1	30.2222565708005	1	23.7998419182303	1	1	1	1	1	1	1
AL031846.2	1	1	1	1	1	1	1	26.6366445917915	1	1	1	1	1	1
AL034397.3	1	52.2963196902815	1	1	396.486360873291	1	1	44.5715281161984	1	1	1	1	1	1
AL034417.3	1	1	1	1	1	15.8980880745593	1	1	1	1	1	1	1	1
AL035681.1	1	1	1	1	1	1	1	19.8467704769093	1	1	1	1	1	1
AL078604.2	1	1	1	1	1	18.5023289409247	1	1	1	1	1	1	1	1
AL096711.2	1	1	1	1	1	1	1	23.1102029482262	1	1	1	1	1	1
AL117336.2	33.4321992052103	1	1	25.4033206927029	1	1	1	19.2103906397972	1	13.6700747258422	1	1	1	1
AL121603.2	1	1	1	1	1	1	1	19.9834859340262	14.389669532264	1	1	1	1	1
AL121839.2	26.6221655251299	1	34.9354080546486	1	1	1	1	1	15.0346787614882	1	1	1	1	1
AL121944.1	1	1	1	32.9445363930642	1	1	1	1	1	1	1	1	1	1
AL132656.3	1	12.198480610916	15.0707418275487	22.8908812849513	1	1	1	66.2640836409661	23.5788927278016	1	1	1	1	1
AL133243.3	1	13.202238572664	42.2460220597024	1	1	1	1	22.0584011526769	11.6339555371752	1	1	1	1	1
AL133320.1	1	1	1	1	17.930992447157	1	1	28.5336569304552	1	1	1	1	1	1
AL133467.1	1	1	1	1	1	1	21.1453024782267	1	1	1	1	1	1	1
AL138694.1	1	11.258231530697	1	1	31.0590601592479	1	1	1	1	1	1	1	1	1
AL139316.1	1	18.7383133892565	30.5979752711527	1	37.8685468167266	1	1	1	1	1	1	1	1	1
AL139317.1	1	1	1	1	1	1	1	27.0403713934715	1	1	1	1	1	1
AL157838.1	1	1	1	1	1	1	1	20.2074813634339	1	1	1	1	1	1
AL157895.1	1	1	1	1	1	1	1	36.3248051870488	45.5055717875223	1	1	1	1	1
AL158212.3	1	1	21.2426460932099	1	1	1	1	33.4625392359751	1	1	1	1	1	1
AL158835.1	1	1	20.5547022208981	1	1	1	1	1	1	1	1	1	1	1
AL162390.1	1	1	1	14.1202910753559	1	1	1	1	1	1	1	1	1	1
AL353997.6	1	1	1	1	1	1	1	1	134.301037910265	1	1	1	1	1
AL355338.1	17.4800899363425	55.7440480451653	24.0498390182418	16.0633297661852	196.343510212393	41.2892191577336	1	43.1188724068365	41.8549870689527	39.1719179086251	1	1	1	1
AL355816.2	18.5592131029737	1	126.284685490125	1	1	13.4161841245042	1	1	1	1	1	1	1	1
AL356273.3	20.9884499015098	29.3273725205169	32.7980025806751	1	127.786629009806	15.0024050134252	1	47.0493863466861	1	1	1	1	1	1
AL359962.2	1	1	39.5296774730101	1	1	1	1	1	1	1	1	1	1	1
AL365361.1	46.2879041752725	1	1	1	1	1	29.6682039168377	20.4150107496516	1	1	1	1	1	1
AL390760.1	1	1	1	1	1	15.5644968683967	1	56.2182801759961	1	1	1	1	1	1
AL390961.3	1	1	1	1	26.3732611527632	1	1	1	1	1	1	1	1	1
AL391056.1	1	1	1	1	1	1	19.1836890739871	1	1	1	1	1	1	1
AL391832.2	1	1	1	1	26.3509508716287	1	1	1	1	1	1	1	1	1
AL445248.1	1	13.996289250871	20.7945078918443	1	37.8679581657074	1	1	1	1	1	1	1	1	1
AL445465.1	1	12.9504465922519	1	1	30.1974762530583	1	1	1	1	1	1	1	1	1
AL445483.1	15.067739291924	17.6210155425584	13.0146117827764	29.0461743416406	1	1	1	1	22.680261225325	1	1	1	1	1
AL445524.1	1	18.5497992943809	1	1	54.8456593468983	1	1	1	25.0287025745436	12.9911754750092	1	1	1	1
AL591623.1	1	1	1	1	1	1	1	27.1612800414049	1	1	1	1	1	1
AL591686.1	1	1	1	1	28.7624596981808	1	1	1	1	1	1	1	1	1
AL591895.1	25.307585272614	1	17.068373821389	19.3883411739408	1	1	1	1	1	1	1	1	1	1
AL592211.1	1	1	1	1	1	1	1	26.554423105509	1	1	1	1	1	1
AL604028.1	1	1	19.8827347637544	1	1	1	1	1	1	1	1	1	1	1
AL627171.1	19.0097471077008	1	16.5121494413628	15.2814342734117	1	1	23.7931887168367	1	1	1	1	1	1	1
AL645728.1	1	1	1	1	31.4405279949439	1	1	1	1	1	1	1	1	1
AL645937.6	30.5421467027989	48.3039995393376	97.5913218054178	30.5810664525628	21.0283262963536	34.8741081729429	1	25.6038553488728	40.4927195350807	27.4490476120333	1	1	107.531075429748	1
AL662795.2	1	1	32.2114340374256	21.2282678625958	1	1	1	1	16.8567692313761	1	1	1	1	1
AL662844.4	1	1	16.5287896141038	17.7417882942731	23.9882511126336	1	1	1	1	1	1	1	1	1
AL662884.1	1	1	1	1	28.3113691395002	1	1	1	1	1	1	1	1	1
AL672032.1	1	1	1	1	33.9980325053761	1	1	1	1	1	1	1	1	1
AL928921.2	1	18.5117124960903	21.1023549895719	1	36.5049855157426	1	1	1	1	1	1	1	1	1
ALCAM	1	77.927727430649	1	34.2974793805371	1	188.104360888538	21.7826784807094	36.7193778937035	147.555747120425	251.077894000699	348.785991625654	1	294.228454755026	1
ALDH18A1	29.8983847364826	13.6252934436344	52.3057079533765	24.3968373685194	1	19.4033135504149	58.4901299334761	1	67.6449813911	24.9363476883126	1	1	1	1
ALDH1A1	1	50.4726464059736	1	1	1	184.073463957504	1	45.1571412506522	357.948501185445	25.4912990578494	1	1	1	1
ALDH1L1	1	21.6785778671685	16.1925114315567	43.7140785919542	1	21.0096898004613	1	25.5066811094804	1	41.2089728432629	1	1	1	1
ALDH1L2	1	1	1	1	1	1	18.232809144791	1	1	1	1	1	1	1
ALDH2	26.702308268191	257.247088108684	46.7508116444539	30.2784822042476	97.4861053424228	216.879974087006	25.4071778454038	24.6576520283199	64.4528170265219	233.064954614825	414.587263434474	212.931149455156	488.706663228156	276.527852477064
ALDH3A1	1	1	1	1	1	1	1	1	601.99222862097	1	1	1	1	1
ALDOA	69.8321907833894	149.625031418272	73.5613946495973	50.6225391539032	91.3159826181055	181.320621358782	40.5471335779738	51.6712358858063	178.949008833381	174.010717412203	209.356024428633	1	1	129.913576034731
ALDOC	35.0307755312417	15.9022608160054	16.6702023129766	21.5172262298171	1	1	1	1	33.3394814259621	20.7314025653077	1	1	1	1
ALG10B	1	1	14.8628087334987	15.5172837146414	1	1	1	1	14.1041855242791	1	1	1	1	1
ALG13	95.0705768338241	45.2431180309481	44.6946977114018	191.939563993283	1	39.7473293827944	32.4777970627894	164.14487379783	85.4293613347666	47.7721315773041	1	1	1	1
ALG2	24.7007217317137	27.320040144449	22.9669509644184	20.8152217289416	1	25.2766184507193	32.2652368013706	56.9332971243649	25.1795290851839	41.2395639420701	1	177.383590905174	1	1
ALG5	27.3079615476946	30.676856321152	40.2557640688354	21.6277285983766	1	35.7584491481083	106.655506889666	21.3723033474856	41.5799455871504	45.3111328613677	1	1	1	1
ALG8	1	1	1	1	1	1	12.5841309877568	1	1	1	1	1	1	1
ALKBH4	1	24.1805378785342	30.8707973131132	1	28.9390673220059	1	1	1	1	1	1	1	1	1
ALKBH5	126.072092689051	71.4994894039832	108.207826730047	96.7753002615729	33.253260006054	75.9908717372458	74.5885927974625	86.2504362259168	108.569545749121	81.4281391269115	1	202.17258898349	1	1
ALMS1	16.5103481320864	1	18.9245678910809	1	1	1	1	1	1	1	1	1	1	1
ALOX15B	1	1	1	1	1	21.5221479444686	1	1	1	1	1	1	1	1
ALOX5	1	278.293902292908	1	65.7623013929974	361.955178118934	207.795997783079	20.2274016159088	172.506397036413	126.109605228606	248.634155474142	355.963100081412	1	181.468070503649	1
ALOX5AP	247.684696582774	289.275575644786	358.860007132963	99.3430656020705	3717.65789193159	625.585365043994	24.4737203653664	1503.10210314399	244.682639233669	1238.58522488701	2081.91280743246	2272.70563792529	409.973290124719	1
ALPI	1	1	1	1	1	1	1	78.5810340726017	29.1999070925975	1	1	1	1	1
ALPK3	1	1	1	1	1	24.1631926316818	1	1	1	36.623152384746	1	1	1	1
ALPL	1	1	1	14.0961571060999	234.061315755442	1	1	1	1	1	1	1	1	1
ALS2	1	11.0934107603938	1	1	1	1	1	28.1460036432034	50.3419289337941	1	1	1	1	1
AMFR	22.2516834996714	37.8094883434426	24.4763835875157	59.6182103397549	1	34.5603824013052	1	1	21.9944667776949	31.3300732852444	1	1	1	1
AMIGO2	1	1	1	1	1	20.4724967311075	1	1	1	1	1	1	1	1
AMMECR1	15.6331929308155	1	38.2975347321584	1	1	1	1	1	24.1345965278951	1	1	1	1	1
AMN1	1	1	1	1	28.5190493249481	1	1	1	11.6340623775198	1	1	1	1	1
AMPD2	25.6179895114576	87.9660427006247	22.0022354913803	1	177.714597272858	36.8408665515426	16.9647508654883	1	1	51.784758262427	1	1	1	1
AMPH	1	22.538795206055	1	1	1	1	1	1	1	1	1	1	1	1
AMZ2	61.4077043903076	56.3490881246857	135.616492836867	72.7595954138326	35.7776530346838	69.8436204431754	50.8832698186473	41.5151030631406	84.2801742262607	72.5002085725921	1	390.58055544744	1	165.96123199672
ANAPC5	92.5631120298745	108.573578696878	182.345631386296	91.7848187215774	68.4095200461003	64.5246235762874	76.1343495709587	90.7831784525971	97.5114727302608	79.871422104359	1	155.646428061746	1	1
ANG	1	16.6429567906222	1	1	1	1	1	1	1	14.7195168340799	1	1	1	1
ANGPT2	1	18.3102885567962	16.6840338828542	1	43.2891950588875	1	1	1	1	1	1	1	1	1
ANK3	32.7477675573117	15.3071489711047	14.4872717284775	26.4241320534064	1	1	1	1	19.5598506249966	1	1	1	1	1
ANKMY2	1	1	12.4072531587264	1	1	1	1	33.1370794430836	22.1564245284607	1	1	1	1	1
ANKRD10	36.6627959430365	45.5378654908053	61.0645526848543	36.0365235615142	22.0285819411283	46.6164119199717	23.9172515587907	99.1655768707921	73.5580241935929	45.2505012044924	1	1	116.331342957104	1
ANKRD22	1	15.9792948160347	18.0924243584373	1	27.5705767554004	11.8525123643902	1	1	1	37.6281660839003	1	1	1	1
ANKRD28	63.0653787908805	29.1021652690371	58.9773566540922	26.3670616550423	1	29.7857043548382	499.980002673776	120.11505853527	78.7847190790239	38.977512416547	1	1	1	1
ANKRD33B	1	1	1	31.8237319287584	1	1	20.431487726235	1	1	1	1	1	322.145077030595	1
ANKRD34A	1	1	1	1	1	1	34.2049170246885	1	1	1	1	1	1	1
ANKRD36B	15.8696515731349	22.7372717103853	30.1833330846334	1	40.6158522309386	11.9319636355452	68.9269479627535	27.2707639096147	20.2903546216842	13.7048746936792	1	1	1	1
ANKRD37	75.5298622463472	39.3287276063706	18.0385027824795	193.045049785653	1	39.3932762767601	216.71399032073	176.795450783827	84.2764853459866	43.2629811686013	1	1	1	1
ANKRD39	17.4254709190434	1	19.1694394100683	1	1	1	1	1	12.7796212636967	1	1	1	1	1
ANKRD49	22.0840356535736	23.8525533511605	47.3180438436227	31.7429481172848	23.7355206987401	1	1	1	13.6568703895576	1	1	1	1	1
ANKRD65	1	1	1	16.1544062121859	1	1	1	1	39.1717258818239	1	1	1	1	1
ANKS4B	1	13.8147169013024	1	1	1	1	1	1	1	1	1	1	1	1
ANLN	1	1	1	1	1	1	1	1	1	16.1347154301948	1	1	1	1
ANO9	28.6769306701829	1	1	1	1	1	1	22.7480064863058	35.8570135981409	1	1	1	1	1
ANOS1	1	1	1	1	1	21.7260917022511	1	1	1	1	1	1	1	1
ANPEP	1	274.322136836934	1	1	280.438989641851	135.518244521495	1	46.4655992881214	1	141.526546819699	1	1	1	193.867442541118
ANTXR1	1	1	1	1	1	1	1	1	36.9722897423223	1	1	1	1	1
ANTXR2	42.1749972056794	74.5943564121357	13.3681216913674	40.7814128750392	103.804652499279	50.9356450831313	1	60.5562946525848	23.6612965798495	37.9860500458572	1	148.166213437505	302.076916060454	1
ANXA1	849.905184189715	624.145411659859	300.148038545141	1	63.8586007958379	373.325968201421	22.4109873986732	784.222715574976	970.780902069694	418.937520096066	353.590489860858	1	1	304.691305788112
ANXA2R	21.1064264784872	1	41.1866121234573	1	1	1	1	1	1	1	1	1	1	1
ANXA3	1	28.9621859046923	13.8322923383859	1	125.821463349127	1	1	1	27.3872414375459	35.9082465693769	1	1	1	1
ANXA5	121.809166402657	555.11543718908	33.7196074803096	50.2141702037796	119.01949498024	732.815766297916	106.02236913556	206.255285286159	173.385786028184	687.722032763026	551.925314070398	1	346.819546918767	393.029900194259
ANXA6	222.802088903208	91.8174729792563	451.550156660907	244.78057011151	1	127.601186980397	116.388549842155	86.3503130158071	34.4391544625551	111.345596796738	106.575485310038	1	596.322064396106	401.526984054399
ANXA7	84.2814883053511	94.8118841007703	72.0158743018491	71.6192189134002	49.0792039845905	101.220193717889	60.9032779815123	72.4330167555044	159.494180739853	86.8035358615296	142.547071161815	1	312.337496541774	103.346079031699
AOAH	21.8671421348167	117.527852021684	122.659335009072	1	59.9431413694	52.1774747951907	1	55.6094349279133	1	41.0719182959448	1	1	1	1
AOC1	1	1	1	1	1	1	1	1	1	1	1	1	180.707880496865	1
AP000432.2	1	19.5942872746443	33.7532342570254	22.2081741700835	1	1	1	1	12.4395534515915	1	1	1	1	1
AP000708.1	1	1	1	1	19.7062500770342	1	1	63.3104925564211	1	1	1	1	1	1
AP001059.2	1	14.186719828805	16.2324431700495	14.8389679858054	1	1	1	1	1	1	1	1	1	1
AP001157.1	1	1	25.1210742726941	1	1	1	1	1	13.5600499916127	1	1	1	1	1
AP001972.5	1	29.7685495315414	63.6619825359815	1	1	12.7450651722566	1	17.7485480677839	1	1	1	1	1	1
AP002387.1	26.7085343826994	1	22.7647488483755	1	1	1	1	39.398400572889	1	1	1	1	1	1
AP003108.2	1	24.1677739466205	28.3630347363347	1	68.0654869203879	1	1	11.9795821880383	13.9368394513338	1	1	1	1	1
AP003392.6	1	1	1	1	1	1	1	11.7446566749752	1	1	1	1	1	1
AP003733.4	1	13.6122859498958	12.5486841853255	1	49.4727484483369	1	1	31.7041881308624	1	1	1	1	1	1
AP003969.2	1	12.2703510680647	13.2563688090649	1	37.4444914520347	1	1	1	1	1	1	1	1	1
AP1B1	35.7717066589854	102.237414547345	44.366835517818	99.4893993086096	1	273.009989598742	15.3017522254908	55.6916930738061	48.2369701656638	131.855725921003	191.796960619382	1	1	122.092876448301
AP1M2	1	1	1	1	1	1	1	1	41.8566230540825	1	1	1	1	1
AP1S2	52.2581042400381	454.524340855635	60.5935166912199	66.3568636182053	77.1569063282604	186.177202047068	22.3655772158982	42.6260843375008	54.9482717479387	260.984211907734	195.736361729751	351.693176830781	1	381.11504313909
AP2S1	32.6606499826854	106.575351255731	47.1971696198123	22.6019145990245	30.897010669594	180.559323634492	19.0834120405352	37.0626228037305	60.5326980251063	139.060804896033	134.049981468353	1	1	107.405711871498
AP3D1	56.6277043740578	70.0516471377485	82.8043393348628	40.0207630826881	38.1860915187756	66.9223929190992	48.9511892647376	58.7544947979056	76.1101582563419	74.815468155311	1	1	1	144.680119549975
AP3M2	38.680597787207	1	12.6727787558922	1	1	1	1	1	14.3859246157434	1	1	1	1	1
AP3S1	59.2644943865071	75.6486049398834	62.2675405022432	89.9218094851012	93.1559403904461	73.9490017115236	76.6968586926002	69.2584466510827	167.842698524004	77.2470857597207	1	116.236865206349	1	1
AP4B1	1	1	21.4240907578353	1	1	1	1	1	1	1	1	1	1	1
AP5B1	1	30.0992252525255	22.4187141971881	1	86.5522819444241	20.4578025356048	1	19.3215213009764	1	16.0635112150259	1	1	1	1
APAF1	22.8727892829529	60.3217126515881	52.8840356378853	21.1954165731711	97.9941097823557	30.3162340731265	1	36.4775254671665	17.1735747899252	44.5883365653551	93.719474521109	1	1	1
APBB1	25.2037578649382	1	24.2015835257233	1	1	1	1	1	1	1	1	1	1	1
APBB1IP	122.176522070423	104.235390101594	162.959358662291	88.0056423686419	349.405749384578	89.5955405612511	17.7806810204866	70.8870304371887	1	107.66788338301	234.55591068355	184.911025654469	1	1
APBB3	1	21.9906702941784	1	1	1	19.6493998338191	1	1	1	22.8671458254787	1	1	1	1
APEX1	79.0377584487714	95.9097275259528	97.6624803150239	68.4984132267963	1	98.247538013673	41.1886440529006	62.7809119900001	205.18997330218	101.9890719078	162.775096993341	248.385349936017	1	1
APMAP	83.3182821529527	72.2117026457122	369.676948602701	18.5480690133128	291.358757953658	139.231505097641	23.6827545716228	45.7540630658864	91.1486500405782	93.1785647463115	133.948095640787	1	1	1
APOBEC3A	1	125.127268628733	17.5074754097855	1	342.24041885936	17.1225913221809	19.2456347039808	28.5397784270263	11.0460725351521	34.5321831113719	1	1	1	1
APOBEC3G	79.386913961031	40.8534122561277	257.82235017315	35.4977778075036	66.1956130014983	28.8630898416648	28.0790706965795	27.8347414592105	16.9661582278694	25.7575576143492	1	1	1	1
APOBEC3H	21.6360683246426	1	17.346255887208	1	1	1	1	1	1	1	1	1	1	1
APOBR	1	57.2593017141769	113.502965984021	1	126.764860774154	32.3712845887752	1	25.0395540755101	1	52.6776302940385	157.924891428857	1	1	1
APOC1	1	1	1	1	1	1218.09402633003	1	56.5098617001901	1	92.7910142636715	1	1	1	1
APOC2	1	1	1	1	1	285.576549231406	1	1	1	59.0176071967939	138.185783906035	1	1	1
APOE	1	48.1547426406862	1	1	1	4544.26052383252	24.7800373953099	112.23461474175	44.4338525254486	159.172170070957	1	1	1	1
APOL4	1	1	1	1	1	31.1288943342094	1	1	19.3740471272331	37.8639538819274	1	1	1	1
APOLD1	26.0476162001367	1	21.6777498698072	1	1	1	1	1	1	1	1	1	1	1
APP	39.7620382937024	135.042648597612	23.0058309628691	45.0156516261216	33.4369012537738	128.184677156769	1	151.515581802356	178.696303647472	186.443934397073	1	627.87286833742	1	1
APPL1	47.4873795563442	61.6678978847529	72.2328655549636	83.2988412280509	22.3840799503408	67.7812300308109	27.8907243785202	17.4377911603303	42.5293254571022	87.7829332789725	1	172.921841731885	81.1322280146097	1
APRT	104.381755166833	80.2862338217825	95.9597766767397	68.5029408606105	1	69.8340704677245	45.0196786322166	52.7464621239593	52.7023178852517	87.4736070882244	124.621260129973	1	1	92.3929348454712
AQP1	1	104.515663871181	1	1	1	1	1	43.2526474235905	1	102.557043336335	1	1	1	1
AQP3	104.895965096672	204.291472344575	1	1	1	59.3219519919958	134.957323158061	65.4734982088764	286.357975148301	170.253560831499	1	1	1	1
AQP9	1	102.556319964083	1	1	740.541188417532	113.719854775835	1	46.3758707868739	1	28.299888192912	1	1	1	1
ARAP2	72.8432931059315	28.2339316699222	102.371580084517	25.8275794648287	1	12.3074472878233	1	20.5113923892049	1	21.7130729496755	1	1	155.494232216268	1
ARAP3	1	1	1	1	71.5334826917854	1	1	1	1	1	1	1	1	1
AREG	151.421333627032	466.897085997004	166.960612973926	208.112726879169	57.9989010839207	362.476234751628	107.654320690133	1140.97353338327	524.959160245272	623.148707539508	470.395330497078	1711.88663281868	1	197.693250530928
ARF5	35.4011248839676	48.4379656463861	28.1642309131524	24.4751413476777	49.6595498489817	40.5719411962061	1	1	34.291556316331	43.3805311916061	124.791924625993	1	1	1
ARFGAP3	44.6058186121586	78.5814312025476	100.286105992785	28.3323907052566	49.7013264380907	76.8403156516655	91.2848495776963	48.7427420366832	100.839464726266	116.367805016181	1	174.51846767373	1	111.162490688825
ARG1	1	1	1	1	61.4172265737063	1	1	1	1	1	1	1	1	1
ARG2	25.1925204703293	1	1	23.0964555908019	1	1	1	51.356163266198	41.604928614146	1	1	1	1	1
ARHGAP10	1	1	14.4040808591724	1	1	34.2191208864578	1	14.5796211010778	1	17.2948043285999	1	1	113.7063537842	1
ARHGAP17	41.9497378499474	50.4824438775098	45.7080424468164	78.5471399868645	1	53.5221294312065	1	35.050778946933	17.8728012834358	45.4910445487234	1	1	1	1
ARHGAP18	21.1870987711018	46.0737234276264	21.3726040419641	14.3704519891097	22.8420672617655	171.826700668433	1	86.6748667440322	62.2828643647756	133.004813740587	147.510691896944	1	1	1
ARHGAP22	61.5011715375718	77.749283561829	159.974337751498	88.5602310262377	51.9934820883046	59.114839892566	50.4575225480625	53.7384667941769	53.7118970567266	58.6820397902413	1	160.267346194305	185.026852676126	1
ARHGAP23	1	1	1	1	1	1	1	1	39.8371590082406	1	1	1	1	1
ARHGAP24	1	44.6786152227389	1	220.278728443746	22.7470569400001	23.0275504644943	1	24.3510438761455	16.5188842641619	15.8996376213258	1	1	1	1
ARHGAP25	48.2514933407557	51.1660815208062	216.583583780644	161.803932676787	378.395578819193	35.7537381698069	16.9536390226457	115.927277555035	31.5997427287999	19.2441571673054	1	1	1	1
ARHGAP26	42.9984726438807	149.437895819858	116.662783475512	16.2193359386101	424.08250909941	81.6927196414536	1	100.528813903372	78.1288286861146	56.6641620304256	1	1	1	1
ARHGAP27	35.5074327247546	137.074878459101	95.6753490243882	48.407543691355	166.944038373637	46.413053844572	21.7457708552318	17.4064567416203	62.8948739482683	77.3047450990813	1	229.087316001489	1	1
ARHGAP31	1	32.2842147962555	16.6799717567286	17.935072717431	1	39.1662587908224	1	1	1	81.4585076896702	147.911329655202	1	83.2631910341312	155.563776885487
ARHGAP32	1	24.8699658815567	1	1	1	1	1	1	49.2195886048847	22.4438383891255	1	1	1	1
ARHGAP35	34.4842570727164	22.8288272983733	32.6705778735181	1	1	21.7208703820132	87.1329634238801	1	32.8689172647949	12.5729519383693	1	1	1	1
ARHGAP45	105.324422052761	87.17148588606	203.328254580605	88.1754019216267	124.185772046464	41.5044921089167	20.9654738866433	49.2305026028071	14.5157678284981	57.8902276631156	138.287518202693	1	1	1
ARHGAP9	99.3201170322689	60.8962146029814	139.756593382391	92.7437503428465	501.13870572026	26.776603994486	15.2934073679241	105.170826833801	1	28.4674973507383	1	1	1	1
ARHGEF10L	1	25.6223987513597	1	1	1	27.060798685656	1	1	1	18.8424137228347	1	1	1	1
ARHGEF2	49.1723505710629	178.746420267401	205.393798324988	51.3914102635248	220.469205736423	148.113221190288	32.2787849551665	128.23438364564	120.282283039327	136.658067283903	98.6418128422036	1	291.922605343808	1
ARHGEF26	1	1	1	1	1	1	1	1	75.6211493542727	1	1	1	1	1
ARHGEF3	100.498336810448	50.5220622707006	329.569825893949	15.6516298552778	1	26.3078961007629	1	24.0035499307111	19.8318119846302	30.1718861113003	1	1	1	1
ARHGEF35	1	1	1	1	1	1	1	1	32.0639507456976	1	1	1	1	1
ARHGEF40	1	55.3781718734183	1	1	248.653782043826	22.6666623876081	1	20.6349397046106	22.5696895647783	24.4779213119154	1	1	1	1
ARHGEF9	17.2656533828612	1	50.3015283039849	13.902867109426	1	1	1	20.0602628802561	12.8589717297216	1	1	1	1	1
ARID1B	156.230184905233	134.046824248341	221.516934789094	258.908069543285	121.694511796053	86.6074996652398	66.7483738239929	241.402272000465	151.752191659003	80.2732724559315	1	206.977076926956	434.074724130631	150.92175022939
ARID3A	24.3757790794784	84.9065870364022	43.5025165388253	48.0271958837803	160.189293984727	63.6181309749329	46.0579614224298	41.8280177047302	25.0556392440908	60.5796789715028	1	480.032947648917	1	1
ARID3B	25.2605572211996	36.0496062295945	41.4602383363147	26.3740011756364	81.6670559803301	24.5400449792044	28.002543554627	39.9900405984577	21.7599620905042	28.3457682739004	1	140.703875201683	1	1
ARID5A	162.867379098214	78.2110462149584	101.717629019389	93.1096325148835	74.5448718277277	59.0923876933139	30.271739937755	107.348563983715	36.1458937074286	121.543139731939	1	147.328549187658	1	1
ARID5B	198.449371164592	28.9960229312215	46.2449763779232	194.342332730061	1	54.7420840013719	162.317625095419	72.098452964069	41.9788405768129	40.6724743800481	1	1	1	1
ARL11	1	39.0621845776984	16.7856768049804	18.1925812027647	118.20528217654	33.8312158864616	1	26.7365837358284	1	13.6638525439047	1	1	1	1
ARL4A	86.8672973762382	56.7613849177046	17.4016582763308	104.961407837012	1	74.2140532154467	1	96.7268744079477	77.8710394495127	70.9565057519598	1	1	1	1
ARL4C	734.009094448079	202.601246377527	1307.1722931322	63.3313274584307	1	533.041517292862	39.07716132059	269.678688909712	124.298816719491	611.262909834719	742.220251416786	1448.48923789159	632.828620817265	696.023285321766
ARL4D	1	1	1	1	1	1	1	1	96.776692851558	1	1	1	1	1
ARL5A	32.9646740969402	47.7278316031306	47.9303858474119	40.9437885704961	16.183227756322	60.4995974251525	44.2534480064587	37.0590648281188	55.8045593692532	46.1541850684705	1	1	1	211.595064664233
ARL8A	35.6337142375284	81.925297882029	61.8299381680551	35.7294263946918	107.715107998974	102.36535642832	18.6025603255217	70.0542587887248	79.3685070805681	72.8941329734206	102.940667962655	1	1	1
ARMC7	1	13.8626522428423	26.125598270097	1	1	1	14.4273004901427	1	1	1	1	1	1	1
ARMCX1	1	1	1	1	1	23.5418033937603	1	1	1	1	1	1	1	1
ARMCX2	1	1	1	20.1165262732609	1	1	1	1	20.2534439068639	21.1998599532525	1	1	1	1
ARMCX3	37.7792219015527	38.578078605304	40.5143621391998	49.9718004913603	1	42.6027133700344	82.8460308787628	55.5720165470029	76.8825036618685	61.6600467989907	1	1	1	1
ARNTL2	17.8079545389519	31.5715267123071	35.4632947166287	1	46.1364265293913	24.0191217394172	1	26.6252888807335	53.7376673095208	33.9019144709138	1	1	210.551424210841	1
ARPC5L	54.2059811602139	44.069011979844	208.035526293644	44.7206947598237	1	35.9712124158953	52.5418552160422	30.0847926888307	106.304391864435	64.7209965058779	1	1	1	1
ARPP19	136.43066125415	74.9503680956779	150.105323478435	159.057032282563	64.2832472409985	86.4721699974445	53.3285998531848	109.050726225521	154.605271557098	124.238479831573	204.193881727082	1	335.607479583844	1
ARRB2	135.233806742666	481.499380686519	245.41015646752	47.3569885595352	1109.50003612515	391.180838069857	17.9088280483894	199.964198321663	41.7892283017503	267.788130699452	167.532776301271	1	519.633655663637	237.447330864887
ARRDC2	67.6814684734883	36.816045031565	34.2428565742695	102.20676824073	34.7845470942385	25.5510848963087	1	141.846289705842	13.7242208721474	42.4751909893769	1	1	1	1
ARRDC4	1	31.6498244515658	1	1	1	46.0113191327551	1	23.0483922738486	37.9918954727575	16.3242050062121	1	1	1	1
ARSA	1	16.6786378510621	1	1	28.386691479711	26.1423518915577	56.0286672821016	1	13.2450421697321	1	1	1	1	1
ARSB	1	33.8011301452881	16.6030684095629	1	1	57.8151546756939	1	1	15.0151409786802	39.0975012267579	1	1	1	1
ARTN	1	1	1	1	1	1	1	1	50.88759137282	1	1	1	1	1
ARVCF	1	1	18.9628686815241	1	1	1	1	1	1	1	1	1	1	1
ASAH1	82.6315508797859	514.868716266242	197.974478963146	158.4208230686	681.604701160616	1090.65823642029	85.2587469499759	561.488462669256	321.248809982229	394.572344054447	141.049809793483	1	1	1
ASAP1	65.9622738819798	130.592939771837	46.1689181253223	57.1147458595345	243.323900032757	122.707917569262	35.1309353982103	88.875454039743	39.0452078585184	151.325494204207	108.649985096998	1	269.049157832841	352.897683270654
ASAP1-IT2	1	15.8541504479163	1	1	28.8042645086314	1	1	1	1	1	1	1	1	1
ASCL1	1	1	1	1	1	1	1	1	78.2149022688461	1	1	1	1	1
ASCL2	1	1	56.9376965477701	1	1	1	1	1	1	1	1	1	1	1
ASF1A	45.5853189878916	1	23.5844053602105	17.7653265568669	1	12.6742240960143	1	25.5204954521895	31.1231612505943	1	1	1	1	1
ASF1B	1	1	1	1	37.65519946866	1	1	1	14.9211378250121	22.8900112251096	1	1	1	1
ASGR1	1	78.5014331861216	26.8680760062672	1	24.8720209983645	24.4710618128188	1	16.8863245930761	13.0208887841085	18.0225030522087	1	1	1	1
ASGR2	1	53.0322554906457	1	1	1	1	1	1	1	1	1	1	1	1
ASNS	1	1	1	1	1	1	14.4317737077493	1	1	1	1	1	1	1
ASPG	1	1	1	1	1	1	1	17.1472640864638	1	1	1	1	1	1
ASPHD2	1	25.6410639069633	1	1	1	1	14.880305810243	1	1	24.0537758022137	1	1	1	1
ASS1	1	29.967046776613	1	1	1	1	1	1	27.2031790356313	31.8010861285679	1	1	1	1
ASTE1	29.5029472480958	1	24.8631895109506	22.1464313278096	1	1	1	34.045153645964	1	1	1	1	1	1
ATF3	42.4669223587886	227.702551678169	18.507397486967	32.2036622919106	1	427.294089595805	148.297030419983	573.525263271545	583.804287134499	319.785404559833	382.563177947287	749.055892907134	243.227126819891	1
ATF5	31.2197119734434	92.2780999196713	13.9368683076309	34.3679550661349	1	226.643108003415	145.325672335207	53.5347480192145	58.3826009493561	245.872973886201	341.75097965747	491.377745577787	518.435965448388	208.998899671564
ATF7IP	130.651023819928	69.3321695710944	141.009188332619	146.473713193932	135.110142968129	42.1134230940435	42.6591095343996	135.046953492304	58.6569721552701	43.1998201488819	1	302.37108711118	1	1
ATG16L1	29.6695976819209	13.292658783016	23.6569032159233	20.3527600720762	1	1	1	11.6188632758828	13.1848380552771	1	1	1	1	1
ATG16L2	19.963135732624	107.93349422377	71.062332251974	35.017292896219	425.97761395039	29.4036938944965	1	40.9803070746555	22.4717599335625	19.3747776534989	1	1	1	1
ATG3	43.2684629885394	125.239382784202	41.5605090857806	45.1421901175166	115.677422972594	85.419100219099	23.6944756001207	41.1962818504137	54.529155144653	112.703592424127	195.965065444186	1	157.52627621888	254.048924413309
ATG4A	1	1	16.9681557576585	1	1	1	21.8045858279617	1	11.4165721412826	12.1127031827919	1	1	1	1
ATOX1	23.4638079164093	58.0390890244599	44.5163926205871	15.2672910989359	25.189680841244	195.383701436625	43.7599636850204	21.6494739915101	45.446183435688	103.198114860905	130.808252436345	1	378.914354079385	1
ATP10A	17.1261683812024	1	42.9383819165071	1	1	1	1	1	1	1	1	1	1	1
ATP13A2	24.3896595058629	24.334313821076	30.5648683412522	1	1	23.5367225334556	1	17.8748213798487	21.8242241389268	17.670417092432	1	164.516459371625	1	1
ATP1B1	38.0117168928685	130.479873115172	1	22.2249653148568	1	121.796803568502	27.8597412245017	77.3818668756308	484.288995417005	222.989988622054	113.666641178583	1	1	181.466462999031
ATP2A3	16.3525535191582	1	19.6262699894011	25.6845328919209	23.5163694300954	1	17.0339195626384	1	1	1	1	1	1	1
ATP5H	66.6053109507102	88.5292388518781	66.9262855005644	33.8878731472718	30.9288211829681	77.6301122042092	36.4666069618795	54.1561884685874	94.6073999600105	97.770851967242	154.652058578017	1	1	1
ATP5O	105.064217901697	117.923357252827	109.576167250238	110.552255245183	17.5910898565462	109.041558529558	73.4347777913079	41.5293107284479	116.527951123083	113.337089851601	129.293863208994	1	1	189.88866520394
ATP6AP1	59.4702332285474	145.752574041104	96.700715396545	41.8670748594282	104.195118982372	408.164676001435	64.3782102377007	49.5953052656894	131.966507604105	238.476295329582	262.208172916251	1	1	96.1119554972757
ATP6AP2	106.458907105941	263.778710415442	154.64710515884	72.6370965094984	130.739633652123	388.200016512199	54.938545122129	111.02732584794	178.396559503108	284.569499303439	365.082895546587	165.824518150693	1	1
ATP6V0D2	1	1	1	1	1	62.5921771290107	1	1	1	1	1	1	1	1
ATP6V0E2	32.9908354013889	1	24.5407495184523	1	1	16.8543484505104	1	1	13.0300130430022	13.5765903390641	1	1	1	1
ATP6V1B2	44.9260353734875	226.173956199852	52.0809761429447	38.9835745480464	527.985845263801	274.41028375654	1	75.8830915825329	44.902895586694	276.011544513097	295.573798725396	1	1	1
ATRAID	47.8274949940679	66.5209198807925	71.885202138005	35.3055339486271	1	66.768198696276	92.2670975594472	58.687585128569	81.2625885945552	63.7274370028155	1	1	1	1
ATXN10	57.4226788725154	63.3659569212326	66.7570421283851	46.1430694036456	1	47.0594929929037	32.1275128284212	59.2051252403829	147.572378983176	81.597436192584	156.471823886985	1	1	1
ATXN7L1	23.2961539974892	14.8299376491042	24.9071493581548	1	1	1	1	1	1	1	1	1	1	1
AUP1	63.1361939966872	110.114935921462	121.353807455203	52.7913424479915	25.9909089170904	114.975329541668	116.090311336951	36.5376329714406	104.817069328827	107.54412173226	1	1	1	166.559591614737
AURKA	1	1	1	1	1	1	1	36.2964401262428	23.1571717500887	17.2105850317069	1	1	1	1
AURKB	1	1	1	1	1	1	1	1	1	19.0572484589706	1	1	1	1
AUTS2	106.615033583191	17.948662759245	191.205069894089	24.5306237671275	1	1	1	35.1811231954439	42.9985463757996	26.8211704244772	1	1	146.204269787891	1
AVEN	1	1	1	1	1	1	15.210488198279	1	12.0493324373575	1	1	1	1	1
AVPI1	32.8369088902598	60.7014391828393	1	1	1	107.242162377343	1	19.5634832843989	33.1505637900159	142.663073081911	147.456517686686	1	1	143.769865112253
AXL	1	18.6617172867517	1	1	1	59.4063118815547	1	1	1	246.657443291968	589.868734637466	1	1	1
B3GALT5	1	1	1	1	1	1	46.2598655196719	1	1	1	1	1	1	1
B3GAT1	1	1	57.6436301866029	1	1	1	1	1	1	1	1	1	1	1
B3GNT5	1	75.2837295098523	1	1	148.425570414855	86.6009082918378	1	101.90239094704	121.357436850923	166.866370111694	238.336378790386	1	1	1
B3GNT6	1	35.6224268241437	21.2570342010167	1	36.9139992533344	1	1	1	20.0858801724907	1	1	1	1	1
B3GNT7	1	26.3132096807847	141.565271938743	26.6872954954757	1	78.1429183887581	1	58.3495416452002	46.3754443012786	49.3397341116233	1	1	1	1
B3GNT8	1	1	1	1	38.1622846719724	1	1	1	1	1	1	1	1	1
B4GALNT4	1	1	1	1	1	1	1	1	37.3342794652978	1	1	1	1	1
B4GALT1	208.798416554392	196.139373400164	207.800957377667	201.860825132096	122.156663912202	242.487807859514	33.4799778001548	138.709513581394	240.998948207629	276.552205225468	193.361229130892	836.909490732145	1	256.813117085582
B4GALT2	1	1	1	1	1	1	1	1	44.0341075688095	1	1	1	1	1
B4GALT3	30.0070877610717	21.8375094687952	57.7420901377839	30.877633752388	1	22.6519017504728	77.4702726522865	63.0181464122255	45.1873972019017	21.6206918420566	1	1	1	1
B4GALT5	44.5910203170035	108.623922438358	77.099360519159	15.2973627857098	268.27101125103	104.611816577432	1	240.661403752572	218.395746440984	75.7651439363248	1	1	91.7177339816692	1
B9D1	1	1	1	1	1	1	18.1619477751027	1	1	1	1	1	1	1
B9D2	1	1	1	1	27.1454074600305	1	1	1	1	1	1	1	1	1
BAALC	1	1	1	1	1	1	1	1	58.9970541281705	1	1	1	1	1
BACE2	1	27.5452845926066	1	16.3733658938845	1	1	1	200.869307516476	184.737180042785	34.3358633962616	1	1	1	1
BACH1	52.2222252416002	116.345056902641	35.5377634551142	157.763857498689	202.806134930117	57.9815974768912	90.4902020910218	71.4025516272703	42.219170734829	71.8761086884983	1	1	1	139.652138077985
BACH2	53.2198557662161	1	46.3157961843897	72.1072700540918	1	1	1	1	1	1	1	1	1	1
BAG1	54.4688719551019	92.6392779374107	75.2263447573287	63.300444819986	37.7258599425701	74.1804546518463	45.2488586600937	53.0230239325226	169.209698038127	102.403179757038	1	282.151520166628	1	1
BAG2	1	1	1	14.8028880643881	1	1	1	15.899835550998	17.6105692456853	1	1	1	1	1
BAG3	54.1527361893608	90.3022165554648	1	22.8280396271331	1	140.569172645479	73.1951166833137	658.333714772718	229.804768877397	156.573523087459	1	1	1	1
BAG6	67.570019612368	88.8530452594725	73.182338449466	74.0505743861051	56.6427406169389	94.8902769594842	32.9388230096371	89.5201272787597	106.642070550517	92.7570517470938	112.391319972415	1	1	1
BAIAP2	21.407164775831	46.0012871266989	18.5954737102328	1	1	93.6681233074933	1	37.2711519010209	84.1414967741672	97.9154161685824	238.452345786082	1	1	1
BANF1	56.6037874152898	73.7307301786728	81.5284431687323	90.7776847948222	1	72.9828269449777	30.2778496409558	49.850800153751	114.997063765005	95.0669028428818	171.285353504623	1	1	96.0091427103154
BANK1	1	1	1	339.741639166438	1	1	1	1	1	1	1	1	1	1
BARX1	1	1	1	1	1	1	1	1	89.7768668414609	1	1	1	1	1
BASP1	26.9030395560643	658.35589584526	34.333316891006	558.39951783155	3690.43339643632	1024.24286358004	314.005838524941	659.249536840186	272.311524900187	822.090157821434	868.447308103893	1	2681.64161128925	1514.20679151165
BATF	94.7450504117556	26.4091260641192	76.9293596107973	1	1	17.2836314164855	1	60.2961779713014	30.3749001576129	21.7603590273998	1	1	1	1
BATF3	1	1	1	1	1	1	1	1	1	1	1	1	1	108.933159523207
BBS1	1	14.4580750162716	16.6176739247142	1	47.6146395930927	1	1	1	19.2205624426238	1	1	1	1	1
BCAR3	1	1	1	1	1	1	14.2559967903481	1	1	20.3047852800539	1	1	1	1
BCAS2	155.351615349241	66.8092099761274	46.4280832212163	174.449153048226	77.0416625088828	69.2251754939678	109.286369288937	186.305037476897	83.5771501342271	87.4672872115244	1	172.403648370503	1	1
BCAS4	40.5190321104771	66.8893048520457	77.3523814971446	98.4031978787619	108.689684375734	38.080408361486	1	30.3897101892591	37.4677410668571	25.8771833755262	1	1	1	1
BCAT1	1	62.1476855779322	1	1	1	155.744500567627	1	38.6910756253566	30.6848275816677	137.857088650768	1	1	1	1
BCL11A	1	38.0300442287058	1	196.93587795824	1	45.7462655113882	1	35.0337072712505	39.5202312068203	24.4437618054045	1	567.827378277684	1	1
BCL11B	582.910099459563	1	224.053676426368	1	1	1	1	41.3627538841995	29.9589115409347	14.9571536906679	1	1	1	1
BCL2	117.954455417133	19.8203817797761	68.2885114709911	110.122773288772	1	17.3025908694741	28.8148296698573	26.3655208715801	31.985815280245	35.5377467200089	1	1	1	1
BCL2A1	23.3552221352251	157.343058534308	17.7481791553665	71.325523809407	1066.75122886417	258.123553416909	1	703.02255314998	92.0853373175868	194.913682927427	280.989454238102	262.671931593388	470.228204746911	181.910882178612
BCL2L11	108.005295865647	53.7144982403941	50.2537955192919	161.654259171146	52.8963433142255	44.6971870471972	243.084696424638	119.014152970561	46.0655269134782	68.5041640813336	1	508.12823081088	327.272446605708	146.080117993676
BCL2L13	26.5662565402203	44.7835832198355	40.1158793089228	22.8612965398482	28.2771206584923	37.6533697615052	1	31.8687509235573	72.3688824048782	42.3283555661133	1	154.262799582827	1	1
BCL2L14	1	11.0281853503668	1	1	22.1543425781416	1	1	31.8425917561578	1	1	1	1	1	1
BCL2L2	1	15.2370535607447	1	1	1	12.72331014206	1	1	50.0674103221005	1	1	1	1	1
BCL6	83.2114190878477	138.612940935589	42.6542209714628	100.914326357588	686.077128064497	115.695098551597	39.0505923668102	124.400932539869	85.2826891699889	101.804754969823	1	1	114.432342266372	368.317149447086
BCL7A	1	1	1	1	1	1	1	1	44.1571826195127	33.5682011605195	1	1	1	1
BCL9L	54.510173620758	19.5035548938219	82.181883884509	31.4283763200488	1	1	1	30.8900501604405	35.3622001334123	30.1401603038709	1	1	1	1
BCOR	51.3487200951334	18.5021186326388	22.5978738704404	22.2782117948838	1	1	1	57.9470889908366	47.8062144245032	15.9573249465474	1	1	1	1
BCORL1	16.2295576138884	1	1	1	1	1	1	18.0882842815904	1	1	1	1	1	1
BEGAIN	1	1	1	1	1	1	1	28.0709904546	20.1379037277622	1	1	1	1	1
BEST3	1	1	1	1	1	1	43.4979320098689	1	1	1	1	1	1	1
BEX2	25.6114949464244	1	26.1043365679725	26.2616253918338	1	1	1	1	39.3521862687709	1	1	1	1	1
BEX3	32.6283031730191	25.7519090239901	1	1	1	54.3281481750917	1	1	103.686641560877	39.469296828561	1	1	1	1
BEX5	1	1	1	1	1	1	18.6411220479641	1	1	1	1	1	1	1
BHLHE40	90.6807162842649	58.8694336674235	96.6073671848683	21.5032872040054	74.8916208518873	102.478458857306	19.5584071306043	428.778048574463	188.374691416658	135.556062910955	227.58787473208	436.446281854503	396.119187043256	1
BHLHE41	1	1	1	33.7868153253529	1	49.5271115126288	72.0716772271627	19.6217497028995	1	28.8022604698942	1	1	1	1
BICD1	1	1	1	26.515863442645	1	1	16.6660630031522	1	1	1	1	1	1	1
BICDL1	69.1080047781072	1	23.6755609763848	1	1	1	1	1	23.8271195586366	1	1	1	1	1
BID	36.4975532068637	169.558448344702	72.2388981774628	16.4707104300326	326.588194677438	103.770163604413	34.8854035404715	114.216242382667	69.7305294952974	166.09679644744	156.416053052126	430.667733608536	162.197336942745	289.002669480177
BIN1	77.9552282506277	21.0773800527202	141.148124418236	68.0285162413451	1	20.7739219984294	1	16.373631523679	1	26.5886955772917	1	1	1	1
BIN2	103.039231258789	168.726963439919	476.703476958075	26.0737106673873	384.551607872843	46.8015160696939	33.3650894223041	72.6803012988927	22.7183727864606	42.7569670490343	1	1	1	1
BIRC2	67.05743511821	49.5707818863748	64.1450684125539	38.9629700690761	58.0843658403565	40.5744933591285	20.4983384413034	76.3584463533533	59.4284548044129	42.465553006137	1	1	114.029675619634	1
BIRC3	1325.35887392134	326.321628989328	235.64173738776	871.068297471858	58.1210934077357	263.167685338636	777.531545967869	1842.60733625594	683.425943753282	435.59185488844	311.469755351482	366.134991996049	9101.13819825944	710.31989737972
BLK	1	1	1	152.911568506557	1	1	1	1	1	1	1	1	1	1
BLNK	1	1	1	54.6920630160563	1	1	65.6199125249321	1	1	1	1	1	1	1
BLOC1S3	1	1	14.4449862405121	1	1	1	1	22.6020731906182	1	1	1	1	1	1
BLOC1S4	21.7992400537771	18.158269017008	56.4129840321781	16.034919294216	1	1	1	1	13.243802708228	1	1	1	1	1
BLOC1S6	66.169257168232	108.747801618606	73.8142262566152	71.6116290497772	84.0988681174297	96.1725289895709	70.1783734534529	100.94293747632	83.6324342709597	113.580876606033	232.177773555407	1	93.9631443734846	331.091926746359
BLVRA	1	48.7372005911213	18.3619467226648	1	1	56.5964640218952	1	18.7679259695647	61.7297280565559	40.9874225288182	1	1	1	1
BLVRB	1	86.6696218382887	1	1	1	141.003506969624	1	16.6900902620172	37.6867405704538	54.7582923148421	1	1	1	1
BMF	1	25.0030408576933	1	19.8040087765886	1	27.7911368454805	24.5346462804755	1	1	1	1	1	1	1
BMI1	67.0478287259461	34.4001657665447	54.8009183520325	49.4437019133847	1	30.0969957168137	84.8397241144699	85.7999442840621	75.0114255319722	39.1779425304873	1	1	1	1
BMP1	1	14.7636400599229	1	1	1	1	1	1	1	19.19109869389	1	1	1	1
BMP2	1	1	1	1	1	1	1	1	36.0284121270356	1	1	1	1	1
BMP2K	1	63.0311604806423	1	52.0018310395432	48.3185822881511	117.023032005372	14.3707617965921	230.952747429448	121.044709492297	90.831323507116	1	1	356.044106372768	1
BMP6	1	1	1	1	1	1	13.0214211894192	1	1	1	1	1	1	1
BMX	1	1	1	1	28.2433256568769	1	1	1	1	1	1	1	1	1
BNC2	1	1	46.2591115218196	1	1	20.9377205990226	1	1	1	1	1	1	1	1
BNIP3	36.1130500310041	38.8251049684629	23.8668718704655	17.6691741991535	1	44.5094500907971	24.4464530796336	85.1064061610848	300.890319913363	56.6450873528568	1	1	1	1
BNIP3L	72.0849874359308	269.439397003015	72.3178610982235	69.8456557994981	375.729169867603	264.482338136431	50.3933081775474	392.278917546906	187.958854309341	194.977212769061	212.431757128582	1	1	1
BOD1L1	94.145347999753	109.918317092044	121.911662802453	139.79736559131	407.205646655473	53.0004275459176	26.4706567495738	144.392485094529	50.8154288978997	40.5756677517663	1	1	1	171.032007781991
BOK	1	1	31.9459982782291	1	1	1	1	1	31.6064108595194	1	1	1	1	1
BOLA1	1	1	20.8302538800983	1	1	1	1	1	1	1	1	1	1	1
BPIFA1	1	1	1	1	1	1	1	896.875953318501	2873.31396541428	1	1	1	1	1
BPIFA2	1	1	1	1	1	1	1	1	32.0237592811356	1	1	1	1	1
BPIFB1	1	1	1	1	18.3968034262983	1	1	1	33.617802597338	1	1	1	1	1
BPIFB2	1	1	1	1	1	1	1	1	104.357310057126	1	1	1	1	1
BPTF	227.473932878555	131.104554606817	323.715297940927	194.358766891407	101.86355106567	96.4769441817323	49.5353612911469	108.898639885474	118.292956088351	96.2825814452867	1	246.152284639149	1	1
BRCA2	1	11.9047489971249	16.8523113959299	1	1	1	12.9829151818614	1	1	1	1	1	1	1
BRI3BP	42.9862334737819	73.2380649536522	41.3592922004959	74.699218347198	61.315113830419	47.0089513805158	29.1837017273446	48.7786037295711	68.6464504973363	64.7342616524702	111.89040735356	1	1	1
BRPF1	1	19.336379580147	52.0036196358908	20.8534220006828	1	1	1	1	1	14.6359954827387	1	1	1	1
BRSK1	1	1	1	1	1	1	12.9878552621062	1	1	1	1	1	1	1
BSCL2	17.3064466999772	33.6808538545288	25.0031264634059	16.5910938396489	1	52.4175752821987	89.6400901880674	1	33.9924150735384	25.7878089099569	1	1	1	1
BSN-AS2	36.8069817983723	55.9952563059354	44.9950348156842	43.6005281054563	126.627606458999	39.0468146276773	13.2680523284485	85.9760519037592	34.1934634747375	33.6133770541213	1	155.720920085377	1	1
BSPRY	1	1	1	1	1	1	1	35.6248980668502	26.4361305494029	1	1	1	1	1
BST1	1	98.5606549958767	1	1	141.41161566423	45.6247753503179	1	1	1	17.431205912871	1	1	1	1
BTD	16.7982382730522	12.6964149435298	16.8979918195514	1	1	14.0323391497067	17.5078209324144	1	1	1	1	1	1	1
BTK	1	84.6891693470191	1	124.956514762152	32.4865991237494	81.5448948573824	23.9878653940313	116.763219737038	69.6539444464372	67.3367758939979	152.7725664276	1	1	1
BTLA	17.0656736727625	1	1	1	1	1	1	1	1	1	1	1	1	1
BTN2A2	1	16.767946155413	20.923823593867	30.2000005729972	1	23.1328317847259	15.1441075543653	24.5211953257951	24.1634373414013	22.3900395155392	1	1	99.501451105029	1
BTN3A3	22.4213154698341	1	40.5395673765946	15.2053204168838	1	1	1	15.4267259185538	1	1	1	1	1	1
BTNL8	1	1	1	1	34.7716067008591	1	1	1	1	1	1	1	1	1
BTNL9	1	22.0266595431281	28.6741325129596	33.5569899171599	36.3249512976368	1	1	68.9637278972094	13.330492179877	49.4660770668335	1	1	1	1
BX324167.1	1	1	1	1	23.2968541335523	1	1	1	1	1	1	1	1	1
C10orf10	1	1	1	1	1	1	1	79.3308343550859	40.4722513463188	107.571302894152	1	1	1	1
C10orf128	1	1	35.7521583404823	23.8243286862918	1	20.3285174187663	1	46.388625915781	1	24.7621100792003	1	1	1	1
C11orf21	1	24.8267094020235	60.5818946364994	1	1	1	1	23.2825356863396	1	1	1	1	1	1
C11orf80	1	1	1	1	1	1	28.7789890034381	1	13.568935429839	1	1	1	1	1
C11orf96	1	122.379536166604	1	1	1	1	1	188.933852594184	195.094098744592	97.8280345994472	1	1	1	1
C12orf54	36.8972217832015	18.6627389347549	22.1833896237219	36.2703624920186	1	1	14.0236071252818	1	16.4255541355901	14.6234258344195	1	1	1	1
C12orf57	264.600424372035	47.7628155717945	117.153642707517	111.861338989759	1	41.1027187280856	91.6641253647196	109.011500480247	112.6630120132	43.84395732411	1	1	1	1
C12orf75	36.292572352946	1	122.147436510366	20.3388609712305	1	1	1	20.8089167931395	95.6230197982899	38.150114092251	1	580.162726177219	1	1
C14orf37	1	1	1	1	1	1	1	23.5158825243401	1	1	1	1	1	1
C15orf39	1	43.7702094468248	43.0213283475695	28.3613028662557	131.404393023018	1	11.8671080146042	27.2235534099236	14.8146302780513	18.8728732425271	1	1	1	1
C15orf48	1	122.272367561623	1	1	206.458803686586	149.834626977881	1	322.478790244835	26.1136933373089	466.411770516183	821.38175754443	1	145.383293229617	271.824813373174
C16orf54	86.3999710687365	42.6509919154047	166.462423518335	54.4631231223593	173.249327513696	1	82.8047297224424	52.8632938474364	1	1	1	1	1	1
C16orf74	1	1	1	1	1	1	18.5511340542142	1	1	1	1	1	1	1
C17orf107	1	1	1	1	1	1	1	19.6319509606842	1	1	1	1	1	1
C17orf49	102.545254848094	78.9662012475097	136.99924681206	41.730294574689	50.8500929883906	77.1608823139035	22.4189640694918	39.7361683480929	79.6195397394908	119.821251880203	195.394762208702	188.148206575333	670.006404922126	171.034736677963
C18orf32	62.1642988336754	90.3272923398133	70.9139464692624	61.8143943517607	171.065452345156	89.1608665950538	51.8143522005232	57.3245461363127	123.123627862949	80.4753192570744	119.707726589358	1	1	1
C19orf38	1	106.798907718312	1	1	82.3576518140406	15.5726327550299	15.1300701952757	1	1	19.7428442015241	1	1	1	100.67069937216
C19orf48	1	1	1	23.5470763873968	1	1	1	1	1	1	1	1	1	1
C1GALT1C1	1	19.3394958011536	1	1	1	19.0477522749921	23.7042544883767	1	15.7417227212353	20.6788819483929	1	1	1	1
C1orf115	1	1	1	15.3128761135989	1	1	1	1	23.3072157973243	1	1	1	1	1
C1orf116	1	1	1	1	1	1	25.4327099803126	1	1	1	1	1	1	1
C1orf132	57.7725011659039	52.5994189180363	33.6830477055603	372.267795260741	65.1453929955617	43.2165695092942	178.023097937536	70.0034166676922	22.5482364351366	58.1981251143044	1	1	1	1
C1orf162	32.1487967747774	242.114803622749	109.380915634183	25.1574742889572	74.9466225627766	201.336767820359	1	113.073370503833	41.5185288427484	188.4666514788	273.670128255319	1	1	390.728943206898
C1orf186	1	13.5515047024969	17.8120511180773	53.6611528615385	20.752559415722	1	44.7230058151994	178.662593943204	146.40723838293	1	1	477.78298676837	1	1
C1orf21	1	1	142.088331647002	1	1	18.5347333687951	1	12.15015922974	40.4778782263138	31.8913619523352	1	1	1	1
C1orf54	1	1	1	1	1	29.944008286293	1	1	1	39.0600240236963	1	1	121.416127617914	490.56367293865
C1orf56	1	1	18.6449685277695	1	1	1	1	1	1	1	1	1	1	1
C1QA	1	79.5655885094532	1	1	1	2253.30843718887	1	77.2597830270868	1	906.090742841438	1310.01445604166	1	1	1
C1QB	1	38.3423875764019	1	1	1	1841.23549245502	1	1	1	732.201353583195	972.81820570311	1	1	1
C1QBP	55.8868329133276	53.8384867673606	75.2706697130022	43.4110522923617	1	50.7009827233529	29.0932500671279	34.7119505422943	168.379091659853	84.556164815396	1	1	1	199.455975645007
C1QC	1	1	1	1	1	639.780194836381	1	1	1	217.547958590601	513.384920076103	1	1	1
C1QTNF2	1	14.8052489114734	25.8544436794364	1	44.0459719513609	1	1	33.0761155545269	1	1	1	1	1	1
C1R	1	1	1	1	1	1	1	1	59.8996078218611	36.075971506423	1	1	1	1
C2	17.1616317102277	53.5567219350079	29.2965003691851	17.610291295023	44.9026970413877	230.680419647115	1	18.0581184972064	73.9765400850575	50.8854896814172	1	1	1	1
C20orf194	1	33.5407010508917	18.0319342542164	1	1	60.4092314763545	1	16.2940767885393	17.7484282842296	35.9248841252336	1	1	1	1
C20orf27	1	39.344005619931	1	1	1	27.152238286855	1	24.0564279905193	19.6865083545332	37.0936682186777	1	1	1	103.134746661745
C20orf96	1	1	1	1	1	1	1	31.9396499368226	1	1	1	1	1	1
C21orf91	37.3459073972281	18.1130880873551	48.8049434005582	15.7888471105965	20.9362920904143	1	1	97.6374017226303	46.0832981212753	16.0200390876437	1	1	1	1
C2CD4B	1	1	1	1	1	1	1	1	66.945807035902	1	1	1	1	1
C2orf69	59.0621013591026	30.7198977901945	53.1923268088397	87.7081265914138	1	40.5986004907443	12.8660785701038	87.0405390097495	47.7019338255585	45.64163201339	1	1	1	1
C2orf88	1	1	1	1	1	1	13.5590867007247	1	1	1	1	1	1	1
C3	1	67.3538789569093	1	1	1	61.6759019795351	1	39.9088549471534	59.5201807914847	99.3317860814252	1	1	1	1
C3AR1	1	93.8077671234697	19.1610530701754	1	127.812043116447	159.864721434553	1	119.806148425642	1	90.8157627302279	1	1	1	1
C3orf58	44.9814948321836	56.7577624996774	39.7967138723476	47.5824271565046	1	43.7210032635938	18.4717368944344	70.0573072509264	73.4604611417828	53.3408192325009	1	526.916613722537	1	216.24054226362
C4BPB	1	1	1	1	1	1	1	1	77.3593215451439	1	1	1	1	1
C5AR1	1	441.780190813457	1	1	940.004147587286	394.423853149716	1	167.523438837864	1	168.389762640974	1	1	1	1
C5AR2	1	77.2763239092014	23.4936684711955	19.6951379398661	299.071623019715	50.5123285487648	1	23.2429215834501	13.3045920767031	31.0843467033892	1	1	1	1
C5orf56	41.470279485706	30.7656017173645	343.620429755774	21.1401627150425	39.3079422883814	1	58.4272927403303	41.5223161379128	14.9002151089202	20.7131420268702	1	1	1	1
C5orf63	1	1	21.8077444713281	1	1	1	1	1	1	1	1	1	1	1
C8orf49	1	15.3625851647989	1	1	58.9028268173627	29.147130438128	1	1	1	17.4591585998992	1	1	1	1
C9orf139	1	13.4249250651647	1	1	1	1	1	1	1	1	1	1	1	1
C9orf3	1	15.5958448721787	1	1	1	1	1	19.5253975763936	52.1374671739832	1	1	1	1	1
CA12	1	21.5863650763354	11.9233820095248	1	40.7966799805403	30.3434463629191	1	1	138.843743704885	21.5763106689794	1	1	1	1
CA2	1	1	1	1	1	1	1	36.2065153582578	1	20.156213234378	1	1	1	1
CA5B	46.7436191177055	23.9425561614135	62.2711135377483	21.4970397779435	18.9155658343349	1	1	18.2548493750577	1	11.9588912962812	1	1	1	1
CABLES1	1	1	1	1	1	27.9615223300368	15.2948364598876	1	1	1	1	1	1	1
CACNA2D2	1	1	31.9901113053399	1	1	1	1	1	1	1	1	1	1	1
CACNA2D3	1	17.7425050130418	1	1	1	1	1	1	1	14.9830427283686	1	1	1	1
CACNA2D4	1	38.9706140548205	23.9219193912383	1	1	21.4469088270104	1	16.2855556166516	1	29.550060889618	1	1	1	1
CACUL1	38.7078506536743	87.7126157443797	81.6639582340793	55.681816315538	182.707907884602	107.540185722557	17.3387883207733	51.9929901020693	62.138265424408	102.078537263193	194.295680126777	1	1	1
CADM1	1	1	1	1	1	28.2978876903851	83.0646543149646	23.6285483798116	75.8159878826497	26.5770573181758	1	1	1	406.918228886873
CADPS	1	16.4646172416958	12.2205309431114	1	1	1	1	53.241335541357	61.004950006307	19.8766103195661	1	1	1	1
CALB1	1	1	1	1	1	1	1	1	29.6188579166307	1	1	1	1	1
CALB2	1	1	1	1	1	1	1	31.1281544179137	35.8920264040884	1	1	1	1	1
CALCA	1	1	1	1	1	1	1	209.331665909199	631.502549333395	1	1	1	1	1
CALD1	1	1	1	1	1	1	1	1	1	44.0113817534694	1	1	1	1
CALHM2	1	31.0433276544218	55.0064677931024	1	1	19.9152129790836	1	1	1	1	1	1	1	1
CALHM6	1	108.696095059371	28.6053517291451	36.1425143524467	44.5693892381203	60.0923913722213	1	57.3317354020599	1	187.271161196199	268.3903931904	1	1	233.359060266355
CALML3	1	1	1	1	1	1	1	1	72.6098194930969	1	1	1	1	1
CALU	29.7549705213552	65.1211293150388	29.8745603099364	21.5943500988682	1	158.555850375872	121.441290017132	44.8382713301453	119.048898907651	90.2908946870962	1	1	1	1
CAMK1	1	60.2796627664569	1	1	1	60.2556311878712	1	14.2474887205047	1	134.05649753112	1	1	1	1
CAMK2N1	1	1	1	1	18.3698214259886	1	1	19.1688880452252	1	59.1692444502509	1	1	1	1
CAMK4	85.7325570147213	1	1	1	1	1	1	1	1	1	1	1	1	1
CAMP	1	1	1	1	49.8454936257987	1	1	1	1	1	1	1	1	1
CAMTA1	39.6435396087211	66.909472721233	34.5149380314314	37.1193752429034	1	57.45323592068	30.7060671330212	65.4596379761093	73.6284961739775	105.947003385397	113.266573663874	1	131.267614445008	126.624559365572
CAPG	36.2635113969588	138.938944629182	1	61.5498796269288	33.1115769554332	532.379044421355	1	94.0137704915093	55.785356461419	307.03872409744	367.255459035001	1	192.581013054838	1
CAPN12	1	1	50.9830123660157	1	1	1	1	1	13.8343378651822	1	1	1	1	1
CAPN15	44.3356795671448	55.7118863718139	139.686092102329	86.8757971544903	84.9979251333859	24.6508173810733	1	26.2795916430895	16.1445630804203	19.3116186237165	1	1	1	1
CAPN7	23.7250929835558	24.0717444575889	22.0298576236669	28.0634991224147	1	16.5115558812743	1	1	15.702572822379	1	1	1	1	1
CAPN8	1	1	1	1	1	1	1	1	34.844078171167	1	1	1	1	1
CAPRIN1	64.1689901257857	89.2056654293519	84.9837061217419	50.1547325338632	33.1034306345279	89.6994460795953	28.6908101711324	50.8318708360527	120.040726186968	101.33418465376	111.418708355419	161.703797376549	1	1
CARD11	67.9016250172984	1	195.478220419399	73.0062964928559	1	1	1	52.4289611554578	17.3337273276787	18.5590700847105	1	273.330105156956	1	1
CARD16	47.332273818374	100.410935440478	87.0932964959354	1	193.183908050223	32.4255346045286	1	78.3041074393281	1	49.4317619793723	1	1	1	1
CARMIL1	1	1	1	1	1	1	18.9035412943155	1	24.8262253487303	1	1	1	1	1
CARMIL2	16.2054956507415	1	1	22.4306690887161	1	1	1	25.588518215086	1	1	1	1	1	1
CASC6	1	1	23.6734752355041	1	1	1	1	1	1	1	1	1	1	1
CASP1	41.1305260890598	169.719542243997	99.0671834573131	24.6316310409188	112.481782626722	60.3768569566524	1	47.7812204242002	1	77.4153436746961	91.1821246851031	1	1	1
CASP10	1	23.7251795693171	44.3539472817878	20.9678726845461	1	17.218784818241	48.8480738618178	1	16.3392024428097	13.1692032362435	1	1	1	1
CASP7	1	21.2279469072538	22.5065191821456	14.9301366492074	1	23.9887383699035	12.1167642734779	1	28.7341934536181	19.1055310810189	1	1	147.928868211319	1
CASS4	27.3358387458073	23.6619375600219	1	1	96.3942748069212	1	1	10.884378902452	1	31.0878433473589	1	1	1	1
CASTOR1	1	1	1	1	1	1	1	23.0537217269464	1	1	1	1	1	1
CAT	39.0900463883656	147.656334835241	67.2634262740471	45.1794605679898	131.061523388215	128.082600795974	16.7061679608968	37.435753042247	50.6060240386352	123.464706137266	168.222471696958	359.842426812182	238.812308153247	168.753186055586
CATSPER1	1	14.7842381550847	24.1198475797492	1	1	1	1	1	1	1	1	1	1	1
CAV1	1	1	1	1	1	1	39.2468881266437	28.4394800044915	81.0874227575167	150.612802149924	1	1	1	1
CAV2	1	41.8396562791354	13.4538841435404	1	26.3100065102773	25.2880238107028	1	13.8801274694908	223.988038713915	115.904135323698	1	1	1	1
CAVIN1	1	1	1	1	1	1	1	45.7207017275572	48.7731315889633	1	1	1	1	1
CAVIN2	1	1	1	1	1	1	1	68.0396697423563	30.9156939868302	48.9097210739845	1	1	1	1
CAVIN3	1	1	1	1	1	1	1	1	21.9669376137544	28.0499720242507	1	1	1	1
CBARP	1	1	1	1	1	1	1	1	1	17.0520758838053	1	1	1	1
CBFA2T3	1	15.195442191976	1	24.4262908777191	25.2747298195202	1	1	16.909817819715	1	1	1	1	1	1
CBFB	82.5715521029041	54.0370733198006	103.187216612519	69.4526990546702	26.2118238762517	53.1838043712956	27.0638940862627	85.8986042570653	62.9537510697964	101.083226219208	151.448211772046	1	1	1
CBL	52.9908414854662	85.9918017400402	63.8354034847926	45.382520601869	71.7519222908067	45.8599165253097	17.4174298913702	23.8715213538486	32.0150551424663	63.8274948889241	1	1	1	150.819389842042
CBLB	119.869617017145	16.2894557412856	162.9867325207	45.031307173714	1	30.9480325000084	1	48.5727277286436	26.6873878850006	17.9954992920059	1	1	226.656562077331	1
CBR1	18.0979978411648	27.4359692780254	14.5353653183271	1	1	51.6892823338133	14.7326852060505	12.1047326651042	227.76684958295	48.8495448098963	1	1	1	1
CBR3	1	1	1	1	1	1	1	1	31.5599027581594	1	1	1	1	1
CBR4	1	23.1418202525252	60.3883436698627	23.1064309754756	1	16.9165061419029	1	1	15.9006117620338	20.1538149263191	1	1	1	1
CBX4	109.505857995538	66.6862614498907	107.33844598403	90.6186866099658	81.8094288876423	79.7310626839684	55.4972136704451	140.118827048741	154.063409912086	51.1829732699421	1	381.363300431862	231.438769694556	1
CBX5	55.5405952903408	42.6805358501829	61.693954322801	53.4368687929374	30.6261555335345	33.2932092750439	23.2528993703121	34.6115875449173	76.4604036765888	56.6510796563964	90.3361413037668	216.05519023636	1	1
CBX6	56.7933878309991	56.9592883799127	104.996529063695	31.0573305885017	1	30.4724670110752	20.3947886720238	49.7317395703308	46.2106994932947	53.3982900718009	1	221.67456214068	227.812594037855	95.7146421209182
CBY1	1	1	1	1	1	1	1	1	30.648064107432	1	1	1	1	1
CCDC112	1	20.0001397997727	14.0546561700755	1	1	18.7825826840317	26.6521385524225	1	17.6978357628236	21.9451773452703	1	1	1	1
CCDC146	1	1	24.1624207745541	1	21.5537707434096	1	1	1	1	1	1	1	1	1
CCDC149	1	17.5787524656941	1	1	1	1	1	1	13.6339701727484	1	1	1	1	1
CCDC152	1	1	18.6470310046263	1	1	1	1	1	1	1	1	1	1	1
CCDC167	37.8665875364919	1	17.7104919012984	18.6905106750884	1	14.9205605099246	51.0687075803227	1	24.8444531669568	17.1773742612285	1	1	1	1
CCDC28B	1	1	36.5172090703027	1	1	1	18.792506487585	1	1	1	1	1	1	1
CCDC50	22.4697265184666	28.1615018553123	15.558207881657	145.689743756991	1	35.80534771307	40.8080270348411	37.5723251282382	20.3134614461649	63.3763152457446	1	389.939912943505	1	1
CCDC58	1	1	1	1	1	1	1	1	67.9465795215854	15.8542502056847	1	1	1	1
CCDC59	92.5562809157448	53.4880112556107	82.3622245086535	93.4771974828872	45.4205568206926	37.929409276316	30.4202004286209	97.4968277688288	80.3741449863098	43.9001091041797	122.802428533353	1	1	1
CCDC6	28.2455531657141	34.0651159550587	19.4342760469101	48.3176621394575	1	30.0976699985233	1	18.2071067496525	65.109402771916	29.0539137242371	1	1	1	85.5577986280095
CCDC65	1	1	23.1954026985535	1	1	1	1	1	1	1	1	1	1	1
CCDC69	62.428291141995	132.92207596437	193.816487533077	42.1385265429049	126.151777993438	27.4458341052538	79.6423977026357	39.0172684507085	24.3756667883311	30.013094473171	1	334.632677590326	1	1
CCDC88A	21.1526490095532	165.953642936173	35.0181623037692	30.2366983891715	25.6030522764858	204.826932039726	53.3422603766933	91.5594803711917	82.5482365341269	213.693317104347	222.651133207933	375.060328737332	154.866184698117	377.174541139423
CCDC88C	74.2981926122785	29.4389759603346	183.725855150227	49.9307467042095	1	1	44.1195910260886	70.9427346898927	18.3353340639256	1	1	1	1	1
CCL13	1	1	1	1	1	149.093512538127	1	1	1	1	1	1	1	1
CCL17	1	1	1	1	1	1	1	1	1	453.653260270663	1	1	725.555586231331	1
CCL18	1	1	1	1	1	4437.43230475696	22.7409526947073	104.96192140913	20.3482622502089	33.3135319869012	1	1	1	1
CCL19	1	1	1	1	1	1	1	1	1	1	1	1	584.5876946362	1
CCL2	1	1	1	1	1	127.075264962694	1	91.7663787198455	47.4776667366857	56.7008862550841	1	1	1	1
CCL20	1	132.09154177837	1	1	1	292.335412439331	1	71.1299020360565	337.404186854582	135.811649530214	1	1	1	1
CCL22	1	1	1	1	1	1	1	1	1	29.2254341680031	1	1	1083.89355405659	1
CCL23	1	1	1	1	1	28.0977518479023	1	1	1	1	1	1	1	1
CCL3	1	1	49.0872735020989	1	1	192.789881481833	1	86.2448891245147	1	104.702018461495	1	1	1	1
CCL3L3	1	1	1	1	1	47.4124634826457	1	85.669305637153	1	59.3083428104013	1	1	1	1
CCL4	261.758861199308	37.8993576910074	1572.77489045679	1	175.65312089662	335.242715856044	31.5120944933788	451.917416529157	47.5866705701963	200.83091552581	1	1	1	1
CCL4L2	1	1	80.5518925451527	1	1	79.9230799265808	1	307.878989133443	1	95.027805734022	1	1	1	1
CCL5	537.344392418221	43.2879466861972	1373.41033125639	32.1319291919613	67.3225537350302	43.6710398062337	1	191.811624268422	18.2024697958203	35.102518110774	1	1	1	1
CCL8	1	1	1	1	1	21.1180179456347	1	1	1	1	1	1	1	1
CCNB2	1	1	1	1	1	1	16.1102707664905	1	15.1172767324785	17.8137590128854	1	1	1	1
CCND1	1	1	1	1	1	1	1	20.6116477782713	45.9102336738852	43.568149360798	1	1	1	111.083482027997
CCND2	283.23286519982	49.7245247050065	224.457637980291	64.3822067174062	1	25.34252908123	119.821580165557	46.2711487566949	50.2122553119012	114.987653772117	193.249595957387	1	1	1
CCND3	135.298956547526	116.119917657355	341.800027463136	111.821851539293	188.432179917472	31.733851247014	1	72.7394643755095	33.4434522107666	62.2470582399912	201.110079881975	197.083463997232	1	113.482919546473
CCNG2	35.0899278472732	51.3905793771632	32.9781520327353	52.9330557790897	131.614655799169	37.1158477368062	11.8027844106234	79.9785625424505	44.8733106559195	33.9636363603625	1	1	218.968635717179	1
CCNJL	1	1	23.0048539593812	1	103.501140704805	1	1	1	1	1	1	1	1	1
CCPG1	41.9334457573306	92.9350303361679	76.3669201211032	47.5503878251474	241.099283361727	67.349402463291	174.320567558558	72.8626746371334	42.0299982535002	41.7660418230405	1	1	1	1
CCR1	1	83.8652096295288	22.0565042371489	1	127.04444612395	121.305321477907	1	1	1	46.8716073406527	1	1	1	1
CCR10	1	1	1	1	1	1	16.6521658402069	1	1	1	1	1	1	1
CCR2	1	113.888958355643	1	1	1	1	13.9186364790546	10.0792417126812	1	15.2214921005902	1	1	1	1
CCR3	1	1	1	1	39.880367647316	1	1	1	1	1	1	1	1	1
CCR4	23.6402810117183	14.332739126566	13.5898005593545	1	19.5952820665845	1	1	1	10.2745258102387	1	1	1	1	1
CCR5	38.0577971349136	17.862569434112	1	1	1	30.7059896912753	1	1	1	44.0025205059218	1	1	1	1
CCR7	583.52610370911	1	1	411.883110436093	1	27.2244977966556	1	133.477979013209	1	82.9268589777671	1	517.948334341307	3365.19603139006	1
CCRL2	1	42.7194278029946	1	1	170.925861646101	73.1088436468737	1	79.1860046517896	1	37.133357865932	1	1	1	1
CCT8	62.7829024169118	78.3626986218185	71.0786216832515	63.6761432597591	1	61.3110431775314	44.3083446974394	65.4076434677693	73.7497633104897	70.7601918292843	1	1	1	136.909452757517
CD109	1	15.2556809107266	1	1	1	39.2419806761692	1	41.8883712898567	62.3354005848949	53.1296198143004	1	1	1	1
CD14	1	338.362623008186	1	1	133.162168453332	423.149947670331	1	26.5318044395521	1	214.541694036819	1	1	1	1
CD151	1	90.2680832579481	29.5884120492514	1	1	93.0387003054341	24.1991051323195	44.9853560439605	104.75627351817	104.456074599584	1	1	1	1
CD160	1	1	464.992557511841	1	1	1	1	18.8504028679587	1	1	1	1	1	1
CD163	1	193.448494439147	1	1	1	898.64882030175	1	41.1941024651076	1	103.575373871288	1	1	1	1
CD177	1	1	1	1	1	1	1	17.8204910958929	1	1	1	1	1	1
CD180	1	20.9456777730739	1	27.5885723990928	1	59.9840997981643	51.4672382984363	1	1	23.6887268153954	1	1	1	1
CD19	1	1	1	157.188751223081	1	1	28.5335100725532	1	1	1	1	1	1	1
CD1A	1	1	1	1	1	1	1	1	1	187.037515121334	2841.75873059706	1	1	1
CD1B	1	1	1	1	1	1	1	1	1	40.8670136009246	228.606596771127	1	1	1
CD1C	1	18.5751992571833	1	24.6027486747625	1	1	1	1	1	128.763907305717	455.962217961101	1	1	1
CD1D	1	58.4961616535934	1	1	1	1	1	1	1	1	1	1	1	1
CD1E	1	1	1	1	1	1	1	1	1	73.1211018573259	565.200383479106	1	255.516531443398	1
CD2	409.569013805519	1	260.004493385841	1	1	1	1	66.5536259059846	1	23.2608022721774	1	1	1	1
CD200	1	1	1	1	1	1	1	14.7179700966639	1	1	1	1	154.694755160689	1
CD200R1	18.8599964194697	1	1	1	1	1	1	27.4674517237545	1	1	1	1	1	1
CD207	1	1	1	1	1	1	1	1	1	41.4095215870994	1528.82533897172	1	1	1
CD209	1	1	1	1	1	80.3438194077607	1	1	1	15.9847924409164	1	1	1	1
CD22	15.6073592558714	28.8705396296671	29.5026990087014	107.498773400296	60.2390780999784	20.4925740793597	1	84.5691018582761	25.7238939215805	17.270743606952	1	1	1	1
CD226	75.2520982435135	31.6475934608539	173.636349067027	16.6376629855725	95.6943558402754	27.6088224307286	1	24.3438566966709	18.1211316151695	36.3243564144828	1	1	1	148.356033779682
CD24	1	30.8938020668012	1	200.023791125649	1	1	1	1	274.709602727228	52.6172617530741	1	1	1	1
CD244	1	21.5574135743931	62.2100202351851	1	1	1	1	1	1	1	1	1	1	1
CD247	262.285548710342	1	1518.70663232838	1	1	1	1	71.4070893867217	1	1	1	1	1	1
CD27	140.846120720934	1	1	119.319702843078	1	1	348.554672182658	1	1	1	1	1	1	1
CD274	1	1	1	1	1	20.3434544651296	1	59.8398684967619	21.5516728411608	17.1585506940498	1	1	257.099876067957	1
CD28	164.157313365177	1	1	1	1	1	1	21.7700578697979	1	1	1	1	1	1
CD2AP	36.1291816938985	40.543863133155	36.0649561921481	48.9117781487612	1	38.2044912841123	17.797992453846	40.6545157352189	61.6784151091469	62.1005667097646	1	403.133783229736	1	1
CD300A	1	83.4909199856066	138.064111529385	1	164.462662614531	93.2404679512738	1	66.1116289560434	1	102.541635854964	115.631920104375	1	1	1
CD300C	1	30.1066331906351	1	1	1	21.6020225515378	1	1	1	26.4515742616859	1	1	1	1
CD300E	1	431.134080016753	1	1	1	48.876785187999	1	31.9340994981461	1	43.9694203774416	1	1	1	1
CD300LB	1	15.8304132267403	1	1	1	1	1	1	1	1	1	1	1	1
CD300LF	1	53.9777785104904	1	1	64.8585338207004	56.7498253436863	1	1	1	27.4755045219915	1	1	1	1
CD302	1	158.284699667868	1	1	107.978366936821	81.250295359542	1	21.1405133601877	29.7893548715292	51.2271801908377	133.508298807201	1	1	1
CD320	1	1	47.328600805815	1	1	1	15.5654864373454	1	11.3493852065508	1	1	1	1	1
CD33	1	66.2500147979956	15.3310665299629	1	27.8402147188369	42.2250858804748	1	22.9720993136559	26.9671407503826	27.9029455873899	1	1	1	1
CD36	1	274.117173101084	1	1	1	180.547054601259	1	22.6511480516438	1	58.6651423658996	1	271.014531303689	1	1
CD38	1	12.4961157818154	92.5597875102469	1	1	18.061898097604	126.276940215005	20.6850220740159	15.0664497536194	17.5898990626333	1	1	1	1
CD3D	514.381593623099	1	116.876342648438	1	1	1	1	63.8342629525077	1	1	1	1	1	1
CD3E	160.958244454045	1	52.3696026157649	1	1	1	1	35.8951759067711	1	1	1	1	1	1
CD3G	271.28256608937	1	85.7108194009766	1	1	1	1	35.9215862347641	1	1	1	1	1	1
CD4	213.968108846276	299.421139859517	1	1	1	429.314810473261	1	42.3811796526447	20.7358392744578	351.922010202337	901.380796962541	1102.47299713496	255.46231110016	262.293854588013
CD40	1	24.6909223603381	14.6116204320347	102.342030186911	1	68.2710690701779	32.0656083374614	16.6319776079924	1	129.105645329712	235.189141678153	1	453.099486785158	196.034341331931
CD40LG	31.5686122856161	1	1	1	1	1	1	1	1	1	1	1	1	1
CD48	389.90222277437	302.892399592978	335.328503244767	447.654004188432	57.9305512839153	98.6871965480948	37.2782215433109	131.157512719887	32.7334727012016	112.445665485287	192.313080985718	1	1	450.386856241039
CD5	111.918732632991	1	1	1	1	1	1	1	1	1	1	1	1	1
CD52	830.517042358448	595.173412796737	756.815773424015	861.700616422464	1	521.069265146205	41.272961574981	189.996129597556	50.9642701400029	203.315826452503	627.822584717687	420.234060912831	1	324.562073535548
CD6	266.388484793887	11.9581718048427	125.302839826552	26.7509239022148	1	1	1	26.2736584178063	1	12.7744980417353	1	1	1	1
CD68	1	138.763340087825	1	1	23.2311251112177	365.399136137064	1	31.8932684523085	18.9822763904523	109.586740813286	1	1	1	1
CD69	215.948771475314	14.5997807058791	136.150145207017	257.849674265836	46.8609497342998	17.1484782906287	33.3658499913179	1731.16342512881	476.600031795819	25.8376338846015	1	1	1	1
CD7	279.83036838129	1	558.814326396371	1	1	1	1	86.9486075378341	1	1	1	1	1	1
CD70	1	1	1	28.7260916077429	1	1	1	29.6543273120728	1	1	1	1	1	1
CD72	1	1	1	38.1141154677285	1	46.4189822254702	1	1	1	23.6942531187369	1	1	1	1
CD74	740.914279664259	5477.15163041744	441.050237389859	9568.46828327773	250.328070889028	10056.8336704181	1439.1923893523	1278.73142873313	139.389242472511	13154.9370920286	29459.3343861694	13895.2530746858	20778.5869620268	30255.8025713702
CD79A	1	1	1	1126.92485717736	1	1	1052.06475307871	35.0018681582784	1	1	1	1	1	1
CD79B	1	1	15.460637026531	59.7332998138239	1	1	28.2296850155713	1	1	1	1	1	1	1
CD80	1	1	1	1	1	1	1	1	1	49.6393106390054	1	1	1	1
CD82	126.504031884835	88.7731430904638	25.6761676465997	210.6317317612	364.98789406487	114.786118379829	1	157.430172835563	104.406271604342	65.2071845691535	1	1	1	1
CD83	104.106886983244	186.21736435932	62.9368207631408	1075.89057552825	287.12070248615	792.095824754507	32.5062802255798	1173.59217137857	326.32215940457	943.740826896126	1964.66975925977	2707.45808799448	3400.5988606621	1212.98318681334
CD86	1	132.015370754161	1	44.7318772254449	1	153.396104397481	1	32.8881729120873	1	239.6565546603	428.457657445873	1	384.592709636585	255.829965341495
CD8A	237.159524763877	1	118.779083520257	1	1	1	1	47.2713427651183	1	1	1	1	1	1
CD8B	174.618065086946	1	1	1	1	1	1	35.0932522062685	1	1	1	1	1	1
CD9	1	119.605338906092	1	1	1	387.90226250271	35.0362843680814	362.077186462635	1053.19673648757	331.243133441357	1	1	1	1
CD93	1	155.049266031989	1	1	159.809331720185	57.1888802967088	1	31.7176877841795	1	100.734823508789	1	1	1	1
CD96	148.579923230731	1	117.966580651992	14.4241356594638	1	1	1	26.9029002471992	1	1	1	1	1	1
CD99	411.323977838095	261.138373180932	754.199255976248	251.362303009467	1	353.356999225273	141.26993809153	178.021296300341	293.509522685893	245.403380223062	163.633609836511	546.103597359365	1	1
CD99L2	1	16.1226889190966	1	1	1	17.5743070757936	16.1734547874194	1	19.9514180474284	1	1	1	1	1
CDA	1	99.9725832473849	1	1	457.170543310441	14.3654778133003	1	1	1	1	1	1	1	1
CDC14A	66.9381449537651	1	1	1	1	1	1	26.7373150441916	1	1	1	1	1	1
CDC25B	68.1067333160457	16.363652692761	164.913720886113	18.2234208043568	1	23.0671861609503	30.4761879169876	18.4975194129781	25.3208301832503	24.59624139968	1	1	1	1
CDC37L1	39.4097593272552	10.8637628683734	20.0035520845026	30.1223819349981	1	1	1	38.8227350407833	18.0131079539924	1	1	1	1	1
CDC42BPA	1	25.9040246695663	1	1	1	1	1	1	21.6858167087175	1	1	1	1	1
CDC42EP2	1	35.7360579800903	1	1	49.4670433955505	1	1	45.1785936295299	1	24.2211855744806	1	1	1	1
CDC42EP4	1	21.9608998165421	1	1	1	1	1	70.2930874481156	25.8764422201185	30.9882354639667	1	1	1	1
CDCA7L	1	13.6031320881452	1	46.9249827602658	1	28.1808543453301	1	11.554590833574	51.4129088469419	23.9183508607966	1	1	1	1
CDCP1	1	20.4816877870685	1	1	1	37.7570513767558	1	1	34.7125930012916	60.9858271058424	1	1	1	1
CDH1	1	94.6487553459098	1	1	1	1	1	1	228.534139892079	99.7246446616443	1	1	1	1
CDH23	1	23.6521121220362	1	1	1	1	1	1	1	1	1	1	1	1
CDK1	1	1	1	1	1	1	1	1	1	29.9449309645148	1	1	1	1
CDK11A	1	1	1	1	1	1	1	29.7721890838094	1	1	1	1	1	1
CDK14	1	1	1	23.9338483381342	22.0187316867098	1	18.8550523846037	1	1	12.9631937633603	1	1	1	1
CDK15	1	1	1	1	1	1	1	62.5281443065507	23.6465600776416	1	1	1	1	1
CDK2AP1	24.8117455376797	148.358164648525	18.4186898635082	30.0113831570449	36.0556429132096	120.080556768207	24.9227070009456	90.8946264849124	324.521811025169	219.813705649943	202.337871372699	283.81415410601	423.740984320553	864.414113709039
CDK5R1	17.6368522296882	1	18.1549566938808	38.540623862121	24.0989164086011	1	1	1	1	1	1	1	1	1
CDKN1A	329.069725018859	510.621992930185	51.6946378191677	250.356912650415	234.201330224211	450.127551422431	265.007704956339	719.648417766975	340.815936438913	845.007801457645	1066.19796506121	1520.32215234053	3073.18153906647	970.685891729146
CDKN1B	419.740729341932	91.7172241135358	165.182076640938	208.358770503831	121.656355345048	64.3887631612921	85.1554630007739	180.195427771799	42.9440626233814	91.3049888113524	1	1	160.899859465215	1
CDKN1C	1	92.8822175214051	1	1	1	19.9518296368077	1	60.6128650575806	33.5724681839748	38.6861390454364	1	1	1	1
CDKN2A	19.5476792648426	1	1	1	1	1	21.5962639435744	1	116.961798653029	1	1	1	1	1
CDKN2B	1	1	1	1	1	1	1	1	28.8565761384257	1	1	1	1	1
CDKN2D	26.298198924035	36.5964784658328	104.873581626437	43.7128615375558	296.380326237271	1	1	31.4674877998403	11.5423822376035	12.0354413668991	1	1	1	1
CDR2	74.7159152145231	1	1	19.2315185929952	1	1	29.3460582689363	44.0493762352663	19.8277388907235	1	1	1	1	1
CDYL	30.7365781903479	31.2632513871307	66.0134433918331	38.1078273580859	1	30.2601153573382	28.613787048348	27.6454526352105	60.2479996586026	31.084791207906	1	229.557016751236	1	1
CDYL2	26.0985542071141	11.659752344147	1	1	1	1	1	1	1	1	1	1	1	1
CEACAM3	1	1	1	1	83.5017887757973	1	1	1	1	1	1	1	1	1
CEACAM4	1	18.7764045576994	1	1	45.5230662343549	1	1	1	1	14.4807649238128	1	1	1	1
CEACAM5	1	117.40647632958	1	1	28.678167316385	1	1	79.9703446951401	183.424247345954	100.00495086034	1	1	1	1
CEACAM6	1	284.843243686428	1	1	1	1	1	1	413.040048880205	238.820398083027	1	1	1	1
CEBPA	1	44.9843610459965	1	1	21.9017490854126	54.4630360667506	1	1	1	21.9887278421703	1	1	1	1
CEBPB	112.046525449772	815.692995743376	126.086426220169	50.0135282178342	2078.98621908068	721.683808991607	45.9625591142026	572.480196050083	271.399557813011	548.766165014944	261.637568659141	1	1	1
CEBPD	52.838139988068	936.120031002549	364.915387230736	1	1378.59082406511	504.735677425267	1	365.67982806562	521.993626415415	739.141581626354	619.503863732183	1	685.857402495725	399.278448074558
CEBPZ	63.2079006361668	24.9757605451783	43.7552921201451	68.6466127979279	1	25.1501364544706	1	67.3230744463543	50.597080335764	34.1044131784671	1	1	1	1
CELSR1	1	1	1	1	1	15.328156636684	1	1	37.1511284170107	1	1	1	1	1
CEMIP	1	1	1	1	1	1	31.5095360389393	25.5093211440897	46.0695159637801	1	1	1	1	1
CENPE	1	1	1	1	1	1	1	1	1	18.2194205421989	1	1	1	1
CENPH	1	1	1	1	1	1	1	1	12.7231324167401	18.3339980063413	1	1	1	1
CENPM	18.4840904587483	1	1	22.8958274153456	1	1	16.4824701982191	1	1	15.7421466274685	1	1	1	1
CENPW	1	14.8404706176504	1	1	1	18.4117459793012	1	1	16.2796447100613	30.7263299784365	1	1	1	1
CEP120	48.2682932761278	1	23.8169763992558	37.5792050104636	1	15.0881208751661	16.3877241400451	34.5463567022036	21.3913781900357	1	1	1	1	1
CEP128	1	1	1	1	1	1	29.7949502381955	1	1	1	1	1	1	1
CEP162	1	1	1	1	1	1	1	26.3643044380893	1	1	1	1	1	1
CEP19	23.9328785722853	23.3497337497402	21.9099623036195	19.9860761590711	180.474320456698	14.7082620170615	1	14.8017165814484	16.3213544228641	1	1	1	1	1
CEP192	21.3307487718071	13.3633793420954	33.2461695142948	20.5545846614216	1	1	1	1	1	1	1	1	1	1
CEP290	25.389439331981	13.0815663890388	19.8836089036246	29.0083601370499	1	11.6461382338432	1	1	24.2814061681046	1	1	1	1	1
CEP295	1	11.4692286714224	16.7354976706272	14.8959869225378	1	1	1	1	1	1	1	1	1	1
CEP350	85.0403456253424	72.5330318762503	78.020727164346	69.4704953192518	55.9838876989222	52.0283522333388	36.6996848140896	35.5389143125309	47.0968406181475	65.1559992576326	1	1	208.757154133591	1
CEP63	1	20.0686665182743	24.5395807211977	16.4037154172878	108.957656444069	15.4873448567659	1	7.95117294350835	13.8364811586847	21.087293174899	1	1	1	1
CEP78	37.4314162351597	22.2125023444781	326.627413649977	28.537890327483	20.4201119365065	19.0081385129393	1	28.4967728987956	23.7395754226006	23.8509390561894	1	1	1	1
CEP85L	48.6668824257805	29.6795681801735	48.9104458746752	19.8571495868678	25.9865890167121	13.7653840728822	1	17.4086638868874	1	1	1	1	1	1
CERK	85.0562872132698	39.2623868665267	57.0568257950361	22.5137498534612	39.2519579174749	25.0079269835168	27.4398255305725	40.0964576783651	51.47215714043	27.2787324776877	1	140.49443640783	1	1
CERS4	1	12.9258907986351	14.0474944293363	22.9774348976739	1	1	1	1	19.6657955706162	1	1	1	1	1
CERS6	25.472031795026	43.718853147915	29.7809538587008	1	1	64.7927938196122	1	29.4039518182391	77.6147438248859	72.6272978202375	1	397.382776287017	457.279668527349	1
CES1	1	21.4553950174698	1	1	1	45.2656793298731	1	1	19.084323827204	1	1	1	1	1
CFAP74	60.5555561623007	84.7027150262087	88.653095728189	74.0346044172255	153.773356001373	55.8998437734348	24.6581101573419	113.387272402343	78.2489447401215	48.0699539967521	1	129.538533873151	1	1
CFD	1	204.574310336434	1	1	201.283350426792	229.995568904958	1	1	21.2081745857131	18.1228552671397	1	1	1	1
CFL2	1	13.5815493376396	1	15.5773134568614	1	1	28.3688577589485	1	34.4509909699232	18.4442944629423	1	1	1	1
CFP	1	232.099378458329	14.2100720179965	1	174.766192073883	1	1	23.3444228142068	1	17.6700002151228	1	1	187.751178056011	1
CH17-340M24.3	1	1	1	1	1	23.7026162228862	1	28.5854774740621	1	26.3304117987034	1	1	1	1
CH25H	1	1	1	1	1	71.915326729732	1	1	16.741818174748	29.9768634511324	1	1	1	1
CHAC1	1	1	1	1	1	1	55.3887841050609	1	38.6399971633023	1	1	1	1	1
CHAF1A	1	1	1	1	1	1	1	1	1	1	1	101.411122566507	1	1
CHAMP1	17.8830721628744	13.2701077280573	13.9919978424655	1	1	11.6666790951618	33.330959835361	1	16.456017337352	15.105179206083	1	1	1	1
CHCHD6	1	1	1	1	1	24.5594330741361	1	1	15.0396436040501	1	1	1	1	1
CHD3	124.146049622163	51.4881386445291	128.547799943149	19.8436315943358	42.9937357211506	41.4480175747949	1	35.0523793376481	78.5037804809305	49.5199970706812	1	1	147.692327825564	1
CHD7	34.2122054823486	15.4474880893136	41.8615337090766	110.680938698592	53.7943372110159	12.8088685344628	15.6751521522111	30.5191020575138	35.067043562046	12.4394168004562	1	1	1	1
CHI3L1	1	1	1	1	223.33166697701	170.47821872547	1	19.836338084312	38.3303917972917	34.2875327975217	1	1	1	1
CHIC1	1	1	21.8439696874673	1	1	1	1	1	1	1	1	1	1	1
CHID1	1	20.0794611012469	14.5752544059591	17.1829665317879	1	44.6497383100868	54.3917435779979	1	24.7531657780232	28.9923781309458	1	1	1	1
CHIT1	1	1	1	1	1	303.602636104725	1	30.492249048273	1	1	1	1	1	1
CHKA	1	27.3082522967724	1	16.6779501914879	1	36.8008181679465	1	62.0127457592644	53.6658173162531	27.5621160666003	1	1	1	1
CHL1	1	1	1	1	1	1	1	1	33.8880329726897	1	1	1	1	1
CHMP4C	1	1	1	1	16.9936110641493	1	1	26.6002000294511	25.6613473303462	1	1	1	1	1
CHN1	40.3982957870141	1	1	1	1	1	1	1	1	1	1	1	1	1
CHORDC1	93.2423755401674	38.8255189922403	44.2505946707778	106.41246073929	1	48.4196664595852	35.2842215475609	195.553099563571	65.4520916172339	73.7837802525432	1	1	1	1
CHPF	1	1	1	1	1	1	80.5005197644163	1	27.8176854165968	1	1	1	1	1
CHPT1	16.700193192346	29.3961838293647	13.7850812207798	92.9135433980737	36.3449672259158	29.3521892572647	1	35.6063128135167	27.5344668936776	19.9061027118758	1	1	1	1
CHRM3-AS2	20.1509131539927	1	1	1	1	1	1	1	1	1	1	1	1	1
CHRNA4	1	1	1	1	1	1	19.7033164430606	1	1	1	1	1	1	1
CHST12	94.5546677835118	103.154166902164	291.989885199749	73.4407085156471	185.678239737443	67.6648487113568	58.2824318132783	140.718084388807	85.3199314099202	59.3628046382457	1	143.903837989168	1	1
CHST15	1	95.9028040480265	1	28.6575241476172	234.684554379322	23.7714924059244	56.2176571035247	37.3742652937883	30.7656416191176	22.0499470265747	1	1	1	1
CHST2	1	33.9663377848215	185.071767182412	15.6701744924957	1	1	143.016885809429	33.5135176472773	1	32.4133731887126	1	1	1	1
CIB2	1	1	1	1	1	1	1	1	1	1	1	148.334560536487	1	1
CIDEC	1	1	13.0583893003882	16.5770362518483	1	1	1	1	1	14.0289731513349	1	1	1	1
CIITA	1	56.0450877942925	1	55.3723615019537	18.4659256771245	63.6859213510337	1	1	1	89.331352580472	104.695930243637	156.437416467977	232.908724328929	159.595726949544
CISD2	57.1094172508759	44.7826019509429	40.423564466588	22.0444715854293	1	87.4189299840327	91.3250499837261	53.6710231743185	73.5417133328996	80.7675467476953	1	1	1	1
CIT	1	1	1	1	1	1	1	1	37.4661739682905	1	1	1	1	1
CITED4	1	1	1	1	31.5157919984292	1	1	1	50.8460844081354	1	1	1	1	1
CKAP4	18.5832152737486	133.672524284259	1	1	347.206499145937	49.5802541040797	169.25015867249	82.1633721254682	137.700288632722	23.5994961942549	1	1	1	1
CKB	1	23.8432603227245	1	1	1	1	1	1	65.3472252478777	22.5529341762734	1	1	1	1
CKLF	128.901265674822	150.016904464579	140.128153008381	42.2242565936314	349.890701005427	88.0250028707393	35.5539712199946	145.074898916588	80.3875699242683	300.037481935612	727.048023869488	1	1	450.36804429112
CKS2	19.6236169123674	1	1	21.0494258283096	1	20.8996040378274	1	63.7334260220999	38.7706629740542	27.1937657412089	1	1	1	1
CLCA2	1	1	1	1	1	1	1	1	57.5260934679479	1	1	1	1	1
CLCC1	1	21.1658979149616	29.7703218581625	21.476728548577	1	26.3245307277435	53.6314709468939	21.1870003581064	35.371390520631	29.5815579812239	1	1	1	1
CLCN7	1	38.1262339864655	22.6730429225726	20.9309502329731	1	63.7424522675014	1	27.8338021696043	15.5246093518143	21.2032780634426	1	1	1	1
CLDN1	1	1	1	1	1	1	1	1	29.1944324308541	69.9280628647595	334.647787342719	1	1	1
CLDN10	1	1	1	1	1	1	1	1	68.7191957459452	1	1	1	1	1
CLDN11	1	1	1	1	1	1	1	18.3360823108149	1	1	1	1	1	1
CLDN16	1	26.9615994790812	13.5145942240193	1	58.2956330493267	13.4429393484506	1	14.091978241349	1	1	1	1	1	1
CLDN18	1	1	1	1	1	1	1	1	1	308.637128649878	1	1	1	1
CLDN3	1	1	1	1	1	1	1	1	186.937334838965	1	1	1	1	1
CLDN4	1	92.7836206453062	1	1	1	1	1	1	144.304395570721	73.4119998388685	1	1	1	1
CLDN7	1	66.958618321281	1	1	1	1	1	1	168.033607526301	76.9630166069335	1	1	1	1
CLEC10A	1	99.5198346532546	1	1	1	54.825100241837	1	1	1	230.361139139755	339.13335985405	1	1	1
CLEC11A	1	13.8192250175019	1	1	1	20.11436960365	1	1	1	24.8443009223354	1	1	1	1
CLEC12A	1	77.30536625345	1	1	48.9737985400895	28.4066094581552	1	1	1	16.690676306652	1	1	1	1
CLEC2D	269.625945661818	81.2926547964387	262.188601659635	154.482717984647	1	81.2196017023927	49.127601761616	93.9833787283074	134.500720411281	115.394167225634	1	142.404140880169	382.865925945751	1
CLEC4A	1	55.6545024128804	1	1	114.886286913434	19.742547646837	1	51.444341488514	1	52.4629698986517	1	1	1	1
CLEC4D	1	23.4739121462679	1	1	51.3086934732027	1	1	1	1	1	1	1	1	1
CLEC4E	1	84.5655584099591	1	1	492.082002598633	23.0937072956013	1	46.9857687807249	1	28.0469885731824	1	1	1	1
CLEC5A	1	74.7017174998407	1	1	1	72.3184079013997	1	30.185971988642	1	263.037192721914	244.463342771996	1	1	1
CLEC7A	1	277.133546210737	1	1	322.287497831854	206.25314780387	1	50.8353937188334	1	193.089835916526	272.184117862918	1	1	471.28748807049
CLEC9A	1	1	1	1	1	1	1	1	1	1	1	1	1	409.227017088244
CLECL1	1	1	1	62.4458546085981	1	1	1	1	1	18.0117965193792	1	1	1	1
CLIC2	1	19.7350706893567	1	1	1	37.0781725247992	1	25.1408039531677	1	51.0259823003192	1	1	341.880019806546	156.859156297234
CLIC3	1	1	66.0879063934957	1	1	1	1	1	1	1	1	1	1	1
CLIC4	1	71.9873918961127	1	59.5521790846753	1	114.654046021158	163.568918285324	100.696983023944	118.230013407528	131.32036670813	1	1	1	1
CLIC6	1	1	1	1	1	1	1	40.9498440718601	60.0811012717078	1	1	1	1	1
CLINT1	69.3321892723871	85.9814287732658	107.278327950549	48.2913549123591	22.0004220498216	63.1426485687597	71.3232134884974	73.6463723097029	75.7791481304982	56.8698333785406	1	183.300309582001	1	1
CLN8	41.8341876100249	75.5213092714851	71.059903421381	39.6799371912292	59.3435043551788	135.815861617163	13.5043110421814	44.6861227075215	57.6986998447103	112.320464503122	114.879310476484	451.064195608001	1	1
CLNK	20.0766918978477	19.2722583501987	25.3512031581252	37.8488378529532	25.3796638665776	12.4781497791303	1	37.7389313217353	40.7244004593507	16.3400527703803	1	1	1	99.5235215150561
CLNS1A	67.9446700685776	78.5247389326739	72.9758471113685	65.8759955593493	1	45.9176233200789	32.6902568739991	117.260013978956	82.3988182368339	70.9260512749093	94.8234293413126	1	1	1
CLP1	20.4149451671091	1	13.49751598554	1	1	1	1	1	1	1	1	1	1	1
CLPTM1	59.0826239666583	76.1083131518134	54.4205398327617	55.6796247717537	36.3985280009763	108.70088488602	93.554698462495	53.3398074458494	84.5476955918561	76.4204361945847	145.408737673996	216.04652134397	270.351429033309	1
CLPTM1L	58.3505749977456	63.4841254661968	66.0018054508277	42.8386214975622	30.5733449401908	64.0551795828285	272.136360727527	44.820063675371	118.96823169289	65.2921660800223	1	1	1	1
CLSTN3	41.3153595694263	1	101.654103303229	1	1	1	1	16.0074615702683	1	1	1	1	1	1
CLTB	65.9002179023175	135.138576639645	71.893980961385	30.806880495582	50.6661323383854	70.4197118537015	37.2300790799517	29.6362542511924	80.4700439280038	189.882951792706	144.602430067874	1	1	111.367719352984
CLU	1	63.0937872910071	1	1	1	1	1	168.901279988783	364.750705647172	50.1759589808347	1	1	1	1
CMA1	1	1	1	1	1	1	1	29.6809518628064	1	1	1	1	1	1
CMC1	29.4695031104297	1	109.973699732708	1	1	1	1	24.0869784360804	1	1	1	1	1	1
CMIP	79.2924782121873	175.513197248376	137.533797778419	88.0267015610925	221.242833125116	113.057147340472	20.0633111307487	119.541702998853	91.672346692582	137.979612022568	167.144522108824	1	1	228.895204064975
CMKLR1	1	12.2179686477523	60.8597818293866	1	1	64.1599472883188	1	1	1	1	1	1	1	1
CMPK2	1	19.7582824043303	14.996813985474	1	1	24.2316036794673	1	38.4695042035185	1	31.4397764225824	1	1	1	1
CMTM2	1	1	1	1	611.226586578368	1	1	10.1579056111547	1	1	1	1	1	1
CMTM3	69.1617988151819	98.7568687301764	89.1567818315222	1	54.7679858702944	96.8010911861057	1	49.1514017711464	37.8120212211624	116.259957355678	131.24068318977	1	1	1
CMTM7	95.5535279310299	108.408762579965	26.5247147367433	98.2355772105425	51.8992205910449	99.4882349779561	36.9480854777692	48.9142437848389	35.0864368842038	83.0817072770516	169.510960176116	1	1	133.038386502397
CMTM8	17.0747303757311	1	1	1	1	1	1	1	1	1	1	1	1	1
CMTR1	17.986471492322	14.2580895513869	20.9459316444034	1	1	1	1	1	1	1	1	1	1	1
CMTR2	25.576157414512	19.0517510120601	53.5836360545634	44.1539725700897	1	16.4935622939171	1	30.1317718669562	17.4053287758008	1	1	1	1	1
CNFN	1	1	1	1	1	1	1	1	32.8969926579314	1	1	1	1	1
CNKSR1	1	1	1	1	1	1	19.3059736464581	1	14.0572986983115	1	1	1	1	1
CNKSR2	1	1	1	16.3652683578821	1	1	1	1	1	1	1	1	1	1
CNKSR3	66.1284208201262	97.0316597512839	95.961601097192	65.628389274384	159.005861233963	70.7708110552013	33.0918432220997	105.404322972311	171.961373405496	89.066134368637	1	149.287705418147	1	1
CNN3	1	1	1	1	1	1	1	45.404049147143	57.1157246242067	40.5768395257876	1	1	1	1
CNNM3	16.5483740296256	1	19.140018549068	1	1	1	1	1	1	1	1	1	1	1
CNOT6L	635.633142101899	37.7340535305448	234.60201950171	152.707708230215	36.2330438799716	39.2390230829862	58.9671232579792	177.352856240484	24.1992853644873	49.7985109804863	1	303.612906624994	1	1
CNPPD1	70.9001609604702	64.7709263996102	96.6589466787667	172.966212234077	46.5255725618285	65.4944378137935	69.413689950124	42.4736572855945	49.4685256806921	63.5487509959995	1	1	1	108.17436915796
CNR1	1	1	1	32.4149675067506	1	1	1	1	1	1	1	1	1	1
CNR2	1	13.1239554606406	26.2072836832992	46.2436168558969	27.2378273582876	1	1	1	1	1	1	1	1	1
CNRIP1	1	1	1	1	1	20.1590446992586	1	50.2379360938653	44.7377688752606	1	1	1	1	1
CNTNAP2	1	1	1	1	1	1	25.0249005118953	12.9428529566672	40.0811678338931	1	1	1	1	1
CNTNAP3	1	1	1	1	27.823124067018	1	1	1	1	1	1	1	1	1
CNTNAP3B	1	10.4119245765768	1	1	65.3266557636075	1	1	1	1	1	1	1	1	1
CNTRL	65.2096600378256	51.1533276089488	48.4959328028296	82.8919556207831	1	26.6246415841411	1	48.200582051008	21.0248292596742	31.2726065110667	1	1	1	1
COBL	1	1	1	1	1	1	1	30.1384882727458	1	1	1	1	1	1
COBLL1	1	17.0172378502069	1	92.2085833557397	1	14.5163755714572	85.0206853776861	65.9606803294097	74.687267511662	21.9699975440169	1	167.501316119623	1	1
COCH	1	1	1	15.6162878379001	1	1	1	1	16.1283287277257	1	1	1	1	1
COL17A1	1	1	1	1	1	1	1	1	112.254428833855	63.9501051831041	1	1	1	1
COL18A1	1	25.0690958513726	1	1	88.1875480550562	1	1	62.099780527443	95.4324261006919	27.7762799481141	1	1	1	1
COL1A1	36.5803478465678	258.920663396033	22.7553478102261	31.1618956411464	35.7399734598785	358.135154808054	29.7055793021196	852.618060616252	746.677440439541	395.540325665264	1	1	1	1
COL1A2	1	1	1	1	1	1	1	1	307.071706035008	162.360021035528	1	1	1	1
COL22A1	1	1	1	1	1	1	121.053796061088	1	1	1	1	1	1	1
COL4A1	1	1	1	1	1	1	1	64.8432764533747	46.3146262274354	102.501696035294	1	1	1	1
COL4A2	1	1	1	1	1	1	1	52.8442571836625	55.2214392318862	149.651217205828	1	1	1	1
COL4A3	1	1	1	32.5185085327224	1	1	1	1	1	1	1	1	1	1
COL4A4	1	1	1	17.0015156439618	1	1	1	1	1	1	1	1	1	1
COL5A3	1	1	18.4383714179505	1	1	1	1	1	1	1	1	1	1	1
COL6A1	1	1	1	1	1	81.8042538083335	1	152.871394055685	158.944093567567	96.6651999746761	1	1	1	1
COL6A2	1	1	37.2405439151529	1	1	1	1	1	1	61.8746010413452	1	1	1	1
COL6A3	1	38.2193755676013	1	1	1	1	1	1	125.94492609234	1	1	1	1	1
COL8A1	1	19.4008945427108	1	1	1	1	1	1	1	1	1	1	1	1
COL8A2	1	1	1	1	1	22.931937791876	1	1	1	29.4716342110905	1	1	1	1
COL9A2	1	1	1	18.8943484692346	1	1	1	1	20.6042566743324	16.3145069668367	1	1	1	1
COL9A3	1	1	1	41.8497805508442	21.7053343636789	1	14.7577702380402	1	1	1	1	1	1	1
COLEC11	1	1	1	1	1	1	1	1	78.7869978923219	1	1	1	1	1
COLGALT1	1	66.8055853357492	17.3158973096432	1	16.3939577025855	143.676001229861	1	1	31.961359195304	57.92971802764	1	1	1	1
COLQ	1	1	22.8722661600229	1	1	1	1	1	1	1	1	1	1	1
COMMD3	30.0000459817264	32.7592143121984	33.5674428692397	18.3093029395658	1	35.6985304168127	64.4892339902287	14.352321225016	28.9848484769434	33.2587780810177	1	1	1	1
COPG1	24.0584970107906	26.7100934552809	30.5946927656097	1	1	38.0041493135024	40.3956373670617	1	33.2838213391758	32.0294479303424	1	1	1	1
COPS9	67.7454293008667	63.8816235166504	83.5364592713074	42.3095727506384	1	58.9116651902604	50.1449822961783	32.5821072783543	52.6364320078649	70.0664410834824	1	1	1	189.313939490962
COPZ2	1	1	1	1	1	1	1	1	34.274619737504	1	1	1	1	1
COQ10A	1	1	15.6299606588586	17.1295971689844	1	1	1	17.8655343294127	1	1	1	1	1	1
COQ2	1	16.9723647218521	1	1	1	27.7424825213281	1	1	1	17.6968865153894	1	1	1	1
CORO1B	73.8944163505554	80.5553303151932	33.5909311552501	18.1771191048357	18.4877628065832	112.983347262016	29.4760884629638	67.9696046075687	61.3097815358978	101.427621770159	136.341089271506	1	1	1
CORO1C	1	86.8302533374945	14.5861802828647	26.8123365316003	74.1433415127646	213.540133680507	19.540863679252	74.397432045314	92.2879931535953	169.740628780262	187.563095055912	494.53141127067	1	1
CORO7	59.0406727562718	71.2729514675521	91.7479111078919	44.4872695046306	122.070635223219	71.6873221275435	17.1325799338667	55.3844563535211	31.3874750661683	68.757259158064	1	168.554737557622	1	1
COTL1	534.789306056527	1889.47231434625	125.026786644827	427.90188619869	1347.70159796581	660.942098729618	39.5346984955964	480.01912372184	103.071677217529	1483.58630414982	2263.91508471186	1	1639.15588878251	2976.44265714864
COX14	69.7762774207985	80.5444789412633	80.863576384202	72.1812455219445	25.5731371385414	92.0327648464371	53.7472489467457	37.0309051388866	89.722321639989	77.5184081142995	1	1	1	178.445790726621
COX6B2	1	1	1	1	1	1	1	24.1465507877296	1	1	1	1	1	1
COX7A1	1	1	1	1	1	1	1	38.839839723811	1	1	1	1	1	1
COX7A2L	89.936004875732	91.2745399822167	80.1744805887933	78.5910766939815	30.2337247991545	94.5886739367794	76.7320309368788	47.4261394302774	145.605819254664	57.0670879444123	118.510854746847	1	366.661376712539	160.79534645266
CP	1	1	1	1	1	1	1	1	79.4594817337703	1	1	1	1	1
CPA3	1	1	1	1	1	1	1	2713.32440980705	3051.89945756613	1	1	1	1	1
CPE	1	1	1	1	1	1	1	36.1454877345143	192.101093203211	27.3719356558812	1	1	1	1
CPEB4	30.9852916338788	72.4602755266045	41.3322023637835	1	122.080079359368	99.5137638922134	112.23030370574	136.513545042639	122.859160729827	74.0035724570534	1	1	1	1
CPED1	1	14.7624904658247	1	1	1	14.0961841490854	1	1	1	36.1194650358535	1	1	1	1
CPM	34.4196160004145	114.546240752798	40.2376437411991	28.4627335266995	79.2022328105755	478.645955369274	29.2859186636205	202.833349510672	189.204623834557	138.60138192496	86.983710815555	1	1	1
CPNE2	1	34.2939360757328	1	1	27.8562428255255	45.4777627440019	1	32.8459362344918	1	16.3206913665407	1	1	1	1
CPNE3	55.2663502668316	67.7171425992258	89.3814811539916	53.2993795334529	44.2380490502484	57.0459664798102	41.2936648929408	42.2717429657811	78.6873186503017	61.2825265258678	1	191.770439841044	1	823.759753652799
CPNE5	1	1	1	66.1283842860079	1	1	154.822752129111	38.6745894940023	1	1	1	1	1	1
CPPED1	1	172.59464076832	28.5558480139399	1	725.441284410619	51.8499960352481	1	72.3233708992647	40.4981420463673	58.1552582174454	1	1	1	1
CPS1	1	12.2645237424105	12.9439826428873	1	1	1	1	1	58.4236787867557	1	1	1	1	1
CPT1A	62.3492447336327	94.0470106346919	164.907207958998	17.3526014255221	32.0781583286434	76.3414998114154	21.3655129119698	29.6688560344524	68.2733058532749	53.2725403543488	1	150.429192046355	1	1
CPVL	1	160.275580911007	1	1	1	89.5663558201006	1	1	1	44.9685942762151	164.413302390913	1	1	823.96513651563
CR1	1	30.6353510113375	1	40.3514413254468	92.2899809144822	51.4779793829564	1	36.1541826533319	1	1	1	1	1	1
CR2	1	1	1	94.7727750502682	1	1	1	1	1	1	1	1	1	1
CRACR2A	22.1004655619416	1	46.399832397591	1	1	1	1	1	1	1	1	1	1	1
CRACR2B	1	1	1	1	1	1	21.9801678783898	1	1	1	1	1	1	1
CRAMP1	1	13.2233829776214	35.8224281445549	1	1	1	1	1	1	1	1	1	1	1
CREB3L1	1	25.6983553628274	1	1	1	1	1	1	46.3451895544876	1	1	1	1	1
CREB3L2	42.8327242130255	43.0876220691277	71.6903910037284	20.4719221694823	17.3956382150883	44.5465170841296	211.819660289591	106.216574700047	90.5407787611634	45.330027416084	1	180.4416260221	1	1
CREB5	1	95.1632186781508	1	1	329.757762775692	28.4870504840622	1	33.3543876549777	50.0869615184852	55.1254514154789	1	1	1	1
CREBL2	62.2040474591327	72.1209396604724	37.4723895418994	26.6213609011999	1	136.506910361023	21.0052730646217	77.8083027915151	33.1864496847296	81.4279483559701	136.705467613673	1	355.416838053624	1
CREG1	15.7297305273974	87.1616125358927	1	1	33.4883787871499	376.822025149266	19.1604185499945	53.5776122247799	84.9019439060619	111.996187321889	1	1	1	1
CREG2	1	1	16.1666911224031	13.9801552035145	1	1	1	23.6136309127985	1	1	1	1	1	1
CRELD2	40.054821208486	46.5260174987448	76.1141201901911	28.8076452330277	41.8503824957293	49.9244772643165	211.108214309223	41.598125121457	88.1395481898967	57.6572292049125	1	1	1	1
CREM	1308.2615865849	330.497267821905	269.341507358146	614.498319877718	394.423231144997	391.212011705247	101.42041437504	1049.59013877531	286.97296702132	491.288069899721	549.353326515373	3049.07589441154	199.208975583291	472.76524665294
CRIP1	24.1321131754295	17.1251024126982	22.2095764797345	29.309727952118	1	1	1	1	1	1	1	1	1	1
CRIP2	33.572307533155	59.3556996860529	1	23.1824667303079	1	1	1	34.5012269511375	94.3765879194933	70.6228774647496	1	1	1	1
CRISPLD2	1	122.455926372855	21.4795468938967	1	261.893372210994	26.5800004401283	1	76.9604952579621	52.0582975644671	29.6590045749056	1	1	1	1
CRNDE	1	1	1	1	1	1	1	1	85.9329925042814	1	1	1	1	1
CROT	1	1	19.9408981353613	1	1	1	1	1	1	1	1	1	1	1
CRTAM	67.0522544920394	11.144398032047	33.693927887884	1	1	1	1	1	1	1	1	1	1	1
CRYAB	1	1	1	1	1	1	1	104.775577445461	156.045806872145	1	1	1	1	1
CRYBG1	360.118114746676	81.7991128646442	89.1744220488472	84.5719392410764	48.8473050453301	53.7432075777214	1	68.547582226062	24.4934701078366	100.379958241158	128.980263247903	1	189.892517630373	121.369307224742
CRYL1	20.5033226889108	39.6810841573099	30.2614114534742	1	1	72.5846950237079	24.4882608083834	1	23.7431279985519	39.18993495118	1	1	1	1
CS	75.3910356235867	85.7352983202121	84.133879025696	68.9708498028983	21.0673019161869	86.5883864768296	33.9740440244463	49.6267834905924	114.147601725593	103.348923754986	116.308521284191	1	1	134.894677326923
CSF1	1	1	27.0119633634415	1	34.9528270862032	19.6920725212219	1	284.346662800333	121.084615064228	23.7004453994035	1	1	1	1
CSF1R	1	193.369514070548	1	1	1	208.311203111913	1	1	1	274.805853634568	458.32967542827	1	1	1
CSF2RA	1	86.5540801874292	20.5910449785524	1	103.624672359314	68.6613276767467	1	17.7758726250889	15.1812093708621	128.658837602252	180.500882316086	1	383.176236266445	128.401237321052
CSF2RB	1	82.1092268593874	1	15.4748311389106	576.677695929844	58.0424403185683	42.0878249250501	122.473905557468	80.6187552172225	60.9222271845315	138.082008795484	360.106121340071	257.148480310815	1
CSF3	1	1	1	1	1	1	1	1	32.1682631820841	1	1	1	1	1
CSF3R	1	385.703236114606	43.1385368551384	1	2676.59877151682	107.892785167689	1	165.006011344499	25.8290625492102	55.9378078379334	1	1	1	1
CSGALNACT1	22.4278516423777	1	22.8588571991669	1	59.578251608486	1	1	1	1	1	1	1	1	1
CSK	95.2339789040516	138.791361828326	211.717518576074	80.5315652579475	170.342744452084	61.863959123251	15.0197666542293	51.7010811120259	48.7260809263803	87.8781005474659	162.14721208842	1	1	191.45229324147
CSNK1E	60.0501337382471	71.5562156275728	91.0033895771815	54.796390266869	91.9514098136745	52.3907302613675	102.735029468813	65.3031103693956	118.410533806908	83.8538268502542	1	167.919210948353	1	1
CSNK2B	67.2974075024387	86.9580783524193	90.8466459522456	52.3684051534493	62.7387684197577	88.1782430324706	42.7793566796773	36.3307870122392	90.1021143327419	114.144597526262	118.000854823933	1	1	1
CSRNP2	34.7277472538088	1	14.1311329094736	24.6989516913164	1	12.3264725474546	1	41.2679530087123	28.5709514573316	1	1	1	1	1
CSRP2	1	1	1	1	1	1	1	1	75.900023176543	1	1	1	1	1
CST3	1	921.857301129318	1	1	82.7526475839947	815.367971143752	38.6574753341828	115.921957431161	253.325064109017	1128.97579964558	2413.75571317132	962.48907281783	910.725563138491	6626.28226410514
CST7	323.757111261796	24.2197351552319	1498.97168722598	1	377.535687284967	24.9707920462652	1	147.253639531419	26.4436552843708	235.340759750969	427.941857281564	1	933.911737442415	611.006243844568
CSTA	1	262.59727334089	1	1	141.111155959905	69.6243112057315	1	1	145.712718171044	80.4519329224778	183.603703611622	1	1	1
CTBP1-AS2	19.0820316514886	1	39.8339357597362	1	1	1	1	27.3193101869418	1	1	1	1	1	1
CTBP2	1	96.9794325016131	181.319443717041	1	129.098161609584	52.8963272362619	1	31.8707945305992	78.1408603394239	67.3625616741539	1	1	1	1
CTDP1	33.9357887620122	25.0475897321061	34.7066361028084	14.697727546552	47.8428447672123	18.6419318514743	1	42.1252766996703	18.0178895580563	25.9431913599065	1	150.753917651884	1	1
CTF1	1	1	1	1	1	1	1	1	30.0022181041188	1	1	1	1	1
CTGF	1	1	1	1	1	1	1	1	1	59.0797720804728	1	1	1	1
CTH	32.4318632895646	14.3987159726246	1	1	1	1	21.7279502265065	21.3656200915122	13.8814264597283	1	1	1	1	1
CTHRC1	1	1	1	1	1	1	17.7805417621508	1	42.5367817711676	1	1	1	1	1
CTLA4	102.715545191014	1	1	1	1	1	1	31.1287412525969	1	1	1	1	1	1
CTNNAL1	1	1	1	1	1	1	1	1	42.686603948699	18.8226160511881	1	1	1	1
CTNND1	1	98.1247722689469	13.1420824962325	1	1	78.5344327748167	1	59.4610625819081	170.904081487431	175.818879906352	246.046011927828	1	1	1
CTNS	1	21.7138920684646	1	1	1	38.5651989802468	1	21.7157225785588	12.9808074220835	31.159020205871	1	242.187568079804	1	1
CTSA	72.6062624092352	177.720174700425	50.0752957462006	45.0878744539288	89.9265204501108	411.778241482453	24.8816190185539	99.4655215059218	36.1863196036235	185.159737286322	105.712201696136	1	1	1
CTSB	108.122803992939	1141.89784384354	58.3486902634891	95.5186437734111	134.447046923065	7441.9837268743	89.051934554939	290.322149263226	303.862603453883	2162.38571912849	953.194067057072	2447.29029067396	443.379159422505	215.76278891861
CTSC	110.573379417004	251.476675579716	324.752242547349	34.5938373484311	116.414721603615	1000.69275168511	52.539030921111	114.534418738228	211.290701832876	446.610033973721	564.745272659572	843.444256283003	1	1
CTSD	173.6665203287	903.202287373529	472.821663325293	72.1680759571361	608.418753241525	8574.16228303333	166.376789598491	692.132355959143	481.629853988146	1683.90284017311	455.357839305858	333.400579229248	229.499243685902	1
CTSE	1	1	1	1	1	1	1	1	1	128.503734618334	1	1	1	1
CTSF	1	1	20.0103762214629	1	1	29.1301658565715	21.9927595028301	17.4070234556694	20.9702514771244	1	1	1	1	1
CTSG	1	1	1	1	1	1	1	94.5243985955216	119.164894894725	1	1	1	1	1
CTSH	21.9521558651383	269.425093841366	1	129.093305852525	1	342.435507060476	80.6257266362664	26.7299814496602	29.2151778588563	361.579920279831	548.548830263265	1	563.958195467004	183.362958480509
CTSK	1	1	1	1	1	98.4429687519132	1	73.7595269218753	1	1	1	1	1	1
CTSL	19.7605221370285	184.58605351227	1	1	1	1966.93940807838	1	90.9261603167315	46.32732514848	375.232996131678	1	1	1	1
CTSW	78.1505180586494	1	587.08428240888	1	1	1	1	19.6370494518477	1	1	1	1	1	1
CTTN	1	31.3096015271465	1	1	1	1	1	1	133.228490412037	26.4087826070508	1	1	1	1
CTTNBP2	1	1	1	1	1	1	1	1	31.5714263844442	1	1	1	1	1
CUL3	99.9007738969554	60.6595704313204	90.1674710340383	143.301019272609	94.2478194660644	40.9356345776301	26.8169504710124	75.0769686587162	54.1825489639938	57.7556121303919	1	277.829388168032	1	1
CUTA	100.339504582535	58.2994004354035	109.161586972045	93.4298745858281	1	59.8926112154261	171.345037187438	35.7837212004144	95.9020835129537	54.1512360477	1	1	1	1
CX3CR1	1	162.455447928802	1203.21859893934	1	1	1	1	1	1	34.4452603881317	1	1	1	1
CXADR	1	1	1	1	1	1	1	1	76.7462175653681	30.3656730107784	1	1	1	1
CXCL1	1	43.3585574907216	1	1	167.382199184551	73.2330954828629	1	86.3248141873064	136.174818896078	34.6733814630377	1	1	1	1
CXCL10	1	1	1	1	1	52.4663370705432	19.6497086822872	1	1	135.382196013309	1	1	1	1
CXCL11	1	1	1	1	1	1	1	1	1	24.118293989729	1	1	1	1
CXCL13	147.189257061785	1	1	1	1	1	1	1	1	1	1	1	1	1
CXCL14	1	1	1	1	1	1	1	1	50.9730172347974	1	1	1	1	1
CXCL16	31.8699458422206	204.981320294793	1	36.5010246188361	260.085769597197	411.852036168193	1	192.273892035369	99.9842545083307	381.951335950762	491.225882383382	1	343.336216246299	530.235037828803
CXCL17	1	57.9356325327974	1	1	1	1	1	1	153.804400622634	1	1	1	1	1
CXCL2	1	425.823361245938	1	1	101.777750999004	818.331698589091	1	202.639149993262	503.552207074863	298.410106836019	1	1	1	1
CXCL3	1	202.835698327345	1	1	1	748.641525131203	1	72.506686135821	168.721034921563	194.47017717716	1	1	1	1
CXCL5	1	25.3802572719441	1	1	1	127.548770273086	1	1	1	30.893924524066	1	1	1	1
CXCL8	1	649.4004819156	1	15.8902061753495	14913.5804033533	1989.49889571224	47.869457310656	10385.618168025	1353.57650076024	962.318382647481	678.619994654957	1	1	1
CXCL9	1	1	1	1	1	162.663188750682	1	1	1	303.128040597583	1	1	710.4991825432	404.627392130564
CXCR1	1	1	46.6886989779164	1	949.61074517808	1	1	96.2707707864606	1	1	1	1	1	1
CXCR2	18.3533265654292	60.8865498266082	188.128480273335	17.5770562103473	4109.19435963821	17.3160850361298	1	49.8490240360831	19.0628578268815	23.533120167203	1	1	1	1
CXCR3	39.7685493933856	1	20.1453679725785	1	1	1	1	1	1	1	1	488.702338501576	1	1
CXCR4	4287.45209967122	390.259947177261	826.813648434689	4339.53804516074	973.777687378483	397.035526318473	526.660035606237	2230.70846942424	69.9594485981271	730.294258112607	599.537793037127	5849.06660943173	1921.34745444667	713.061295168266
CXCR5	34.4640571637194	1	1	313.970041068682	1	1	1	42.8615422590945	1	1	1	1	1	1
CXCR6	86.4314307551167	1	1	1	1	1	1	15.3877681974035	1	1	1	1	1	1
CXXC5	1	39.1916451870393	178.751082130572	73.7268986533849	1	60.4207678825486	56.163255687706	48.8019533526758	37.8086257798854	30.1156733398057	1	1	1	1
CYB561A3	22.8305140257018	45.2189287300236	43.1636662830218	64.1475039194508	28.5254551780633	64.2853608472057	1	35.4082761427589	17.4374063427319	41.345710659596	1	543.104418920702	1	1
CYB561D1	1	1	20.0499818242555	1	1	1	1	1	1	1	1	1	1	1
CYB5D1	1	1	1	1	1	27.4834354315575	1	26.5488428837792	25.6640462481525	1	1	1	1	1
CYB5R2	1	1	1	1	1	1	1	1	35.337134652912	1	1	1	1	1
CYB5R3	74.9150363766711	142.4764991589	106.61684866857	66.1282495539164	49.0885572718517	147.912286443127	45.1709315415482	77.6709797969179	178.867661545595	138.537542282657	123.77333750934	1	117.988433465812	404.140613362369
CYBA	61.4840403679012	148.90703022324	227.170468691361	69.7050627754518	102.273355479783	160.775367443374	197.928300540643	52.8772658779591	36.9495437399858	115.280829328958	220.01910323135	212.105093562056	1	1
CYBB	1	643.209929019141	1	165.568387104369	60.0087168926501	633.494098486772	18.8685943780676	48.7239324730799	1	544.788246937657	589.968867008173	654.740353546794	1	1
CYBRD1	1	39.5825503076268	21.6036268361327	1	19.0976588449162	50.222799627284	1	1	23.272897425629	29.6951906660671	1	1	1	1
CYFIP1	1	78.2993008949489	1	1	1	170.152447517303	1	27.7402110817599	49.6646889573629	113.859413501695	109.906285497147	1	1	1
CYFIP2	251.860240028223	51.4291469006298	520.189883868819	264.159040202574	117.865576872097	1	28.3806618625176	107.048079708151	16.3897893429559	28.3933462426989	142.580902340709	296.700303314916	1	183.788924593935
CYP1B1	1	182.511648169129	1	1	1	79.8104212129487	1	1	1	40.9660189097609	1	1	1	1
CYP27A1	1	38.6040688011746	1	1	27.431362520234	191.505418574406	1	1	1	24.2428636023061	1	1	1	1
CYP2S1	1	25.3030119219384	1	1	1	17.743210763232	1	1	26.0938701520807	54.7625856629846	1	1	1	157.904588313199
CYP4F3	1	14.5780695089983	1	1	460.109512303814	1	1	1	38.2806455892924	1	1	1	1	1
CYR61	1	86.8977076260751	1	1	1	1	1	1	56.2557349095178	55.4845447241469	1	1	1	1
CYSLTR2	1	12.7859243841559	1	1	1	1	1	1	1	21.5822006912948	1	1	1	1
CYTH3	19.0281000133145	13.517199255441	22.6754314757846	1	1	1	1	56.5160364605267	29.6060620461693	30.9759582902024	1	1	1	1
CYTIP	377.645843634494	112.713730652607	294.868931508059	381.867860730993	346.338198159591	56.6663835635196	326.288587843508	299.505836624661	1	180.785021300581	243.967931095289	209.348991481875	727.72403047542	1
CYTOR	38.2028884173415	19.2753930009198	35.4493447525454	1	39.0709114525723	16.3975443964925	100.442134245956	39.9928266470938	15.0262060480484	23.0566864643331	1	1	1	1
DAAM1	39.257388825287	35.4539664771982	48.9563819530622	94.1588437232671	1	24.7704698990577	22.8275375668872	59.6149833728745	48.179374428866	47.9996898191166	1	1	1	1
DAB2	1	26.1607035666093	40.9878832190051	1	1	368.062902868137	1	31.2641860223016	1	78.2856809911972	1	1	1	1
DACH1	1	1	1	1	1	1	1	24.401933055054	1	1	1	1	1	1
DANCR	62.5390864056936	30.3758264325851	33.9984249490841	67.352914149328	1	17.6112504428524	145.442134629417	22.2614844753421	87.1672023687412	20.8224863779618	1	1	1	1
DAP	44.9339725524162	112.942972532196	46.0188304493656	52.916790372805	63.4230122360276	93.9415336894241	98.4644415268628	60.1805066139317	145.930099256742	93.9633849214947	107.81647973664	216.280808423438	1	1
DAPK1	1	44.4659274597554	1	1	1	69.6200372187891	1	16.8609075102215	30.5466145891076	56.8733756182193	116.537756860714	1	1	1
DAPL1	1	1	1	1	1	1	1	1	108.249982842452	1	1	1	1	1
DAPP1	27.2867588150903	64.3684155435756	22.9728459318296	77.8352176713332	121.989181104857	25.7465480921466	44.0222229997423	34.3521215586443	13.584802297956	34.3685034649841	161.067489015692	1	532.792467095359	226.324506850798
DBNDD2	1	57.5243359627035	18.0677971669349	1	1	83.906459476409	1	25.435549158694	46.9352838812002	104.064052797354	172.289533167704	1	248.064768117527	1
DCAF17	1	1	19.1611871061965	1	1	1	1	1	1	1	1	1	1	1
DCK	43.5531234132318	36.8869428779211	70.1826934064646	55.343288970788	1	29.2435189409132	1	15.4327340861555	22.0124021545611	43.413385858141	1	383.891940777823	1	1
DCN	1	1	1	1	1	1	1	1	1	103.594218989505	1	1	1	1
DCTD	53.6990128597826	61.5854510893334	74.7966368765035	60.4254388526474	1	65.8134588345142	38.0209066206574	91.7483555370082	70.3026074781563	70.6724146644656	1	1	125.807725265409	1
DCTN6	156.287044714609	44.5491987331335	53.7749684718622	39.6121392583797	21.2982334215057	45.7267421041554	20.3680050877668	53.1781561525214	45.1139152003313	49.7567566851164	1	1	1	1
DCTPP1	1	13.4240641935362	21.4423233348771	1	1	15.4692912112946	1	1	21.5796027776916	37.8168361571052	1	1	1	1
DDAH2	1	53.522198884892	55.3269683536616	33.1132751878902	72.1828222474662	66.8594046661369	1	94.6861962276356	54.9944860626822	75.5844820851123	102.320577307286	1	1	1
DDC	1	1	1	1	1	1	1	1	29.9674990390987	1	1	1	1	1
DDIT4	331.323427260833	141.181862291533	404.699794891979	119.677818600835	138.012589306431	103.217767532754	140.864430570536	456.08683318515	307.835776726156	168.910532665957	1	510.767912369064	1	175.535705657355
DDOST	72.791613708435	110.944683849214	127.968663065073	59.1715281253466	27.3294753478143	126.256865396316	143.95818239587	56.5774308197908	115.682605084427	124.723602926846	167.391189352227	1	1	1
DDR1	1	30.5562794185491	1	1	1	1	1	1	161.320236067267	35.9812901212747	1	1	1	1
DDX18	126.969313018235	72.5889645436944	123.111016777481	116.896283131884	27.0080216998879	77.8585591904657	45.5053731704621	134.794614988989	105.466066929699	51.6896942687849	1	228.012076350629	1	1
DDX20	15.9253351360508	1	23.2313015649119	15.9608526949045	1	1	1	1	1	1	1	1	1	1
DDX24	258.575832700431	69.268254273926	132.226468766839	146.625950839971	27.2999650054621	76.0628410262003	53.9052265279589	159.450014024487	85.9763201169877	100.533850589884	184.517496524471	374.29044569181	1	1
DDX28	1	1	30.4739806001395	1	1	1	1	1	1	1	1	1	1	1
DDX31	1	1	1	1	1	1	1	22.2163005831418	1	1	1	1	1	1
DDX46	135.482433038275	149.857840012726	228.181698317338	117.023509124834	102.289801638428	91.5046734895286	52.1314717937304	153.179618033525	96.8758659032898	116.847276043282	1	261.782983553444	1	92.6784866888537
DDX58	1	11.7293079574255	17.1982600079558	1	42.0471075360416	1	1	9.953623662391	1	1	1	1	1	1
DEF8	1	40.0497900056887	19.8316086284497	1	73.7261373295713	29.7564480498523	36.3414624589567	1	14.1165386011912	19.6194435082297	1	1	1	1
DEGS1	82.7523873748728	86.8143940310722	51.6688269001878	92.9776781165203	50.2972105381791	145.524714824937	51.5010099585107	91.8225401626067	99.1546732345748	138.974375250425	231.149303733126	1	1	125.41815785106
DEK	144.996162566903	151.325314009032	178.502444833697	107.961422910501	119.364013256068	130.214325199162	1	124.657134845588	158.443024370776	176.733938448503	206.703243156303	1	1	213.391601830303
DENND1B	53.3960451132512	40.6077905307898	66.0202150454351	39.3873002753085	32.1417636570674	36.6156485367636	56.2502136836114	70.3631418192745	51.0977792710849	66.166971741083	186.434227847726	1	1	167.221545908276
DENND1C	48.3051265539834	27.3152935958327	76.5883357249067	36.4944517779079	26.6068347682726	14.3262200597102	1	1	1	13.5654916752258	1	1	1	1
DENND2D	70.1282648840226	11.4886782675666	233.443318227392	30.784611313085	1	35.0412479863097	1	26.3084903978629	16.7315551785986	1	1	1	1	1
DENND3	24.5413850391334	100.817121151386	72.6718018978113	157.689585493009	338.130309509095	57.8446911954416	33.9206060777327	137.512981933163	1	83.5934885618186	106.956741492787	1	1	1
DENND5A	1	59.2133305264207	1	1	112.783058130546	41.6472095062621	1	30.5449364804426	31.1103778155434	43.2549210145052	1	1	1	1
DENND6B	1	16.8055206778021	1	1	1	1	18.3412599840694	1	1	12.4347560877549	1	1	1	1
DERL1	71.5029027608207	59.0305539831383	103.859147652658	59.6622435261893	48.1689524632091	57.7350364363631	147.354307023789	39.9103834657882	66.9953340409559	57.7621906486901	1	1	135.887590528448	1
DERL3	1	1	1	32.3461662722088	1	1	814.864255684968	1	1	1	1	410.560857349972	1	1
DFFA	42.4478912435622	59.3201816607938	66.4249966626637	44.8370772120759	69.631993377992	47.6057785508438	31.3179396267845	45.9527998814891	52.7860686668127	47.2297076281617	1	193.804024129806	1	1
DGAT2	1	28.4040469759199	1	1	321.382082849916	1	1	13.4712690853556	1	1	1	1	1	1
DGCR8	1	14.3758906826523	46.5954003019568	1	1	1	1	1	14.2654848224098	1	1	1	1	1
DGKA	130.481122909592	30.5679846938787	32.4898270464594	70.3227387675666	27.1990013027331	15.8770750338887	1	1	30.4008335230363	32.7256204582355	1	1	1	1
DGKE	21.9622904538538	12.9813148161024	24.2216162703713	18.7058284192198	1	1	1	1	1	1	1	1	1	1
DGKQ	1	1	39.6264095155029	1	1	1	1	1	1	1	1	1	1	1
DHCR24	1	1	1	1	1	15.6172889625573	1	1	101.457544039614	24.2300917893173	1	1	1	1
DHCR7	28.8594120376053	1	1	1	1	1	1	1	50.2718713876623	11.9874034719044	1	1	1	1
DHFR2	1	10.7397240686985	32.7914723424252	1	1	1	1	1	13.7126535637235	1	1	1	1	1
DHRS13	1	1	17.1474490058028	1	34.6073468828038	1	1	1	1	1	1	1	1	1
DHRS3	38.6505616157547	25.8618642113949	122.507790896746	1	1	100.864254500226	1	17.483429141351	42.9406705883715	63.4088465335453	1	1	1	1
DHRS7	79.5896814767485	90.4881262076004	213.369749160004	51.6806325069033	233.033312584468	69.7300723590709	61.0833715673235	87.1771471238261	56.2273212443951	75.7916840659626	1	161.26736064254	1	1
DHTKD1	20.3540900033665	36.365354182135	42.4990392743749	39.7353837140671	75.455313123369	28.3994821871221	23.093323278078	51.2566118624479	45.4272040726349	27.8973587000199	1	1	1	76.2917412180738
DHX15	108.236826079863	75.4903914898377	85.2212725531359	97.7242528568059	28.2510949211808	61.0920561219488	22.7921695766906	98.2518270394137	70.813130932634	88.7162409304463	151.589122136246	1	1	1
DIAPH2	22.2767461282874	52.6399030841907	34.2423350960816	19.6057826987387	1	31.8047988771971	1	1	1	30.3284355982162	1	1	1	1
DIP2C	1	1	1	1	1	1	1	32.3248534776432	51.2425440196612	1	1	1	1	1
DKK3	1	1	1	1	1	1	1	1	40.6002731386025	1	1	1	1	1
DLC1	1	31.7613744635564	1	1	1	1	1	88.22868437353	35.891882686825	1	1	1	1	1
DLG4	1	24.9448218828196	1	1	1	14.0015434938121	1	1	1	18.7673969370566	1	1	1	1
DLG5	1	14.828974942179	56.3796157154141	1	1	1	1	1	56.8444935118518	16.169287380355	1	1	1	1
DLL3	1	1	1	1	1	1	1	1	30.0637006285067	1	1	1	1	1
DMKN	1	21.350126377765	23.2603879734149	1	1	1	1	1	16.8011234814709	1	1	1	1	1
DMRT2	1	1	1	1	1	1	1	1	30.2259077567355	1	1	1	1	1
DMXL1	1	20.4026872884716	20.9998808375701	38.7339015064885	1	22.1870624339829	1	30.657678668627	16.2242064489636	27.1249111086867	1	1	1	1
DMXL2	1	88.480239377545	13.5246168774237	1	74.1371796807333	103.038432839353	1	25.8885202888327	11.9331938794826	38.3849658424338	1	1	1	1
DNAAF1	1	23.7226966105792	20.1386258121716	14.738219632734	23.3273572942085	21.5806264304631	255.369651688256	1	1	24.2699028652169	1	1	1	1
DNAH6	1	12.5727535019833	23.2485574918091	18.6293582059275	1	12.792524436938	1	1	1	1	1	1	1	1
DNAJA4	39.9633962009296	44.7635131722682	16.0310799502525	20.493901387463	1	128.370990178642	1	242.396291221704	121.493887139129	75.3321937903506	1	1	1	1
DNAJB11	32.3134250550015	49.0961758920166	65.206775770637	22.0991347749359	1	62.7408394540769	94.541203511083	27.9139466682288	80.5245496367173	49.7316175437891	1	1	1	1
DNAJB14	117.643956384266	87.1640628040777	195.653657650158	140.186324164783	57.1565684292463	62.8407964859549	37.8147486200706	151.062134072803	82.0823759594212	72.193423462356	1	1	239.177111439464	1
DNAJB4	31.7534423360759	20.3743482247886	1	31.1994100685401	1	31.7222958600443	39.8602116722385	186.200193764816	61.3660363002924	35.050248856199	1	1	1	1
DNAJC1	42.7684421604873	41.268032874111	75.5570344815355	16.6855953665741	1	32.8573825916793	114.17160828169	39.3865462253644	32.0468692972335	34.6410544821839	1	1	1	1
DNAJC15	37.7573868989979	63.5074607633191	50.4057058484629	58.194393913189	1	61.0240878310352	57.8922735917225	20.974197361585	45.354292022568	73.32002721798	95.8673950297267	1	213.115911638802	105.378356500313
DNAJC21	56.3489582998411	49.9936562485866	58.0570898503655	50.2638402784578	18.4808611309858	39.439369335201	26.2293670901582	40.1950188785441	64.3456641725125	51.3268406506083	1	1	166.316703766318	1
DNAJC25	1	1	1	1	1	15.992488319158	14.8308273324161	1	14.4545723103031	1	1	1	1	1
DNAJC27	22.63067863116	1	1	15.6627136645607	1	1	1	30.7804108164204	13.6633002012816	1	1	1	1	1
DNAJC3	39.8514006766944	64.1268277621332	78.7491658119031	26.4119147470825	99.685019988113	88.7348768846051	126.222302814216	31.0435604719896	97.1678389860294	78.8224897489516	1	1	1	1
DNAJC4	17.5915059723871	30.7136951712156	20.7398938397239	31.4473215769863	1	19.6510400778816	55.7335426463854	15.0401781620923	11.1429469487419	21.8777372795422	1	1	1	1
DNAL4	1	1	25.2250927282197	1	1	1	1	1	24.7725958653541	1	1	1	1	1
DNASE1L3	1	14.9963261540298	12.0948087332264	1	27.1952340973366	1	1	1	1	14.924575478537	1	151.292212770293	1	322.131009378661
DNHD1	1	1	14.8517051863063	1	1	1	25.5175331433568	1	1	1	1	1	1	1
DNMBP	1	16.1942861011668	1	1	1	1	1	1	13.416491962042	1	1	1	1	1
DNPH1	55.536694787638	28.1271841453262	1	48.1317966159718	1	61.9718671747985	43.215673388225	1	58.2292399760429	43.794599757644	1	1	1	1
DOCK10	121.716148666025	64.2562944709455	115.235328413643	80.922577190007	1	64.0963596425898	17.5436345869966	85.214913334841	26.8811603000676	129.51118164411	124.231849184859	1	290.93393334168	168.845413623866
DOCK2	105.982430446677	122.29107168028	120.655859875287	116.709583027143	75.575248742568	104.704020176992	40.2506795098947	79.0664468358312	1	117.383202333782	152.331671598046	172.126103040501	1	239.590729466659
DOCK5	1	57.8209948439977	37.6905159765663	1	232.715563345528	24.1909199801033	1	54.4312210694837	29.0703456774053	36.0498462363494	1	1	1	1
DOCK9	47.0486407971883	19.6624247489156	33.3036387457599	1	1	1	14.3133272606343	46.6008206052906	36.6322576930302	1	1	1	1	1
DOK2	51.4201699079604	74.157968234866	172.831461719769	1	1	47.5791678261895	1	31.0330964375357	1	35.6287122271375	1	1	1	1
DOK3	1	88.459993417073	1	34.7759124949636	389.293907535069	56.9336852463687	16.5653510395232	41.8370018471635	13.8315241811461	39.2642134990404	1	1	1	1
DOPEY1	1	13.7092167438337	24.1511963284911	16.7198471068748	1	1	1	1	1	1	1	1	1	1
DPCR1	1	1	1	22.9700057337458	1	1	1	1	1	798.023386270707	1	1	1	1
DPEP1	1	1	1	1	1	1	17.70735027416	1	1	1	1	1	1	1
DPEP2	1	43.2924377788937	30.6795670943369	1	161.697393981284	39.9457362357999	1	24.5595067293929	1	1	1	1	1	1
DPM2	1	14.0126603602301	20.6967752410013	1	1	17.9457374700066	22.5208781572674	1	18.4001140405227	16.498255663375	1	1	1	1
DPM3	42.3489913312978	53.7155823942092	62.6267786084036	29.0210442914434	1	40.4841327626411	82.2722890957789	27.0855828432146	83.4419595158603	52.8187492521457	1	1	1	1
DPP4	43.8036798553501	1	1	1	1	23.9425224330725	1	1	24.5043135480431	1	1	1	1	1
DPP7	30.5645621922363	39.2597158811688	34.3523456610195	27.2371579001858	1	63.1663217328262	46.6526672960653	1	13.8177666591711	32.668120643033	1	1	1	1
DPYD	21.215894479439	94.3951498054902	26.8808381388171	1	32.0031718496299	53.1609432433394	1	26.8123222889424	1	42.5111541574315	1	1	1	1
DPYSL2	24.8463459845388	167.053046478566	39.5490876900251	17.3884471603286	1	137.24080033139	1	24.303212879613	53.5526421130356	211.207296649642	412.548438743561	346.737226291656	304.718647128297	218.124228647792
DPYSL3	1	1	1	1	1	1	1	34.101083388184	121.87632735775	22.668938095373	1	1	1	1
DRAIC	1	1	1	1	1	1	1	15.0563665291117	21.3320439706545	1	1	1	1	1
DRAM2	27.8094824980591	78.0397164839763	33.2265484607825	131.826632114368	1	86.1799693748102	29.2120256893253	14.4096497604127	32.915711725239	62.7835018247331	1	1	1	1
DSC3	1	1	1	1	1	1	1	1	96.7146666481598	1	1	1	1	1
DSE	1	94.7868033804659	1	16.7268802825866	50.4727626156077	109.568425543976	1	45.3732046891631	17.2518696196092	150.16190114879	122.745531076302	1	1	102.540614014808
DSG3	1	1	1	1	1	1	1	1	64.9852064268815	1	1	1	1	1
DSP	1	65.8829445391478	1	1	1	1	1	47.0457921084493	561.344951934839	71.8004965532474	1	1	1	1
DST	1	41.3739848166687	13.0960775780966	1	1	65.2831105173559	1	19.3432341033125	281.991152709488	47.570493397695	1	1	1	1
DSTN	68.7918755925002	149.97705585488	141.455401331932	20.6913905140409	23.1450912865879	108.542685220096	81.2110820281216	106.492654139966	361.691381188236	193.303058872283	134.852411072598	403.895199430592	1	136.451681226385
DTHD1	1	1	34.3303748491362	1	1	1	1	1	1	1	1	1	1	1
DTNA	1	1	1	1	1	1	1	1	1	14.6746442344573	1	1	1	1
DTNB	1	1	1	1	1	16.099635380937	1	1	1	1	1	1	1	1
DTX3	22.4204183986289	1	76.4183206659747	1	1	1	78.4041239323398	1	34.2727043052946	1	1	1	1	1
DUOX2	1	1	1	1	1	1	1	42.9847859951114	13.6846094403989	63.1791456941894	1	1	1	1
DUOXA1	1	1	1	1	1	1	1	26.4367386530922	1	1	1	1	1	1
DUS2	1	19.4733843959921	17.5775841253423	1	1	1	1	1	1	1	1	1	1	1
DUSP10	54.471522144212	25.0044158561704	36.1010070241526	56.8914001316375	1	39.5675631090651	1	165.806790975186	156.556685489567	52.9634761683716	1	1	1	1
DUSP16	221.648822810424	20.2678199501788	22.3125069193104	1	1	26.1416234500914	14.8491575727714	53.0447440249193	33.4236188367111	38.8290406987257	1	1	1	1
DUSP28	1	1	19.2413318890015	16.4013467820754	1	1	1	1	1	1	1	1	1	1
DUSP3	1	85.0843179778067	1	19.0877096590649	1	146.979235190553	1	53.3426850344918	86.7508394810205	111.737391142558	217.323125440353	135.470712611529	1	1
DUSP4	1477.5477634734	287.057493473301	163.606798572096	436.628062089267	1	239.147704894222	239.398907324825	536.924289398894	292.356747394814	663.95203717807	504.06397521922	458.475987544957	2202.11357542151	2309.10113061012
DUSP5	179.661895799298	50.3274999415384	31.2108950541522	64.6481907278465	1	53.2851784143186	678.378617884042	144.703009845153	108.05436554406	174.181005878531	302.345825610654	1295.53361070562	1089.81402446625	159.67044847974
DUSP6	32.4570810188231	362.00199517795	33.2551796197796	1	170.391406805962	51.0220302636557	17.8585461019437	403.188222415129	456.849395675542	83.0211690103993	1	1	1	1
DUSP8	64.1139611799006	15.8852065212311	19.1917743331082	35.4970090653893	1	1	1	50.5092744853844	43.6206136903493	32.942216919186	1	1	1	1
DYSF	1	46.0063624910846	14.5442082770325	1	199.405899306345	42.8870446401417	1	1	1	1	1	1	1	1
DZIP3	16.8009274876901	1	14.6510101407778	1	1	1	1	1	1	1	1	1	1	1
E2F5	1	20.4281600957623	26.3178974523683	27.7380013349149	26.0778598783331	12.3685020069922	47.9037553389448	16.5642546533451	27.7310833882817	12.5269083629147	1	1	1	1
EAF1-AS1	1	1	27.3036197246236	1	1	1	1	1	1	1	1	1	1	1
EAF2	1	15.1063073692565	1	21.7301323818203	1	1	35.7101918164444	1	1	1	1	1	1	1
EBF1	1	1	1	128.47827992447	1	1	1	19.1587173964378	1	1	1	1	1	1
EBI3	1	1	1	1	1	1	1	1	1	1	1	1	218.517476838644	1
EBLN2	1	1	1	1	1	1	1	15.7504978633521	1	1	1	1	1	1
ECM1	1	1	1	1	1	18.1160744154996	1	1	1	19.8572509120384	1	1	1	1
ECSIT	1	1	1	17.2580347974218	1	1	1	1	1	1	1	1	1	1
EDEM1	67.2005038144956	55.9176978848463	42.0628956218494	108.828125707953	21.0065239508067	49.9981057789559	139.516618672099	41.8362109125065	46.3015217848379	79.8118985161482	86.9067905365057	317.751807602905	267.068622874484	231.973495758549
EDEM2	1	14.8365535363916	16.8334950299771	1	1	30.7751534384647	36.0250973476561	1	12.5525528000129	14.5307278185583	1	1	1	1
EDN1	1	1	1	1	1	1	1	39.9569254819822	49.2953059701328	1	1	1	1	1
EDNRB	1	1	1	1	1	15.868892813394	1	58.4610345847666	1	1	1	1	1	1
EEF1G	17.6859868624374	1	1	19.3650105642661	1	1	1	1	1	1	1	1	1	1
EEPD1	1	1	1	1	30.7409020518109	24.840933472248	1	1	1	16.442430338735	1	1	1	1
EFCAB7	1	1	1	1	1	1	1	19.0472045393532	1	1	1	1	1	1
EFNA1	1	45.9482296045908	1	1	1	1	1	58.8503602213858	489.924866309566	62.632630237176	1	1	1	1
EFNA5	1	1	1	1	1	1	1	1	32.297375029708	1	1	1	1	1
EFNB1	1	17.3098370747441	1	1	1	1	1	1	29.807850355255	29.502211227129	1	1	1	1
EFNB2	1	1	1	1	1	1	1	99.6757872641428	80.4437058846977	35.0156425077407	1	1	1	1
EFTUD2	44.016977189708	65.1041075064043	61.0438080327214	38.4140121673467	22.874243668479	66.739668461188	14.402151257867	46.1518554372337	72.9126879433701	75.745269915177	124.019538891861	1	1	1
EGF	1	1	1	1	1	1	82.5695378012855	1	1	1	1	1	1	1
EGFR	1	1	1	1	1	1	1	1	60.9748002342696	27.9375109104235	1	1	1	1
EGLN3	1	1	1	1	1	1	1	1	74.7801342204388	1	1	262.808611481175	1	1
EGR1	76.8957723302332	392.64114040895	26.1218110137655	56.1026477782156	519.632125628216	695.844017059086	149.327167535772	2357.63754579999	1468.35903805049	200.184273382453	229.143696228493	1	1	1
EGR2	22.8604776712191	1	1	17.1460970266257	1	58.8736697598286	14.2703800686031	136.728229668567	63.1394448244211	37.5316819454198	1	1	1	1
EGR3	26.2204585663386	27.0625682157157	1	93.5563093132956	107.361791638643	38.8289505113485	1	523.57278599181	251.24484469154	56.4512234935367	135.02133617013	1	1	1
EHBP1L1	40.9847779212929	117.089459053851	58.6309732877316	37.4530811503354	104.687272645134	78.0440587516462	16.9465021488049	53.0310980966421	19.3471356212095	77.2008031483692	93.0324990464415	1	167.542710752318	141.382631709468
EHD1	105.228915052506	113.796864745513	146.381504737348	67.4431995163918	279.148082340518	65.522550838305	38.249968726499	141.787797660239	104.157473537181	82.4755396793207	1	1	183.633526940071	1
EHD3	1	1	1	20.4476277435438	1	1	1	1	1	1	1	1	1	1
EHF	1	1	1	1	1	1	1	1	44.5573028101956	1	1	1	1	1
EIF2AK3	16.9058742632877	23.1899302975308	18.7048849027564	52.3129780339231	1	34.2005527019939	102.082184462532	25.1863920510749	34.8240630293944	35.145197350919	1	1	1	1
EIF2AK4	17.6624664753379	40.1060810190118	32.5120020454212	19.4565759091352	24.9921274354184	38.922355846372	66.1689928475577	1	39.1343068365164	41.3280067203706	1	212.526905131004	1	1
EIF3B	90.8231666063676	87.3346893542947	107.124372670412	93.8588993351313	1	89.6730014392735	60.1172912898306	49.6078897260144	219.766381739504	115.209219366578	1	173.515837321933	1	1
EIF3D	129.233970039864	130.886610979755	124.673896385012	165.386645153293	34.7300417769906	107.279429840575	48.2791024432268	67.0672005165126	153.382085559122	103.395448353133	117.508762861647	1	333.296581085383	232.345723149142
EIF3E	284.236903247518	238.604966203652	175.982455854342	331.471431133553	1	117.911488117951	86.3686043827755	200.566857332947	259.23155779415	132.69376912797	225.889298114426	268.75103959765	586.83065861901	371.289634723365
EIF3I	56.0406645339011	67.8323463850418	63.1458754303013	49.2101412467971	40.5536449969599	51.7933107926496	29.3341721933778	57.232242569782	67.2247142433912	54.6996370334929	1	1	1	100.455494112857
EIF3J	112.696509682515	71.2231098339423	103.018579092593	89.7185603565223	31.3097950383304	65.8326787914837	70.6945078845088	105.73567954355	135.720444173963	79.7814807949362	1	1	1	139.790836564902
EIF3M	130.042675261594	139.426180540446	88.3212233560171	107.442564997913	1	66.8548227213782	42.5768036026737	115.253600757462	134.710991005076	88.868098769555	162.570404326309	1	1	212.659342137999
EIF4E3	41.4194839952068	44.174789968891	38.9238714519315	1	91.1623067051837	13.3327779462001	1	1	1	13.7018997171386	1	1	1	1
EIF4EBP1	1	43.7755532862157	1	1	1	67.5753865337757	1	1	46.5026798111085	55.3679477584154	1	1	1	1
EIF4G1	88.0626829213357	112.374677121757	99.4862390093466	80.7333491041778	45.7672830203087	121.255809867713	67.7826621541202	107.446508301105	157.063389191789	130.191866997488	1	1	1	162.304900647952
EIF5A2	20.8020710513201	1	39.2004782515232	1	1	1	1	1	17.0905804773532	1	1	1	1	1
EIF5AL1	50.3181371708592	58.4485884619431	60.2576847820711	37.2072420309657	1	70.9816736649807	50.4686914302505	15.6005620560675	84.5734186544003	82.2632700779789	102.862185833662	1	1	197.350892831359
EIF5B	152.394853173342	111.159746898202	169.659568080754	142.781321310846	1	119.880457852184	130.875967354723	99.3583623156307	167.702206635913	151.732670625308	101.685345183436	263.853726504245	1	203.487747216857
EIF6	38.0909063924971	60.4903489662678	47.3460913541054	41.3846397380339	1	53.7924587565671	15.6105847524224	40.0879063764399	64.3381499358454	70.2658067552568	130.639449398368	1	1	160.966558522347
ELAC1	1	1	18.592996394549	1	1	1	1	1	1	1	1	1	1	1
ELF1	211.858339661998	81.7299556923312	131.37671620668	248.876076591568	121.517477055472	62.2272068886191	34.4734589042934	206.908605182797	63.1070328567921	95.7716461661695	1	1	1	1
ELF3	1	147.168381836221	1	1	34.4314999710115	1	1	80.555398143182	391.025307667261	111.507260675665	1	1	1	1
ELL2	113.973728050714	99.6867545826824	40.9954788864683	136.92228828775	109.076885154793	180.385373198441	226.677695709914	375.157982237388	255.037071031388	79.441717739608	1	1	1	1
ELMSAN1	68.7799431149343	46.7426532122909	65.4056309992893	138.2997985954	41.8534986242999	38.5429960098488	1	82.3762915387358	58.3283489180935	38.6270228420888	1	1	1	1
ELOVL6	1	1	45.0838515697626	1	1	1	1	1	14.7768321787436	1	1	1	1	1
ELOVL7	1	1	1	1	1	1	1	1	28.457868625794	1	1	1	1	1
EMB	281.476294983783	136.424421403392	195.536742647225	110.389269914269	110.063754149809	47.5005767512702	34.265594827594	127.636268096652	18.1235883941231	60.7331405887087	1	238.584130557476	1	1
EMC2	1	18.0817322138255	20.5523856798124	1	1	17.765556283895	1	74.9248170852862	25.077532677487	19.8306165167258	1	1	1	1
EMC3	66.7448508557253	108.449380903739	115.385211251677	74.8733087274604	110.79587760197	108.345573711447	46.2386038613036	70.0280923555198	55.5862646870506	83.3421390276552	1	208.331642271351	1	1
EMILIN2	1	171.210454812839	1	24.7020169457889	1	189.955536299261	1	35.7788864961666	31.3467170046957	166.210755725419	1	1	1	1
EML2-AS1	1	1	1	1	1	1	1	65.0270402889705	1	1	1	1	1	1
EMP1	1	59.9253539478778	1	1	1	88.5817439466744	1	73.1503606556949	133.47964923902	77.1093699715267	1	1	1	1
EMP3	66.4439389822092	186.463760492903	163.58882829025	78.69258756336	55.0857990402021	138.860352055494	56.0764825032571	89.6605776397764	29.7019169718117	127.044138525982	162.444272664679	1	1	218.092162915738
ENAH	1	33.7445044542945	13.3819552490235	1	17.3259912383887	16.8865183894515	1	28.0315731132573	199.826981027886	36.2516877487964	1	1	1	1
ENC1	69.2844230278549	23.0333321546468	39.4558719199949	23.9671432535781	1	23.478502248458	30.4438296947412	50.5484591175792	34.7609583826554	1	1	1	1	1
ENG	1	70.7498099135072	12.0656264366085	1	1	160.095948277186	1	61.1336845612827	1	168.577841137062	118.13715093598	1	1	1
ENGASE	1	15.8398677870228	26.8079588740541	1	1	15.1694048858834	1	40.2013246020535	23.8397865480331	1	1	1	1	1
ENO2	23.2939630504691	1	1	1	1	1	19.3684658492866	41.3094370865062	36.0401508304425	16.5370094121588	1	1	1	1
ENOX2	1	14.6907195688373	1	1	1	1	1	1	1	1	1	1	1	1
ENPP2	1	20.4069664069526	1	1	1	106.961119363397	1	1	1	70.4802465876606	1	219.072115638076	1	1
ENPP3	1	1	1	1	1	1	1	24.181323731857	19.7855949109001	1	1	1	1	1
ENPP5	1	1	31.6236023934588	1	1	1	1	1	1	1	1	1	1	1
ENTPD1	34.7011998375425	79.0333060149972	27.7670280837793	53.2908036642254	152.398977400659	48.2877269251752	45.2715778139734	33.2599955297367	13.859301192876	129.833509877379	341.07894571188	1	1	89.707242649845
EOMES	41.9979720144045	1	147.293118626634	1	1	1	1	1	1	1	1	1	1	1
EPAS1	1	82.7246274626045	1	1	1	138.740504709536	1	381.288386624507	172.253493178953	267.143034406753	1	1	1	1
EPB41L1	1	1	1	1	1	15.9213776086163	1	17.1560127572254	51.3325172773881	1	1	1	1	1
EPB41L2	1	29.198096958703	1	19.9181333455342	1	78.5526402150837	1	81.6363965418054	48.0985080247487	92.8968496303245	140.133028406942	1	1	1
EPB41L3	1	132.346249320883	1	1	1	146.554384652789	1	33.087521217951	1	116.227077090983	1	1	1	1
EPC1	168.629651148624	82.2580730757817	175.499899820128	176.650746386998	96.7747977468951	61.8408363576315	42.1217051263678	155.714280077065	76.5076143034962	96.4656368983169	1	223.913931878646	1	1
EPCAM	1	68.1818067784975	1	1	1	1	1	29.7489826787288	201.098045850991	75.4704164018797	1	1	1	1
EPHA2	1	30.7843695525402	1	1	1	1	1	26.1828739781066	45.0608084143318	42.6795179541079	1	1	1	1
EPHA4	37.9203328061083	1	20.3565734665921	1	1	1	1	27.5343576189512	14.8610055359686	1	1	1	1	1
EPHB1	1	1	1	1	25.8070259271505	1	1	1	1	1	1	1	1	1
EPHB2	1	1	1	1	1	29.0676353635696	1	1	1	17.0311290936916	1	1	1	1
EPHB3	1	12.6559772991455	1	1	1	1	1	1	24.5250431979226	31.724269597892	1	1	1	1
EPHX1	1	48.7425248344719	1	1	1	67.5860957344424	1	30.8819484865743	137.956307625686	23.226318060448	1	1	1	1
EPHX2	19.8968358543215	1	1	1	1	1	1	1	1	1	1	1	1	1
EPM2AIP1	61.6268665270979	57.2391094167949	85.7438384480721	75.445285135426	1	24.1646195442892	47.3264455596181	50.3624620666873	48.2903618071766	39.7809944227988	1	1	117.417389326019	1
EPN2	1	1	1	1	1	1	24.5419537112268	1	37.9579528800452	1	1	1	1	1
EPOP	1	1	1	1	1	1	1	1	1	21.5272161032911	1	1	148.815218604037	1
EPOR	15.523165355945	1	1	19.7737863931838	18.8834241037568	1	1	26.8101085871012	1	1	1	1	1	1
EPS15	89.9467039256675	55.2099916876939	99.0510816070225	78.9653697344419	54.8192880989536	60.4312013471243	48.2847643767716	54.668560880585	47.1420189431681	43.1981079704009	1	1	269.061965450858	1
EPS8	1	38.7037711339895	1	1	1	15.7948347148126	1	1	48.4738226928088	26.6319597605871	1	1	1	1
EPS8L1	1	1	1	1	1	1	1	1	1	21.0010041458553	1	1	1	1
EPS8L2	1	1	1	1	1	1	1	1	15.0213036948727	21.4881003501692	1	1	1	1
EPSTI1	33.6435969791838	48.7669649875585	33.7057261468667	38.9737369857911	26.4959866120105	73.2032365047512	12.8749035587055	28.5288591667193	13.4099553554184	83.3325432170723	1	1	231.567516608916	1
ERCC1	26.3949598427338	51.5848555946258	37.1579968200109	38.5046165511819	1	41.3254771409982	25.5317630449456	34.1089473804879	42.6976479090324	36.9301328741405	112.248448014494	1	1	1
ERCC6	1	12.2866463401619	32.9884991673744	1	1	1	1	1	10.6527458772249	14.4338964773884	1	1	1	1
ERCC6L2	1	1	1	1	1	1	1	20.1794736487855	1	1	1	1	1	1
EREG	33.046443488085	762.061149993303	47.3548829248791	23.438967494676	88.9949315439566	517.62603906246	14.2812953018131	109.552529620491	65.8582115687645	462.580841895848	1	1	198.788265647769	1
ERG	1	1	1	1	1	1	1	28.2217820193643	18.2075809505788	1	1	1	1	1
ERICH1	36.0422635859416	58.7575056259271	47.8836829320128	28.458698709082	36.0288928016685	20.208280948637	1	47.784191827817	28.1852447613078	31.325655257835	1	1	253.468392783757	1
ERLEC1	28.0987256785757	27.1221749278585	44.4158097836717	20.522198756742	1	35.2799725633892	169.623805129083	22.5098379737024	74.8843367870707	34.9003122069385	1	1	1	1
ERN1	118.618132676953	55.4093842031702	116.133516795536	1	69.7693226059102	58.0713613629115	149.610247078683	83.7468182614613	40.4773595269273	61.1750884798438	1	568.235154374841	1	1
ERN2	1	14.1277116557869	16.5799099863235	1	22.9854554823167	1	15.0348416074153	1	1	1	1	1	1	1
ERP29	167.557719855706	215.129914107923	149.942758581144	197.662874179925	49.9480042414942	197.231870978675	178.292269059713	104.995445423232	256.228391361701	146.462674335487	221.360398089818	525.289916224978	1	100.575048742155
ERRFI1	26.8951598377154	119.928291085149	1	1	1	157.766855249855	1	60.7655944334994	209.212613067709	89.6996357909372	1	1	1	1
ERVK13-1	1	1	16.0443430848966	17.0406720505094	1	1	1	25.819206625014	1	1	1	1	1	1
ERVK3-1	16.390609576131	1	12.9173779753761	25.9015554850523	1	1	1	32.5734308914998	14.4377983571201	1	1	1	1	1
ESRP1	1	1	1	1	1	1	1	1	69.6894086024584	1	1	1	1	1
ESYT1	94.6680920280294	42.8686384806783	150.011995986576	34.7516802048743	1	86.3821181332555	20.8642525649929	84.8058546677181	67.6854272292225	88.692087501856	136.279624074093	1	1	1
ESYT2	120.135548930315	109.101201746738	209.174034731288	36.2882061076733	45.7314645493065	65.6895612026123	40.2778553720545	104.727831124902	97.550463292558	116.169815037678	105.469969457199	228.855696770572	1	1
ETHE1	45.3628666710588	59.5063901420693	44.8066971883347	22.9121543113275	1	63.999886912925	20.8263077171156	1	100.56870479184	95.1016156678602	126.049841219937	1	1	1
ETNPPL	1	1	1	1	28.2659076735027	1	18.56442754054	1	1	1	1	1	1	1
ETS1	1173.51189201478	34.0833456924407	1075.52946006721	208.532425169457	22.3030258640456	28.2512868951474	121.482276365377	305.636566323905	34.1034190567201	76.9963617496113	1	180.769585736119	1	1
ETS2	32.8349959702834	270.049604365426	15.7211132522983	1	422.843448274805	300.723689101578	1	242.181555611887	282.321525873608	332.483514415817	203.703635105851	1	109.158782138218	1
ETV3	106.860524234868	99.3380190526047	39.3767576682616	60.8488007881259	22.1915609206822	95.132895382754	17.63542374908	98.3700537343524	57.8138903375255	212.550377971243	311.811369097361	867.066068387231	622.366765043378	230.816169070309
ETV5	1	14.536924700379	1	1	1	30.8179785475151	1	27.9409549956254	34.1554234732139	57.3257705425844	1	1	1	1
ETV6	39.8841523582835	73.7112360255132	24.2769738283487	44.1814995057494	70.8870822011527	70.0099149048452	32.6708941033847	87.9573220457614	41.8031414944757	89.6158620950492	117.635443198693	177.14932451834	327.263535732792	230.683888814622
EVI2A	149.433660350671	186.966906082346	105.112556416904	87.3985724475402	218.303691593191	81.0020108254794	25.4590224465724	129.896038165992	27.1032160669945	73.802630444677	171.017209007858	1	1	222.725878917689
EVI2B	183.653791427299	378.991515013637	157.018447961818	257.646918303688	1366.67244699049	110.399457987433	118.757013882891	126.046876236286	1	86.5924828759199	298.352792858307	153.130358809575	1	418.618842736921
EVI5	1	32.3935022909383	1	1	1	23.8465745030963	14.0919878435445	1	16.4926904604238	23.2114189507549	1	1	1	1
EVL	359.690482017505	79.3166679210621	831.202098366305	146.861216243816	22.8467636025964	122.810784182695	16.1108525910079	60.7997087754865	31.4643199378749	138.00968611592	1	1	1	160.272193913257
EVPL	1	13.4247115208802	1	1	1	1	1	37.6408408434197	24.8490045855135	1	1	1	1	1
EXOC8	15.8510003100185	1	19.5592435306702	23.1671413583609	20.3639332698792	1	1	1	13.167475180617	1	1	1	1	1
EXOG	34.1946079195839	20.0285989321488	66.3139269845174	55.4155613758043	1	1	14.6013242045875	21.2746265896076	21.3319936668022	17.2551451426112	1	1	1	1
EZR	574.454045632146	207.920519430044	125.065680928667	974.224340076105	24.3837671229044	119.080165775845	224.383107460366	236.554742231418	193.609829803861	298.89478503101	378.49765850842	1453.14113587695	131.819357945413	419.393625127598
F11R	27.1115134755819	85.8181896114422	31.8221676054293	29.2688859798582	111.512489087989	71.8459005326788	16.4356742815833	67.3747699882622	203.665206810883	96.8837148801639	88.1632544429046	1	279.134974535506	1
F13A1	1	164.464722284724	1	1	1	409.993404443417	1	1	1	160.566189271362	1	1	1	1
F2R	48.4358318159698	25.7939574391344	140.189497825134	1	30.314545228103	15.5017049761944	14.1225284200876	31.5007041998555	31.5737915273435	14.8942611113209	1	1	1	1
F2RL3	1	1	14.8821098097158	1	1	1	1	36.7657566401866	1	1	1	1	1	1
F3	1	41.0316987431597	1	1	1	1	1	1	82.7212479245894	49.3141234062273	1	1	1	1
F5	1	25.7102916669242	1	1	44.559951170509	1	1	1	1	1	1	1	1	1
FABP3	1	1	1	1	1	23.3904419976191	1	1	1	1	1	1	1	1
FABP5	53.1196816866895	59.3903434976176	1	40.5282539763747	1	407.89730459723	1	24.4279396421518	78.812406788102	207.654188772692	1	1	1	180.538084141378
FADS1	1	51.5036596051268	44.7454257193299	1	20.6636696176968	42.4752733625039	1	38.0129379814084	104.454131582375	86.5457449872325	1	304.737833721632	1	1
FADS2	1	15.0154816897141	31.1660350682758	1	1	1	1	1	64.3449900900361	18.454271292704	1	1	1	1
FAH	1	12.340078734407	1	1	1	41.9028646383309	1	1	19.1056129496886	21.968370540908	1	1	1	1
FAM102A	219.293141449481	20.6675288207201	25.843490973605	256.052309518484	1	1	25.1871944091411	120.588720496888	57.7134724978152	1	1	1	1	1
FAM105A	25.568780195874	48.7767045051825	25.6358287497244	1	1	42.3666160576276	1	16.0050493047383	18.8759606642791	45.6953449693103	1	123.763328715457	1	1
FAM110A	1	25.2432298282264	16.9912371863107	1	1	1	1	19.1675623283849	1	35.4544143167033	1	1	1	1
FAM110C	1	1	1	1	1	1	1	1	34.6750144532021	1	1	1	1	1
FAM111B	1	1	18.9605319211631	1	1	1	1	1	1	1	1	1	1	1
FAM114A2	1	21.8689320449941	33.4049753744683	20.7506595253576	1	21.740741910183	23.8632073509911	1	1	19.5950696172764	1	1	1	1
FAM117A	54.2700774431878	15.2733496121951	96.2738886779353	26.3759513363169	19.846051196844	1	31.6002370290753	1	21.3552530815498	1	1	1	1	1
FAM117B	19.5723562210813	16.0796865427597	1	29.2930799407056	1	1	1	46.4571889678351	35.1806898660866	1	1	1	1	1
FAM118A	61.5536652083117	15.9506330281981	19.3899124731492	23.0825538843116	1	1	1	1	1	20.8332497923501	1	1	1	1
FAM129B	1	143.045590295862	1	1	1	98.7396473760869	1	76.7427365986585	217.026440548557	176.624021181009	134.917715757305	1	1	1
FAM129C	1	17.1271436324934	19.7763861257395	53.0835462233804	24.7261646909557	11.7568284487866	1	25.525154576974	13.5155814009197	1	1	249.420472626217	1	1
FAM153B	1	1	1	1	23.666666794551	1	1	1	1	1	1	1	1	1
FAM157C	1	18.3551074896939	13.0004951474216	1	48.8234472091028	1	1	11.5864841247257	1	1	1	1	1	1
FAM162A	68.6038658738388	56.3726773955444	49.1992019225853	52.3130337302647	1	82.41387249785	30.9397884250117	77.9182024632702	204.048382951172	101.70056141498	172.762231011009	1	200.047981803178	166.763598328229
FAM174A	1	1	1	1	56.838642599486	14.8807479431394	29.1150658544745	16.9901890827434	49.7379015714955	12.3291290342577	1	1	1	1
FAM177B	1	1	1	29.9577580730031	1	1	1	1	17.0463740679927	1	1	1	1	1
FAM198B	1	130.0624133574	1	1	1	89.133700968603	1	22.6416849314474	1	41.6794434647706	1	1	1	1
FAM198B-AS1	1	15.1591759337355	1	1	1	1	1	1	1	1	1	1	1	1
FAM20A	1	29.1385595347996	1	1	1	73.4062021385133	1	1	1	26.9536859752147	1	1	1	1
FAM20C	1	21.1269708593681	1	1	1	97.162954185819	1	1	1	31.3663992837083	1	1	1	1
FAM212B	1	26.5066539091967	17.1288427149307	14.490514613548	158.735089181001	12.0865881839484	1	1	15.8285498639791	13.4149878547839	1	1	1	1
FAM214A	42.6753920260413	18.5388398259747	39.8037767979113	68.3517866655592	32.3115232226748	1	62.1602390484745	46.9869898123304	15.2425551497512	13.2741955187358	1	1	1	1
FAM214B	1	31.1768139482273	16.4667726410798	1	91.4012765710443	25.940559794124	1	1	1	19.9891086183374	1	1	1	1
FAM215B	1	13.1148238831688	27.2809382388719	1	1	1	1	1	1	1	1	1	1	1
FAM222A	20.2430019710187	1	1	16.1198067286206	1	1	1	17.6977087848145	12.9990602709092	1	1	1	1	1
FAM30A	1	1	1	60.9120430356757	1	1	132.54891795	1	1	1	1	1	1	1
FAM3B	1	1	1	1	1	1	1	1	30.0405635039526	1	1	1	1	1
FAM46A	1	53.7528032516661	40.3406746448379	16.8668239399324	1	39.8873433595588	1	117.43432744597	104.0340517034	39.9635159701971	1	1	1	1
FAM46C	314.6767340411	1	53.6454299246242	220.280216807721	1	1	410.732162620174	124.790691213137	15.9614599970222	1	1	1	1	1
FAM49A	1	158.34608624379	65.1579011560119	154.643448835773	131.196658821017	112.979816305012	64.7272223882717	31.2609491266649	1	109.044754564725	156.794968424823	1	541.266261182337	1
FAM53B	91.1302872669751	51.8110484509496	175.118189800177	103.708936231662	26.5367024477377	41.2990966084818	1	74.8026620810499	38.3675336556955	34.0923571747003	1	204.644318923737	182.590027967507	1
FAM53C	138.61335507242	124.348272932781	100.254907161812	147.518418218679	237.872009419504	134.124699707229	55.3853515188922	329.873247292894	178.503280706293	157.165327663593	249.096244439782	737.732228249167	143.15319125361	238.266818034699
FAM57A	1	1	1	1	1	1	1	1	43.3605981431207	10.6707064372046	1	1	1	1
FAM69A	21.4156350707615	1	1	1	1	1	22.7543571236487	1	1	1	1	1	1	1
FAM76B	32.8222605518052	27.5494462506972	33.2087118450033	62.0917403494454	1	15.4645359904402	1	48.551598718877	23.1606444149307	21.4255099721819	1	1	1	1
FAM78A	25.146320733611	27.4447328619647	57.1929481529133	1	1	20.087939593733	1	1	1	14.9676906748006	1	1	1	1
FAM83A	1	1	1	1	1	1	110.771383805383	1	54.9981114662142	1	1	1	1	1
FAM83D	22.8706835826249	1	1	1	1	1	1	1	38.9930713697427	1	1	1	1	1
FAM83H	1	1	16.6754380487339	1	1	1	1	24.8468213282542	59.7425442413787	1	1	1	1	1
FAM84A	1	1	1	1	1	1	1	32.6573755568441	133.385565604163	1	1	1	1	1
FAM84B	1	1	1	1	1	1	1	22.7471657169189	56.1340978694285	1	1	1	1	1
FAM89A	1	1	1	1	1	22.6743322396105	1	1	50.9794409146177	1	1	1	1	1
FAM89B	58.5565358322408	57.1693636552103	62.6972790906155	30.6479375607538	53.9775003855744	34.9076913330568	54.94790960009	25.2192240984827	36.0645462846434	49.4341620110006	103.923686732955	1	179.637161014751	194.623446964395
FAM8A1	1	22.4719955627124	54.1255449707399	1	142.31041929918	14.5552423921965	27.561549793376	28.0956561648945	28.9496564375738	1	1	1	1	1
FAM92A	1	1	1	1	1	1	1	1	28.0805040621935	1	1	1	1	1
FAM92B	1	1	1	1	1	1	24.5891567692447	1	1	1	1	1	1	1
FAM96B	96.9358914305015	84.6559561487888	96.1099993359111	85.4930657728819	26.6651385057562	86.4002352704551	55.0713734354476	81.7019852075499	103.703728987777	97.2246207189191	129.222492610871	208.064920269731	1	1
FAM98A	21.359085875782	1	19.5255716811021	16.0834115096014	1	13.8279561634437	30.6103352047894	12.0669426500553	25.6496828895541	1	1	1	1	1
FANCF	1	1	22.5442159181645	1	1	1	1	1	1	1	1	1	1	1
FAR2	1	30.4031121092434	1	1	31.4585206821585	24.8039057174344	1	1	1	30.4303879832921	1	1	1	1
FARP2	1	28.9894766157328	1	61.0967069113705	1	29.1916353696403	26.0368172455901	40.0210801678653	51.4645104499508	29.5575706919107	1	1	1	1
FAS	78.895458468563	20.4400677288956	25.4827874748166	16.346845557447	75.7320240067982	11.0416351636661	1	27.7427852683402	1	1	1	1	1	1
FASLG	1	1	110.485727643926	1	1	1	1	1	1	1	1	1	1	1
FAT1	1	1	1	1	1	1	1	19.1816583907409	63.4635013155789	1	1	1	1	1
FBLN1	1	1	1	1	1	1	1	1	49.0734249765716	1	1	1	1	1
FBLN5	1	1	1	1	1	1	1	1	1	22.0644940184026	1	1	1	1
FBLN7	22.0614177072941	1	1	1	1	1	1	1	1	1	1	1	1	1
FBN2	1	1	1	1	1	1	1	1	37.2660141350301	1	1	1	1	1
FBP1	1	108.999679661199	1	1	1	294.238451063195	1	33.9139752396197	24.604553982001	172.365436497628	1	1	1	1
FBXL16	19.0439840103278	1	1	1	1	1	1	1	1	1	1	1	1	1
FBXL6	1	1	19.2719114009603	1	1	1	1	1	1	1	1	1	1	1
FBXO10	1	1	1	18.4081685160109	1	1	1	1	1	1	1	1	1	1
FBXO31	15.7058075406541	1	1	1	1	1	1	1	1	1	1	1	1	1
FBXO32	42.1052265398483	1	48.1633733369138	1	1	1	33.3290929944786	32.0380104192582	43.0757815229	1	1	1	1	1
FBXO34	73.9172923228998	58.7147595725395	60.9571144501763	34.7285805819385	1	33.0481415165771	1	31.3122115741059	45.6451764340072	80.831904325454	1	259.970944617628	1	95.8599458131275
FBXO43	1	1	12.6988327813018	1	34.5038260976366	1	1	15.4396460650384	1	1	1	1	1	1
FBXO44	1	1	21.0250847915766	1	1	1	1	1	1	1	1	1	1	1
FBXO8	16.2265594369511	1	19.2321294644052	22.9162570528489	1	13.1742437318547	1	1	15.8386170903797	1	1	1	1	1
FBXW7	29.0697277541487	31.5925725014115	40.4958878468092	22.0165794148497	32.642370762847	14.856110559837	84.4134097329004	26.3834595933549	21.7283873538964	21.9517579767578	1	1	1	1
FCAR	1	15.6915187803443	1	1	34.7873722434645	1	1	1	1	1	1	1	1	1
FCER1A	1	1	1	1	1	1	1	68.5340481381643	1	62.7945093946517	1097.68907784933	1	1	1
FCER1G	1	805.990497531056	482.062554351278	1	507.068155302744	1095.32939283597	1	346.94004217102	111.946988547739	996.82382295323	758.24054939344	479.782368584817	1	163.308416471646
FCER2	1	1	1	20.9710427226633	1	1	1	1	1	1	1	1	1	1
FCGBP	1	1	1	1	1	1	1	1	1	62.7791808197011	2371.9773784318	1	1	1
FCGR2A	1	426.919396223494	43.9949957966686	19.2691635326092	931.64538037303	552.655809966259	1	89.3708640252633	32.4900111737598	463.419485921035	455.119861893375	1	1	1
FCGR2B	1	75.7748960109455	1	111.667403920046	56.0509228024303	176.437110586551	73.0496752077467	26.4058764294725	1	280.50976463142	186.072837295322	1	1	1
FCGR3A	1	331.974859504488	1006.16957874935	1	2032.82394255753	622.180631804054	1	118.95311719863	1	300.147113508037	1	1	1	1
FCGR3B	1	28.9460445237239	74.2085166474466	1	2181.93978355045	24.7766779940603	1	56.4243880940515	1	1	1	1	1	1
FCGRT	19.1697566136409	363.493235465585	1	25.0235345685992	383.55495262326	896.213605969622	57.212751740782	55.7788956003508	58.104833952269	271.394398184535	289.474062337094	230.021030757352	1	349.183183305055
FCHO2	1	25.4312507768654	1	1	44.7598980567232	73.3445614271718	27.6591479625412	14.0482191713094	20.4117426010581	19.7032615048499	1	1	1	1
FCHSD2	30.5463492567531	34.987731998383	24.8127691095531	88.1493747984065	59.009477847964	38.6549913989187	33.8685038247702	43.7095073143936	15.8852120206838	36.4182718618583	1	326.000642825675	254.214136609771	1
FCMR	246.490110988412	1	271.901109502317	517.062783729392	1	14.8632908679298	17.2038273779441	61.9130958183438	1	12.646178970526	1	1	1	1
FCN1	1	1885.62549283445	22.2697439840251	1	243.641540644993	84.6752373270514	1	48.4828465673945	1	92.0619825410938	1	1	1	1
FCRL1	1	1	1	74.7273323401886	1	1	1	1	1	1	1	1	1	1
FCRL2	1	18.3700065809418	15.3127794692489	56.2058401562617	40.5823857270432	1	22.953667540403	26.9399221951355	11.2004286649378	14.2381486453604	1	1	1	1
FCRL3	20.6394030442123	1	77.1486991620827	43.5986374826651	1	1	1	1	1	1	1	1	1	1
FCRL5	1	1	1	37.2207687826686	1	1	217.367293572602	1	1	1	1	1	1	1
FCRL6	1	1	313.402516934293	1	1	1	1	1	1	1	1	1	1	1
FCRLA	1	1	1	123.072958152368	1	1	29.0452958885225	1	1	1	1	1	1	1
FENDRR	1	1	1	1	1	1	1	63.7335689819779	1	1	1	1	1	1
FERMT3	54.2135786342387	142.816764252581	133.479173296481	41.5585918680987	130.168090653205	152.565772835848	23.7355348426405	68.6887948429079	22.7842519724012	123.822625982635	102.847447621698	280.360235989027	1	79.5851092224634
FES	1	72.6041362535315	30.6563780242082	1	57.8726949930716	44.5769865534872	1	70.6031609324599	1	40.287967666173	1	1	1	1
FEZ1	1	10.9559277692317	52.7011605745552	1	21.9232317056277	1	1	1	21.8845591585357	1	1	1	1	1
FFAR2	15.188539205542	30.8656302055146	31.0441596417167	19.8121141442249	657.459139388605	14.9288774065733	1	45.8618860381974	12.9014896034396	14.8984705148523	1	1	1	1
FGA	1	1	1	1	1	1	1	1	74.3822337373692	1	1	1	1	1
FGB	1	1	1	1	1	1	1	1	292.633748311583	1	1	1	1	1
FGD3	28.9590342708355	18.621811724389	45.0951949594293	19.4330346005381	94.8946714823074	1	1	1	1	1	1	1	1	1
FGD5	1	1	1	1	1	1	1	1	1	16.4118676485333	1	1	1	1
FGF22	1	15.6376662565062	16.4228949148333	1	53.152583484268	14.7374636546321	1	1	1	1	1	1	1	1
FGFBP1	1	1	1	1	1	1	1	1	34.8664208897644	1	1	1	1	1
FGFBP2	1	1	994.681716424138	1	1	1	1	1	1	1	1	1	1	1
FGFBP3	1	1	21.430285320543	1	1	1	1	1	1	1	1	1	1	1
FGG	1	1	1	1	1	1	1	1	546.976716617562	1	1	1	1	1
FGL1	1	1	1	1	1	1	1	1	160.335500064151	1	1	1	1	1
FGL2	18.2390024189333	533.585786667569	45.7915924503612	17.8913405132036	334.044322561177	175.967885954998	52.125546092199	64.3627269245082	27.678155626689	297.041203485171	417.359505940201	1	1	587.626159070742
FGR	1	302.87053451199	216.495434728003	1	609.719175004751	87.8917179266222	1	69.9445812969915	1	83.7847400781613	113.250971238486	1	1	93.8542622882305
FHL1	1	1	1	1	1	1	1	19.2420222144452	1	1	1	1	1	1
FHL2	1	18.3648669701926	1	1	1	1	1	1	84.7626133912904	23.7854757199914	1	1	1	1
FICD	1	1	1	1	1	1	36.1353567509854	1	17.6360460103197	1	1	1	1	1
FILIP1L	1	18.0341007405753	1	1	1	26.5545923993619	1	23.5495219151432	27.0201213638766	56.2432618870846	1	1	212.897990499875	1
FIZ1	1	1	19.1705968790931	1	1	1	1	1	1	1	1	1	1	1
FKBP10	1	18.6509492993739	16.3554280377832	1	50.0465240299221	1	1	1	28.3096527999316	1	1	1	1	1
FKBP11	35.3162268549953	24.7007249855667	71.3407682171008	18.9655153887625	38.6617519451231	12.6219070286034	385.701372103157	13.7963515259347	32.5805799055847	16.2537865379723	1	1	1	1
FKBP2	27.9338040744049	52.547268838452	56.1674326877195	16.083493203994	1	63.2541617996503	245.122324566879	36.1451903941428	71.8025272753252	65.0043650189033	1	134.49570991491	1	1
FKBP4	84.2216046934665	66.476430210395	28.6285754798446	98.3566500867142	1	79.5732178077735	46.2202598986991	339.240154627827	103.11885462507	94.7957034857545	1	1	1	1
FKBP9	1	19.4441875202979	1	1	1	26.9916470686462	1	1	132.412868402131	30.5111764325962	1	1	1	1
FLII	61.1440366711256	113.370659063914	69.2712583369356	35.0082987486389	87.7627809768207	86.8604092898216	29.6461547275761	55.2620288322392	39.7228010293147	114.799957716519	123.799272030542	1	1	1
FLJ21408	1	1	1	1	1	1	1	30.1895961057065	1	1	1	1	1	1
FLNB	21.8095312990322	39.9434901198964	17.978728842906	22.4216290429418	17.5402587932081	19.0094307723933	1	18.3412783299705	46.032585848304	47.1540102503982	1	152.053901820451	1	1
FLT1	1	47.0162636363291	15.5318213644765	1	32.857384112775	27.8573801657351	1	57.5816621375519	1	129.268243425114	273.333721076401	1	1	1
FLT3	1	1	1	1	1	1	1	1	1	1	1	1	187.336654613138	1
FLVCR2	1	39.1661912705999	1	1	1	76.7355627062225	1	1	1	29.4804485056957	1	1	1	1
FMNL2	1	1	1	1	1	52.911134639417	1	18.0723779155261	17.3778096929684	30.5406186650765	1	1	1	1
FMNL3	35.932986745161	14.6168979930197	39.1414303614009	60.2728208760615	1	20.722005893353	1	72.3880652849691	24.819517566062	38.1121026301241	1	1	1	1
FN1	1	214.410379280875	14.4031770725656	1	1	677.399237384806	1	113.633800524352	145.551406574612	402.33884227075	1	1	1	1
FNBP1	353.970987213633	161.7268855337	360.81928296184	370.736859950737	180.966979685506	136.695814447711	128.810607118402	202.853487987128	34.928757232954	130.476843128099	147.271268182968	196.423255053475	794.473876650154	403.660052758363
FNBP1L	1	1	1	1	1	1	1	1	31.2815715900796	28.6490239397529	1	1	1	1
FNBP4	99.9531706910245	84.9973373043289	162.928801829461	125.108438386252	24.418549740383	42.3921050202883	31.8400439065078	81.4924411879422	65.1358962953927	68.5933275977426	1	183.529396642367	1	1
FNDC3A	38.7003427566073	51.4225524907716	26.3185284202436	30.725563441012	58.6342742149505	65.9921011595811	123.969658564843	117.81808953453	48.6353748001403	55.6884469651797	1	1	1	1
FNDC3B	26.933955472697	117.036128872181	109.048475072826	1	203.361370419821	161.705485498551	180.535403068246	107.69391296423	117.559133466119	119.785778677238	1	1	1	1
FNIP2	28.7397106595398	123.998102765915	64.9041725952485	1	44.6926194017201	285.317345792119	1	100.772558205968	78.3827434589466	238.810580604886	270.497826726129	1	296.19015590839	275.815082570005
FOLR2	1	18.9385049800052	1	1	1	259.59385862336	1	1	1	19.4797953336881	1	1	1	1
FOLR3	1	1	1	1	109.817090993423	1	1	1	1	1	1	1	1	1
FOSL2	709.772535652049	396.057776941089	403.155015022794	77.1438020629069	321.534536788356	489.798392811684	77.3922839834062	812.333564673432	417.553834981306	606.145214000665	520.739625921461	2161.78321084579	573.734118322319	442.365482543965
FOXA1	1	1	1	1	1	1	1	59.7012862159841	206.413701024891	1	1	1	1	1
FOXC2	1	1	1	1	1	1	14.3273876323714	1	1	1	1	1	1	1
FOXD1	1	1	1	1	1	1	1	52.8602987537065	78.7349188449022	1	1	1	1	1
FOXE1	1	1	1	1	1	1	1	1	43.7649575358267	1	1	1	1	1
FOXN2	65.0643378457789	59.4283871703501	91.8619568995495	42.0151307514946	33.8119380717113	36.9522456973605	13.1743615887972	42.0237860476242	42.389717165409	46.9102239469021	1	1	124.642476339426	1
FOXO1	172.350993701047	41.7897170326346	43.5796532650411	52.8928970237901	42.1025167920448	34.3574982359062	24.6914864763868	55.2906474270157	21.4504813306395	28.2639311238743	1	1	1	1
FOXP3	41.1378279034225	1	1	1	1	1	1	1	1	1	1	1	1	1
FP325318.1	1	1	1	1	1	1	1	15.3404759314032	1	1	1	1	1	1
FP565260.3	1	1	1	20.4460018356542	1	12.7378059167715	1	1	1	1	1	1	1	1
FP565260.7	1	1	20.6541202576996	1	1	1	1	1	1	1	1	1	1	1
FPR1	1	272.485699225318	28.7423593323593	1	1650.18219433588	76.8453191744033	1	91.9092177303893	1	77.6384766317984	103.025957161487	1	1	1
FPR2	1	49.2788177650835	1	1	250.973510069657	12.2997737170182	1	37.2708518128774	1	14.0426921787589	1	1	1	1
FPR3	1	104.866294027604	1	1	1	285.158077174562	1	23.7810906071794	1	426.440864166797	320.23442622735	1	1	1
FRAT1	22.5437872474775	43.0627988826931	19.1050528951635	1	155.652556350853	19.6968234303315	1	15.8379090458921	1	11.9331838542521	1	1	1	1
FRAT2	36.3305416516513	62.5411024823372	37.5153471914299	24.0089654429116	477.82126908186	19.0332004773963	1	13.085085805212	25.3743322548136	19.2719443824625	1	1	1	1
FRK	1	1	1	1	1	1	1	1	32.6889645318169	1	1	1	1	1
FRMD4A	1	29.5439414211864	20.7531819218508	17.6018151994494	43.503244862123	84.4645709017335	1	14.8328356942982	20.4062457457781	33.1609939089167	1	1	1	1
FRMD4B	71.9908225797974	38.2580367963128	1	1	132.160737572618	58.53101243878	1	70.6622572961945	19.2453321234496	39.4232192074187	1	1	1	1
FRMD6	1	1	1	1	1	1	1	1	40.5112565571055	1	1	1	1	1
FRMPD3	1	1	17.0292416294145	17.8612978832393	1	1	1	1	16.9827226015334	1	1	1	1	1
FRS3	1	1	1	1	1	1	1	22.7775024241007	14.3520709628468	1	1	1	1	1
FRY	1	45.936024066754	22.0581295942377	1	71.9404233512279	1	1	1	15.623863556034	1	1	1	1	1
FSCN1	1	25.3556979032163	1	1	1	43.2577273701337	1	10.4302201185491	280.91969579874	73.3249757530522	197.418896884337	1	4476.91554952685	1
FSD1	1	1	18.9161197048549	1	1	1	1	1	1	1	1	1	1	1
FST	1	1	1	1	1	1	1	33.1702781863693	68.9521259421858	1	1	1	1	1
FSTL1	1	1	1	1	1	1	1	1	1	54.2929434221981	1	1	1	1
FSTL3	1	13.6502335306223	1	1	1	1	1	1	1	1	1	1	1	1
FTSJ1	22.5145704109864	19.7773528674145	32.8344650472161	1	1	17.15839551866	30.5490817523425	1	27.6349127299807	18.0670419483645	1	1	1	1
FUCA1	1	44.4154617948363	17.5468690388309	1	1	359.891612922273	17.5650851832288	14.710243587604	1	33.568882539787	1	1	1	148.663563398041
FUCA2	18.7435334731207	75.3358869446523	24.3680530098785	21.8340335708599	1	143.285904301076	108.198881837472	41.4663505882752	82.5759110316633	96.1183474486871	1	1	1	1
FUT7	1	1	1	1	55.188014722238	1	1	1	1	1	1	1	1	1
FUT8	29.4940730639827	20.8996849737614	13.2771309659006	32.7772712295188	1	16.4011519332619	68.6785510560694	36.6791178344584	26.1970979592623	28.7467434322408	1	1	1	1
FXR1	73.3545631216477	70.2881533193208	70.3556519264521	65.9209992005921	36.2916766549109	54.9722186357984	29.1515248318945	111.320615219362	98.8316620281304	73.3840621903885	1	1	134.553563788615	1
FXYD3	1	53.635167192803	1	1	1	1	1	1	215.68000566034	66.3101555912442	1	1	1	1
FXYD6	1	26.3665875733046	1	1	1	46.3169690273521	1	1	30.6394651233611	28.4293434626416	1	1	1	1
FXYD7	15.6687892684145	1	1	1	1	1	1	1	1	1	1	1	1	1
FYB1	670.827134037016	524.998625155912	389.432979005126	1	1080.96662261883	278.034990155844	1	219.421783812167	20.8348332961285	252.423367557738	395.116825792544	173.018577413957	1	1
FYCO1	38.0156904228964	21.4570906148259	25.8632753178688	1	1	1	1	64.7829679667536	22.4410046693414	1	1	1	1	1
FYN	1056.65369463122	172.710277625657	968.594772903357	71.8164751058007	1	30.4965212460782	19.2759386574058	280.835154021446	61.6945094716789	74.6386508242937	1	1	222.914118927844	128.328172507649
FYTTD1	72.0192475381295	68.395315652704	92.1291132859856	112.036014405602	24.6323427680002	58.8294342410386	49.2833056535644	41.4793710592073	80.2426855033044	88.1768596140637	100.966628844992	441.400034047672	273.838260113753	1
FZD1	1	19.1187840713069	1	1	1	1	1	1	12.2541019062998	25.4911668407353	1	1	1	1
FZD6	1	1	1	1	1	1	1	1	48.3727792751993	1	1	1	1	1
FZD7	1	1	1	1	1	1	1	1	35.4602286522254	1	1	1	1	1
G0S2	1	636.190348951241	1	17.8431116535007	3625.43700735751	509.465082692171	24.7223374175124	1207.74159205729	65.7372202687388	813.783731004406	513.653963911491	1	894.339582675057	337.686263657063
G3BP1	159.469201234356	77.4973166209588	181.439212939966	135.514541727766	1	111.769344553845	60.83391177256	73.0732214048163	112.272677877244	110.452775440245	1	1	90.4247742487338	161.22038429984
GAA	1	69.7212735408684	1	1	22.7798989784654	125.914343264516	1	1	11.4122929875884	43.5643898898415	1	1	1	1
GAB1	1	18.7535315982354	16.5304666704798	19.7948190591527	32.8160262749937	12.4126973229238	51.780807319913	1	15.0847718407475	1	1	1	1	1
GAB3	1	25.1695493371986	75.065165655485	1	1	16.4735553843564	1	11.1577686838669	1	15.2895772363738	1	1	1	1
GABARAP	1	30.4866226146115	13.5586131722042	1	58.250424856663	15.0967192732329	1	1	1	24.0374899087498	1	1	1	1
GABBR1	1	20.3543417258883	1	1	1	1	1	1	1	1	1	1	1	1
GABPB1-AS1	96.0160516272065	84.6988603768004	165.992716269629	113.511712225134	150.443232101137	55.717145843029	37.9631794041309	55.3830496497767	70.4634815743965	49.5714973103172	1	202.50644884027	1	1
GABRB1	1	1	1	1	1	1	18.3096625283087	1	1	1	1	1	1	1
GADD45A	152.043101161237	46.333818900369	31.201872479439	56.1401197625626	28.9367420278141	37.1743798399032	262.132427662318	100.965404801707	166.241288655625	95.6004787189292	232.630221800679	242.5038629078	675.654222260651	1
GADD45G	17.766941944741	14.1935891923462	1	1	1	43.9995012291116	1	42.0115295766011	39.8110370657357	1	1	1	1	1
GAK	73.4132014316673	99.068437636901	117.956550139727	71.9860871149271	109.341517780701	80.6538619874769	31.1963549060804	109.2565154149	52.7981491744619	94.9846871365491	1	198.72153044365	1	1
GAL3ST4	1	1	1	1	1	96.1954597100153	1	1	1	24.0208252282178	1	1	1	1
GALC	34.9225164233969	55.0862215559847	85.5509739153166	15.6584441012009	43.8181455466696	85.9112780956589	1	515.312647864288	196.272228032601	40.8450325196712	1	1	1	1
GALK1	1	19.7816192790343	1	1	1	15.1376646472003	1	1	1	22.7224475856013	1	1	1	1
GALM	80.6674323578579	38.3112261336738	51.3266883386213	1	48.8523015096997	139.198653644443	1	42.3447154071746	22.9478586543115	142.737293829466	127.65041714782	1	1	1
GALNT1	51.7600635796392	71.098588341151	84.0645478865051	73.5956901126147	68.9629430935289	114.659863563728	43.9899413679315	58.652972790982	86.3623896540849	73.9441938047038	114.280358527965	1	1	1
GALNT2	37.604081442346	49.9909936436148	42.0030794350142	32.7182913834845	1	51.0761334012403	61.6190072408225	57.2266512931306	66.1200301324532	33.8329028561514	1	112.783296111723	1	1
GALNT3	1	13.957424218513	1	1	1	1	1	26.21983760568	27.5052157189694	1	1	1	1	1
GALNT9	1	14.8938848075729	11.8935548471294	1	1	1	1	24.017947026017	19.025669567733	1	1	1	1	1
GAPLINC	1	1	1	1	1	19.9685377647932	1	1	1	1	1	1	1	1
GAPT	1	65.0017308537939	1	65.4869047037672	105.328493225514	1	1	15.3397257791021	1	26.520737866425	1	1	1	1
GAS2L3	1	1	1	1	1	24.0288298299423	1	1	1	24.0444953178082	1	1	1	1
GAS6	1	20.3197394469506	1	1	1	26.7504551268483	48.4577659832346	1	1	32.8896277343678	1	166.513504154931	1	1
GAS6-AS1	1	13.6987129611135	16.9367408622544	25.6006194874391	1	1	1	1	1	13.0851487432228	1	1	1	1
GAS7	14.9731239448905	155.804142512047	102.490308119078	15.0349602495153	105.628101406642	71.7907839456323	1	47.4779388061476	27.6425466119786	40.7515690356915	1	1	1	1
GATA2	1	1	1	1	1	1	1	678.352259469705	633.089504049606	1	1	1	1	1
GATA3	205.237128227955	1	153.342311607797	1	1	1	1	22.2743142513431	1	1	1	1	1	1
GATM	1	1	1	22.9892634852507	1	45.386020687093	1	1	1	50.5759687698366	1	1	1	1
GBA	1	23.7347450146233	17.1059115374646	1	33.7617144496807	47.3959517118659	1	14.3062700270507	1	23.5736913506524	1	1	1	1
GBGT1	1	18.7895050529362	1	1	1	34.8520271938648	1	1	1	21.6592997846909	1	1	1	1
GBP1	47.6441235818055	58.825733818207	68.5044313964138	1	107.803919064824	101.476736932757	1	26.8618569641779	21.1107927250566	181.859165985914	181.067440965521	1	281.805370008222	1
GBP3	1	12.3382191924263	44.6777051669199	1	1	13.1084247855921	1	1	1	1	1	1	1	1
GBP4	66.990747141077	42.4877840076532	82.0158758089167	40.5841215393616	56.9662126828395	41.0367549770648	13.3208209036623	72.9181147659231	36.3005059125489	96.9532045296971	1	1	164.315282098422	1
GBP6	1	1	1	1	1	1	1	1	79.2751016037039	1	1	1	1	1
GCA	1	217.804654462815	22.7088107763704	40.9988248300298	1320.94016319695	76.151102942445	1	57.9798787918148	38.5329281815721	77.7984177467185	142.654366856959	1	1	1
GCC2	133.001076407676	51.9957076277913	103.660308904237	130.405034585352	65.3522423725082	51.0740932708593	34.8855080708688	139.31689993655	43.1604091211468	66.3610222213364	1	164.589415836667	1	1
GCDH	18.7745776989922	1	17.6201468216522	15.7632074087878	1	1	1	1	1	1	1	1	1	1
GCHFR	26.1088975587102	19.7285448731231	18.3513641401988	1	1	160.401243821978	13.2131302815677	11.2307445652628	15.3967207879938	20.6990460036905	1	1	1	1
GCNT2	1	16.8450861964176	1	1	1	12.7071624562296	1	1	45.4072283993433	1	1	1	1	1
GCNT4	38.025535783813	1	1	1	1	1	1	1	1	1	1	1	1	1
GCSAM	19.5955543614514	1	1	22.7936819361536	1	1	1	1	1	1	1	1	168.940688775107	1
GCSAML	1	1	1	1	1	1	1	63.8000122134789	62.9218450925629	1	1	1	1	1
GDF11	30.6701185783888	1	43.3739595274968	18.7860231021521	1	1	1	1	16.8345053512367	1	1	1	1	1
GDF15	1	1	1	1	1	1	1	1	88.9945002745607	1	1	1	1	1
GEM	81.0782500955406	51.6438908211848	1	19.7475392436471	1	73.4867383814526	1	91.4581712822009	156.06171031534	83.944688411533	1	1	1	1
GEMIN4	1	1	1	17.2370248093436	1	1	1	1	13.7483634157728	11.9159854788195	1	1	1	1
GET4	1	1	14.2119695706585	1	1	1	67.0308106730164	1	21.517008047689	1	1	1	1	1
GFI1	16.5701324208617	1	49.4299857196732	1	1	1	1	1	1	1	1	1	1	1
GFOD1	17.9022726720971	24.0801162708127	167.74327955265	18.1665939777064	1	22.6949467255066	1	30.6195279702845	1	20.7522177067065	1	1	1	1
GFRA3	1	1	1	1	1	1	1	1	148.410867843085	1	1	1	1	1
GGA2	64.2213404969882	45.5681990933219	44.3309427833292	166.57400646815	1	98.9860007696189	28.1377542940571	49.7763475543077	35.9220267957045	78.5261408832909	1	205.807376330599	1	1
GGACT	1	1	24.8819748974892	1	1	1	1	1	1	1	1	1	1	1
GGCT	19.0552700824959	34.76528581041	29.1148536395213	1	1	47.7982096088929	1	1	129.971581681686	35.5716053799146	1	1	1	1
GGH	1	1	1	1	1	1	32.6603464963369	1	27.7849831912442	1	1	1	1	1
GGT5	1	17.511719309091	1	1	1	1	1	1	1	15.0482535400818	1	1	1	1
GHET1	1	1	20.7482060079597	17.8113872275311	1	1	1	1	10.9550333241644	1	1	1	1	1
GIMAP1	66.5325473813825	110.47277662883	161.265492730581	1	1	17.1390747627969	1	34.7500334084658	1	1	1	1	1	1
GIMAP2	50.5473342276783	50.180020424678	86.1677608609877	1	1	19.531127266685	1	1	1	1	1	1	1	1
GIMAP4	155.044793774351	194.366698784087	407.924507604793	1	256.574123415911	67.719236245946	1	76.4616781044489	1	59.8772298830702	1	1	1	1
GIMAP5	118.355299864829	39.3259887151104	185.219076674171	1	1	39.19136486223	1	46.1390634709261	1	25.9932027119156	1	1	1	1
GIMAP6	50.503371743193	50.2326396472401	224.001500241795	1	1	20.202330649018	1	12.7056367947486	1	1	1	1	1	1
GIMAP7	152.324495417417	88.9136904246382	347.309914882911	1	1	1	1	41.2096551658591	1	1	1	1	1	1
GIMAP8	1	69.708671552598	35.2336391585529	1	1	15.9037102872906	1	34.4962941388	1	13.5623117335225	1	1	1	1
GINS2	1	1	1	1	1	1	1	1	1	16.1713940407802	1	1	1	1
GJA1	1	1	1	1	1	1	1	1	71.5569740174191	1	1	1	1	1
GJB2	1	19.5000463966385	1	1	1	1	1	1	1	18.0000374288544	1	1	1	1
GJB3	1	1	1	1	1	1	1	1	39.461087192103	1	1	1	1	1
GJB5	1	1	1	1	1	1	1	1	32.0600760601919	1	1	1	1	1
GK	30.2071195735571	197.732167755301	1	1	274.843665052566	209.465940132883	1	88.464555485632	43.8029390672674	221.480665045072	1	1	101.5607107505	1
GKAP1	16.9541768440378	1	1	33.6891274078312	1	1	13.4598722450946	12.5881431788995	1	1	1	1	1	1
GLA	1	32.6585725673604	1	24.4156740184216	47.8671796362505	87.1009752201803	43.755720704733	106.223339635093	36.1508656666006	67.0873458607345	152.831345697986	1	1	1
GLCCI1	164.946346204013	25.3798069076338	136.444293463781	50.5498806599142	38.1588828796701	12.5908774970843	198.539868708852	47.5492593754523	14.0850447935894	23.5303570681386	1	1	1	1
GLG1	142.88562235838	126.07411949338	196.003767339553	91.823493440053	130.662162556707	102.602754134283	93.0156657682391	95.2462162332735	81.053061304768	80.632171401033	1	165.750676241101	1	1
GLIPR1	222.172370762648	255.446128587947	129.347740107966	206.109570831965	196.533223109543	136.21224741006	43.371802084536	68.8055183828278	1	138.838147414979	367.315659618312	234.208843534033	1	229.143601398234
GLIPR2	72.4148428902349	243.857730733611	246.621026055675	15.2581674825909	321.240150552298	215.742548561289	1	52.4098342749546	17.6081868461993	150.22437855524	180.236155862351	1	329.62960025498	147.633383625215
GLMN	1	1	14.7886698297987	1	1	1	1	25.3187752006967	1	1	1	1	1	1
GLMP	17.7096555090002	57.6479855942555	37.4831233706199	13.431317859417	1	201.169860848137	22.6621383361738	24.4788057015509	43.0581344161707	45.1347065249078	1	1	1	1
GLRX	113.997256377884	299.425668710087	332.018282179514	40.8758281261906	303.299431275811	201.189622346008	183.831109382329	102.597042567291	60.3871559503886	161.058990195083	357.591583381848	1	1	1
GLS	134.626474221548	66.6772622692839	117.946655117733	120.892768945205	18.5172302574181	57.3809052734103	60.0548187980292	102.184563989273	77.2430923504837	105.160267759562	118.346015242084	1	201.066506331041	1
GLT1D1	1	33.2682204522554	1	1	189.072797288535	1	1	1	1	1	1	1	1	1
GLT8D1	15.4045018909687	17.1887299944565	33.8627155777935	1	1	14.2222122265177	23.3610780842883	1	16.5186647126222	1	1	1	1	1
GLUD1	103.006304052414	123.754760862109	106.798348795548	55.4972633071476	1	127.28044381762	40.0414435267801	50.2822437119765	107.630179656724	138.133036697584	151.263418446849	1	1	1
GMDS	15.5841387009093	23.9516460563876	15.2021927825734	1	1	14.2850796646917	43.9604604957357	1	46.6130944601075	19.0372810168892	1	1	1	1
GMPPA	1	13.0905874162838	16.8624157400682	1	1	10.4609246754764	16.4259715603199	1	1	1	1	1	1	1
GMPPB	1	12.9800005678997	1	1	1	16.238558824754	52.1964891661667	1	1	23.7233042456465	1	1	1	1
GMPR	1	1	1	1	1	23.1586658345864	1	12.806881653467	31.0946399917645	1	1	1	1	1
GNA11	1	24.4755389759146	1	1	1	19.4417204820796	1	55.3995972464875	63.4908315630271	51.3918355754074	1	1	1	1
GNA12	17.4938621753881	36.6591409510234	1	63.2342366972982	1	54.7869583145823	20.3079577654062	17.8435919288973	34.5899567882659	50.7423911024724	1	210.111945391813	1	1
GNA15	27.7870549485328	79.6361976977307	1	1	1	67.446179146638	1	40.1993046848438	19.4354139606303	116.471104443763	212.70339101734	344.834535999761	1	178.756283106347
GNAL	1	1	28.7046959744336	1	1	1	1	1	1	1	1	1	1	1
GNAO1	1	1	1	1	1	1	1	1	1	18.4379184779276	1	1	1	1
GNAQ	58.6537122598292	212.876173155311	19.4310784099528	1	243.38707322235	186.443755890784	1	70.2433171362987	118.036029167958	240.304529799814	259.449218490521	180.033069067943	159.861786115964	152.486665865714
GNB4	1	70.7177784367827	12.7037968974132	15.699380142943	58.7401091687085	179.913475722952	1	34.8150956802277	31.8731263201889	112.207436222121	1	1	1	1
GNB5	83.5729496847106	80.3162210314322	69.5406276755328	144.098575510334	125.304249894402	70.3150469345574	24.8641907055613	112.985718328533	87.5117565953422	57.775281620307	1	183.462156763851	1	1
GNG10	51.002114657091	234.824327156685	59.386440517236	29.2840379880659	1178.08659537174	310.756738627364	28.0495432397522	97.3347573168798	119.799429349302	221.738441767483	352.849805571844	1	1	194.712745601852
GNG12	1	1	1	1	1	1	1	1	50.2378600142131	1	1	1	1	1
GNG2	170.66805973081	65.905927624181	446.598036270582	55.4328208039397	170.521744611774	14.7804449298644	14.0152644433428	138.898822560049	18.3003596170437	32.4548547283694	1	1	1	1
GNG7	1	1	1	105.918987442904	20.2176820036369	1	52.0910803660232	30.6311565177149	1	1	1	1	1	1
GNGT2	1	1	24.8100643751023	1	1	12.7118985693973	1	1	1	22.5518233426011	1	1	1	1
GNL3	56.8700576193189	32.5351473124963	37.8105746264131	64.9871362651972	1	40.7076248669712	53.325254906369	35.0438447101902	61.7143083139779	47.9127673459616	1	182.224128548031	1	1
GNLY	78.2871940013621	1	3556.65487922063	1	1	1	1	68.790544902664	1	1	1	1	1	1
GNPDA1	14.6614330398749	39.5247649910871	28.8942398114468	1	57.1236439832872	154.875829407383	1	97.1918663729769	37.744680416062	70.784930712113	1	1	1	1
GNPDA2	1	1	19.6158155357642	15.3257411323997	1	1	1	1	1	1	1	1	1	1
GNPTAB	55.0125536334251	43.5805905404501	306.009116016274	92.9595385903655	19.9822716901341	82.8373561397183	23.9498025304001	82.3887671888485	91.2235514584662	67.7256932432744	140.456140056133	1	1	1
GOLGA7	86.3586131156834	83.2024337732487	137.531185881057	33.6578742320528	165.631220053759	68.9066371889902	22.2991308118114	53.1263955771629	57.3861714701698	75.8476301416015	120.962421994374	1	1	1
GOLGA8B	27.4094215387111	1	23.7319159620376	20.2835284408487	1	1	1	1	1	1	1	1	1	1
GOLGA8N	1	1	36.1512355432923	1	1	1	1	1	1	17.9379252969541	1	1	1	1
GOLM1	1	66.6999688042739	43.2255037438802	1	1	17.4773036592201	1	44.3188747402763	185.727307824153	58.1250978220903	1	1	1	1
GOLPH3L	1	1	1	1	1	1	18.6176839559359	27.6256031055994	23.5166417569596	1	1	1	1	1
GORASP2	48.3010375515888	42.0662957302762	53.1276155332346	33.1174802675177	1	40.7275322228373	82.8733492443704	73.9530924143526	82.247520731629	45.6727070252495	1	1	1	1
GOT1	17.9870498504978	14.5341822936182	1	56.1450492791219	1	15.6065874340433	1	57.9093490457727	130.498302085705	24.9235504620671	1	1	1	1
GPAT3	1	54.0818924723592	1	1	81.0794466259935	19.148186082766	1	83.1210995290708	33.0997571885959	110.805885672762	189.951767049025	1	1	1
GPBAR1	1	15.9824236642536	1	1	1	1	1	1	1	1	1	1	1	1
GPC1	1	1	1	1	1	1	1	1	64.2552028685775	1	1	1	1	1
GPC3	1	1	1	1	1	1	1	1	122.608726059608	1	1	1	1	1
GPC4	1	1	1	1	1	1	1	1	43.7664218357515	27.9665464120067	1	1	1	1
GPD1L	16.7810423196921	17.0610425776862	12.2422510786521	1	1	1	1	40.2544146960221	19.1292134906825	11.1601532601818	1	1	1	1
GPIHBP1	1	1	1	1	1	1	13.0285126576762	1	1	1	1	1	1	1
GPKOW	1	11.8059039215111	26.5983954472181	1	1	1	1	1	1	1	1	1	1	1
GPM6B	1	1	1	1	1	1	1	1	1	1	1	181.283189923385	1	1
GPNMB	18.5519513997202	109.346199450174	25.9175049506058	16.6101948702307	46.3181426508891	3035.60026212058	1	104.920028724327	275.217093262553	431.113584201807	1	1	1	1
GPR132	67.5322509607786	36.8932528080858	19.043415137992	28.8181158431027	1	28.4756950383217	1	20.4596524576036	1	35.848792217535	1	1	102.591784317236	1
GPR137B	27.1320701169829	29.5006108664246	1	1	1	117.343403215349	1	39.5875949922381	36.6099320223958	92.8280004911916	207.900133540263	1	173.644289333915	108.063053483876
GPR157	1	33.4467528866583	16.0415572648072	1	23.3206786059891	25.0616176664946	1	1	27.3790643916647	97.6351767274437	1	1	1169.5279039589	692.765350263936
GPR171	235.912751794802	1	39.2416524411307	1	1	1	1	44.6456197791753	1	1	1	1	1	1
GPR18	32.548578070668	1	28.3676739085408	55.2730028829714	1	1	1	1	1	1	1	1	1	1
GPR180	1	1	17.0770868938968	1	1	1	14.3894803030542	1	1	1	1	1	1	1
GPR183	450.187381451363	362.482176334899	27.9172629507145	747.496327360502	1	566.884343169846	57.1545756119312	221.224023966845	18.8538214031149	1351.31708525773	2371.80151336513	11304.6352152335	2477.77197428766	738.471829170091
GPR27	1	1	1	1	56.584584723401	1	1	1	1	1	1	1	1	1
GPR34	1	1	1	1	1	56.7493869023942	1	1	1	25.2625376005126	1	1	1	1
GPR39	1	1	1	1	1	1	12.4813998456806	1	1	1	1	1	1	1
GPR65	97.0552962721796	51.6540444585221	231.285105250992	64.1850262133468	141.869969712524	30.7885511281558	1	160.156677316042	78.4811057899513	43.063352822932	143.284310009452	519.551988097741	1	162.60096500672
GPR68	17.2505788257144	1	46.4734383061942	1	1	1	1	1	1	1	1	1	1	1
GPRASP1	1	1	1	1	1	1	1	28.7130592162625	1	1	1	1	1	1
GPRC5A	1	106.168114567293	1	1	1	1	1	1	86.5616851522094	113.639403302551	1	1	1	1
GPRIN3	141.323798611972	48.7160726391847	78.0460636325703	15.1024116551439	25.3912154479032	63.3748338026593	16.3770332687074	83.0284110272845	33.766236380695	87.18228930561	119.195743514965	1	1	1
GPSM1	1	1	1	1	1	1	1	17.9433054709002	1	1	1	1	1	1
GPSM3	55.2177698109966	61.7407225711447	51.8905014508889	59.8562509339016	344.633196175752	34.3754495779763	1	40.1305161422108	21.5004243965242	44.2060002156483	1	1	1	1
GPX1	58.2848592552453	360.200241038078	17.9611328195346	73.8052154027541	35.7418968949372	798.662893607228	80.809656359372	138.516722605646	119.429204977739	626.533796093212	677.301308304073	689.810714975523	284.034383937988	529.10939146344
GPX2	1	1	1	1	1	1	1	1	310.048315100098	1	1	1	1	1
GPX3	1	34.1706951364806	1	1	1	69.1976157195345	1	61.1944437473815	24.7468299066631	130.966437749934	1	1	1	1
GPX4	131.420816561959	233.607440698146	69.2660866022053	133.209469614249	56.6951899038809	347.045070938714	74.4453569453278	101.897544176114	201.765814961098	302.320563593846	204.569190725019	194.79546817199	809.943457734931	252.571073307467
GPX7	1	1	13.6469757005383	1	1	1	14.3744047739049	1	1	1	1	1	1	1
GRAMD1A	72.6230261232948	61.4252022774022	49.7291337238591	29.3617257706479	95.5910279312992	57.333033762686	42.4290482685488	33.3474751903638	45.8726801572839	62.8130345883054	1	1	152.223096895907	1
GRAMD4	51.7584499060767	49.1546962259521	59.2007929665673	46.3570057590063	1	65.2538557311091	1	137.844279561871	104.788654934267	40.6338136316251	1	176.912157558825	1	1
GRAP	1	1	1	35.6533672416007	1	1	1	1	1	1	1	1	1	1
GRAP2	32.8347776944046	1	50.1013279492938	1	1	1	1	50.5502603875535	39.369394897331	1	1	1	1	1
GRASP	37.7855555695799	104.645402144338	51.6857599890138	264.284087229799	1	88.4843176703627	1	213.77752292115	60.4793795575767	281.709281123629	458.651631449652	1177.58532469115	539.038795143568	424.220163815394
GRB7	1	1	1	1	1	1	1	1	28.3825419663116	1	1	1	1	1
GRINA	18.3607246486379	184.475453989944	21.9393099538956	42.651617457646	203.843602845752	345.862532335845	27.3819840750807	56.869357744384	70.5190781948374	221.530599543554	168.738627750935	1	398.024237820533	1
GRK3	1	60.9096625543016	1	64.202708380457	17.4593362809486	54.6611330291769	1	33.4086964682136	29.4389295387561	36.9647360129124	1	1	300.837443517251	1
GRM4	1	1	1	1	1	1	41.9779756493478	1	1	1	1	1	1	1
GRPEL2	21.2017013543385	1	15.3978785551184	1	1	1	1	1	14.9112661394559	1	1	1	1	1
GRSF1	63.2817919137525	71.7140220580148	72.5141128352469	36.8316547413672	1	64.1087440854569	26.8087269410593	63.3629971834146	123.947374131943	94.4403329056513	1	132.666155269128	575.848857040124	1
GRWD1	16.6069345995596	1	1	29.248231313872	1	1	1	1	22.7744187723945	14.3020163068757	1	1	1	1
GSAP	1	41.0402636730562	188.275460662243	52.374728968976	1	35.8058381316389	1	46.693930397703	1	30.8488138171247	1	1	1	1
GSDMC	1	1	1	1	1	1	1	1	30.4227008895323	1	1	1	1	1
GSDME	1	1	1	1	1	52.4805230680231	1	1	1	14.58013759031	1	1	1	1
GSG1	1	1	17.9135112246193	1	1	1	1	1	1	1	1	1	1	1
GSN	19.2956931830771	337.953185793467	121.006378153048	37.9275388277929	194.642882574052	545.807325542383	1	150.766681147781	382.113020538638	1224.91734206105	3120.59752043665	336.435304669505	2395.14901116857	673.875629649319
GSPT1	336.925228729572	96.6868580063735	103.178193024794	143.624751916585	1	107.470229099012	58.3468706413124	145.504647450255	125.086074215813	144.486053758625	151.060627560383	1	81.200897496012	1
GSTA1	1	1	1	1	1	1	1	1	149.306311798948	1	1	1	1	1
GSTA2	1	1	1	1	1	1	1	1	71.3702095411179	1	1	1	1	1
GSTA4	1	1	1	1	1	1	1	1	70.4553379319936	1	1	1	1	1
GSTP1	76.085361393081	321.240577977923	203.197587326766	41.3834281919833	1	199.035979950346	161.270568813429	74.080300379732	604.958928578824	228.078797501418	177.251478561219	187.572145289389	493.72177776639	888.538210820566
GTF3A	80.1890514043923	52.4867089094374	134.440989044869	63.6221322015353	20.4340999552358	51.7459261206355	69.8792269577947	50.5347114491358	37.2722243678641	56.8802771455997	1	1	1	127.296982551106
GTF3C1	26.1637026881509	20.5560352616398	95.0723418395388	14.4947498801593	1	20.2322454833526	1	13.4096049750282	10.5273473357227	22.0747001559547	1	1	1	1
GTPBP1	77.0583539439707	33.8033539398209	52.7784473730007	124.481215067215	49.1731442153003	27.1749269013222	44.407561976645	48.9620056366504	43.2065654496171	42.9179516233287	1	135.064171157947	1	1
GTPBP3	1	12.0456513600177	15.0054544616905	1	1	1	17.6492422285681	15.8548773752324	15.9132212277736	1	1	1	1	1
GTPBP8	21.127520234438	1	22.4498599603773	1	1	1	1	1	17.4147870321529	1	1	1	1	1
GULP1	1	18.1288498098122	14.4744747725378	1	1	1	1	1	62.6441757435074	16.7139344072578	1	1	1	1
GUSBP11	1	1	1	1	1	1	467.653898783695	1	1	1	1	1	1	1
GYPC	127.811840666452	27.0684578225305	98.23437372201	74.3657589571101	1	67.3339746526568	112.22627139867	23.1761771844319	1	23.067376059885	1	1	1	142.836148899831
GYS1	1	13.5713588511741	11.8774551408734	1	1	1	1	37.4242418132693	1	12.8859827703086	1	1	1	1
GZF1	1	21.360159592568	1	28.4156552838621	1	28.118986970115	1	89.6734839099254	12.4373477944381	68.167249684701	123.84185756972	1	1	1
GZMA	172.367150531464	1	971.010028841905	1	1	1	1	15.3900548564756	1	1	1	1	1	1
GZMB	68.2283392936845	1	1364.41406748272	1	1	1	26.0589220367522	49.8125987815021	1	1	1	6441.19411369773	1	1
GZMH	36.7419783099798	1	365.977061722293	1	1	1	1	1	1	1	1	1	1	1
GZMK	270.041863628525	1	52.2160917789863	1	1	1	1	40.1000853910548	1	1	1	1	1	1
GZMM	86.5105856575078	1	281.324297351987	1	1	1	1	1	1	1	1	1	1	1
H1F0	1	32.7888700774817	1	1	1	29.2716739267416	1	55.6125445307235	127.025328785495	38.5517174674152	1	1	1	1
H6PD	32.2439356731176	47.2375642344073	51.2185041278995	21.9992468995788	22.4858639064132	43.9120889221657	17.2085847998946	83.2822632414816	30.7128261249726	37.8668577533157	1	1	129.265984890137	1
HAAO	1	1	1	1	1	14.6057672468967	1	1	1	1	1	1	1	1
HABP4	35.4020428723929	1	1	1	1	1	1	1	1	1	1	1	1	1
HACE1	1	1	1	1	1	1	1	30.9575126313123	1	1	1	1	1	1
HADHB	47.35105437434	95.7002056925616	35.8598575704727	37.5901325701922	37.8758282679944	120.487308310659	20.6686935291688	61.9646217290403	59.9607715497133	81.5110497661672	141.460002860903	1	1	1
HAL	1	13.9000277201954	1	1	86.8043724317811	1	1	1	1	1	1	1	1	1
HAMP	1	12.2153873818474	1	1	1	74.3585226946429	1	1	1	33.0931758162569	1	1	1	1
HAS1	1	25.4181353457383	1	1	1	1	1	1	1	24.9108084971826	1	1	1	1
HAS3	1	1	1	1	1	1	1	1	39.2483891449892	1	1	1	1	1
HAUS5	1	1	18.2040946078942	16.5802705829709	1	1	1	18.4012294627258	1	1	1	1	1	1
HAVCR2	32.1444349560321	82.8285899480409	153.056167953561	1	1	192.493076824683	1	109.252429313489	31.9820073289705	233.601019285994	264.390543192271	1	1	381.303045043307
HAX1	91.2140949156582	59.577745012119	71.7891725724755	95.5050110143195	35.831926796203	74.4804563306645	109.599932840778	57.8565537865145	98.5666596279235	74.4433243551872	92.3731327942011	1	219.092198223223	1
HBA2	1	1	93.7348853027627	1	1	1	1	40.3504492413025	1	1	1	1	1	1
HBB	1	71.2007305132972	388.601740525731	92.9527069529839	3657.90512942773	1	1	360.438348086687	1	1	1	1	1	1
HBEGF	1	360.85334380561	1	1	165.561604612272	402.349806373182	1	152.959195009815	89.9245059321179	482.50960083905	279.123553625568	1	1	1
HCAR2	1	1	1	1	136.381347068238	27.9882482148683	1	66.1852205632455	20.6068926330472	27.1330496856193	1	1	1	1
HCAR3	1	1	1	1	119.753269147321	13.2006336067783	1	55.0997300818508	1	1	1	1	1	1
HCFC2	1	1	16.6051507928868	1	1	1	1	22.9771968520642	1	1	1	1	1	1
HCG27	1	1	1	1	34.8856364530408	1	1	1	1	1	1	1	1	1
HCK	1	574.636042504103	26.3805891547946	1	948.763339422383	309.943575125381	1	100.650118498374	28.2871093459723	335.185639372524	752.0928301089	1	256.267743942405	406.71979439516
HDAC9	1	27.538215120993	23.7185643068384	38.5316268058931	1	1	11.5072017141522	1	1	22.9856659824065	1	1	1	1
HDC	1	1	1	1	1	1	1	222.937982627547	183.212240535524	1	1	1	1	1
HDGF	111.16311417223	164.828982798899	118.023448481109	55.6518918003382	63.2748668724037	122.889105798262	58.5824377038774	104.211391292611	218.232826712045	157.126392645899	206.297037035793	1	1	1
HEBP1	1	66.6761544359958	22.0409531826907	18.5391158784221	1	75.7208771625859	1	15.733015515932	29.2075104567761	49.7754248448207	1	1	1	1
HECA	254.828364333092	78.5426182849374	144.006055136802	119.329380380271	203.708146289811	56.3036412259999	52.5590028018221	142.31661202244	59.9857295391918	61.5155124231287	1	1	1	1
HECW2	1	1	1	1	1	1	1	20.2684956937741	1	1	1	1	1	1
HELQ	1	1	18.4742718475609	18.4342530135083	1	1	1	1	1	1	1	1	1	1
HENMT1	1	12.4427138692954	59.9057088407469	1	1	11.4766266640014	1	1	1	1	1	1	1	1
HERPUD1	313.231077777144	409.370314902541	132.467599264037	909.551036694477	128.260256053312	542.308579639084	3439.28217573555	449.336868863362	353.605069082442	604.629851639845	500.942019810983	3088.4224436504	367.098457576677	382.587116532514
HES1	1	121.638577658388	1	52.1272315800083	28.0918364514548	142.084705658801	1	245.385336590151	337.991730830022	103.382467993018	1	1	1	1
HES6	1	1	29.6422307847976	1	1	1	1	1	25.787515751578	1	1	1	1	1
HEXA	29.7243720266396	74.8632860222646	85.482703378207	31.566912911569	1	273.703363504701	26.1186447506038	63.0340031830554	38.3331328098557	105.016920290555	1	1	1	1
HEXDC	1	1	23.9677324614407	1	1	1	1	1	13.4009249217791	1	1	1	1	1
HEY1	1	1	1	1	1	1	1	22.6280722407732	68.9069072266814	1	1	1	1	1
HGF	1	17.8678104592934	1	1	1	14.3376546007424	1	1	1	1	1	1	1	1
HHAT	1	1	1	14.8355607129109	1	1	1	1	1	1	1	1	1	1
HHEX	1	39.4082106928814	18.2945794346435	34.0884473897866	36.5046409872464	13.2965376174294	1	1	13.5344286540769	1	1	1	1	1
HIC1	42.8743153119428	38.3878612472874	37.7414434964784	1	1	25.4082201496278	1	87.7652113237107	1	115.90911713195	205.011032380658	1	1	279.926126699506
HID1	1	1	1	1	1	1	58.5237490515427	1	27.169136264216	1	1	1	1	1
HIF1A	67.1977169445792	176.899293146376	33.8723790619892	166.35501205325	277.61514831157	302.025862383226	23.0121272230176	270.155178474645	201.295508529946	243.583663146461	240.772489824053	1	1	1
HIGD1A	43.7342575852895	61.1677987464105	62.6418653095695	27.9607950895351	33.0668175869742	58.2368614539969	25.822944475208	67.885162438772	104.806570565437	66.0734591258214	1	248.65658663442	1	1
HINT2	1	16.637309692247	26.192911953072	1	1	1	18.0285011199506	1	21.6127592454307	1	1	1	1	1
HIP1R	21.4887912244115	1	19.5483777328255	45.5848247081879	1	1	1	1	24.1031088132389	1	1	1	1	1
HIST1H1C	1	1	1	1	55.1512383270056	1	50.5156033935506	1	24.662462227067	1	1	1	1	1
HIST1H2AC	1	18.3410352843383	1	1	236.936872287822	1	55.8906937615558	16.4215146184003	30.1902733395777	14.6108936319679	1	1	1	1
HIST1H2BC	1	1	1	1	61.7325958868578	1	23.7551201347126	1	1	1	1	1	1	1
HIST1H2BD	1	1	1	1	19.9411375090702	1	70.5875230013344	22.6172659937919	40.6768936363164	1	1	1	1	1
HIST1H2BG	16.1357949853624	1	1	1	30.9647581143925	1	80.6855083052195	33.3125210081429	1	1	1	1	1	1
HIST1H2BJ	1	1	1	1	1	1	21.8194714174795	1	1	1	1	1	1	1
HIST1H4C	340.740604587556	51.8864920714208	253.933092031759	279.020171886223	27.1491889771804	41.7471495067059	81.9582766631511	123.020552613406	126.799728180651	82.1465464725795	1	223.179961083975	1	1
HIST1H4H	1	1	1	1	23.4311609514477	1	20.2658208403513	1	11.4864037679217	1	1	1	1	1
HIST2H2BE	1	1	1	1	60.834068959158	1	17.1119319249651	20.8536226272164	1	1	1	1	1	1
HIST2H2BF	1	1	1	1	1	1	1	13.8275277110568	1	1	1	1	1	1
HIST3H2A	17.6097180590111	12.5145682807853	1	1	1	1	1	1	33.960234992534	1	1	1	1	1
HIVEP1	35.9619771554662	26.9340034789303	26.7983547619676	40.0183535496679	41.5356795840903	26.9914597210802	32.735637234198	36.1135469797018	25.9756575687673	18.5187746091768	1	258.745639252368	209.569616292573	1
HK1	83.3920701759207	151.843473439277	86.2301285899425	79.2298849607592	38.4745041184289	145.343217268458	15.9502333908889	58.4396056397315	131.19574237202	131.355803753048	146.75859971743	1	1	1
HK2	1	129.39916557454	1	1	59.5151034463182	151.665800787563	1	168.252885954665	177.644963028498	190.508877768247	1	1	1	1
HK3	1	116.524478956784	1	1	52.833201455805	77.0895396325159	1	1	1	23.0286740157484	1	1	1	1
HLA-DMA	16.8989389657691	120.365468102893	1	163.112832998426	1	300.535140721939	32.5317686366503	50.0168977916559	1	237.102487110326	421.404622103466	149.875442681632	73.8126475145151	395.003504194846
HLA-DMB	1	198.236041768425	1	160.381029449747	1	430.264462126287	1	18.8651353820292	1	395.49523948294	763.149393094563	289.134825067268	192.415336393162	397.046532857733
HLA-DOA	1	41.2357510819311	1	153.466509407611	1	154.25925233851	1	32.9663153754318	1	153.124879056912	304.870981950688	178.498603208335	194.142895840645	270.690823309863
HLA-DOB	1	1	1	189.135677140489	1	1	128.624122493303	12.9608558022887	1	35.1738780407066	190.577456593826	1	191.574215262305	320.0539849544
HLA-DPA1	129.704343946555	1292.24966733775	126.206459716401	1706.96313684586	1	2394.31790974122	120.542430137913	316.186712425679	24.8514400399144	4078.85211910593	8906.41832333068	1960.12608547469	4728.52789865683	11501.9708386028
HLA-DPB1	132.272936349989	957.302508454213	118.740979562729	1464.91025028344	1	1856.55952315891	46.188231241635	236.552411604241	17.9315800348726	3108.87673143859	7506.59105899324	1150.47898805007	4629.73694872479	10847.677037282
HLA-DQA1	20.6993782023215	158.180028754083	1	921.738316544269	1	566.891975818137	24.7259112518527	90.1018992931969	1	1044.45031480419	3304.71310482976	399.068322319133	1548.54418211133	2600.91916138192
HLA-DQA2	1	1	1	61.8859606947275	1	44.6116015366085	1	1	1	163.462931986865	1537.35032959484	1	312.167709399177	163.65050561813
HLA-DQB1	47.0362975800907	441.598950296444	1	1125.02859928665	32.3382399369796	1096.46068406917	68.4461973767737	155.485028690458	1	1657.94915488884	5033.31472306715	716.467391103112	2106.33068509968	3733.7779907763
HLA-DQB2	1	1	1	1	1	42.9970705554542	1	1	1	182.406397211855	3656.56873318506	1	331.446679906038	297.301838814264
HLA-DRA	158.988896376188	4567.52934861592	52.8768496889936	6789.23714722606	107.498195016583	8266.67634316498	122.773233763392	951.934944945254	72.3802924671597	11751.0820968294	23844.4286624852	6014.54443932471	12973.9453230505	21314.03745755
HLA-DRB1	252.372527284491	3440.16074076228	90.7981639774504	2669.70133328858	35.1202780852968	6669.48743883329	146.691632365401	625.10805474963	43.7621926148416	8757.05073482449	15424.4001075553	4346.65890748542	7473.66160144593	13994.748047107
HLA-DRB5	35.9056348116768	337.838971574316	1	334.887783748317	1	650.949814013132	40.3946646363589	56.0590622398552	1	874.508663821557	2305.00827870866	323.07940302288	556.008380896246	1877.49578266747
HLA-F-AS1	14.9057113716163	1	18.4241253038276	15.640860614742	1	1	1	1	1	1	1	1	1	1
HLCS	1	1	21.8249853417074	1	1	1	1	1	10.8240832711257	1	1	1	1	1
HLX	1	24.7114321025655	1	1	120.36167063965	15.1762439065537	1	1	1	1	1	1	1	1
HM13	82.2303944716042	193.111659958439	94.1680423007292	56.3591218296761	148.402816630105	228.281527805831	296.109870866784	101.93434508519	143.9242110769	171.400828417768	1	187.689890034983	1	1
HMCES	73.6503252351255	18.9206070741639	52.6615067597095	1	1	17.2019392648283	71.1171612016424	54.5963670283155	34.7416045874668	18.5440095262384	1	1	1	1
HMG20B	39.6667750712241	67.2226722016103	72.5061341993905	28.9688254593209	79.8279128689917	58.8812790216639	21.1095946183278	73.8684146074233	65.4272599926382	51.0795922377353	1	1	240.958714853043	1
HMGA1	53.9798746089223	51.2557067020664	30.0958297113458	63.2047498212679	22.3582883648134	51.9951693612909	24.8996976651431	29.6260899292745	109.56251568635	98.2088872759581	1	1	1	120.943500496366
HMGB3	1	27.9573861402405	1	1	1	22.2838421810227	1	1	295.921136435229	21.0232862306061	1	1	1	1
HMGN3	42.9802909599852	64.0448456233401	100.636481207868	39.8000921045844	1	64.159103438465	54.416458352474	22.1335850573834	99.5967214791014	75.5956794269438	1	1	129.174981800674	1
HMGN4	1	1	1	1	1	1	1	18.8730770984486	1	1	1	1	1	1
HMOX1	1	210.921620541316	1	23.4623939446545	44.9706163559198	422.659264856305	15.3045837313028	170.455691069137	64.2104890308618	147.615029468996	1	1	239.916895146686	213.765050884971
HNMT	1	78.8549814512378	1	1	1	128.555729743257	1	17.7493127444525	1	66.5582086914747	1	1	1	1
HNRNPLL	62.0946708737118	21.2783984997257	1	1	1	22.1231709703796	1	1	25.7878147688311	40.9459267067251	1	1	1	1
HOMER3	1	36.4716835244493	1	1	1	48.7643898428585	1	11.8988012913188	32.3031025500584	1	1	1	1	1
HOOK1	1	1	1	1	1	1	21.7117213279662	1	38.0915459634668	1	1	1	1	1
HOPX	66.6213223339812	145.553984849876	488.755519722881	39.010219578795	24.6776755775128	21.512594448598	1	41.4826094193594	110.324268216976	66.2011670415637	1	1	1	1
HOTAIRM1	1	39.3835821971763	37.9702040707682	1	182.51309685126	12.2875047561041	1	1	1	1	1	1	1	1
HOXA-AS2	1	1	29.6935397998684	1	1	1	1	1	1	1	1	1	1	1
HOXB2	20.2347071648247	1	67.3884804642098	1	1	1	1	65.6793408824848	126.902491341838	1	1	1	1	1
HOXB-AS1	1	1	30.3022026252999	1	1	1	1	22.6813281241292	27.447889148567	1	1	1	1	1
HOXB4	1	1	32.3197421090167	1	1	1	1	1	16.4440864339854	1	1	1	1	1
HOXB7	1	1	1	1	1	1	1	1	65.8134952691415	1	1	1	1	1
HPGD	25.9170020584759	50.2883908864387	17.0496086055501	1	1	16.2484441169008	17.64712375375	267.421570916953	361.472240608001	49.2666159859524	1	1	1	1
HPGDS	1	1	1	1	1	1	1	212.835436257542	152.636460329562	1	1	1	1	1
HPN	1	1	1	1	1	1	1	1	32.9415839702654	1	1	1	1	1
HPS1	47.4560742170293	85.6869823431679	94.6636929563965	47.0782658617975	77.6929441626398	89.577902845079	23.8248948734673	48.0893614466678	48.719206431435	70.557082207278	1	1	1	185.334079493245
HPS6	1	15.9502653264892	24.2942534124349	1	1	1	1	1	1	1	1	1	1	1
HRAS	1	1	14.7980816137199	1	1	18.5339552600718	1	1	56.264310927513	19.9121329606385	1	1	1	1
HRH2	1	70.9527434841491	1	1	99.9847459353808	33.3470011392006	1	1	1	21.1867876949363	1	1	1	1
HS3ST1	1	29.7600068669181	1	1	1	54.4666965523204	1	43.6283518190107	40.0961514965156	51.4736891881685	1	1	1	1
HS3ST2	1	1	1	1	1	95.4208419473519	1	1	1	1	1	1	1	1
HS3ST3B1	31.8881868374325	1	22.9353352454757	1	1	1	1	1	1	23.1718179592833	1	1	1	1
HS6ST1	1	13.4522136304916	13.6454747924018	1	1	12.7867997486189	1	48.9165633522087	85.2007168634736	1	1	1	1	1
HSBP1L1	1	15.7751177532709	1	1	1	21.1522166079667	1	61.8765134316122	48.6154797439004	17.6113680325906	1	1	1	1
HSCB	63.5324504908232	87.8715286536611	76.7686707247252	68.6594336768375	99.2946027953254	70.1192486096236	29.8372894103538	72.4619257820122	75.9668729308145	59.9476133033869	107.727069860701	1	1	1
HSD17B1	1	1	1	1	1	1	1	23.5300748958682	17.6508426985407	1	1	1	1	1
HSD17B12	37.6621671669502	67.7349137481979	45.644308473219	55.2600115869809	35.9619144612395	104.151853912082	74.4072520929252	94.6508529178625	146.5164446316	97.7555192621544	140.29560173385	1	1	182.877177606643
HSD17B14	1	1	1	1	1	48.0208081272648	1	15.9612636953076	1	1	1	1	1	1
HSD17B4	1	58.6730251664815	19.0062592711131	22.3051931243535	1	121.293247066572	18.1121244814093	42.5431009402788	64.4342664417759	54.0290622019559	1	1	1	1
HSD17B8	1	1	1	1	1	1	27.7338295958814	1	1	1	1	1	1	1
HSD3B7	1	18.6009985923696	1	1	1	84.5189769618622	1	30.4724314124287	13.5069265938917	29.9726939854379	1	1	1	1
HSDL2	1	26.7767298439368	15.2020254012512	1	127.090834165045	30.8171897223375	1	1	19.6954167182598	17.066659429007	1	1	1	1
HSF2	16.1894048518389	1	20.4199643772488	1	1	1	1	1	21.843893042588	1	1	1	1	1
HSP90B1	186.768914722578	256.812310712409	282.883838575882	116.405908436806	43.6457391326852	510.278086357926	1749.11909706056	486.47337960586	1103.29441893855	420.647749346785	390.191727023545	2034.77148124339	274.042354042515	294.342290477124
HSPA12A	1	1	1	1	1	1	13.0859741111825	1	1	1	1	1	1	1
HSPA13	44.6329981004031	22.507633633147	31.603768278313	37.8869248560717	1	38.1230379924356	140.628879977388	31.0987510634533	52.7597716308305	27.9577751611473	1	1	1	1
HSPA1L	1	1	1	1	1	1	1	20.0858134577224	1	1	1	1	1	1
HSPA2	1	1	1	1	1	13.8073065471221	1	45.4008823500758	22.2691062069323	1	1	1	1	1
HSPA6	1	150.685013445168	42.7341204237418	1	200.978560004337	130.903011537678	163.40649249815	1246.08257359887	281.036060343255	187.355036593767	163.53868743634	1	1	1
HSPB8	1	1	1	1	1	1	1	1	31.8359037427738	1	1	1	1	1
HSPG2	1	23.6170058950468	1	1	1	1	1	13.5170934537431	22.3630821050175	41.3043911086357	1	1	1	1
HTRA1	1	19.0056788931703	1	1	1	31.0587661458483	1	1	20.1168718144971	32.6930377633852	1	1	1	1
HTRA4	1	1	1	1	1	27.5322294619769	1	1	1	1	1	1	1	1
HVCN1	1	88.7473306229552	35.5861174071117	159.950276366538	87.7590298513665	78.1456914273797	1	56.0293447078204	1	73.8921238778242	175.505995359994	471.878818851778	1	1
HYAL2	1	21.4158144022973	1	1	1	19.9045453163943	1	27.4591797081837	16.6544245980292	61.1526950095252	1	1	1	1
HYI	1	1	1	1	1	1	16.3737259313699	1	14.352354895784	1	1	1	1	1
HYOU1	56.3318101122711	52.1769333100772	82.7048809162206	24.651759418623	1	80.2490959658182	148.785589378199	32.9807216299905	189.703811346741	89.0901785624634	1	416.240162135068	1	1
ICA1	25.0595126758165	13.3197350285767	1	1	1	12.0355123356833	1	23.4882564577643	45.7898313712154	1	1	1	1	1
ICAM2	49.2716286884942	31.0835143266897	73.8795935593637	1	1	1	47.9174033110809	24.259304025595	1	20.3093130338962	1	1	1	1
ICAM3	83.8742387897044	70.7937632538879	104.036015661933	58.0641848151474	530.435545909395	1	63.1203022746118	18.4007326183577	1	16.3857744221726	1	1	1	1
ICAM4	1	20.1010683208444	1	1	1	51.4786401248456	13.9516587224489	1	21.3314043268879	1	1	1	1	1
ICK	1	14.4414960503055	25.3984573975103	1	1	1	1	17.9818623386509	104.242604575893	1	1	1	1	1
ICOS	278.067800663422	1	1	1	1	1	1	59.3570712860113	1	1	1	1	1	1
ICOSLG	20.7152882810327	53.0648909026452	28.3260573543518	52.7553568560475	98.7285203042967	55.0148225131751	13.2562403372565	53.9434814694581	17.5434666682877	58.0834663171755	1	190.69760529406	182.997633066581	244.769550787312
ID1	1	27.138844194891	1	1	1	1	1	32.9810940915411	93.4375880810708	49.1905434966258	1	1	1	1
ID2	321.30332920222	178.503942254859	997.266206115475	16.2603703863563	83.6527663346995	262.048504981697	28.0729012110401	659.643761826035	526.248305731563	287.415861623555	487.110135938064	494.32532840678	2354.72597308104	775.352191807363
ID3	39.9841451260761	71.61939581431	1	103.440810317407	1	170.248809457685	1	143.510129209815	149.467471752199	191.128579644102	1	1	1	1
ID4	1	1	1	1	1	1	1	1	50.0532461483016	1	1	1	1	1
IDH1	17.2144577334208	65.2492671805062	19.1426942939427	1	1	274.467649445163	15.2254204791926	34.8917965154979	119.239279740286	82.9712701956766	1	1	1	1
IDH3A	40.7675751033446	66.6636546421039	40.7077512390373	50.2390882137244	19.1827869001453	44.6928356538707	31.6586509566591	38.7248833188749	60.5760261909231	71.0721112190143	1	391.152781872544	1	1
IDI1	203.144291287326	68.2225779561198	110.750134163752	192.94506192884	88.1203801899742	84.0756160189709	31.324603373831	183.978395920828	165.316867276094	73.9010223497976	1	196.498635844337	1	1
IDO1	1	1	1	1	1	1	1	1	28.4904132507699	47.2651948001792	1	1	1023.30977752764	743.204768866405
IER3	21.4837803249511	510.33779897789	18.6480468569586	1	1669.17966543276	1130.03747085328	38.720669247002	783.436304477113	915.364433551796	537.334581129121	428.659317505787	1	232.331974373649	1
IFFO2	55.563192884135	1	69.9394667875059	25.1818685097257	1	1	24.0094558540557	64.6169539802813	31.0180155794668	13.1047178332861	1	1	1	1
IFI27	1	147.474734360714	1	1	1	202.838781002622	1	74.8574468858397	115.279852615678	306.766260633374	1	1	1	1
IFI27L1	1	1	1	1	1	1	15.4929264030907	1	1	1	1	1	1	1
IFI30	1	55.9321341236085	1	18.2465699449352	38.6477901517346	35.5770828542992	1	90.7943466527123	1	66.6000477696711	1	1	1	1
IFI44L	25.6137570259954	80.1978945903065	27.1133516495347	26.0529331644118	20.2722026860112	85.1153661388489	1	113.529403288207	1	88.5511441798257	1	525.678894642369	1	1
IFI6	43.2516537020405	157.476524530569	43.2354812857573	15.21068058723	64.8343748663205	387.603141051447	104.507382938471	87.6311034097361	75.9010621843959	291.081472957378	1	1	1	1
IFIT1	1	18.5386317435261	1	1	78.583568201334	32.3898021126012	1	11.5702769333826	1	29.1384265724416	1	1	1	1
IFIT2	1	19.657549827467	20.2377710632228	1	238.3608411629	30.6915738313419	1	22.4776253679997	1	24.3811479752123	1	1	1	1
IFIT3	41.082072306827	117.160364335364	107.822594426929	39.8302282280671	575.744031690713	127.827881559275	21.1041103349188	154.314253969812	46.7018702101149	106.532118976735	1	1	1	1
IFITM1	55.8350755463586	1	101.913613425945	19.1786035781635	112.816583154752	1	1	35.9240872336433	21.4471008495001	1	1	1	1	1
IFITM10	1	1	1	1	1	27.1225153707799	1	1	1	1	1	1	1	1
IFITM2	461.355627863404	689.348346725757	1459.45038739617	361.311708189229	17406.342505016	202.571572482003	60.1795315541574	1386.39802856999	467.939601175632	322.577236828415	246.088595705468	341.413891855468	123.709712880201	417.885767217966
IFITM3	1	465.988760393111	76.2862680065956	1	656.832013003733	357.452108614534	1	343.765530971667	515.308096831635	674.728363994019	323.226509912647	1	209.31468266381	247.749029007503
IFNAR2	66.2914736254449	99.0179520944837	142.843295047397	37.491966156642	129.395532661398	84.5541748531524	130.182045312352	57.1571805370591	33.3136203234869	57.3384015905205	1	219.072034240427	1	1
IFNG	30.4340211922855	1	32.4651959758827	1	1	1	1	13.072749538628	1	1	1	1	1	1
IFNG-AS1	1	1	1	1	1	1	16.9174570264995	1	1	1	1	1	1	1
IFNGR2	1	241.907277072372	1	55.9240084007487	537.530488697263	200.701185259071	61.8293886086493	135.789014048788	136.157848878421	222.229805176509	210.397246037259	1	192.098903585379	133.753568930821
IFRD1	91.9184724802646	55.9114473912339	40.2248020255457	93.4540577118091	382.041175551959	63.3521139492549	52.5420542849329	170.141503800199	86.1632347140796	48.085545013961	1	262.224048429646	1	1
IFT20	27.7334031329557	50.1028035572662	40.2092555942098	22.9721527072893	30.6669256667422	36.0581940519697	46.2342448872969	19.6474726362341	45.0411150019617	44.9484598114412	1	1	1	245.387140240826
IFT57	32.0889898135683	29.8794278732003	20.4583259687897	121.655361543061	1	16.7482439233152	26.2637244474008	30.2829395479387	34.7308141761302	27.7102070503127	1	1	1	1
IGF1	1	1	1	1	1	19.8382325993391	48.5248087889083	1	1	1	1	1	1	1
IGF2BP2	1	34.94416281824	1	1	1	21.8213541209369	1	1	69.413676710645	29.2962178259374	1	1	1	1
IGF2BP3	1	1	1	1	1	1	1	1	73.5996848465198	1	1	1	1	1
IGF2R	59.629890826669	107.604382394919	274.358661155258	24.5727473932301	496.536182672017	145.076353699759	25.0704716029599	63.1001733817862	66.7842204526134	88.6905787635988	1	234.845148123364	1	1
IGFBP2	1	1	1	1	1	56.3441269552134	1	1	374.25276188815	1	1	1	1	1
IGFBP3	25.143247454709	1	1	1	1	1	1	32.9497859069285	167.201670086469	52.3835156883071	1	1	1	1
IGFBP4	20.3632633437852	49.4135620068209	1	1	1	40.4294066489289	1	55.9760836879955	78.0548876409425	83.4465305826424	1	1	1	1
IGFBP5	1	1	1	1	1	1	1	60.5973697041068	130.763775807515	1	1	1	1	1
IGFBP7	1	131.927575807355	155.559300701958	1	1	83.7701561246235	1	51.4257425086786	1	162.774365408443	1	1	1	1
IGHA1	1	1	1	72.5371132138544	1	1	18247.9442990391	32.7138151141563	1	1	1	1	1	1
IGHA2	1	1	1	47.9092067103617	1	1	532.639171270443	1	1	1	1	1	1	1
IGHD	1	1	1	92.0265999654628	1	1	1160.30660931005	1	1	1	1	1	1	1
IGHG1	1	1	1	40.8698302041701	1	1	4331.51823117234	39.9454321436492	1	1	1	1	1	1
IGHG2	1	1	1	48.6415203858819	1	28.9002601011605	17331.6617489826	104.606569810739	18.4104501109367	18.2937065402641	1	1	1	1
IGHG3	1	1	1	23.7962347363807	1	1	8929.12615451714	1	1	1	1	1	1	1
IGHG4	1	1	1	1	1	1	2053.14049269096	1	1	1	1	1	1	1
IGHM	1	1	1	1003.97119064824	1	1	12953.0058977181	63.1658125768794	1	1	1	222.409102889225	1	1
IGKC	217.507930632815	121.087156456927	27.7350058505898	2097.45788362649	70.8566384010257	271.647599664946	336352.856747532	335.664337558125	239.559718732742	293.483177882046	455.709443820899	1407.72586441027	326.08619477593	254.66061415796
IGKV4-1	1	1	1	1	1	1	14.0802484849172	1	1	1	1	1	1	1
IGLC1	1	1	1	24.1348669970365	1	1	8374.74114058538	1	1	1	1	1	1	1
IGLC2	1	1	1	160.959646505887	1	1	33680.1673619456	59.4867352422329	1	1	1	1	1	1
IGLC3	1	1	1	84.1166275441972	1	1	20632.4964873475	658.368532148607	1	1	1	1	1	1
IGLC7	1	1	1	1	1	1	1165.68332333256	1	1	1	1	1	1	1
IGLL1	1	1	1	1	1	1	410.984555518494	1	1	1	1	1	1	1
IGLL5	1	1	1	1	1	1	592.898385399004	1	1	1	1	1	1	1
IGLON5	1	1	1	1	1	1	1	1	1	18.0631156550813	1	1	1	1
IGLV3-1	1	1	1	1	1	1	56.0610557588164	1	1	1	1	1	1	1
IGLV3-21	1	1	1	1	1	1	44.0014430062812	1	1	1	1	1	1	1
IGLV6-57	1	1	1	1	1	1	117.297597413749	1	1	1	1	1	1	1
IGSF3	1	1	1	1	1	1	1	1	39.0519571964175	1	1	1	1	1
IGSF6	1	164.424507891351	15.4190870166442	1	419.597313869212	262.768085288399	1	65.5174932796869	1	247.952716668336	237.33910203663	1	1	1
IKBKE	17.6515614800331	19.8512438005915	12.9776722430055	1	1	1	1	1	1	1	1	1	1	1
IKBKG	36.1378229526978	51.991540554625	76.0841336526832	33.037847000387	79.4684694516028	43.8722556003777	1	32.6917230453057	35.1472637698234	45.1481289038608	1	1	114.197149738477	1
IKZF1	331.831340014078	101.014351608046	425.382933911653	138.041490811596	114.456696595345	68.5462969648494	45.6934693479368	179.411075647569	40.5969518445889	66.5665899627785	152.399553336657	228.73352951616	484.248018911828	1
IKZF2	41.8880571102301	1	55.4071681197093	1	1	1	1	1	1	1	1	1	1	1
IKZF3	287.849551166868	59.6830810268268	517.44065634184	197.462175170476	111.228918340518	48.1374962794053	80.4137840394818	177.200964759538	70.9015508049965	39.5491486575908	1	1	1	1
IKZF4	23.0473919360938	1	1	1	1	1	1	1	23.0726263353308	1	1	1	1	1
IKZF5	19.1005427184717	12.088849985516	19.0165742430885	27.4288150765809	1	1	1	14.2858950106007	10.9018239428774	1	1	1	1	1
IL10RA	106.145299491189	74.7762837024913	110.251576683814	47.855715534056	26.2611926264456	54.8953517200303	70.8957560387248	32.2918391959117	1	59.6870442543822	1	168.882004985199	93.8507532164168	1
IL11RA	1	1	18.0025521969791	1	1	1	1	1	1	1	1	1	1	1
IL12RB1	29.7131803918307	14.9054737867936	74.3789856300678	13.7745685971097	1	16.8179842083949	1	1	1	13.7492808089446	1	1	1	1
IL12RB2	1	1	1	1	1	1	1	18.4190939858774	1	1	1	1	1	1
IL13	1	1	1	1	1	1	1	54.1927778475565	27.6401840769397	1	1	1	1	1
IL13RA1	1	134.308876346758	1	47.7187754787883	206.97658475177	133.418641247674	1	56.9198381796017	46.1461145848663	179.557097982268	285.500361163293	1	284.182857036004	1
IL15	1	15.6674673578432	1	1	1	1	1	1	1	1	1	1	1	1
IL16	53.1712681335537	44.6101965771248	148.656590772501	104.489290815195	118.120724990886	15.2808600070891	16.5627411974045	63.8152458836872	1	14.2117245465629	1	1	1	1
IL17C	1	1	1	1	1	1	1	1	92.8961064305285	1	1	1	1	1
IL17RA	50.9384435839427	182.599536745746	59.7450079474476	22.9204014952593	395.859134170713	58.9492233452833	1	49.3851902651538	16.9483363215815	83.3366309299937	1	1	1	1
IL17RB	1	1	1	1	1	1	1	65.5642771886367	1	1	1	1	1	1
IL18	1	30.5378912346903	1	1	1	61.0664393229647	1	41.4011114616171	31.6971319836503	66.4643962699922	273.557300917444	1	1	1
IL18BP	1	22.8371110541423	15.0956217887173	26.897345356057	1	69.2681568582783	1	22.1143814345795	1	78.3018314477388	1	1	1	1
IL18R1	23.5902784652249	1	22.9779858285607	1	44.6446295903984	1	1	161.487339585078	81.5354671727797	1	1	1	1	1
IL18RAP	1	1	119.925924628606	1	171.257992599603	1	1	13.8586550441668	1	1	1	1	1	1
IL1A	1	1	1	1	114.651462644475	42.9909790038302	1	30.5004029076629	1	33.9872504384447	1	1	1	1
IL1B	1	1057.40335753126	1	1	1313.18028167453	1062.41586111781	1	919.380107277143	281.375325829223	1261.48999961064	1564.17013426678	1	1	1
IL1R2	1	29.3124585809287	1	1	528.276530031744	1	1	25.1715174133973	1	52.8472683718615	1	1	1	1
IL1RAP	1	46.8252185915669	28.6591387716991	18.3381604264148	126.098219445343	28.8215536040292	1	42.8112839867061	30.0988096084516	67.9490891212171	77.2620053088908	1	1	1
IL1RL1	1	1	1	1	1	1	1	358.265523527484	205.618820233566	1	1	1	1	1
IL1RN	1	295.823768178328	1	1	1593.36645589024	498.824456839564	1	1055.50587736566	97.0096755592119	506.946909857874	865.176962593356	1	1	1
IL21R	75.7981910733339	20.1775606060258	71.6037490346133	15.8310630707173	18.8789994267663	13.1552812398081	25.8972154722551	13.1546146401077	1	17.7898378943722	1	1	1	1
IL22RA2	1	1	1	1	1	1	1	1	1	1	305.178570205245	1	1	1
IL23A	16.2520115713795	1	1	1	1	1	1	30.2094509441882	1	1	1	1	1	1
IL27RA	107.689951884445	78.8810459863613	151.684777729725	62.5513781903461	1	33.3556139132916	11.6424284973018	46.6165224186334	20.5555695416569	56.3980126814484	1	1	1	1
IL2RA	53.421427103798	1	1	17.5009950352476	1	92.0964463436214	1	46.0487120579485	1	14.3094158010896	1	1	1	1
IL2RB	250.737531554296	1	1173.23739912453	1	1	1	1	155.874924965576	1	1	1	1	1	1
IL32	733.954058040099	29.4717314945902	463.783572220573	1	1	34.466692062761	21.5095271781294	219.976728602181	53.9643134236505	99.2805812270428	1	1	220.574820586374	1
IL3RA	1	22.2231441165416	1	1	1	67.3683060230458	1	51.5377601998833	1	46.8710154155245	1	950.361243494303	1	1
IL4I1	1	16.0542082931003	1	1	1	81.5191794503831	1	1	1	116.659496111208	1	1	278.240412187534	1
IL5RA	1	1	1	1	1	1	14.0137516407007	1	1	1	1	1	1	1
IL6	1	1	1	1	1	72.1142737258253	1	33.9020453516046	111.897157686971	36.1875012661644	1	1	1	1
IL6R	61.3835142859048	142.770012183611	18.8862376811007	15.0009928702607	426.011484372297	112.676170861724	57.8271261224533	79.7755407900217	35.6793769330925	84.7481265954665	1	1	163.390454329579	1
IL6R-AS1	1	1	1	1	1	1	1	20.4202659937768	1	1	1	1	1	1
IL6ST	168.551995897567	82.5601042350774	29.6829124008947	25.0967537641278	1	77.9299595370927	75.4961046654108	86.3981824302149	119.270800445577	87.6596775887223	121.065293117968	1	183.578460213165	1
IL7R	1544.56238887492	51.4721276323012	40.930294402717	1	23.6634072403718	192.021709409519	21.7573091298688	214.910802434487	25.4726942586974	387.286079148138	315.78181753415	1	1260.8455957414	1
ILF2	109.413170261064	83.6358228339057	79.880562851914	110.543556346318	1	95.9544282875122	65.6114012043181	84.2207600887494	232.294714734636	135.073483583712	87.565590343671	215.758346589506	1	123.336793741637
ILF3	99.7273743840965	98.2369487400452	123.245564838392	109.833994263407	56.0685024713891	80.5858607534522	44.8710566687149	78.8655978398881	95.7872823637203	98.8774091440026	121.944314614855	1	1	1
IMPA2	1	84.0599552628297	12.0278504930461	17.73877600864	157.359459804453	33.5143894009462	1	20.8600539926168	107.363087807055	33.6261099340971	1	1	1	1
IMPACT	1	20.5633042756977	1	1	1	33.969109443426	1	1	42.9434213568037	23.7804241161025	1	1	1	1
IMPDH2	64.2066318276497	56.9239167050319	30.5856046515072	83.8649761061804	1	42.7300115210062	47.7651572032785	1	62.801196315688	65.6105677928739	1	1	1	1
INAFM2	1	35.2669095909784	1	1	23.913612448054	47.0920890871214	1	35.9517465500339	21.1114698139633	48.6993471532559	1	139.842323845107	1	1
INF2	1	22.6169124158915	1	30.7916005148793	1	39.6055636899495	1	36.2743978821722	12.735035569081	49.6700253244508	1	1	1	1
ING2	1	17.7095602828881	1	1	25.110481022736	15.9302288283949	1	46.6251712285073	24.844914324387	28.9291690345094	1	1	1	1
ING4	1	13.7561472144046	30.9172104750562	1	1	1	1	1	1	1	1	1	1	1
INHBA	1	89.4991398087656	1	1	1	233.207692875174	1	101.889337444524	1	306.888600303841	1	1	1	1
INPP4A	67.1717327857145	47.8444894967925	170.966492217286	17.9725773743038	35.9446095986728	30.1682071453632	35.476712801061	19.8842546450342	18.2802386075732	21.2295410078816	1	445.517934463297	1	1
INPP4B	97.9830645587304	1	1	1	1	1	1	22.1996069217519	18.02378351467	1	1	1	1	1
INPP5F	1	12.3977230432384	13.3860398674901	29.6820401671284	1	1	1	1	1	15.0562584682168	1	1	1	1
INSIG1	116.568367282752	256.854340934605	71.7399514679561	50.8241546832443	46.6193386304137	200.22704538252	45.0478042082759	220.322839636315	78.9935121953739	591.879258673758	580.850404586206	1	1	421.726273095882
INSM1	1	1	1	1	1	1	1	1	1	1	1	1	227.199862342647	1
INTS12	1	1	20.1273545391999	1	1	1	1	1	1	1	1	1	1	1
INTS2	1	1	18.5538396606878	1	1	1	1	1	1	1	1	1	1	1
INTS5	1	1	13.1414847078757	16.7427805611542	1	1	1	14.2987336472527	18.7580086754497	1	1	1	1	1
INTS6	118.204688058657	77.5948452224809	131.71557079222	119.811649194383	70.9722924366866	61.3197523490996	32.7659223060226	218.49924403812	124.397100558741	65.7242481990185	1	210.187496099863	1	1
IPCEF1	82.5777655052038	14.4597500501842	68.7791543701263	1	33.155064877209	1	1	12.8100571464022	1	15.1226301076736	1	1	1	1
IQANK1	1	1	1	1	1	1	1	1	29.5152716297579	1	1	1	1	1
IQGAP2	120.606558997764	102.902824624968	172.422311154211	1	119.371538436985	170.910398787768	24.2442669892883	60.2347511729287	36.8989003491521	51.5179418588251	1	164.399488264083	1	1
IQSEC1	64.296047378103	96.4174486159187	107.964211641233	64.8287416829985	195.500464645833	71.9626523545741	33.184566701903	15.0964447464963	21.0551049327712	40.0778584052876	1	164.791831677664	1	1
IRAK2	1	20.5758543924696	31.3753162452865	22.43166019734	87.7661632228413	26.6512955116745	13.7476473797497	70.3946768964578	17.8331018247665	41.1731255584462	1	1	1	195.372115096663
IRAK3	1	105.948947462757	1	1	118.647397448681	57.7244288571738	1	64.5442134934693	1	51.8207518121545	1	1	1	1
IRF2BP2	463.257648885662	286.738142102464	220.158991102852	260.910935184548	99.4136219058268	193.293154270136	100.319751529964	289.756336132638	324.585414520242	281.759989378242	306.964333710491	2101.75796688737	323.171678234402	336.333356271987
IRF4	83.2624671569017	22.0935546354593	43.8282408989792	63.4811678343408	1	1	69.7547872551647	1	1	122.903551137621	211.110452980304	2449.94108104906	479.681241963779	1
IRF5	1	74.2163050644949	1	19.1528712091194	1	52.7299193507095	1	1	1	28.2669541246555	1	1	1	1
IRF6	1	1	1	1	1	1	1	19.0019828613356	128.598985885857	35.2963160013202	1	1	1	1
IRF7	43.8950353602648	80.3185909991933	51.0586672693683	38.7753581366141	79.3041193134582	56.4337197687277	56.6448812572024	40.8669069410197	46.7591379790111	78.4306889891654	1	1666.62181139214	1	1
IRF8	1	82.2096483647951	49.1880977596958	330.636060008783	1	119.184231037165	1	41.7081853112208	1	62.4218734391203	1	1173.917790784	451.201523175481	831.238036012609
IRX2	1	1	1	1	1	1	1	1	78.6430667897222	1	1	1	1	1
IRX3	1	1	1	1	1	1	1	1	74.2345999623773	1	1	1	1	1
ISCA1	110.396629834	30.8491804099902	64.6560227086571	92.0816296356458	30.6369609733438	36.7570578185809	32.9545890236225	43.6095175696732	62.972544750252	33.3558436742329	1	178.524781597783	1	1
ISCU	164.915975701557	101.383714633005	111.038558624497	149.845170482944	161.245989381483	123.757733881105	209.372162701127	93.8162618529254	95.5857507219534	126.094655540564	1	307.5471521549	744.915933879538	1
ISG20	229.323216806898	44.918878680553	149.513555289849	200.249553407302	284.93108108744	20.2643557311918	261.663716408713	117.867256995811	35.1502718808864	53.0622386676144	1	220.235611267173	1	95.8728689953533
ISG20L2	115.467509709254	106.741918309621	109.858057406976	122.015112309805	173.577965289047	84.2114361229354	28.5124663784476	192.120609412888	96.2805784851081	95.1117651707606	1	184.653884270244	1	1
ISOC2	1	1	1	1	1	17.3317151712835	17.1539654132202	1	16.0772712923348	14.0534212008883	1	1	1	1
ITGA2	1	29.8847805349363	1	1	1	1	1	1	85.7879817514033	37.6263938200628	1	1	1	1
ITGA4	32.2432955369859	24.8609680511827	54.9203374553386	1	1	1	1	1	1	30.0440964619821	1	1	1	1
ITGA6	47.8125809314444	30.885862036131	41.8738889232057	1	1	31.3708998690238	168.278788252977	1	110.444140383517	52.0069073558397	1	1	1	1
ITGA7	1	1	1	1	1	1	16.3397554952206	1	1	1	1	1	1	1
ITGA8	1	1	1	1	1	1	16.8968291922652	21.2184993908887	1	1	1	1	1	1
ITGAL	183.563223728546	131.916697452665	621.452875453247	54.7027100026057	137.968885526571	47.6007943127915	20.6358302954598	51.4049377658819	12.6023613224554	47.2755168416933	1	1	1	81.9785820107185
ITGAM	1	195.907508636961	250.534896813837	17.9160054603504	201.690388400418	140.117054123437	1	51.5011288276175	52.5551985501598	107.963857501012	1	1	1	1
ITGAV	1	31.4135859802889	1	1	1	43.1953497661962	1	29.0511935361947	59.2715640409053	36.3397588139634	1	1	1	1
ITGAX	1	283.361093765009	129.049587523565	1	398.644049265487	327.945996499451	1	169.545309113212	31.4165834621403	247.821217541681	247.435650845527	1	367.641119174693	120.835155349989
ITGB2	352.299848864047	1787.05037213404	2043.91795041147	92.3074127249622	824.179298648347	1276.88652334424	41.752830551796	125.843835588953	25.5013926144609	1308.15804367294	1606.59245462211	194.911941429336	619.32810116745	917.440032975386
ITGB3BP	1	1	16.7527647914927	16.0528567125677	1	1	1	1	16.6370614704752	1	1	1	1	1
ITGB4	1	1	1	1	1	1	1	1	43.4471880126492	1	1	1	1	1
ITGB5	1	17.6198510893411	1	1	1	46.3635171914352	1	1	41.183947685994	31.7062628531517	1	1	1	1
ITGB6	1	1	1	1	1	1	1	1	22.7831329738085	23.6725554290767	1	1	1	1
ITGB7	52.163498372108	13.4076194572607	185.599430391378	41.5987801862135	1	20.5035837699327	70.3453877708772	1	1	48.3500788201894	1	1	1	1
ITK	256.597579472379	12.5056191811127	121.737431058794	1	20.2040536321665	11.9155090229919	1	84.7892908038906	37.6067373162857	12.0782461211755	1	1	1	1
ITM2A	333.81270492756	1	104.564460929928	1	1	1	45.5908096878251	118.136097828877	65.7706019836846	1	1	1	1	1
ITM2C	36.2377151502983	1	1	17.0768140416214	1	1	290.229497306954	12.5884745677328	43.5292294390163	23.2694082630121	1	498.202330103809	1	1
ITPK1-AS1	1	1	1	1	1	1	1	18.5083508398254	1	1	1	1	1	1
ITPKC	1	1	1	1	1	1	1	1	56.0539663829655	1	1	1	1	1
ITPR1	36.9334283535343	23.4030215812975	34.7128933552121	76.3321611951476	1	29.1287556048785	1	59.0135312424214	40.5965815248769	23.7459716070405	1	1	1	1
ITPRIP	64.0359628888776	60.4887388821156	75.0198688497731	1	204.343605814062	61.892981583893	1	87.2014948638597	17.3509347082456	61.8373867078639	1	1	1	1
JADE2	123.447443063833	22.9498619688869	140.303997048849	92.0198546150531	1	20.4993808816061	18.544595622889	87.0352457084342	56.1114607087733	20.8704582764026	1	1	1	1
JADE3	1	1	1	39.4210833124474	1	1	1	14.6846764060057	15.8530747519796	1	1	1	1	1
JAG2	1	1	1	1	1	1	1	1	42.0444764314777	1	1	1	1	1
JAK3	100.009218922625	30.9629315987831	55.1414676408028	43.7055134223721	54.0742868973092	16.3661475436613	20.995010802448	23.9816959129935	1	21.274098108099	1	1	1	1
JAKMIP1	1	1	24.9394121164243	1	1	1	1	1	1	1	1	1	1	1
JAKMIP2	1	1	42.3233458546103	1	1	16.3448620151072	1	6.17354036292973	20.7482011887216	1	1	1	1	1
JAM2	1	13.9194316634238	1	1	1	1	1	1	1	1	1	1	1	1
JAM3	1	1	1	24.7011170497342	1	1	1	1	1	1	1	1	1	1
JAML	88.3566219803626	310.809007921938	21.7109521673554	1	827.426809953707	71.920763484918	1	84.9507557459741	1	166.003158422079	513.998580085699	352.836276345305	1	1
JCHAIN	1	1	1	68.1379128027468	1	1	16089.6334748282	42.9953966835346	1	18.0024703845548	1	3102.65922951613	1	1
JMY	196.221978639609	58.1006647998431	56.6368189210228	145.92669954871	1	78.9133243299397	99.8745292816125	118.85909498775	42.8906111564702	99.4188432446584	127.34387715114	241.20609896095	164.090097144796	1
JRK	1	1	24.0490279918888	1	1	1	1	1	1	1	1	1	1	1
JSRP1	1	1	1	1	1	1	35.5149498991478	1	1	1	1	1	1	1
JUP	1	56.9802803832383	1	24.1584582566704	1	36.596597465541	1	49.9018012869195	308.181626181866	68.0360624369662	1	1	1	1
KANSL1-AS1	32.3488518274166	13.0238508088664	19.2270261203181	22.5880908578042	1	14.4438999597843	1	18.6647071986437	1	1	1	1	1	1
KANSL1L	1	1	1	1	1	1	1	25.0734476521872	1	1	1	1	1	1
KAT2A	1	1	1	25.1263160304867	1	1	1	1	28.283100718117	1	1	1	1	1
KAT6A	231.874171937748	89.4899576238936	198.894622300589	161.07969905091	228.137390627662	61.8093293180674	41.6212247566115	128.427695213465	60.420622654026	88.7119159292744	1	171.756402450939	1	1
KBTBD11	1	40.7791236920599	1	1	1	1	1	1	1	16.4296397194046	1	1	1	1
KBTBD8	1	1	1	21.3702694225853	1	13.1552421477619	1	23.1009814754881	1	24.5488125381641	1	1	1	1
KCNE3	1	127.583836500125	1	1	137.114731928502	44.4487349110524	1	34.5097563072025	29.5158797833889	23.3043973004517	1	1	1	1
KCNE4	1	21.7505185951867	15.2601568921994	1	1	1	1	57.9806601273591	63.4789295249889	1	1	1	1	1
KCNH2	1	1	1	1	1	1	1	73.8110854021167	52.3373910656759	1	1	1	1	1
KCNJ11	1	14.5795222098808	1	1	74.4804916514191	20.674528930428	1	1	1	1	1	1	1	1
KCNJ14	1	1	1	1	23.1795781211491	1	1	1	1	1	1	1	1	1
KCNJ15	1	22.2668429217051	1	1	229.525957683507	1	1	1	17.2418495156434	1	1	1	1	1
KCNJ2	1	15.3601863013236	1	1	106.760222029582	1	1	1	1	1	1	1	1	1
KCNJ5	1	1	11.5325367921817	1	1	33.429678493636	1	1	1	1	1	1	1	1
KCNK1	1	1	1	1	1	1	1	1	51.9362853027357	1	1	1	1	1
KCNK6	61.8431289535101	118.029363447694	90.8115674674867	55.5040201113179	159.794897781453	70.3554595128339	57.6488710946293	64.3362169111765	45.1830975652855	88.1528292518008	1	1	1	207.053005099184
KCNMA1	1	15.660179794834	13.5850969508544	1	1	114.08717137822	1	17.6269587806969	11.5502228043988	1	1	1	1	1
KCNMB1	30.6727041866066	85.9684986420409	50.3633893907717	30.179301977646	127.575272290768	45.8350012786247	14.8142965478233	45.7744918064878	32.1897829316357	77.41405126805	138.544737947231	1	233.768560218161	1
KCNMB4	1	1	1	1	1	1	1	1	52.5193473657944	1	1	1	1	1
KCNN3	1	1	1	1	1	1	81.802639339864	1	1	1	1	1	1	1
KCNN4	1	18.658201557473	1	22.3378492087575	1	15.8087388811164	1	1	1	32.1671768340831	1	1	1	1
KCNQ1	1	48.4952684510382	1	1	22.4663565084415	22.7730507284924	1	1	14.8945315840115	26.9477392763174	1	1	1	1
KCNS3	1	1	1	1	1	1	1	1	32.5482501619212	1	1	1	1	1
KCTD1	1	15.9809651742894	15.0178110118726	1	1	1	1	1	69.4041282423152	12.5949642652219	1	1	1	1
KCTD12	1	281.112277773435	1	1	43.4995818012943	290.907447617072	1	85.6220821510067	32.8256801456764	194.229178641495	160.914937379372	1	1	1
KCTD7	1	12.915507629752	36.2577713201024	1	1	18.8557591088363	1	15.1183303335858	1	1	1	1	1	1
KDELR1	45.1295453864088	118.811415060381	48.3477079956383	37.5375599012129	18.6322034852233	139.522460375928	218.177816933958	40.451755443466	110.662024352216	107.041341814726	91.1773487021876	1	1	1
KDELR3	1	1	1	1	1	1	20.4165989617001	1	14.1203346276099	1	1	1	1	1
KDM2B	38.2745105127638	35.0600045880061	41.5033349943651	42.07512550146	26.1441007127128	27.0671804031108	16.5986149556321	30.3062406219188	29.0696355965825	37.8066260743952	1	1	401.842567277601	1
KDM4B	40.6856147810562	57.4745122878995	57.94996308147	151.78245229624	187.634056201674	37.3113236677569	29.0838223228574	50.2074122721801	23.5992598295019	35.1465452061787	1	257.226161706835	1	1
KDM5D	17.1628957624142	1	20.7948817325728	1	1	1	16.7890047044213	1	1	1	1	1	1	1
KDSR	98.306486243404	67.586002664253	20.4627691131125	67.2612248409962	43.3938055209446	94.5700201318682	41.8943316033635	21.8489353599935	87.4773334575327	91.3002678772167	108.495193645112	1	1	1
KHDRBS3	1	1	1	1	1	1	1	1	62.8442763371657	1	1	1	1	1
KHSRP	74.752523607965	108.521115696492	98.3987861197047	75.1163843249897	34.9478559089734	105.140313439823	30.6419189104269	47.1327441306033	107.923368848443	97.8705206074727	151.984702838427	264.35604843174	1	93.2351389272924
KIAA0513	25.1212076363302	68.5673797413649	1	1	76.2332249786402	24.0216725300699	20.8570898270683	13.475153573803	1	19.0624739657937	1	1	1	1
KIAA0930	30.3228647327526	154.049563286134	61.0028425270752	39.4826732959671	64.7304230866219	150.217460389398	34.1897179646458	22.6407673393843	64.3877023845713	105.39086921762	191.731555377287	1	1	177.304399261779
KIAA1109	60.8748740295833	37.9209839056308	78.7108081731115	41.9566098585765	57.1141015589382	27.6221485966213	14.2724486806729	72.080008052875	34.8941881731307	24.4238547285423	1	1	246.391568946424	1
KIAA1211L	1	1	1	1	1	1	1	24.2776664856953	1	1	1	1	1	1
KIAA1217	1	1	1	1	1	1	1	14.7625943117367	46.603523226047	19.265788430711	1	1	1	1
KIAA1522	1	27.948215065939	1	1	1	1	1	68.3376279282555	142.955782084114	24.0039660471156	1	1	1	1
KIAA1549	1	10.9594757915175	1	1	1	1	1	86.7753218351798	45.9235430177829	1	1	1	1	1
KIAA1551	221.37366246219	77.2216623717713	203.180405074243	212.567015974646	730.004479280109	39.4084544594302	38.0485591278266	202.472950689799	30.8814798594156	50.1023596031915	1	1	1	1
KIF16B	1	1	1	1	1	23.2934886637776	1	1	1	12.0603542143591	1	1	1	1
KIF21A	37.2213431779369	1	54.8286927909195	1	1	1	23.0776509241452	1	52.8879340868844	1	1	1	1	1
KIF21B	83.8757103955115	19.7955574636682	148.523979002608	34.2177745305566	58.0752208556134	1	1	17.8247975227926	20.3512412681914	12.1875955013432	1	1	1	1
KIF26B	1	1	1	1	1	1	1	1	31.5008827292065	1	1	1	1	1
KIF2A	42.3424672583152	14.1121875460785	28.2970524352175	14.7000513967221	1	13.3675214608008	1	61.1125639726457	41.1122160688536	20.3417857052399	1	1	319.29814193897	1
KIF5C	21.8177177233317	1	1	1	1	1	1	1	1	1	1	1	1	1
KIF9	1	1	1	16.8742732636332	1	1	1	1	27.9440098078482	1	1	1	1	1
KIFC1	1	1	1	1	1	1	1	1	25.0817560974141	41.6966511801631	1	1	1	1
KIR2DL1	1	1	34.6712125268381	1	1	1	1	1	1	1	1	1	1	1
KIR2DL3	1	1	117.984897344795	1	1	1	1	1	1	1	1	1	1	1
KIR2DL4	1	1	44.2923326979392	1	1	1	1	1	1	1	1	1	1	1
KIR3DL1	1	1	54.1731063168983	1	1	1	1	1	1	1	1	1	1	1
KIR3DL2	1	1	82.8137798608906	1	1	1	1	1	1	1	1	1	1	1
KIT	1	1	1	1	1	1	1	1255.44969160425	940.925908519997	1	1	1	1	1
KITLG	1	1	1	1	1	1	1	1	47.9435414651502	1	1	1	1	1
KIZ	1	1	17.8952090698179	25.351934588117	1	1	12.0863322894835	1	1	1	1	1	1	1
KLF10	39.8939271681725	111.426563530787	38.5742216178976	34.4160384206008	59.6533124566041	101.896618583521	31.8891474488889	204.187972489863	215.449579438221	93.7374259484234	139.852790604893	363.450987114053	1	1
KLF12	38.185223887827	1	66.74064880968	26.232338617673	1	1	1	1	1	1	1	1	1	1
KLF2	804.486016743243	375.102346692595	1455.08827011005	884.987601865601	606.106252269453	170.028641782886	379.535075966369	1168.62778386613	109.246073920083	169.318294954195	1	1	1	1
KLF4	1	327.56436486563	1	1	1	603.302040347124	1	321.864479100504	207.489138171012	453.305153622105	658.293098325676	347.605015283986	431.799263411139	283.194607883083
KLF5	1	27.5173208269767	1	1	1	1	1	20.3262592283989	148.503049485308	20.8450793769703	1	1	1	1
KLF7	25.1306046242893	71.9002166773578	68.7647541518777	42.7591080976082	87.7799059949324	63.8202946199547	21.1090862705859	96.9376685158165	56.6245993345779	46.0958463330486	1	1	96.4484710210932	1
KLF8	1	1	1	1	1	1	19.3848272999899	1	14.2359677298828	1	1	1	1	1
KLHDC8B	1	1	1	1	1	42.9782484987444	1	1	1	1	1	1	1	1
KLHL2	1	26.3546040170765	1	1	106.882938424898	17.0378638855541	1	1	19.8895617348248	30.8285317248312	1	1	1	1
KLHL35	1	14.6697384956777	1	1	1	1	1	1	1	1	1	1	1	1
KLHL40	1	1	1	1	1	1	24.3666611052726	1	1	1	1	1	1	1
KLHL6	54.6909493794193	56.0062450799995	52.332616066237	170.221291053135	50.2070907977103	76.6779876355113	97.464025785386	110.579478669616	40.7150701243489	44.2903712149972	1	207.006091637861	1	122.758791990514
KLK1	1	1	1	15.3337044353027	1	1	1	1	1	1	1	1	1	1
KLRB1	265.501798319102	1	510.022037284211	1	1	1	1	14.5793769926265	1	1	1	1	1	1
KLRC1	1	1	112.549111734412	1	1	1	1	21.8195376357052	1	1	1	1	1	1
KLRD1	71.1754802436187	29.2467228424397	1631.77477293035	19.2310112552876	61.490387896819	18.7382297634251	1	89.0693078554515	16.8029846826831	12.8121223788763	1	1	1	1
KLRF1	1	1	887.459011197658	1	1	1	1	21.0937977020288	1	1	1	1	1	1
KLRG1	39.001484996481	10.7781302176812	93.1111981451104	1	18.3134875952189	1	1	27.608454325822	28.365901975984	1	1	1	1	1
KLRK1	94.9057718160918	1	417.841658946888	1	1	1	1	69.9231704645241	1	1	1	1	1	1
KMO	1	24.1232085794112	1	1	1	46.9950902798041	1	1	1	30.5159772875475	1	1	1	1
KMT2A	234.772687759199	82.6642979187725	247.140275285564	162.954354225328	26.2030786846036	56.6991445659136	71.2769498303676	98.9933995727699	85.6253870820348	48.5947701076338	1	1	104.844441963655	1
KNTC1	1	1	1	1	1	1	19.2384366495901	1	1	1	1	1	1	1
KPNA2	99.8246278306782	28.9401918594734	25.7155093575005	49.5665418569289	1	44.8213365492651	18.9919269345269	68.0903709689615	65.4895450993064	53.0403169417263	1	217.745053739915	1	1
KRBOX4	1	1	16.9804593283497	15.3572774502521	1	1	1	17.7943439507192	1	1	1	1	1	1
KRT1	1	1	1	1	1	1	1	22.9501204980972	38.8748085920382	1	1	1	1	1
KRT13	1	1	1	1	1	1	1	1	163.723600683519	1	1	1	1	1
KRT14	1	1	1	1	1	1	1	1	472.819869012562	1	1	1	1	1
KRT15	1	26.3261510428579	1	1	1	35.6075406728989	1	1	374.775132470232	22.5870172065368	1	1	1	1
KRT16	1	1	1	1	1	1	1	1	102.463208975254	1	1	1	1	1
KRT17	1	1	1	1	1	1	1	1	2297.86100588901	471.155424209556	1	1	1	1
KRT18	1	91.923736977905	1	1	1	1	1	1	319.375588774382	78.5266110737357	1	1	1	1
KRT19	1	179.044918580646	1	1	1	1	1	19.4922375319328	1439.35256040531	231.912102690135	1	1	1	1
KRT23	1	1	1	1	108.761030604634	1	1	1	1	1	1	1	1	1
KRT5	1	1	1	1	1	1	1	1	1440.54107238968	1	1	818.479550713501	1	1
KRT6A	1	1	1	1	1	1	1	1	1791.82547559107	250.605991840926	1	1	1	1
KRT6B	1	1	1	1	1	1	1	1	283.729425655432	1	1	1	1	1
KRT7	1	67.4839892792203	1	1	1	1	1	1	98.5494524565907	121.61773000202	1	1	1	1
KRT72	1	1	30.6662013716097	1	1	1	1	1	1	1	1	1	1	1
KRT8	35.326996255991	226.318221133235	26.6881723655443	23.4995195071545	55.8280277713936	58.3848169108027	27.5423725596203	106.502277152338	775.631053147203	156.308008618358	1	1	1	1
KRT81	1	1	1	1	1	1	1	1	44.3692726706697	1	1	1	1	1
KRT86	1	1	33.4912338575795	1	1	1	1	1	1	1	1	1	1	1
KRTCAP2	18.6615717955118	19.8620469408449	18.0089308898795	13.6258947974979	1	12.7029016644857	42.5160628851908	18.5910979984396	18.1913695491804	16.6362014284056	1	1	1	1
KRTCAP3	1	1	1	1	1	1	1	1	85.4239561164879	1	1	1	1	1
KYNU	1	66.0040262138194	15.0438869800844	47.0087861175244	1	63.7468804343409	1	1	1	83.0323483886584	1	1	107.986805905099	1
L3MBTL3	1	13.3009016060144	24.4053186737642	24.3888404913346	1	1	1	44.2638444957791	1	1	1	1	1	1
LACC1	1	11.8946478433376	1	1	1	32.5123029450569	1	15.1605395924863	1	16.6083217681919	1	1	1	1
LAD1	1	46.3878398049726	1	1	1	1	1	1	142.015400866741	62.313585664291	1	1	701.127595824233	1
LAG3	23.2708310631456	1	30.3089328696526	1	1	1	1	1	1	1	1	1	1	1
LAIR1	42.5680905858404	128.672164548585	172.807002805651	42.6465694763852	90.4960670082945	327.676662092011	14.9689383909727	103.915908401779	61.8138806958829	163.930411675455	173.496861588249	228.881600446978	1	1
LAIR2	1	1	39.9882357119779	1	1	1	1	1	1	1	1	1	1	1
LAMA5	1	18.7159166156525	1	1	1	1	14.87628265161	1	33.224422833138	37.4156298529577	1	1	1	1
LAMB2	1	15.4850710759021	1	1	1	20.1361023121137	1	1	19.2221611301271	27.3660619844478	1	1	1	1
LAMB3	1	57.9757960111246	1	1	1	1	1	1	34.1987188281106	97.6816859062658	1	1	1	1
LAMC2	1	43.7648463880656	12.0319391667146	1	18.8078192666745	1	1	29.6452898250883	30.944868810255	74.3624604127126	1	1	1	1
LAMP3	1	1	1	1	1	1	1	1	14.0130105614044	51.5307942798956	216.441493073053	1	2434.08878910803	1
LAMP5	1	1	1	1	1	1	1	1	1	1	1	259.230909711909	1	1
LAMTOR1	59.9090839974582	181.282833004705	82.5004270387567	61.2383830509079	161.07615908021	160.077830694951	44.1421571502519	91.0743248381925	87.3125212484855	158.420022087495	277.330620318297	1	65.497978541081	123.773028923869
LAMTOR2	32.8400786285129	92.6653842401136	52.2178666603386	31.1954777684966	28.2671696218939	111.880552544372	33.3049008161013	20.7461563873921	95.5844483936443	134.774114423239	137.117924593029	1	1	1
LAMTOR5	85.6322828234152	114.814507459099	88.5067804488933	130.788455324125	127.458385927355	134.763888821616	60.0091393104843	72.1778151707188	142.373002105805	156.807513031797	156.703422900339	1	1	1
LAP3	33.7606973999474	98.6773706119947	29.2287194929128	26.8322337381978	1	149.572204625069	45.2837188122255	15.5810106483152	28.3601913535749	183.049349978775	162.014832841098	1	143.23928233697	208.116687082395
LAPTM4B	30.6059558185589	56.2404790008929	18.4595982440737	1	30.7037286820403	39.478447844916	1	95.1884628648546	507.55782922556	38.2416281617562	1	1	1	1
LARP1B	18.7398937487648	13.1069052540582	13.6459270765216	1	23.3207013492946	1	47.0689560822957	35.2733539372538	28.5516650826764	14.7868067515906	1	1	1	1
LAX1	36.8484803776342	1	48.4390717018772	27.3380550327385	1	1	74.8486189159249	40.1755311631496	36.4065368829049	1	1	1	1	1
LAYN	27.2769513792254	1	15.6110717418124	1	1	1	1	1	1	1	1	1	1	1
LBH	234.234784655448	1	151.790067539432	139.117278149443	1	1	1	63.9887308417942	39.9539966489135	31.1742279233003	1	1	1	1
LBR	91.4375177910307	90.0409164138238	162.024713798365	50.5911347864349	388.495824638843	45.0018750870884	20.1574323786864	46.1653293245387	58.0480335165174	58.4090371352409	1	1	1	1
LCA10	1	13.9217953990694	14.3227001100481	1	45.9458441308163	1	1	16.5003715776835	1	1	1	1	1	1
LCK	212.487794321574	13.8768410137035	245.718294188919	31.4019755966917	18.0281899092715	1	1	79.8856342595936	12.2009392334326	1	1	1	1	1
LCN2	1	1	1	1	1	1	1	1	28.0148215071707	62.16517400004	1	1	1	1
LCOR	80.5956398695836	80.409364529302	120.903455788035	66.2989431261464	83.3519919935549	66.9409868527848	26.7401118419403	76.7840794171851	103.066364997236	72.2945947740517	1	1	152.55843258263	1
LCP2	137.821560826905	224.468599690671	258.818759267207	1	690.753212778444	177.44912771557	14.7817327841334	404.744886567345	80.9374227376314	204.281702938916	243.627944963118	1	1	1
LDLRAD3	1	27.1397338660056	1	1	1	21.4184920808687	1	1	1	15.5318295588868	1	1	1	1
LDLRAD4	114.742194800527	41.1140901061262	60.8020812708424	213.493951696358	1	37.8120411125547	1	135.660908602924	1	86.4506514253681	128.686373666843	1351.03904569919	1	246.019590629849
LDLRAP1	75.6424816190851	19.3781710126358	36.983768022226	15.0158508725595	1	13.9851407836482	19.5612392446407	1	1	19.1595236274745	1	1	1	1
LEAP2	1	1	1	1	1	1	1	17.3053413031185	1	1	1	1	1	1
LEF1	107.975001160407	1	1	1	1	1	1	1	14.2194268098045	1	1	1	1	1
LEKR1	1	1	1	1	1	1	1	21.0594676885151	1	1	1	1	1	1
LEP	1	1	1	1	1	18.4001499949089	1	1	1	1	1	1	1	1
LEPROTL1	465.092192179161	59.5498368936371	124.124014807729	48.5890244049922	78.3847823646224	76.3195892490587	34.6913474560857	142.370836009643	48.3351488347951	68.0621961799767	1	1	1	1
LGALS1	87.08544108917	391.908304596699	274.499196154862	66.0578462415573	1	827.387991594468	211.199630574342	123.855868986867	146.554178018358	630.401250521332	1051.51265541399	118.894951116447	660.615021942113	659.204401394172
LGALS2	1	174.386761417312	1	1	1	1	1	1	1	60.2412953458878	186.434667998171	1	190.824147711043	793.83928927267
LGALS3	53.5359199842809	284.607330962764	15.2911239703152	1	54.751353290013	554.256452065848	31.3615817382014	215.966863541866	173.353903610526	354.064901039762	1	1	1	1
LGALS3BP	30.7328233360616	164.334113690663	1	1	1	272.571190651034	29.6047036656037	59.5507039916237	343.385820436219	242.632599329375	1	1	1	1
LGALS4	1	71.6844607148199	22.6443534556739	1	50.1729181753514	15.62530148376	1	21.7303638850074	11.7868942998317	79.8132830250051	1	1	1	1
LGALS9	19.4436235607123	91.7193783029959	21.9293278341724	31.8064040469118	40.5741271265672	157.118047441829	1	24.3202248167613	13.5952249722677	123.213931432603	174.795494786313	1	99.7552330758008	197.279076185233
LGALSL	1	1	1	1	1	1	17.6171065470504	1	43.1189830479591	1	1	1	1	1
LGMN	1	55.7245748531104	1	69.2769501978497	1	884.787528724762	33.5636928427434	42.0153351193574	93.3031566911258	176.461380438638	1	169.018988372969	1	1
LGR6	1	1	21.102885174047	1	1	1	1	1	1	1	1	1	1	1
LHFPL2	19.3668779228871	60.38923428735	28.4274793105936	31.9074307351748	76.1256388708991	198.671491619605	1	50.9054924533935	42.7197191460359	99.0728049051088	1	164.822974738065	1	1
LHFPL3-AS1	1	1	1	1	1	1	21.1722480318455	1	1	1	1	1	1	1
LHPP	1	19.4520892932079	13.8565026435752	38.9148237494449	1	20.5688303087272	13.1047722539803	1	30.6722300244917	17.6095015812247	1	1	1	1
LIF	1	1	1	1	1	1	1	147.080514253497	224.722439919876	1	1	1	1	1
LIFR	1	15.1722149442993	1	1	19.9276599066678	1	1	39.0979568528323	58.2723664115047	37.8398611258829	1	1	1	1
LIG1	17.5264402086051	1	25.678382128286	1	1	1	1	15.2174973377358	1	1	1	1	1	1
LILRA1	1	97.6467941065066	1	1	62.3200294944467	1	1	1	1	16.1321325119859	1	1	1	1
LILRA2	1	96.9809950496105	25.5105032382679	1	297.800288347521	22.2532302492769	1	19.7325151044034	17.3876916541857	26.2492292193964	1	1	1	1
LILRA4	1	1	1	1	1	1	1	1	1	1	1	787.494509707662	1	1
LILRA5	1	19.5750424719684	1	1	29.5161460771521	1	1	1	1	1	1	1	1	1
LILRA6	1	54.2137645638273	1	1	35.64171077767	32.3291612726458	1	1	1	15.593484064761	1	1	1	1
LILRB1	1	84.7698120588157	29.7938691030994	30.0855741429216	34.4085481025112	35.3992340770946	1	25.6227891826561	1	41.1717428528151	1	1	1	1
LILRB2	1	244.185469296624	1	1	164.571008761795	68.9790033128987	1	58.5686239716941	1	62.9855113926154	1	1	1	1
LILRB3	15.3792144603759	170.236363265276	39.8727583652639	1	548.074114938749	66.7690612789194	1	57.4515262533757	13.1284986989601	37.7845692736989	1	1	1	1
LILRB4	1	95.6527887700682	1	1	1	255.344484216255	1	17.6687129684171	1	174.988772252366	1	677.500872598798	1	1
LILRB5	1	1	1	1	1	35.5418476696381	1	1	1	1	1	1	1	1
LIMCH1	1	1	1	1	1	1	1	1	70.1264500215557	1	1	1	110.95584480669	1
LIMD2	97.9289054033918	113.937284550709	177.014679106272	83.2630240055726	223.595968039932	23.0804943291422	14.7334351984433	44.3756180786285	9.81278551059684	39.0970980659744	1	1	1	206.322249944104
LIMK2	1	25.6106948900852	1	1	210.993300640569	27.1566239678366	1	56.6999787951017	36.9554259994636	25.9343600226618	1	1	1	1
LIN28A	1	17.6510928408154	13.8321543814071	1	54.7410351891773	1	1	14.6156608761132	1	1	1	1	1	1
LIN28B-AS1	1	1	1	1	34.3562546566836	1	1	1	1	1	1	1	1	1
LIN7A	1	15.8141292801951	1	1	55.9594960573431	1	1	1	1	1	1	1	1	1
LINC00173	1	14.4029689421002	1	1	73.2498285203832	1	1	1	1	1	1	1	1	1
LINC00235	28.0894356479369	11.8615820358733	1	31.6235766838738	1	1	1	1	1	1	1	1	1	1
LINC002481	1	1	132.214574498001	1	1	1	1	1	1	1	1	1	1	1
LINC00324	1	1	1	16.4799105812705	1	1	1	1	1	1	1	1	1	1
LINC00426	18.5325678066472	1	21.9133014648482	39.3018556832827	19.0398341937797	1	16.9496957955698	1	1	1	1	1	1	1
LINC00449	1	1	14.0597772820081	1	57.3197909321232	1	1	1	1	1	1	1	1	1
LINC00483	1	17.2055536766935	1	1	39.4688642331308	1	1	1	1	1	1	1	1	1
LINC00514	52.2679914553774	42.4199129210389	183.299283266027	32.3836447618938	106.476867124017	21.93793012517	1	16.028029877893	20.1858918649137	18.674931898212	1	1	1	1
LINC00528	1	1	13.0522446384935	1	36.2675015914082	1	1	34.45108182331	1	1	1	1	1	1
LINC00640	1	1	1	1	1	1	14.9051761227938	1	1	1	1	1	1	1
LINC00649	22.7981098027205	1	18.4413029766996	1	1	1	1	1	1	1	1	1	1	1
LINC00667	20.138270206172	22.7590990253894	32.8493336549831	1	1	17.4533872836942	1	74.2219802319944	21.8657685675533	25.1611353113177	1	1	1	1
LINC00694	1	1	1	1	68.1548574502567	1	1	38.7790560808083	1	1	1	1	1	1
LINC00707	1	46.9030093046594	1	1	1	65.2493177348416	1	26.2501725989784	18.4734812330519	52.6867685905137	1	1	1	1
LINC00839	1	1	24.6473428499673	1	1	1	1	1	1	1	1	1	1	1
LINC00847	1	14.2291235449236	18.856761358493	1	1	38.5592871682037	1	1	1	20.4209694376367	1	1	1	1
LINC00861	31.8593646758787	1	108.35469042923	1	1	1	1	1	1	1	1	1	1	1
LINC00869	50.8828954120035	18.5263627672165	141.539017352445	25.8524074049752	36.4393124488376	14.2852860544168	1	27.3674505105845	23.2994690682375	1	1	1	1	1
LINC00926	1	1	1	51.4689386981002	1	1	1	1	1	1	1	1	1	1
LINC00937	1	41.2624349738731	18.6907069094848	1	49.5310147731444	1	1	1	1	1	1	1	1	1
LINC00969	84.2550436463713	89.5847688933694	124.244889108568	92.4183401651307	73.0874329731292	57.8037395309814	86.4188094496934	86.2350302886003	51.437166509604	87.0764019932574	1	147.581564571958	1	1
LINC00996	1	1	1	1	1	1	1	1	1	1	1	169.452317586155	1	1
LINC01001	37.8924152349161	105.094120598165	44.8236539338365	45.7825465425928	586.388449562908	43.9015505172941	21.3708992836606	128.390386192649	74.7880423950434	36.6206456931289	1	1	1	1
LINC01089	25.2081169941318	14.0781382288098	1	16.669753866843	1	1	1	1	16.3714786778741	1	1	1	1	1
LINC01094	1	1	1	1	1	39.9727869127236	1	1	1	1	1	1	1	1
LINC01127	1	1	1	1	33.7432023986463	1	1	1	1	1	1	1	1	1
LINC01133	1	1	20.919713016538	1	1	1	1	1	51.2822056197908	1	1	1	1	1
LINC01138	1	1	26.9774335145242	1	1	1	1	1	1	1	1	1	1	1
LINC01206	1	11.6905443755885	11.9541669250974	1	1	1	1	1	53.8523153523423	1	1	1	1	1
LINC01215	1	1	1	31.8360085596415	1	1	1	1	1	1	1	1	1	1
LINC01232	1	1	51.4825161928347	1	1	12.2731780471867	1	1	16.7220244095482	18.3334151979645	1	1	1	1
LINC01278	1	1	42.4689176265102	1	1	1	1	1	1	1	1	1	1	1
LINC01410	1	16.7329081628512	1	1	22.7828275568264	1	1	1	1	1	1	1	1	1
LINC01419	1	1	1	1	1	1	1	1	44.0952019703158	1	1	1	1	1
LINC01436	1	1	1	1	1	1	1	1	27.9408176714566	1	1	1	1	1
LINC01480	1	1	1	1	1	1	19.2303895534868	1	1	1	1	1	1	1
LINC01503	1	21.8450072440449	1	1	1	27.6575277774285	1	1	13.8327126840805	1	1	1	1	1
LINC01506	1	1	1	1	181.603043723015	1	1	1	1	1	1	1	1	1
LINC01513	1	1	1	1	38.6637098477696	1	1	1	1	1	1	1	1	1
LINC01567	1	13.8204450042178	1	1	1	1	1	1	1	1	1	1	1	1
LINC01609	1	1	1	1	1	1	1	21.7158897830733	1	1	1	1	1	1
LINC01678	1	1	1	1	1	12.0183608557094	1	18.0756104104615	1	1	1	1	1	1
LINC01684	1	1	31.4333582946961	1	1	1	1	1	1	1	1	1	1	1
LINC01764	1	1	31.94979100943	1	1	1	1	1	1	1	1	1	1	1
LINC01765	1	1	1	1	28.4982941589229	1	1	1	1	1	1	1	1	1
LINC01772	1	1	1	1	1	1	1	13.0583199133861	1	1	1	1	1	1
LINC01781	1	1	1	131.610909773902	1	1	14.7565201585002	1	1	1	1	1	1	1
LINC01857	1	1	1	49.3110578836492	1	12.7520483364324	1	1	1	1	1	1	1	1
LINC01871	39.139750933387	1	41.1580647196137	1	1	1	1	1	1	1	1	1	1	1
LINC01934	24.1681270829182	1	15.4202656716571	1	1	1	1	1	1	1	1	1	1	1
LINC01949	1	1	32.6351736138907	1	1	1	1	1	1	1	1	1	1	1
LINC01981	1	1	1	1	1	1	34.9957157094964	1	1	1	1	1	1	1
LINC02035	1	18.0408628884292	1	1	1	13.244836736679	1	1	1	1	1	1	1	1
LINC02084	1	1	18.9875140550255	1	1	1	1	1	1	1	1	1	1	1
LINC02158	1	1	1	1	27.0014515138121	1	1	1	1	1	1	1	1	1
LINC02207	1	1	1	1	64.3422160110654	1	1	1	1	1	1	1	1	1
LINC02273	34.4848536163287	1	1	1	1	1	1	32.3577236859876	1	1	1	1	1	1
LINC02345	1	1	1	1	1	16.7521929953312	1	1	1	1	1	1	1	1
LINC02362	1	1	1	1	1	1	54.2763869436066	1	1	1	1	1	1	1
LINC02384	1	1	22.38675686267	1	1	1	38.0403287360499	1	1	1	1	1	1	1
LINC02397	1	1	1	71.7837962816488	19.6978194208007	1	1	17.643464071527	1	1	1	1	1	1
LINC02547	1	14.10849697256	1	1	18.3513346358431	1	1	31.24984934789	1	1	1	1	1	1
LINC-PINT	31.6926929811306	1	1	35.0465554634091	1	1	35.0660030364977	13.8358099174212	1	17.3292983622438	1	1	1	1
LINGO2	1	1	27.5265069341282	1	1	1	1	1	1	1	1	1	1	1
LIPA	39.544941865348	126.632924743064	68.1303315367303	35.8673210602332	1	796.075346140924	14.6419158115926	12.5622429164548	43.172790167648	169.318953707778	1	1	1	1
LIPH	1	1	1	1	1	1	1	1	1	26.4337923007607	1	1	1	1
LIPT1	1	1	1	1	1	1	1	24.7603916136968	1	1	1	1	1	1
LLGL2	22.4765835872779	40.6270972580186	111.855755950857	17.1810884353182	1	1	21.0033112140712	8.79490467457184	67.5114141424207	49.4451099861857	1	1	1	1
LMAN1	48.2804963358277	29.7587453161894	58.6926649212122	33.7640351797599	1	65.791399698222	224.519289319352	40.3726751159282	110.883760169803	44.9653390599504	1	1	1	1
LMF1	17.504172509187	13.730223284126	19.74662343439	1	1	1	17.4248664785342	1	1	18.7644411451625	1	1	1	1
LMNA	730.302240787619	317.923754403975	86.407526962573	372.426119052424	1	609.512712712398	277.296382011196	1299.58978484161	1027.26225549638	708.126359243102	783.700141733764	1	352.474863047864	698.857956230242
LMNB1	30.3179561629074	43.0729930672588	32.0940299674231	16.2929879533343	178.500961553091	1	1	36.4272464656545	46.9575560847048	44.5835138189889	1	1	1	1
LMO2	1	122.771191091963	1	1	58.2858122531093	35.2464792103393	1	1	1	49.5236312663405	1	1	1	1
LMO7	20.3422541166717	61.9617947874597	1	1	1	1	1	1	87.1368611609547	101.014067777926	1	1	1	1
LMOD1	1	1	1	1	1	1	23.275635607774	1	1	1	1	1	1	1
LNPEP	94.5452950656101	62.3425642115561	213.549271679957	105.177495579841	46.8427599843872	42.8025960647411	22.0708201392628	57.558140011263	38.0815642360219	53.7632208160856	1	168.681194129171	1	1
LNX2	1	1	1	1	1	1	1	38.4162944056815	26.7338564192581	1	1	1	1	1
LOXL3	1	21.0297475893835	1	1	1	26.7132932007767	1	1	1	31.1072200538813	1	1	1	1
LPAR2	22.2489307250606	1	1	1	41.3941041888393	1	1	1	1	1	1	1	1	1
LPAR5	1	1	22.963611049408	17.1125379905441	1	1	1	1	1	1	1	1	1	1
LPAR6	29.0701732081407	36.4914495437837	39.753214889495	1	1	27.4963850704605	1	1	1	22.1375997269121	1	1	1	1
LPCAT2	1	66.4368610839796	1	1	94.6478627733853	57.45395563607	1	128.676157328176	83.7701474876952	121.750839621119	142.606756879986	1	1	1
LPIN1	133.166135102783	54.1790291895774	146.782830439431	312.064461246082	61.2453680346732	58.7643950486649	99.3064231988106	122.627711492553	72.5241280493945	62.2388768051068	1	550.047967223707	1	1
LPL	1	1	1	1	1	113.204973443467	1	1	42.6445033411053	40.711095900878	1	1	1	1
LPXN	129.454114690722	80.5026398621604	135.235230904748	115.671919496138	1	97.3898995814657	53.9374361396688	84.6357462420069	34.0121902438915	84.3171761543956	1	319.904531840595	1	1
LRFN1	1	1	14.2100585274134	1	36.825501310193	1	1	1	1	1	1	1	1	1
LRG1	1	37.3240569092763	19.1548071715208	1	296.074529322086	13.6572705274237	1	26.0397132025447	14.2794348324015	15.89978257524	1	1	1	1
LRIG1	56.2708682209215	1	14.1543337914875	1	1	1	1	23.2437988302811	39.0138735885744	25.0736199939826	1	1	1	1
LRMP	24.451852740007	32.7328928793042	63.9659868547513	56.6794230227389	135.121774372501	1	17.5505041191441	27.2927468787844	1	1	1	1	1	1
LRP1	1	220.828394922272	13.9514628619176	1	1	254.607798096648	1	1	31.9066253320256	75.6421868586014	1	1	1	1
LRP10	109.716331710492	124.972897913436	187.613512027384	90.8824483524049	625.605594201409	108.22914375135	75.3278597777225	74.3032538234596	107.141261541747	124.891091989567	75.4618913700175	1	246.891191314538	1
LRP11	1	1	1	1	1	1	1	1	41.1207075691724	1	1	1	1	1
LRP2BP	1	10.6242167180914	1	1	1	1	1	21.904977004526	1	1	1	1	1	1
LRP5	1	1	1	1	1	1	1	1	42.6054653982314	1	1	1	1	1
LRRC25	1	163.789064424546	15.2854805416609	1	383.008977623569	62.642608827509	1	33.8742174109172	1	36.1240878106812	1	1	1	1
LRRC37A2	1	1	1	1	1	1	1	22.5985370939034	1	1	1	1	1	1
LRRC4	1	1	1	1	84.8802455755618	1	1	1	71.8432704521177	1	1	1	1	1
LRRC8C	123.254447410422	48.216059409908	59.6548288920503	25.7019488165072	1	36.6275478548898	39.6721121518013	26.1796635655852	1	50.4628137848181	1	1	1	1
LRRC8D	37.8174684258832	41.3520872774717	32.2155538730496	1	1	30.6323261905795	1	1	30.696089284892	13.8834012695245	1	1	1	1
LRRCC1	1	1	14.5342227280917	1	1	1	1	1	1	19.6360409961032	1	1	1	1
LRRIQ1	1	11.5642531888467	12.9893838579021	1	19.2126544967476	1	51.9882567498157	1	1	1	1	1	1	1
LRRK2	1	186.225593061191	1	38.5136269382186	610.33325187344	24.1973521524991	1	11.2481487252829	1	46.4715747952607	1	1	1	158.39543871523
LRSAM1	1	1	1	1	1	14.775227020526	1	1	1	1	1	1	1	1
LSM4	57.2889284729815	80.7043105340535	91.1862031464234	44.0726867064602	1	83.4689917259616	35.5764947261681	13.1929464125375	118.798860212587	99.4611122240258	165.02741472588	1	1	165.556543105164
LSM6	37.8405060295478	46.2400084782495	36.6863449681627	27.735080670905	1	35.2668235856859	1	16.9344115796854	22.4639374757158	29.1617381103248	1	1	1	145.164762936273
LSM7	70.9921833511193	75.7721789269542	78.0220190935629	150.273722968011	1	58.3037647748987	38.7996226755691	31.1155204781018	114.730748631763	95.6435376753897	1	1	1	117.333744510538
LSP1	131.059126311906	235.195291438873	219.695048853474	88.4828988071002	692.589423186233	212.843753452834	61.5180721455511	163.732831427864	1	197.857902835516	293.435820191108	246.997591860351	741.577267165259	508.067534967482
LSR	20.2076358738664	1	1	15.4235545028457	1	1	1	1	28.4484679510088	1	1	1	1	1
LST1	23.3504344641664	713.598840379905	43.3473502478201	16.7753046038658	1364.00241742131	215.08621031567	1	230.127345001574	1	453.587828529998	1486.93857666612	142.258350353904	214.002836467563	420.019561626194
LTA4H	49.3501536121805	500.029043298205	49.3683423083541	82.1993658398359	87.6706818434414	333.306723638134	34.2675476275706	73.6844364042093	82.7949938362172	138.484537364896	1	1	1	1
LTB	825.941954410141	39.7668339193313	66.3812598745379	513.076075056065	547.085031493746	13.5971660797552	17.0704995714001	96.1730565424292	1	79.1390821966781	1388.4394883188	1363.74476216341	1	340.639609792288
LTBP1	1	1	1	1	1	1	1	1	40.2978247040283	1	1	1	1	1
LTC4S	1	1	1	1	1	1	1	32.7210786948092	53.7971308531957	1	1	1	1	1
LUADT1	1	1	1	1	22.3131577408987	1	1	26.6188736595934	14.4673417693905	1	1	1	1	1
LUC7L3	92.968386385748	97.8291689409524	176.244534891264	99.4213992118542	42.2328658327448	68.0258592244649	40.1751086289509	89.6946555124758	125.519276340163	82.9502456841229	1	142.202394715141	1	1
LUCAT1	1	1	1	1	55.0223916979362	12.7267831338914	1	1	1	1	1	1	1	1
LURAP1L	1	1	1	1	1	1	1	1	38.7809030971695	1	1	1	1	1
LY6E	127.922013597047	273.505488872811	233.742645149951	57.6582412488592	1	279.185670497423	80.5346770988258	79.2007263375544	110.670354626109	315.334592239415	137.350633427297	1	1	1
LY6G5B	1	1	1	1	1	1	1	21.3374952516385	1	1	1	1	1	1
LY75	42.186799246933	26.3447647551573	66.3523810012834	35.003602626485	33.7575058901662	20.6957340200536	1	1	14.8103840860401	29.9730802353289	1	1	663.402681599506	1
LY86	1	161.478418806329	1	235.915950022397	1	147.15566567061	1	1	1	117.17093421587	275.254778875668	1	1	151.521947030364
LY9	61.6854731722271	21.8650351259147	52.135625140836	885.948011450564	17.5891471503795	25.4016280007704	186.957338046186	111.464515827884	1	20.075446882136	1	223.351055390276	1	1
LY96	1	28.675921011834	1	1	114.358167834397	51.5004335113515	15.2034018596536	1	1	15.9030840370095	1	1	1	1
LYAR	71.7783686275806	21.6358480421292	158.598561488131	20.1554247776201	1	21.0787616044955	1	22.0281693314319	21.8088529428556	23.1872664283878	1	1	1	1
LYL1	1	37.9235774421072	1	26.9370502413656	35.4240226475932	20.4168216913929	1	26.1418816057347	1	1	1	1	1	1
LYPD3	23.6357254426814	44.9314330108859	1	1	1	32.891648134246	1	1	28.3118605966634	28.7781234242341	1	1	1	1
LYRM4	44.8845680878778	40.2818143244226	36.5288020637581	41.6773329401414	52.9844986520138	31.9156735501747	22.8715142772429	59.5914782567497	55.7749692055278	36.821836924035	1	1	1	184.704545897812
LYZ	57.251908598374	12607.3279959939	215.639764345244	35.1215671372917	684.534714893881	4935.95130765273	58.7926592763286	368.601994440993	55.0002668577562	4630.78199273457	2410.43106444112	307.230281952005	1154.12933056286	6173.94491185545
MAD2L1	1	1	1	1	1	1	1	1	21.4320225817468	19.322651486704	1	1	1	1
MAF	324.503713083118	36.5219227031762	137.805848810356	1	1	172.244910249873	1	86.6592400313335	64.1887125191106	39.874244895124	1	1	1	1
MAFB	1	300.721294643033	1	1	1	606.894828109648	1	129.858047811381	78.267734382117	261.288935196048	242.810201742877	1	1	1
MAFF	120.050403836112	148.200447401428	163.420494683075	42.2686390725211	227.211820622827	236.158655702066	60.7693124391638	479.046519677374	419.915822797889	350.151212945559	794.460269733298	1	439.248392411685	295.31523577268
MAGEA4	1	1	1	1	1	1	1	1	134.024962112603	1	1	1	1	1
MAGED1	31.7057421100687	36.680740068526	36.9156329081643	26.50528522234	1	32.142229068319	105.45691963818	43.4871823588716	130.404485459984	33.0963468377284	1	152.295450231278	1	1
MAGEF1	1	1	23.6459397269967	1	1	1	12.1400895779599	1	87.734174486227	14.1540827119578	1	1	1	1
MAGEH1	38.8431407878027	1	16.8175945651715	1	1	1	24.8406981566163	17.191905327971	11.7691698528359	1	1	1	1	1
MAK	1	1	1	1	24.7126682750432	1	1	1	1	1	1	1	1	1
MAK16	1	1	21.0168898237164	26.1774530292162	1	1	1	1	17.3992347160444	13.7176544067098	1	1	1	1
MAL	75.0333691866287	1	1	1	1	1	1	1	1	1	1	1	1	1
MAL2	1	69.6943089587981	1	1	1	1	1	1	234.877235714494	92.5024938920892	1	1	1	1
MALL	1	46.7057327713357	1	1	1	1	1	21.0463004704318	129.219739552828	23.5896829324052	1	1	1	1
MALT1	93.8892928174055	81.3867576747889	63.1380495872572	110.277756138308	65.3363928542703	60.5295446030938	22.4596238973866	64.6403722634947	55.9863417131099	132.302211546652	197.904472395889	353.232501848275	210.034877299169	103.566326858793
MAMDC2-AS1	1	1	1	1	1	1	1	15.1990359994	1	1	1	1	1	1
MAML2	18.2086908899007	1	1	1	1	13.7929421438911	1	1	1	1	1	1	1	1
MAN1A1	22.5272068167673	35.036673174845	80.1664086557297	1	49.8617958922891	77.7821492889462	109.239657619899	15.1874302609308	18.7937414792562	42.1844360528736	1	153.954853287288	1	1
MAN1C1	53.6669757407646	24.6342820605142	18.900887918113	1	1	51.092957942874	1	1	15.3388472219942	1	1	1	1	1
MANBAL	1	12.2247608146241	1	1	1	1	19.6209677530232	1	15.1842848430338	1	1	1	1	1
MANEA	1	1	1	1	1	1	63.3634542561946	1	1	1	1	1	1	1
MANF	70.0322735225203	49.2385439775125	69.9991172515276	40.6359678366579	20.4934246803854	69.5651673894107	277.199710690662	44.5080076283761	125.513247960353	83.5194741221521	1	221.803072739446	1	1
MANSC1	18.2870939480393	26.6216457294037	24.5153003668371	1	139.007618205656	15.987418945128	1	14.9733892832168	24.2625003661229	15.464372945662	1	1	1	1
MAOA	1	1	1	1	1	1	1	1	89.5971814482699	28.3850896199081	1	1	1	1
MAOB	1	1	1	1	1	1	1	125.320439656506	135.046227516078	1	1	1	1	1
MAP1A	1	1	1	1	1	1	1	1	14.1603653191227	1	1	332.295969828947	1	1
MAP1B	1	1	1	1	1	1	1	1	155.396811128527	1	1	1	1	1
MAP2K1	70.1004034408373	145.163649978086	57.918494717152	44.1373589554996	47.3833253704238	94.8853488050049	29.6297608251821	77.5205273396864	57.3074788718451	140.111295760726	276.946031850565	160.506836227851	271.444370418676	1
MAP2K3	89.113848694572	193.928198353229	121.755200689943	50.7644790050066	307.617114801796	164.708823139464	67.460727597499	162.621495489931	103.414946821613	139.68076883791	133.474928749638	460.570128351739	1	188.324518352048
MAP2K6	1	11.948726310873	24.0490290942975	1	1	1	1	1	1	1	1	1	1	1
MAP3K1	82.5229140055919	137.634990209279	50.6895755346356	129.623362764708	143.567553612191	59.9140948556513	35.3922788339483	79.3935315841368	34.822428447159	61.6640254355835	1	1	257.390708084853	1
MAP3K13	41.5206928934345	74.2936291850261	44.9441967636276	73.9914803279533	77.5913730737173	75.3526528530908	42.5126569738415	68.0515786782773	158.605783021299	122.559773759197	97.5144403099625	1	364.425556535591	231.63691720015
MAP3K2	151.515164574992	195.35500645759	109.828846002832	186.027443746987	289.390962537841	170.179015612796	45.5389895440127	201.978719804153	89.3392350687696	204.261102840849	173.365282722338	491.453140344544	1	154.045369719038
MAP3K20	31.082333602498	156.462605351857	47.5557961909373	52.2237695607014	133.669219358783	70.3944652216194	12.9231601541412	77.0946939043831	66.8328629567104	84.2393042618284	110.716425610385	1	204.910704806819	1
MAP3K7CL	1	22.860354746889	1	1	1	1	1	1	1	1	1	1	1	1
MAP3K8	40.134257080359	124.650237186411	114.082056035353	108.378441718454	59.8286707363984	184.092603875691	42.5581264958062	179.425272681618	140.889390998485	168.031517275745	267.874526782955	391.819486815308	1	197.45219603947
MAP4	54.6888219139256	79.7960934461887	89.4985205566815	53.0161514361472	51.3958243307004	85.140713486029	21.1263146470171	61.8086306516491	46.7752129924128	89.4262868041041	112.980731182052	1	1	1
MAP4K1	51.3924639595263	12.9233226229582	45.1681783713522	57.2671915419904	1	1	25.6724586817062	11.6158897884454	1	22.6098707426798	1	1	1	1
MAP4K4	122.370125126254	118.794594370964	85.0146257868419	210.949811003533	303.601826418679	71.8708537681381	21.9812011033388	155.996852394245	109.255075890459	75.1052578239389	1	361.011635314127	299.737505609788	1
MAP7	1	1	1	1	1	1	1	1	61.9883276705489	1	1	1	1	1
MAP9	1	1	13.1389302973931	16.7461030790567	1	1	1	1	16.5892796469245	1	1	1	1	1
MAPK7	1	42.5100002581286	37.0824362819404	1	1	17.097071411558	1	16.1557743183951	17.2638962638279	12.5358637367433	1	1	1	1
MAPK8IP3	1	15.0746629668946	20.0817162493852	17.0571487475148	1	1	1	1	1	13.1684264465916	1	1	1	1
MAPKAPK2	158.523073797649	122.488276778859	172.852054712527	100.628807438189	281.363229682263	115.471856774638	121.85160504491	131.155403767844	112.32509964804	147.393640285625	166.653309487101	936.108006267098	160.084085887498	176.620473452427
MAPRE2	139.445871378224	55.7922919504152	233.368007040939	112.003842303261	26.6853958613599	63.5699967056793	14.0356617301806	60.2852343585197	41.5944897510498	70.7097511137871	1	160.591748635905	1	1
MAPRE3	1	1	1	1	1	1	41.7840576590509	1	1	1	1	1	1	1
MAPT	1	17.0655598763225	17.562297272897	1	23.277129267029	1	1	87.3909706876116	78.9407552882173	1	1	1	1	1
MARC1	1	21.4628493909066	1	1	64.3910902964883	1	1	1	10.5819326945982	1	1	1	1	1
MARC2	1	1	1	1	1	1	1	41.9287059016373	12.9665216094041	1	1	1	1	1
MARCH1	1	185.673512991204	1	177.654005190239	1	80.410180369879	1	24.5222714006751	1	83.3044036969554	130.393633949814	1	1	1
MARCH2	16.8065441370743	51.7341686460694	23.926021199348	1	23.0143637205552	70.3575763998308	1	1	25.6607340089941	43.8232382429035	1	1	1	1
MARCH3	1	1	1	1	1	1	1	33.785061018186	15.8721802916776	1	1	1	1	1
MARCKS	1	220.67991581128	1	210.548451511776	866.258868109748	545.553445193193	152.19129162705	316.900233816157	246.978845299156	247.532589704155	104.976980862825	1	1445.06958101764	1
MARCKSL1	85.8948932803698	119.183147340284	36.8632565636122	154.336996263914	132.95847642803	30.4874522682789	38.8250781992292	142.632486870122	204.923425573262	169.026373366526	189.010699920709	176.098897862784	1861.38381577655	355.03907509189
MARCO	1	73.9783495221013	1	1	1	581.515977778897	1	1	1	25.4437033243768	1	1	1	1
MARVELD1	1	38.2027113990649	1	1	1	63.5103260504436	1	18.6179153525065	37.9475684295327	55.5060882479845	1	1	1	1
MARVELD2	1	1	1	1	1	1	1	1	41.6127854846641	1	1	1	1	1
MAST3	20.032943302595	28.6422832097027	78.5794159172375	27.0100364989145	155.128006565278	12.5961425547554	1	1	1	1	1	1	1	1
MASTL	18.5487317245	1	1	1	1	17.0299170230786	1	46.5903501872703	1	12.9069100913648	1	1	1	1
MATK	1	1	128.91682956087	1	1	1	1	1	1	1	1	1	1	1
MATN1-AS1	1	1	1	18.9662938144834	1	1	1	1	1	1	1	1	1	1
MAX	114.842716776119	113.537853883349	155.975911905138	74.2558954673024	198.777117766355	92.8802562851493	29.2814539307623	91.1896418143877	95.5681350818334	100.180138377309	160.059742248184	1	1	1
MAZ	50.4459140906383	36.3053505140071	67.0154868024208	28.8392444422766	16.5936859298873	44.721120496069	31.2098102565818	21.5243306682206	48.0548861891362	43.9118471646689	1	1	1	130.797420481698
MB21D2	1	23.0361015490764	1	1	1	22.5766644078352	1	1	1	42.9045016795012	1	1	1	1
MBIP	1	14.8734983615372	1	1	1	1	1	33.9897398327561	79.358408430975	1	1	1	1	1
MBNL2	22.9449000366912	20.4422023149714	23.7922242724773	17.9269502098974	1	24.0215310010178	76.5110339725265	14.572009773054	26.3109374859512	21.9457361566276	1	1	1	1
MBOAT2	1	29.1604888132402	13.2610643395318	1	78.4221806379017	12.0885071390203	1	1	14.3733934758318	22.4113307554747	1	1	1	1
MBOAT7	24.3466989798423	110.710234120814	22.5147659664407	14.8301845226817	757.448643401446	45.6678377192193	1	80.7812701977938	85.2350019679602	64.3429567984037	170.801215373412	1	1	1
MCEE	1	1	1	1	1	1	14.3228608606792	1	1	1	1	1	1	1
MCEMP1	1	86.9831886791947	1	1	142.454493554203	103.164355672507	1	31.4388772267166	1	27.307362212957	1	1	1	1
MCM2	1	1	17.740917368746	1	1	1	1	1	38.1769947689085	27.9353698198958	1	1	1	1
MCM5	26.3326573316339	24.4526341499197	36.2908352658318	58.8003445707024	1	26.1789512870646	1	1	19.4362990350858	47.7520276868123	1	1	1	1
MCM6	106.477185544588	16.5695510296374	45.66810832929	43.9982447202786	1	29.9263935258663	13.7760106141421	17.8936486083468	39.2914249564059	80.9444697715798	1	1	1	1
MCOLN2	24.3813185887457	13.1624790959935	15.1264362908764	51.4959209603654	1	12.388085851748	1	21.6812299580314	1	39.8650383342227	95.0052983116173	1	156.162024237979	96.7673707092118
MCRIP2	1	13.6229813119591	1	1	1	28.4552200004061	18.4974758728444	1	28.2097348990522	17.4684199846365	1	1	1	1
MCTP2	18.6071166128239	24.4788648671855	224.749364657309	31.2759393413771	120.594482382456	1	20.816416324873	45.1622781541125	60.7206092925653	1	1	1	1	1
MCUB	82.5854061761858	73.690459367578	46.5858425643608	33.6316208354132	1	50.7701289625351	1	32.9101983246926	1	49.5623749577294	1	1	1	1
MDC1	1	1	25.0410395910033	18.4701696110738	1	1	1	1	16.7359596586467	13.9597329434337	1	1	1	1
MDFIC	72.3518569814464	40.5455299887351	63.5308246282254	47.819598063786	29.8481940445216	43.6011960888406	35.3979970607167	39.0441980956009	18.3944264635579	49.9348244249039	1	202.480538452521	1	1
MDK	1	53.2438072414351	1	1	1	1	26.1101496359295	1	149.033726224798	63.4483978322426	1	1	1	1
ME1	1	1	1	1	1	27.2557555632401	1	1	69.8377127574038	1	1	1	1	1
MECOM	1	13.4346504235024	1	1	42.8565501708129	1	1	1	1	1	1	1	1	1
MED13L	60.3224539968741	87.0102326664861	70.6325571328432	82.5674669650434	146.972364476496	51.9617798889345	55.9227033626172	81.8816001779102	87.0923031928209	83.2387637191784	1	187.553686179055	209.188225927928	1
MED19	29.0997703596804	17.4534141999177	25.4995928345229	50.8478270765969	1	15.4633122523468	1	28.5643542908095	38.2697403966785	17.6675088117225	1	1	1	1
MED20	1	12.7989539722908	1	25.5879108764401	1	1	1	1	21.5258595779251	1	1	1	1	1
MED21	23.4882444652548	1	1	22.7010607477733	1	1	1	1	18.3735584800994	1	1	1	1	1
MED25	1	15.3005951198683	18.4792060478699	18.9958887603616	73.529205382618	14.7145711349587	1	1	1	1	1	1	1	1
MED28	100.093729713484	96.8493967472876	103.778595357477	114.295613299486	91.3776178164719	59.0068857384375	30.9014425158703	87.9627784719446	55.0074951310534	72.1387943182435	1	174.961915193742	1	1
MED29	86.0046765673933	74.3360858619211	80.4066573299262	85.9140808133305	53.1896072092542	66.3297558978721	31.5851558341892	102.931940780861	62.7653461147562	80.5920637256375	106.231672867064	243.927537466258	1	1
MED7	1	1	1	1	1	1	1	34.8068421099178	14.7536675019524	1	1	1	1	1
MED9	1	34.931088359823	15.0951108910275	23.7988256002198	1	54.5175425320139	1	1	21.2233987225169	42.9689851485073	1	1	1	1
MEF2C	1	78.7094553993226	1	264.409927021134	24.8565055640363	38.4904443107584	65.5338601315179	15.1857145703004	1	76.5783881815293	1	262.753307149819	1	114.908467691385
MEFV	1	44.6515627411515	1	1	138.25715967316	1	1	1	1	13.53522521341	1	1	1	1
MEG3	1	1	1	1	1	1	1	16.2339103256356	26.887185573371	1	1	1	1	1
MEGF9	25.8886159527914	132.593823970676	43.8862134014558	1	478.53779473652	33.55127105784	1	35.4071286566655	56.7889103027657	39.6442576775516	1	1	1	1
MEI1	33.4719128076691	11.2668311572663	60.6598443007618	1	1	12.1746894097981	142.021010426963	1	1	1	1	1	1	1
MEIS2	1	1	1	1	1	1	1	38.2186001961184	42.239118906515	19.9910180625416	1	1	1	1
MEPCE	82.0028303681877	39.4631302101854	42.0684472623575	117.895237719363	27.1841263126684	39.3441995045807	13.7882985581216	52.1917900764307	51.6513508037259	47.8062912502117	1	1	1	1
MERTK	1	1	1	1	1	57.9488512501182	15.4574873225265	1	1	17.5851192928608	1	1	1	1
MEST	1	1	1	1	1	1	1	1	60.6216006704183	1	1	1	1	1
MET	1	20.462126792133	1	1	1	1	1	1	32.3830666696622	1	1	1	1	1
METRN	1	1	18.821398883714	1	1	1	28.5342395618221	1	19.7337021532106	13.7692881993452	1	1	1	1
METRNL	233.369691159314	260.818501946755	275.673650481078	64.5642992530302	114.345158442378	252.575582086356	1	180.642503419642	72.0686699939044	418.481475315315	347.141602690245	771.782589868359	137.57011060659	422.424117700606
METTL4	16.1256183128236	1	13.7028744533724	16.6573408907542	1	1	1	37.080089858264	1	1	1	1	1	1
METTL7A	17.5229455752403	142.252755294084	96.7912668881924	69.4142324565998	17.1716788292444	84.4039669765107	178.492512724168	113.79071710213	38.8502159197731	82.6938043431569	1	269.83835466965	1	1
MFSD1	25.5088572397334	133.196420411809	29.9405928071301	28.7314885775967	45.4429782679576	360.959312832575	23.1078909386877	43.0988591277903	56.582994042869	187.853764707912	184.111243723273	1	1	1
MFSD12	21.9948128790663	50.7090843376026	1	17.6029777324473	1	102.115575752393	17.8907060033792	81.3369762345969	14.9206848121144	66.4074269528617	1	140.805091168849	1	1
MFSD3	1	1	1	1	1	1	14.1123178148769	1	17.3369209310948	1	1	1	1	1
MFSD7	1	1	1	1	1	21.1269814637204	1	1	1	1	1	1	1	1
MGAM	1	1	22.5665881373574	1	261.837075191242	1	1	1	1	1	1	1	1	1
MGAT2	31.6829661703203	28.0636242605298	39.571305586162	26.1091197315231	1	25.5306042786043	51.3984581345821	1	80.4404292662592	25.2153577495976	1	1	1	1
MGAT5	84.7726303548428	25.7363034988941	47.6274796333752	262.17575881439	20.4666184341711	57.3055341856236	1	57.4494742040396	53.7207633656697	35.9904923044236	1	1	1	1
MGC16275	1	13.9478959884277	1	1	1	1	1	1	1	1	1	1	1	1
MGLL	1	59.177667952076	14.8978968286668	1	55.209664431179	106.120739221423	31.3434150319869	85.6818413902446	60.8326825679999	76.809098497393	1	1	458.344392578524	1
MGP	1	1	1	1	1	1	1	1	1	82.0662839139934	1	1	1	1
MGST1	1	103.871460178091	1	1	1	28.7085637788136	1	22.3792500236162	145.760551455383	31.8936299184562	1	1	1	1
MGST2	1	48.8653468338343	22.6913844519645	1	1	56.5610241061054	1	1	22.5415227776327	44.5644854732471	1	1	1	1
MHENCR	18.8331573095195	1	21.3467636005793	1	1	1	1	1	1	1	1	1	1	1
MIAT	217.681926052231	1	186.815849869236	74.721636027178	1	1	115.878121533797	160.366368757476	132.501322302999	1	1	1	1	1
MICAL1	28.9975699104943	33.3242269501435	23.9635394669064	26.5197791090035	29.4467905576246	51.2294702679105	1	13.3030005272831	1	56.4600164785053	1	1	108.44897179109	1
MID1	1	1	1	1	1	1	1	1	30.4063500906201	1	1	1	1	1
MID1IP1	35.6512843939649	75.3571157794995	1	1	176.861949372145	43.3110970427055	1	90.2491477831891	89.968668055316	43.7323082645176	1	1	1	1
MIER2	1	14.2752975334138	1	1	1	1	1	1	1	19.4366725192017	1	1	1	1
MIIP	1	15.6310291738369	1	1	1	1	1	1	1	1	1	1	1	1
MINCR	1	1	1	1	1	1	15.0782920721666	1	1	1	1	1	1	1
MINDY1	1	13.683437446113	16.0609629731195	1	47.9782926182828	1	1	30.10808343741	1	1	1	1	1	1
MINK1	1	1	1	1	1	14.6046990206411	1	1	1	1	1	1	1	1
MINOS1	74.8911425905769	90.2050538730017	96.3356428007392	41.4976568976187	46.9615182268534	96.4087956827474	33.6484246085569	75.640965952526	103.873727597989	107.371074667447	124.701806919433	1	1	1
MIOS	1	11.4053654803777	15.0706281320803	30.382785608196	1	14.5761692191534	1	1	13.9555637500401	10.1636534293944	1	1	1	1
MIR155HG	1	1	1	1	1	23.6000061418006	67.9681986159831	1	1	1	1	1	1	1
MIR181A2HG	1	1	21.108840814228	1	1	1	1	1	1	1	1	1	1	1
MIR205HG	1	1	1	1	1	1	1	1	548.947490805049	1	1	1	1	1
MIR3945HG	1	1	1	1	57.90973206338	19.1686703283301	1	101.822532626935	1	1	1	1	1	1
MITF	1	35.5833472111466	1	1	1	161.309357274956	1	52.1060565199366	55.5532230018307	99.5832020071686	1	1	1	1
MIXL1	1	1	1	1	24.6671220721408	1	1	1	1	1	1	1	1	1
MKI67	1	1	1	1	1	1	1	1	1	38.41635807938	1	1	1	1
MKNK1	44.1459771379931	85.5206894852442	63.0921264173309	40.6399832561862	199.572119662552	104.620784952474	25.1991600618004	91.2895617738167	71.8955747241758	71.1020708841696	121.1696428396	1	1	1
MKRN1	54.467394240943	85.7376838760323	86.5289485977819	74.5357646704359	169.948814377254	53.5989298076069	23.0839500595283	51.8456917829297	76.086123267899	59.763742014236	1	1	184.551774175264	1
MKRN3	1	1	1	13.7399378193981	1	1	1	1	1	1	1	1	1	1
MLC1	1	1	136.526106471101	1	1	1	1	1	1	1	1	1	1	1
MLEC	46.9502975448569	58.749821509119	60.2344029941741	30.6200905267368	1	86.6175462088904	88.8078215002476	26.0880432945618	112.418360862406	64.040516898574	1	1	1	1
MLLT3	41.2284202652202	1	26.2640420960093	1	1	1	1	28.9829144305293	20.8242883834215	16.9804407940016	1	1	1	1
MLLT6	178.66968762328	71.242802155384	391.040335770103	128.915795622669	107.726606725125	59.0806979941066	33.1533405935934	164.26944152924	74.6342229517762	78.2481023482548	1	1	381.308733664785	1
MLPH	1	39.8227531688265	12.1866062821806	1	1	13.4726812668524	1	83.6729713508073	87.1004752591314	32.5228893853275	1	1	1	1
MMD	1	1	1	1	1	33.2493147389578	1	1	1	1	1	1	1	1
MME	1	1	1	1	603.243181610247	15.351062336481	1	19.1532432074023	1	1	1	1	1	1
MMP11	1	1	1	1	1	1	1	1	34.1630434964818	1	1	1	1	1
MMP12	1	1	1	1	1	238.862362472784	1	1	1	396.337141675747	287.351905725257	1	1	1
MMP14	1	62.1678160263015	1	1	1	314.1032626187	1	105.368618757033	98.3808542645494	263.047568402765	244.137937904165	1	1	1
MMP19	1	94.7833574348841	15.9264889009908	1	1	238.602087450913	1	13.1294366136873	1	78.0644642978066	1	1	1	1
MMP2	1	1	1	1	1	41.8362750458913	1	1	1	1	1	1	1	1
MMP2-AS1	1	1	1	1	1	15.5045860289211	1	1	1	1	1	1	1	1
MMP23B	1	1	22.0974905359001	1	1	1	1	1	1	1	1	1	1	1
MMP24OS	63.1487995966665	113.922703913043	104.482309373794	48.9795223307278	107.171341247387	106.075633795616	33.1913282646729	92.5173753417044	83.1839725276799	95.367338209585	1	1	125.864369125277	1
MMP25	1	16.7545439134606	1	1	705.358155072713	1	1	38.1960237108013	1	1	1	1	1	1
MMP25-AS1	1	1	45.4426425940684	1	1	1	1	1	1	1	1	1	1	1
MMP7	1	1	1	1	1	37.5506474073524	1	1	1	1	1	1	1	1
MMP9	1	59.21661482892	1	1	494.277128692828	351.553268725932	1	37.2565582290758	1	193.494933074739	344.04639231391	1	1	1
MNAT1	1	1	29.0850122694622	1	1	1	1	1	42.02445153851	1	1	1	1	1
MNDA	1	288.042994664268	1	1	1703.69779791702	72.1998806258065	1	23.6904870007906	1	109.974991436211	208.622655230312	1	1	1
MOB1B	16.5533787497067	31.7031058307126	25.4182367110639	1	1	33.0402769827409	1	15.625652279238	39.2703915657802	63.2816922880641	1	175.108419152367	175.523109676974	1
MOB2	18.9015286887086	16.0932868776603	43.1804867215604	1	1	1	1	17.6516148250811	1	12.6857061611925	1	1	1	1
MOB3B	20.1001136057065	76.0308531113183	23.7246436627291	61.893666960225	50.4830761613225	111.840390763721	1	45.3496312180336	24.1425608641492	134.558339162634	228.156393845775	1	1	1
MORN1	1	12.4233413478077	12.6909070401691	1	38.0416092420494	1	1	1	1	1	1	1	1	1
MOSPD2	22.8471440936913	47.6872352260901	56.0557990804459	16.8438098204673	113.314930214269	37.6631123417911	1	20.5656815797093	24.9510663178188	27.2783776384448	1	1	239.682260405737	1
MOXD1	1	1	1	1	1	1	17.6960571649759	1	1	1	1	1	1	1
MPEG1	1	455.581026613851	1	83.6771480523247	75.1264407890453	210.891265914898	1	27.7010860008549	1	87.3254404075645	1	1411.04415974923	1	377.800977754856
MPHOSPH6	27.1771074749762	60.5885024288553	30.1159113581419	19.0512225117093	1	80.782262824518	1	1	38.5301188822993	77.1683422207348	1	1	1	1
MPIG6B	1	1	1	1	1	1	1	24.9816103884939	22.9827179911675	1	1	1	1	1
MPND	1	11.4957488134289	1	1	1	22.6648617161844	1	1	1	16.659023606325	1	1	1	1
MPP1	1	114.950939349911	17.7178408027693	1	165.241991157252	367.890767760302	1	49.4769003979895	45.248354088994	126.538503305543	1	1	1	1
MPP6	1	1	18.3810356279208	19.7342550287924	1	1	1	32.5782020369258	13.8619191632301	1	1	1	1	1
MPZL2	1	49.1603198787976	1	1	1	1	1	1	71.6729000200009	39.6799437996643	1	1	1	1
MPZL3	83.8735131145424	15.49671680991	1	1	85.5887660672493	1	1	46.1475488137786	27.6470314538904	13.6679242627132	1	1	1	1
MRAS	1	19.0169250172462	1	1	1	54.8344197990441	1	1	1	31.4718319760214	1	1	1	1
MRC1	1	228.603866111952	1	1	1	1177.11800924911	1	29.0164677264669	1	478.444281436044	1	1	1	1
MRC2	1	1	1	1	1	23.0850080743226	1	1	1	32.5143473399561	1	1	1	1
MREG	1	12.7513421902242	1	1	1	19.2142062495182	1	1	21.3063850871823	25.4423333381525	1	1	270.498099512502	1
MRO	1	1	1	1	1	15.0810050654183	1	1	1	1	1	1	1	1
MRPL1	70.948484070152	12.4986662146986	42.7400081751296	33.3054937925621	1	14.6726607478019	1	1	25.4867620934726	14.984422713583	1	1	1	1
MRPL18	94.4222377722092	81.532144960039	71.783212105949	89.2700459769894	1	96.6705934201243	49.1538700026091	284.11385147386	164.88698302986	121.995305626877	121.099046274061	1	1	317.67689033758
MRPL3	40.7331299341127	42.9222760024316	43.2878399268104	37.0513812764483	1	54.1668830546495	35.8777384072089	17.8649027102462	123.393524439772	65.0059328403006	1	1	1	191.186795211424
MRPS24	50.4342061616919	68.2621138374892	49.004170337082	57.5701518979461	25.0374381539034	55.8548041340563	128.468243517992	43.3129253770024	125.934261461241	54.6545039168429	1	1	1	168.45284440695
MRPS28	1	1	1	1	1	1	21.939981515206	1	19.1109043349725	1	1	1	1	1
MRPS31	17.5113865779275	12.2310063900027	31.2034420046254	1	1	1	35.5277412622985	20.6748023436649	16.5208033403173	1	1	1	1	1
MRPS9	1	14.0090213296598	28.5112348470372	1	1	1	1	1	15.4679231638302	1	1	1	1	1
MRVI1	1	16.0268744432283	1	1	113.26413674994	1	1	1	1	1	1	1	1	1
MS4A1	1	1	1	730.057369626238	1	1	1	69.6068001096205	1	1	1	1	1	1
MS4A14	1	45.68356819134	1	1	1	48.5684570989388	1	30.2307635652601	1	44.5074489543467	1	1	1	1
MS4A2	1	14.6001095619105	17.2335018596241	1	21.7852631035576	1	1	676.849625450466	667.063313320425	1	1	1	1	1
MS4A4A	1	62.3433295973487	1	1	1	399.821279637138	1	1	1	100.956983586239	1	1	1	1
MS4A6A	15.5795866236001	506.608279598612	22.4174137859477	1	50.7355992876486	477.946307831996	1	58.7059014589235	12.2260384914352	418.567635843252	838.356155920019	324.823973998762	1	155.802280257351
MS4A7	1	403.01343922982	1	42.7108346527478	20.5433354947864	696.254963432003	1	99.0322520427057	1	378.691864236222	119.541619906468	1	1	1
MSI1	1	1	1	1	1	1	1	18.4625865074693	1	1	1	1	1	1
MSI2	104.647405764377	41.6689987294614	90.9788916139073	103.418739535135	32.7930408376899	23.3098571435197	119.739411660091	129.771839991873	90.7787878860366	49.8403432524826	189.791282925776	1	1	1
MSL1	95.1748118480003	125.500600542646	150.070345103594	81.476740856141	564.339804249999	61.7093821085062	36.6380512237975	78.5376028285152	109.973225852351	91.9637804587919	1	1	1	1
MSL2	107.401286985615	34.6151042997035	107.648541548268	59.0582426076631	60.9793433449494	22.0234585845245	13.2533524715087	65.0930219412846	24.3769212316836	22.7279359086373	1	172.069002678428	1	1
MSMB	1	1	1	1	1	1	1	1	269.896504485687	1	1	1	1	1
MSR1	1	22.3039215060706	1	1	1	247.806647662895	1	1	1	70.1594252101299	1	1	1	1
MSRB1	1	101.905185814519	21.4277862522189	1	848.376999805356	26.8636336415899	1	24.6748677962426	30.6221579876866	25.1592708989002	1	1	1	1
MT1E	79.9874107364156	42.0969648615553	1	1	1	26.0754737855256	1	29.8663712977272	31.7744216437636	70.9480979257415	1	1	1	1
MT1G	1	1	1	1	1	88.1178738202924	1	1	1	75.4518302778843	1	1	1	1
MT1M	1	1	1	1	1	1	1	1	1	31.4145585537393	1	1	1	1
MT-TM	1	17.655814187983	1	1	1	1	1	1	16.9520778356287	1	1	1	1	1
MTERF1	1	13.1932484190139	27.3962553216478	13.9906713516595	1	1	1	1	1	1	1	1	1	1
MTFR1	1	1	1	1	1	1	1	1	36.4084112326776	1	1	1	1	1
MTHFD1L	1	16.1012128341473	1	1	1	20.0671767113092	1	1	25.0326068896175	30.4781409267904	1	1	1	1
MTHFD2	97.7888492667273	89.324747773506	58.4460119065793	38.7459721625387	1	95.4194182772334	93.8449412770443	80.9336178029109	158.352680700726	230.194733187043	294.731992922111	1	227.899653405612	1
MTHFS	20.2583400848487	60.3632355124461	27.9201939005445	1	209.52639345362	44.5656849521675	15.4955705777317	190.037051029872	51.2610736511937	47.5180869529971	1	1	1	1
MTMR11	1	21.7103156883971	1	1	1	1	1	1	1	1	1	1	1	1
MTR	43.2418037354564	24.7305603378246	39.6883475841441	32.2528156940735	1	34.1088563510008	1	68.130329375577	29.6621547696955	25.3449700189551	118.718166121025	1	1	1
MTRNR2L10	34.3618552979272	57.1086910324074	27.624579043878	32.4059692571308	115.855281192267	59.6034144659377	36.8532279529591	42.3161388291604	56.1228850063882	58.140879063319	107.637828074389	1	1	1
MTUS1	1	38.058400618042	1	1	1	18.6651447200889	1	20.595549141312	128.101212412313	41.5789201978452	1	1	1	1
MUC1	1	197.99307664939	1	1	1	1	1	1	153.680027138417	125.118557749922	1	1	1	1
MUC16	1	1	1	1	1	1	20.0286087684053	1	1	1	1	1	1	1
MUC4	1	30.1987033020789	1	1	1	1	1	1	84.2635963188698	22.0536565261485	1	1	1	1
MUC5AC	1	1	1	1	1	1	1	1	1	408.576657138357	1	1	1	1
MVB12B	1	1	1	1	1	1	1	27.8866459924501	1	1	1	1	1	1
MX1	68.2743575279669	102.320583835669	59.749371963923	51.3671835387115	114.405525552094	136.751271516129	30.5212107617635	68.0395191782007	45.1013079839135	176.771889216648	1	389.14964214006	1	1
MX2	71.5761899026735	132.931745187647	55.9044918490491	56.0313933387878	476.689033556334	73.0181689060818	21.41651244252	97.4270475099815	51.1181234402578	88.1095145080994	1	208.360886607659	1	1
MXRA8	1	1	1	1	1	1	1	1	33.3478894681541	1	1	1	1	1
MYBL1	25.5834707749129	1	97.508414811638	1	1	1	1	1	1	1	1	1	1	1
MYBL2	1	1	1	1	1	1	17.6506821716734	1	1	17.7652802925977	1	342.641959794982	1	1
MYC	24.9982132911256	15.840641166196	1	1	1	1	17.8677281676394	28.9264277760847	74.0268736846278	1	1	1	1	1
MYCL	1	29.8639453365711	1	1	1	1	1	1	30.4754364037293	1	1	1	1	1
MYD88	50.0408567968297	243.242496347837	92.402941751097	45.9130659886801	231.024993208042	132.855274904496	14.7102402992779	136.087597865694	38.4675860340361	155.163566846493	168.656541402362	1	1	332.057932721536
MYDGF	45.4992407624815	80.2833256765092	70.1220724114736	27.3647138968926	1	156.196350069757	274.147392061468	33.9630102515755	110.39737292673	135.538861991989	160.527080829623	1	1	1
MYEF2	1	1	11.9713048229978	17.3468048956243	1	1	1	1	20.4165192552365	1	1	1	1	1
MYH11	1	28.5797455798303	11.5102851935592	1	1	1	1	1	43.1998827828776	35.3653054618328	1	1	1	1
MYH14	1	1	1	1	1	1	1	1	36.1586022730196	1	1	1	1	1
MYL9	1	1	1	1	1	1	1	1	1	73.2441511273034	1	1	1	1
MYO10	1	18.6156469690832	1	1	1	1	1	38.8323128042267	76.9359759689137	14.4638134051516	1	1	1	1
MYO1C	24.5687825219465	42.8633683992391	1	25.1828533403485	1	46.8977357937913	39.2069436524722	19.326315887564	57.2678534176173	102.721792630953	1	1	1	1
MYO1D	1	1	1	1	1	16.4532350218055	34.2639282988049	31.2547090199595	45.4370439263487	23.6771955609749	1	1	1	1
MYO1F	71.6149880721095	344.015851349999	517.903674316555	34.8294989035044	1076.03851345055	91.4574589894793	1	101.311376973012	21.5940526657864	94.3539567206063	136.13312898684	1	1	99.712046840055
MYO1G	78.6858222860793	170.393158187697	292.241237237808	52.2758057096367	29.1841264079256	52.4098044951427	22.7076505797493	37.4101508395017	1	59.4555776327358	1	1	275.770582441158	1
MYO5B	1	1	1	1	1	1	20.6622947677599	1	56.2783531885697	1	1	1	1	1
MYO5C	1	1	1	1	1	1	1	1	50.120460312779	1	1	1	1	1
MYO7A	24.698121052702	1	1	1	1	29.1119014629499	1	20.8692189369254	1	1	1	1	1	1
MYOF	1	73.7414733087664	1	1	1	68.5255004233724	1	1	55.1118088525672	95.2517556348095	120.185068980691	1	1	1
MYOM2	1	1	195.058519125021	1	1	1	1	1	1	1	1	1	1	1
MYRF	1	1	19.1064509100485	1	1	1	12.6851081561964	1	1	1	1	1	1	1
MZB1	1	1	1	1	1	1	1280.7759965223	1	1	1	1	201.500803187554	1	1
N4BP2	83.7979944309539	113.917576629945	92.071931372411	109.528053978002	153.416193421232	85.1629629578652	43.9312266584507	159.285392764797	104.318622285309	77.2852317308668	81.8329314629342	196.956421439431	1	1
N4BP2L1	42.8066538472978	49.9522117776147	58.5543745539549	42.5570972794044	46.2203670601295	41.4761927525228	20.9060919930004	37.9482162863152	28.6729442224032	61.6817652865409	99.2744127669922	401.04047263452	194.423288921555	1
NAAA	46.7902686001616	143.455607510307	51.6946965643317	60.4528056206385	43.1561968217865	67.6074560711126	24.446719348284	42.7132496649519	20.5448752490211	105.261046657821	124.452760431729	1	1	712.572560177346
NAALADL1	1	1	22.475438228947	1	1	1	1	1	1	1	1	1	1	1
NABP1	78.1249671718907	88.8192154565224	40.9640719828297	98.3310686786528	250.260638754396	117.250168617532	33.913065477604	200.490292828275	63.9947866261265	90.1539372425448	142.093869840902	1	302.567227533856	158.475363546914
NACC2	1	41.0234914354904	24.0861603882274	1	30.9248462053442	1	1	1	15.1165740283208	13.9141003247247	1	1	1	1
NADK	18.0749956345201	125.72905312182	65.4322838869616	26.1727344094109	487.407121678393	57.5401773070681	16.5281537319758	80.2754302065838	33.4731269352326	37.2692527482454	1	191.300951852349	1	1
NAF1	24.9543394220203	21.4615411331629	1	34.7216730007093	1	31.8341414584002	1	44.2991590222243	1	18.3785419154949	1	1	1	1
NAGA	1	98.216980612038	16.8336475035686	1	1	118.745269894989	16.1031704340842	25.7253780415758	18.3230389968295	118.191870922471	169.379148388161	1	1	207.499578909973
NAGK	50.6872088170865	141.356715783572	64.3262937677757	73.6659609750262	180.685418095927	125.361199641109	43.8086097370028	75.5159210849378	48.2635364256797	59.6676987506596	1	120.178467121987	1	1
NAGLU	1	14.9809698217733	16.5149866093043	1	1	44.1644528200828	24.1072737811637	1	9.69123597602586	11.8672637170062	1	1	1	1
NAP1L1	659.380038628945	385.512428328529	293.949623428239	793.281405663014	33.3449431290558	275.337327954221	117.211176576122	419.159056449117	422.48827662319	418.970181013327	570.698028621867	632.492173564317	1583.63721693037	1779.09475409312
NAP1L4	176.83702886072	62.0085997378458	149.553887106155	72.5657086216192	27.9747346417607	49.8193545843871	68.463747392018	64.7371223588549	107.772594104202	65.2908389356143	1	1	194.845034772538	1
NAP1L5	1	1	1	1	1	1	1	21.1773896847907	1	1	1	1	1	1
NAPA-AS1	1	1	1	1	1	1	27.9937982543707	1	1	1	1	1	1	1
NAPSA	1	284.497546848521	1	19.8628287611564	1	1	1	38.751231286399	109.985977768362	70.6432091152169	1	1	1	198.405901697254
NAT1	1	1	1	16.5614148798369	1	1	1	18.6351032238832	1	1	1	1	1	1
NATD1	1	11.9783542836573	14.4278117807294	1	40.8225401810733	1	1	1	1	1	1	1	1	1
NAV1	15.8470214202622	25.3613912602256	19.2967817833289	17.6881433352079	29.0278195212678	38.8623281194039	1	43.0891281562682	71.8823748055825	40.8847816243405	1	1	355.482116134953	1
NAV2	1	1	1	1	1	1	1	1	45.1976243485104	1	1	1	1	1
NAXE	34.9993027660293	31.0680404749689	35.5026855582614	31.0707056782116	1	39.4715100968643	67.6262715518228	11.4079846051142	101.464113484935	36.7702251850371	1	1	1	1
NBDY	50.6779510000071	47.1772815991542	33.4860756945618	50.3013015354782	1	55.643969893316	25.3477563942369	1	64.39416947432	67.9789432706377	83.0547146851	1	1	1
NBEAL2	36.6289913750611	59.5290892370815	93.7055844318554	1	151.48437070449	12.4049965607806	1	21.2728293694102	13.7016232830049	25.1972884606691	1	1	1	1
NBL1	61.7640999790365	51.2864152185855	18.6458454627001	1	1	1	1	62.6602298431815	118.062294251155	79.1863021983541	1	1	1	1
NBPF10	1	15.133215828952	1	1	1	1	1	1	1	1	1	1	1	1
NBPF19	1	17.8071517991892	21.570526244157	1	1	1	1	1	1	1	1	1	1	1
NCALD	15.603641109029	11.7898784558143	83.2016321820996	1	16.533466170614	1	1	1	14.867611815177	1	1	1	1	1
NCAM1	21.8682573172272	1	232.438464666087	1	34.6311932921373	1	1	13.5374317773201	1	1	1	1	1	1
NCAPG2	1	1	1	1	1	1	1	1	14.2714362601256	20.8189274089779	1	1	1	1
NCBP2-AS2	1	21.2920163153675	51.0548317217184	1	1	13.329782083932	1	1	23.879047694882	1	1	1	1	1
NCDN	17.2840509379554	1	1	1	1	1	1	1	16.1665218367168	1	1	1	1	1
NCEH1	1	21.1716010093017	1	1	1	78.9699533137509	1	1	22.2028089294018	36.7290926463799	1	1	1	1
NCF1	25.1001110514424	226.308664218854	17.8882370460531	94.152732576138	1028.14473386111	51.2194859527443	63.4711880839927	101.160500540123	1	34.7261399103934	1	183.602092187783	1	1
NCF2	1	391.441014289276	1	1	1000.83307168227	278.428995026614	1	88.5597499838373	1	253.234364446606	283.690792902947	1	1	1
NCF4	1	51.023031657793	1	33.9860413633434	323.925663382402	44.54106072872	33.6971477934341	35.4759782121744	1	34.7806309187635	1	1	1	1
NCK2	125.191486727933	21.4187947823451	55.4982631584113	39.0432738551808	48.8688665419643	20.6549797137513	23.2243316066807	53.2988365119879	32.9810521323868	24.7451887332596	1	1	1	1
NCKAP1	1	30.953824236654	23.5416592573825	1	17.0965974382647	1	1	45.707072962479	115.694854550406	43.4308973861945	1	1	1	1
NCOA1	96.6855799512397	89.0663444161883	207.940903773768	63.2645810823906	194.221597857977	54.9591945139345	24.6179420063714	72.9738470939143	67.3318291974077	54.8767133395738	1	121.265895389168	1	1
NCOA3	55.105557118675	58.6677249711861	49.0530911134481	130.370422594932	41.4967636830323	33.6213594459007	59.3596015765458	73.0230658352772	34.2889459301269	50.524943513001	1	1	1	1
NCOA7	57.1271832768486	73.8024922918113	79.3893598937407	34.7777574235972	1	30.9728952033368	33.6406488991116	80.9652027541143	377.890190306738	60.5882755811409	1	1	1	1
NCOR2	54.5396566232788	126.166864263431	81.6268450767442	55.7324669492589	37.6171385886899	107.736090562438	29.3040187855291	94.2916859993356	119.275588264911	128.741391187377	266.603585538001	1	124.744614586479	278.941758428131
NCR1	1	1	209.928377355866	1	21.9046963320285	1	1	1	1	1	1	1	1	1
NCR3	1	1	67.0070899418613	16.2157695568432	1	1	1	1	1	1	1	1	1	1
NCR3LG1	1	25.8743910863009	20.9584984641928	1	1	52.2541190375136	1	1	23.1392186757587	36.4311846766708	1	1	1	1
NCS1	1	1	1	1	1	1	59.554048978645	1	14.5131754431532	1	1	1	1	1
NCSTN	48.6858387214451	137.808977050868	52.0555515156011	58.5053590979621	69.6364032938738	165.752995719103	75.9114931432532	67.9749991128798	117.280028755931	123.892497067028	1	152.802023793703	1	1
NDE1	26.808492456179	28.0621547886226	45.8114086021798	27.7325954867136	121.744011729706	13.0202856646901	1	24.680009141037	16.0943549495498	14.0682682186827	1	1	180.478789277504	1
NDEL1	57.130107674796	81.527967674888	37.1411992906061	53.5979333567158	152.577844495837	42.5714531969872	25.3615312239199	125.701655387403	70.5115063923091	82.4917011911484	1	1	1	144.835600133829
NDFIP2	35.1806613001535	1	1	1	1	1	1	43.8263862908023	83.0384776582531	1	1	1	1	1
NDRG1	122.5763505183	222.001522055298	61.2920133041449	30.1461098196816	154.382812791036	217.196322317039	66.388602945111	318.663125851962	967.968792517481	297.098007828782	1	398.202154811058	177.643777508654	1
NDRG2	1	23.573280157989	1	1	1	20.3439198336931	1	47.1937017925549	39.3398851357376	173.17357483847	919.305859347932	1	1	186.641771069857
NDST1	1	40.3373349993731	1	1	42.9637015078333	24.3987485572907	1	1	25.9743370461495	32.9162585740862	1	1	1	1
NDUFA2	69.3195899983459	89.6605826757793	77.7964399544314	58.5458756409116	71.4124931053136	79.910581895486	49.8822592515113	36.6038442090258	75.5397966730158	82.4471991685878	182.141119389669	1	1	1
NDUFA4L2	1	1	1	1	1	1	1	1	414.465170845404	1	1	1	1	1
NDUFA6	74.5469186695638	80.6482795550561	110.185866729718	42.7411947708153	1	80.3379082407399	51.7322492787292	56.4368385076943	117.614991237146	88.4969759588901	1	1	1	146.682028752146
NDUFA9	37.0856538060298	50.7565585313194	72.2567948587794	33.4619250240652	30.3271029056138	52.0823701179428	27.9492550689763	35.283258848898	48.2125644968662	58.9010366966083	1	111.449834379065	1	1
NDUFAF3	49.3757700556081	56.5098706267731	64.2081276377748	44.2268249379628	1	67.5997047505593	69.6413238043969	30.649780701636	74.4951837860775	54.6762255318448	75.5892471975481	1	1	1
NDUFAF6	1	1	1	1	1	1	18.4349022823356	1	26.8793047213634	1	1	1	1	1
NDUFB10	61.4384984254495	85.5134845331043	84.884724518195	39.3187989001524	31.1192327330193	66.7124869330859	69.0497697228442	28.0405788218959	77.1334260767383	80.4655301691376	110.358957867961	1	1	1
NDUFB11	88.6545077409144	82.0141254145529	76.6663451821432	86.8637893175949	1	65.1108527401535	134.832460863394	41.8954045248324	87.4162052283124	68.8543396928596	125.605129861236	1	1	191.421215243591
NDUFB2	100.478739170255	123.782830452576	201.706289521862	73.8776867202942	1	145.869860604934	54.6264980463511	83.86306835836	162.166648229043	144.413409318057	194.639418974914	1	1	170.563735186831
NDUFB5	73.0324694964145	112.899359668276	57.7064626258983	77.8215420701804	1	93.7436295676987	45.1484295226014	20.6088585177962	148.35144006924	101.288215178037	188.15381340518	1	1	151.86255177731
NDUFC2	74.0562964346417	99.8798764422789	114.577595700735	42.567596142325	1	107.667598123027	111.001385554193	76.2900725479217	192.525570672749	104.899121395222	142.810078342581	245.456469837621	1	136.008946456848
NDUFS6	82.4290078618592	96.4113754748364	108.388435514899	46.1192562836564	1	98.6948399521326	76.600911849588	36.968899533597	156.116529126807	80.8235594788184	1	1	1	172.282265534203
NDUFV2	69.7918586692576	70.2156678555413	52.5155939621782	33.5407340340401	42.412697072699	63.9565295700939	36.2559896388064	91.9971131647713	89.9603976015665	80.6234646516619	1	1	1	182.975670802552
NECAP2	94.3687074691388	112.704286188067	83.13191698657	61.6463495785509	46.5128553944186	156.848749138628	25.4424284685341	92.1357667274513	52.348273575277	101.853086415746	251.779043381091	1	284.670674798535	1
NECTIN1	1	15.561438535159	1	1	1	1	1	1	90.8506321121462	1	1	1	1	1
NECTIN2	1	49.9707004516099	1	1	1	68.9119199302717	1	1	62.9870329699145	110.502706172024	128.041400324411	1	179.313579985505	1
NECTIN3	20.7243672339776	1	1	1	1	1	1	1	1	1	1	1	1	1
NECTIN4	1	1	1	1	1	1	1	1	45.6605229973372	25.8828296624974	1	1	1	1
NEDD4L	1	42.4731793158145	1	14.6280615034799	1	29.0847043309318	16.6151587899962	54.4157597204843	141.572634477267	46.5344065555337	1	1	1	1
NEIL3	1	1	1	1	36.719176630721	1	1	1	1	1	1	1	1	1
NEK10	1	11.517382773299	1	1	39.5489420647231	1	1	1	1	1	1	1	1	1
NEK3	1	14.8085361939735	1	1	1	1	1	1	1	1	1	1	1	1
NEK6	1	37.2479512149329	1	31.8810383984181	1	75.4377641497452	1	1	32.9210619269028	53.4432847520814	1	1	281.570224540057	1
NEMP1	1	1	1	23.4058834809318	1	1	1	11.3841256274034	11.0481830684454	16.153264577284	1	1	1	1
NEMP2	1	1	20.7904882116203	1	1	1	1	1	1	1	1	1	1	1
NEO1	1	1	1	1	1	1	1	1	28.9397790726111	1	1	1	1	1
NET1	1	30.3033010898931	1	1	1	15.8137052484322	20.7891042395768	24.8135945577196	87.6371605762622	54.6893752326238	1	1	236.84000741514	266.88334727411
NEXN	1	13.8984558674481	1	1	1	1	1	1	1	1	1	1	1	1
NFAM1	1	171.657897375662	14.3541749026592	1	304.405922062881	92.970315672837	1	1	1	43.1880172102548	1	1	1	1
NFATC1	80.0044026911574	41.4380714075344	31.5896052980445	102.257601153423	1	42.4850384694314	1	87.8083476381962	71.1110549563059	41.3526260883089	1	1	1	1
NFATC2	163.377751160676	1	370.61231153667	61.4087700983224	1	18.4719208837462	24.003982393429	63.0360407183068	1	39.3030080668537	1	1	1	153.655314280436
NFATC2IP	120.515299513558	128.342752326742	175.228306551359	99.5037765321222	153.602427808083	63.2742002881765	36.4147857863137	95.8530137098482	87.4713204513824	92.8467048501814	1	350.121566737609	1	1
NFE2	1	20.5281807460858	1	1	136.689886917669	1	1	1	1	1	1	1	1	1
NFE2L1	19.5470496111935	40.3483580485107	34.9733216837265	20.1766562077461	20.5831179670847	59.8620817648491	31.9941873417364	15.0848629568539	100.469370160626	43.6471832472151	1	1	187.222056224704	1
NFE2L3	1	22.9762032545618	1	1	1	12.985752019029	1	40.3393961184151	39.5888309117593	19.658131122192	1	1	1	1
NFE4	1	1	1	1	67.3843972344685	1	1	1	1	1	1	1	1	1
NFIA	23.8735763200029	37.0071754895356	1	1	1	39.2196417462412	1	87.0179544109255	98.2713432381459	33.2936170655194	1	1	1	1
NFIB	1	38.1788170050737	1	1	1	1	1	48.3915797534037	112.188126055082	47.6706156990184	1	1	1	1
NFIL3	1	37.1202924827214	30.5385437470547	1	108.401655800776	78.5965372325045	1	22.7287183804094	15.747904720696	62.3347292864626	1	1	1	1
NFKB1	363.915908225724	263.761117105242	196.417482274236	168.747029306078	107.442764735489	348.499946164082	111.147893919923	616.472439012524	341.684743537313	510.390930059873	382.447705059123	476.558541433534	1226.37285168381	287.50377072833
NFKB2	66.1379607521785	66.8719854479598	41.1199350624663	77.0403506241858	95.2247608744705	63.9237362326178	41.7784195405076	113.941231067085	55.4709224994516	51.1343796927008	1	154.97268793008	203.71464559185	1
NFKBIE	1	48.3965981819914	1	1	36.7990689077084	54.3806631693749	16.0431883744923	46.7732013650464	31.2803199395303	99.1197135368691	146.360231217028	1	90.7406495062811	1
NFX1	61.0547669476651	67.6401974415054	73.6094829391967	101.29833882947	38.8040347135224	57.2384985628268	37.0271924178038	34.1969404128022	76.2578558474261	70.2616585486879	1	182.692952152139	1	1
NHP2	57.0608980496648	59.2369619024176	42.7644055574167	66.6985905170392	1	50.6698977629796	36.8460741227118	42.723266318225	61.8843894536422	61.9075779706736	1	150.574798475707	1	152.845269472662
NHSL2	19.0244016443402	44.3164355211689	41.9428447248955	1	93.7148124238923	1	1	1	1	1	1	1	1	1
NID1	1	24.542464776812	1	1	1	1	1	38.4915771226274	34.1326270655614	1	1	1	1	1
NINJ1	69.1225863014768	233.932617295188	61.1303708468849	1	655.957036306095	343.865054308285	38.4641971874645	335.993304890409	73.5394258795593	291.090474926802	261.337613106022	310.098326179443	356.419755097742	1
NINJ2	23.0812064278136	25.6997665663577	1	1	58.8326863844476	16.9586340546311	1	1	1	16.829318773399	1	1	1	1
NIPA2	53.254620113381	55.5398548499802	70.9126061417767	64.0756948705212	35.1398925580062	48.5482003447674	39.6315112809237	63.5011982546564	45.111148722625	68.7114269196859	1	168.45351987094	1	1
NKG7	104.03217494637	1	1594.66058216803	1	1	1	1	45.3477654781237	1	1	1	1	1	1
NKX2-1	1	1	1	1	1	1	1	1	163.781155789707	30.7728793105142	1	1	1	1
NKX3-1	1	1	1	30.497700089672	1	1	1	1	12.994088148866	1	1	1	1	1
NLRC3	70.3889879652763	1	153.189133521638	34.3871629938999	1	1	1	26.1180623123666	1	1	1	1	1	1
NLRC4	1	22.1812363432033	1	1	24.8972857539696	1	1	1	1	1	1	1	1	1
NLRC5	84.8874742646011	24.1654331198115	118.720134551457	42.8269149564781	51.7727966586941	17.0145195077901	1	36.011002788377	1	15.6685942539447	1	1	1	1
NLRP2	1	1	18.9847894810852	20.7066998330052	1	1	1	1	1	1	1	1	1	1
NLRP3	1	141.865577587166	1	1	34.3608780134575	75.2531697928646	1	37.4743874989715	1	79.5782484440137	130.137709991977	1	1	1
NMB	69.5350848776504	1	1	1	1	32.9966389385188	1	1	38.0312125643864	40.8584311380945	1	1	1	1
NMI	22.1170227259518	50.2988952920069	62.4130976922563	1	182.517553291346	36.1739005623379	1	23.4951699151735	22.3003686075078	35.635421864403	1	1	1	1
NMRK1	34.6114719330675	14.1587126226391	36.3907966238586	1	1	18.774635545932	28.7535131416584	1	37.7699909805757	1	1	1	107.450921883597	1
NMUR1	1	1	110.741950383801	1	1	1	1	1	1	1	1	1	1	1
NNMT	1	1	1	1	1	1	1	1	57.5918394880836	1	1	1	1	1
NOC3L	1	1	1	23.3290632508604	1	1	1	1	15.9012159314327	1	1	1	1	1
NOD2	1	47.9584433551474	1	1	35.3594317342878	15.7808213225259	1	1	1	26.5662504696116	1	1	1	1
NOL6	1	1	1	17.2137857733905	1	1	1	1	27.9582385398258	1	1	1	1	1
NOP10	79.6458533190935	120.652704157265	95.8304496658036	72.439646506592	377.447040995732	207.243701504853	60.1734026794177	145.181745658792	160.579127846713	172.905801315113	191.4759883981	1	1	1
NOP56	126.570323147582	54.2248049130133	102.127460200215	115.591071523343	1	55.39799630751	38.0010276457986	86.1768575084123	81.5506089091313	52.0938638174356	1	140.875074993118	1	1
NOP58	141.535782188345	36.3353031887718	75.5291027767152	92.0168602964675	1	30.6065173916513	44.0430222520557	103.595767979649	94.2322858543275	38.4713371206749	1	175.467885483511	1	1
NOTCH2NL	1	14.0246167823412	1	1	1	1	1	1	1	1	1	1	1	1
NOV	1	1	1	1	30.6552527654893	1	1	1	1	1	1	1	1	1
NPC1	63.006091444574	49.9836335691645	159.846234825546	19.0696703816904	31.7263166771877	173.182908551833	1	126.816297652817	52.3299053425913	74.8014497271441	1	199.774021544394	1	1
NPC2	57.7197433733652	703.493627208004	43.4168408597598	91.1885530062451	167.025713637392	1660.1271366844	394.637755316493	225.070084597056	213.822299858894	1012.03600953073	934.262125138651	1712.77023359512	525.262030669056	398.35451392792
NPDC1	1	1	1	1	1	1	1	1	15.1258137474145	21.9854717530974	1	1	1	1
NPIPB4	1	11.5061069921725	25.2223430768231	1	1	1	1	32.4443452176287	1	1	1	1	1	1
NPL	1	63.3599505963253	1	1	191.230785406987	316.374155184897	1	37.3032502660296	31.0762556607583	42.7908812407809	1	1	1	1
NPR3	1	1	1	1	1	1	1	1	37.6377521825111	1	1	1	1	1
NPRL2	1	1	68.1775393778144	1	1	1	12.8029974199366	1	1	1	1	1	1	1
NPW	1	1	1	1	1	1	1	1	58.0857287579307	1	1	1	1	1
NQO1	1	37.5050549825252	1	1	1	21.4536183986129	1	1	185.148592778567	45.5904020230844	1	1	1	1
NR1H3	1	1	1	1	1	61.9714502827236	1	1	1	1	1	1	1	1
NR2F1	1	1	1	1	1	1	1	37.4706561836823	53.3652544002188	1	1	1	1	1
NR2F2	1	32.0489823819783	1	1	1	1	1	42.7274025327445	51.9540905941701	33.1716038252693	1	1	1	1
NR3C1	545.63135639616	112.059401339346	180.93851565547	171.757411521566	130.707119937586	121.825657646523	73.8868115121803	183.054589749151	131.792437229409	128.496050692724	188.185665236901	2015.6858774213	241.936152711	154.481787973548
NR4A1	87.9491437951257	242.92378887102	34.1268478505887	516.485451834622	1	295.64169517435	309.624212286235	1136.5530734862	773.880919209777	372.836009109962	655.764377143193	894.762921281898	360.732916059352	410.952491272377
NR4A2	1004.22248150246	388.265577578109	320.734055319628	1551.39874904366	175.782827451507	990.626946937959	111.830562337451	2094.64612676862	635.933058157864	750.890564197009	1626.95237074122	2644.57111802193	807.828063116884	659.329240553389
NR4A3	345.675729427071	378.709332656181	126.190374009688	460.870838307132	150.014796988676	455.257238208541	43.5674189621431	1129.3267105851	401.28625924143	1141.15717329437	1679.04471275844	4607.03601638382	1331.23555061685	1016.95579688821
NRARP	1	18.1925003988799	1	1	1	1	1	1	29.5026329696859	36.9110562441108	1	1	1	102.360990111274
NRBF2	32.6909857829975	38.473251783564	40.5194273852638	30.7800347032671	305.92189752548	29.9033806749983	26.9633643651896	42.5371263371002	27.8244786471585	47.3316024681311	1	1	1	1
NRBP2	1	1	1	1	1	1	1	1	14.25038651739	20.0439505596404	1	1	1	1
NRF1	18.4043936783918	1	27.8861268108093	1	1	1	1	20.4988669995671	1	1	1	1	1	1
NRG1	1	61.0898011361362	1	1	1	1	1	1	1	21.2400074293481	1	1	1	1
NRGN	1	79.7084979404999	1	1	1	1	1	1	1	1	1	1	1	1
NRK	1	1	18.6465447001566	1	1	1	1	1	1	1	1	1	1	1
NRM	1	20.8045756241885	1	1	1	1	1	1	1	18.5834663780846	1	1	1	1
NRP1	1	29.1824050829892	1	1	1	93.4078914082738	1	1	23.3102934482793	53.9494020150912	1	1	1	1
NRP2	24.8346897256214	48.9553192661539	38.9041675899074	24.3324384846879	83.9581830794803	117.310736139046	13.6371481479848	33.1363104823095	61.8356660182426	49.0265265779583	1	1	284.941101759593	1
NRROS	1	26.091126542678	34.0641257469355	24.3715015378478	1	23.174433599951	14.1454786073429	19.7827372811287	1	19.0848659849976	1	180.077752755449	1	1
NSG1	16.8876751796342	1	13.1813359950412	1	1	1	1	1	1	1	1	1	1	1
NSMCE3	179.04204539584	20.560568352229	65.5080088205062	121.291639611977	1	23.8803588502048	39.054905717776	49.1299567882006	21.509286879714	34.0127806613771	1	428.108596588947	1	1
NSUN3	1	12.1616550288739	22.8498018859515	1	17.8916649361259	1	38.4291553765446	1	12.6926470319257	1	1	1	1	1
NSUN6	1	1	15.4476349437772	1	1	1	1	21.2207342036871	1	1	1	1	1	1
NT5DC2	1	1	1	1	1	1	51.0516516643987	26.8031830683449	44.6011909615723	31.1110941859232	1	1	1	1
NT5E	1	1	1	52.5501667509017	1	1	1	1	1	25.1944900626116	1	1	1	1
NTAN1	18.9283068601161	24.5833520285012	26.561212811637	1	1	68.7291777055047	1	20.05020909049	22.6453888865513	40.1679242004274	1	1	1	1
NTM	1	1	1	1	1	1	1	28.848753655118	1	1	1	1	1	1
NTNG2	1	1	1	1	32.0625986867078	1	1	1	1	1	1	1	1	1
NTRK2	1	1	1	1	1	1	1	1	295.48320024061	1	1	1	1	1
NTS	1	1	1	1	1	1	1	1	182.953544668699	1	1	1	1	1
NUAK1	1	1	1	1	1	1	1	21.216641808186	17.2782913929915	1	1	1	1	1
NUAK2	1	18.7034327433753	13.2279644289684	1	83.5532566940655	1	1	40.1055944160867	13.151278803135	1	1	1	1	1
NUB1	52.7263029430457	63.2062743719399	103.366557802703	45.3448926735274	99.1645539551889	57.004080951823	1	28.1453469242561	56.846105695669	65.1227274366327	1	1	604.386641273542	1
NUCB2	54.2379300729011	45.909097069911	105.797656012195	38.6866128910271	32.8774404887045	57.7997489380792	194.403736768067	47.6219122521849	118.588228702959	54.9971381242486	1	306.451303463687	1	1
NUGGC	15.0955892715483	15.1457883877708	23.6652002395845	1	21.9283837815006	1	34.1687871831463	1	10.7581215457614	1	1	1	1	1
NUMA1	111.893808333062	82.23242303285	151.137701728623	80.5191717329696	57.4898756589102	67.7426865305883	36.4738693299606	78.0633532957423	104.537837068942	86.6337267577724	1	239.929693046002	1	1
NUMB	38.0121879832083	149.166170090957	47.8918204928244	57.1066106074745	390.98765262191	73.6894940873487	25.9230571937427	65.6459081362446	44.5697919994634	90.9245276030992	1	1	1	1
NUP210	119.830287768792	62.2397197440137	195.370226009105	138.680368967889	1	33.1807821993456	50.9114273006853	29.6830281347892	46.8133497304933	50.0977514163752	1	137.050222414882	1	1
NUP62	51.5195472566199	78.465191357956	71.6904678948997	47.540636002208	40.0573698595856	76.4560666663241	24.054804977356	43.0860599238101	60.9770615285488	106.821923688156	131.102394516229	205.656603852675	218.837644348651	1
NUP98	93.7001721091954	56.7464312605628	45.1029181617773	61.9485756938433	74.2370808578357	50.6299838170289	25.1758710784377	76.7677529446365	56.1138558275481	69.2531814522539	1	1	139.84875104516	1
NUPR1	18.0359271888731	43.364333220401	40.3387685559363	21.9365142742178	38.1721623727763	294.589966145971	1	90.4497068068071	43.2404753896414	54.4929307763506	1	1	1	1
NXPH4	1	1	1	1	1	1	1	1	31.4562346345748	1	1	1	1	1
OAS1	15.878807014986	86.64534249301	33.3604865659867	19.4873187412813	1	69.2198259543177	24.2547706061363	1	15.4946601552637	48.5314722410129	1	1	1	1
OAZ2	30.5218746893176	145.704650946711	73.9083984504111	41.8097546549696	618.876508209917	108.086111097524	21.4977111941589	78.7782377896261	80.8535698660389	95.2027780885556	1	1	1	173.10805085854
OCLN	1	28.9543064734999	1	1	1	1	1	33.2683342049184	78.6237008012075	31.7561881064098	1	1	1	1
ODC1	132.843564292393	52.1782946501378	32.6098344173074	161.157347039745	1	66.3036351086355	141.720523878948	131.844443061469	714.983492936141	50.813933114147	1	275.786423450518	1	1
OFCC1	1	1	1	1	1	1	1	12.9966968513933	1	1	1	1	1	1
OFD1	88.558821809625	26.45957588332	149.117855071379	154.390598362417	1	18.2961139683263	24.6738924681192	97.5398004104007	53.1894462984349	27.4713950450413	1	224.037211636268	1	1
OGFRL1	22.9816350294748	142.789786366005	30.2690673986497	32.5245624400107	309.046547672588	105.274069377565	1	64.9759750898656	25.8251722220564	217.170980174443	368.19629473557	1	178.35675162622	1
OGT	105.409091834436	50.2084192983393	127.361989795093	82.1512017573398	40.0254662819743	23.2636897067291	74.1656653460684	88.7966272344143	56.9979735251645	29.1505824211298	1	250.612082312585	1	1
OLFM1	1	13.2060382777482	1	1	1	1	1	1	41.7790177901439	1	1	1	1	1
OLFML2B	1	1	1	1	1	73.8622164018257	1	1	1	1	1	1	1	1
OLR1	1	475.648872099946	1	1	65.7185694273243	601.853814597231	1	195.056966980698	1	623.562144792626	1	1	1	1
OPN3	1	45.5146882064795	1	23.2747849616982	1	69.1352512766885	1	30.4459398609381	20.3730544016172	75.4879134067805	180.200187431573	812.499862095966	183.597939865711	1
OR4P4	1	1	1	1	1	1	1	14.537821265538	1	1	1	1	1	1
OR51D1	1	13.2984286179574	1	1	32.2512733656969	1	1	27.3599097776386	1	1	1	1	1	1
OR51E2	1	1	1	1	1	1	14.1657743485784	1	1	1	1	1	1	1
OR6C4	1	1	1	1	1	1	76.4122281321327	1	1	1	1	1	1	1
OR6C75	1	1	23.3632525219199	1	1	1	1	1	1	1	1	1	1	1
OR8B12	1	1	1	1	1	1	13.8283257377768	1	1	1	1	1	1	1
ORAI2	80.7311680609043	132.802466531924	162.787521825934	167.970411116675	369.650443088062	74.1514076893937	55.0309721340988	106.341561389656	61.9397824630348	72.4169647795991	1	166.836316431427	1	1
ORC3	1	1	16.7442645662356	19.928297473886	1	1	1	36.0892693410915	14.6200466709085	11.7600724509531	1	1	1	1
ORMDL3	77.070458125447	29.2927534254901	68.2805268377638	39.4942092402007	1	20.9215537093662	107.313427434926	20.2301006066905	73.7094636443287	26.9315656481589	1	1	197.987583491678	1
OSBPL10	1	1	1	84.9309323736729	1	1	27.1113920357747	1	15.6275765942253	1	1	1	1	1
OSBPL1A	1	27.3513335981896	1	1	29.7658035482542	88.7630348388309	1	1	57.0214280548685	44.3664319411341	1	1	1	1
OSBPL5	1	18.1045645729198	107.926702671711	1	1	1	1	1	31.8050193607881	1	1	1	1	1
OSCAR	1	114.225229434516	1	1	76.6606056774654	82.7631665274795	1	1	1	41.5970122760493	1	1	1	1
OSER1-AS1	1	12.2807973801771	20.9235027877707	1	37.1317600780543	1	1	1	1	1	1	1	1	1
OSM	1	183.676816961396	1	1	586.073663539944	134.395650890042	1	267.0566903487	27.5031220733457	172.706928722807	1	1	1	1
OSMR	1	33.8638973681047	1	1	1	1	1	1	86.98522462025	35.8917066631413	1	1	1	1
OSR2	1	1	1	1	1	1	19.254102222578	1	21.7311005885357	1	1	1	1	1
OTOA	1	1	1	1	1	78.05117008725	1	41.1764484445445	1	15.8021241661809	1	1	1	1
OTUD5	59.5204318018888	47.6134753586528	72.4615987485959	60.5089964945274	83.7750984097388	41.6057822174731	61.3626957085989	39.682350180841	35.7508611594932	35.2007023091831	1	129.82836060669	1	1
OTUD6A	1	1	1	1	1	1	1	36.0013376789993	1	1	1	1	1	1
OTX1	1	1	1	1	26.514185417463	1	1	1	1	1	1	1	1	1
OXCT1	36.2014520007383	1	32.8933642087942	31.8327554992674	1	1	1	13.6412198069958	37.0514472389744	17.5844885936639	1	1	1	1
OXER1	1	1	1	1	25.0197526156137	1	1	1	1	1	1	1	1	1
OXNAD1	37.5190694435571	1	19.0449377505062	1	1	1	1	1	1	1	1	1	1	1
OXSR1	36.6762402115851	61.7389333930064	42.4670360451372	30.3619757868922	75.2610504447181	48.539308252112	1	47.1671921440178	37.586256797435	68.7042186764176	1	1	1	128.343579954986
P2RX1	1	17.9435745773727	1	1	28.869835024574	1	28.5440467730983	58.7283849759127	1	1	1	1	1	1
P2RX5	20.2492816332881	1	1	133.021946136853	1	1	27.7482847505311	28.6555838038308	1	1	1	1	1	1
P2RY10	95.1596934621302	1	16.9504051062978	74.5948187046977	1	1	16.5158057689506	39.7105361895047	1	13.8991867533803	1	1	1	1
P2RY11	1	1	29.1942944900639	1	1	23.781180547816	1	1	1	1	1	1	1	1
P2RY13	1	83.3154535023994	1	1	324.886604692363	25.6868634236369	1	1	1	22.175774276307	1	1	1	1
P2RY14	1	1	1	1	1	1	1	21.6599828805002	1	1	1	169.256101912636	1	99.4454542821804
P2RY6	1	1	1	1	1	1	1	1	1	19.0096758947148	1	1	1	1
P2RY8	66.8504153214331	21.1178617021502	129.071163320421	17.0013096585323	1	1	27.3538264491296	20.6839222612441	1	1	1	1	1	1
P4HA1	23.6233380071515	48.8208887716903	14.680901398267	32.9839106899755	33.1462065927897	80.2567490029043	31.9927617307239	92.9137519188704	90.4889023792083	70.3552013631579	79.0573252354557	1	1	1
PA2G4	93.2742323622575	83.2694583574651	141.825212895223	55.0389240834788	1	80.8303913776396	28.9091873838566	76.1573343938738	129.680736462116	104.244386033388	142.557300829321	1	1	1
PABPC3	27.944440677036	15.9840865742203	15.4004762835307	18.6887331220203	1	1	1	14.8635297968816	1	1	1	1	1	1
PACS2	19.534292079312	20.2272629364863	24.8217756077437	1	1	30.9778060717023	73.1642644987182	15.9104471256613	15.7190834008311	23.6128466183023	1	1	1	1
PACSIN1	1	1	1	1	1	1	1	1	1	1	1	256.612104991337	1	1
PADI2	1	17.5376030482938	1	1	121.49290156907	16.9682350695827	1	37.6591907339714	1	40.4616351184137	1	1	1	1
PADI4	1	37.5507745723331	1	1	202.949238489473	1	1	1	1	1	1	1	1	1
PAEP	1	1	1	1	1	1	1	1	63.5098652216893	1	1	1	1	1
PAFAH1B1	100.730144017932	93.3930277477747	125.574673689735	94.2185622635082	112.752151964214	81.1927202814529	37.2764574358333	87.7795643405609	94.1301939820365	98.3916185897067	1	1	203.941624733901	1
PAFAH2	15.3042867812524	24.6779912606635	86.3380369839631	1	25.7730761805957	25.1410564543939	1	21.9852606903953	32.9057793659276	1	1	1	1	1
PAG1	315.028773813089	131.332417270012	128.901230404998	146.729387848791	170.394881232895	113.363085665566	63.2787121163342	384.073222730241	176.536015530346	147.004003054851	1	431.453124470847	205.439672128253	1
PAIP2B	1	1	1	21.4931058218939	1	1	46.1416730047753	1	1	1	1	1	1	1
PAK1	17.4597693662615	108.579902475501	22.0390759463054	1	205.716244064618	56.3165165413665	1	49.2924712524454	120.436964607526	150.918663582789	414.483801143387	1	1	180.553143890047
PALD1	1	1	1	1	1	1	1	1	1	35.0963998676624	104.717495979001	1	1	1
PALLD	22.8333039930061	69.215962092175	74.759601900446	15.3060032656486	65.1301881549418	44.2511114923295	1	64.1262878003676	112.060633579964	55.3018651878801	1	1	155.971923149981	1
PALMD	1	1	1	1	1	1	1	17.0034138974171	1	1	1	1	1	1
PANO1	1	1	12.6226431726485	1	19.242428114474	1	1	26.9479674990968	1	1	1	1	1	1
PANX2	1	1	1	1	51.6057121369087	1	1	1	28.0117293755404	1	1	1	1	1
PAPD5	89.0985969816966	83.9145171970609	120.919543820458	48.2964253774072	27.6381400318098	79.4049681229948	29.5238641238191	42.7978356584278	38.970034773611	103.796807388505	111.434070570426	1	553.896766408562	207.350080304148
PAPD7	27.4409045955946	22.8326034075627	18.1789315498422	48.2931399513493	1	18.9478132347982	28.4881426330259	24.3071799686355	28.1325350906836	35.6913968440594	1	113.770830197144	1	1
PAPPA	1	1	1	1	1	1	1	1	36.6950166388473	1	1	1	1	1
PAPSS2	1	106.586844599905	1	1	1	187.608385068852	1	36.5815835080085	33.9712208440162	143.830559456606	1	1	1	1
PAQR5	1	1	1	1	1	1	1	1	32.9499936057293	1	1	1	1	1
PARD3	1	1	1	1	1	1	1	1	47.0737422788575	1	1	1	1	1
PARD6A	23.9750354972423	1	1	21.9720899522085	1	1	1	15.0195108712179	1	1	1	1	1	1
PARG	1	1	1	16.4520795799272	1	1	1	1	12.3301888874531	1	1	1	1	1
PARM1	1	1	1	1	1	1	52.3723412772973	1	69.6829240896056	37.7239668644033	298.569604706923	1	1	1
PARP1	118.619042648913	55.7777231308383	99.4540537142141	173.938086164524	1	64.9418041479079	77.3688437461774	86.275135799129	121.738830603433	86.1437259657739	135.787920486167	1	256.95710147483	134.433275814006
PARP11	1	12.2872207540107	19.5333063604388	14.6945330753275	1	1	1	41.3598316155334	1	1	1	1	1	1
PARP14	71.0052195740164	126.77517438747	110.474084925403	128.062960613068	105.895709813646	114.645171039043	34.5659986303541	91.5289042612791	63.0002942924823	132.327768643908	1	1	152.619020825616	1
PARP15	20.8938872238479	1	58.4875186700684	67.2189678854104	1	1	1	45.1724208087247	1	1	1	1	1	1
PARP16	1	1	22.5632787640931	1	1	1	1	1	1	1	1	1	1	1
PARP2	1	1	17.0164721747925	1	1	1	14.4392302567016	1	27.4906187958333	1	1	1	1	1
PARP3	1	1	1	14.0840320585289	1	1	1	1	15.7538238265115	1	1	1	1	1
PARP8	118.029806393943	34.8025098604134	166.811677913457	24.5830475900918	100.0382027559	13.5591335799222	1	43.5021178717737	14.6818486188803	13.7769135915277	1	1	1	1
PASK	157.787399388292	1	18.4615867401041	25.1773455222922	1	1	1	18.700932323311	1	17.062613065795	1	1	1	1
PATL2	17.855163220126	1	54.3960981245109	16.0907391100241	1	1	1	11.8734487277018	1	1	1	1	1	1
PAX5	1	1	1	246.882982353561	1	1	1	1	1	1	1	1	1	1
PAX8	1	1	1	1	1	15.3433535058283	1	1	1	1	1	1	1	1
PAX9	1	1	1	1	1	1	1	1	51.1678006577768	1	1	1	1	1
PAXX	38.0401260340055	20.4778618097256	58.9571408192943	20.1934934198244	1	12.9586930664592	1	11.9909486628639	1	14.7532448569032	1	138.311866084896	1	1
PBRM1	78.5145256400267	78.6145977886552	113.748556272533	65.2762101759158	64.6735328850538	86.5703056712124	31.62851740764	98.5130172973981	61.3228615059841	65.9979828643831	1	1	229.168473470458	1
PBX1	1	25.7712580289529	21.6956366710397	1	22.1033009464763	1	1	93.0193064582496	126.331619602666	32.421057519297	1	1	1	1
PBX4	56.2922135141987	1	1	1	1	1	1	20.3833469380641	1	1	1	1	1	1
PBXIP1	172.698094012171	25.1826118378608	50.3752330288035	78.5469793671882	106.308523245146	19.3015916975342	30.9400741037988	68.6164964911082	26.5263093817369	18.7998911530155	1	1	1	1
PCDH9	1	19.4252434204612	18.4706098226971	31.1499538773107	17.1244813392002	1	1	28.2134347120249	21.0497968847248	1	1	1	1	1
PCDHA4	1	1	22.2133883831738	1	1	1	1	1	1	1	1	1	1	1
PCDHGA5	1	19.0273913618966	16.3437194668916	1	45.3729718050052	1	1	1	14.3717952651572	1	1	1	1	1
PCED1A	1	1	19.6188494129298	1	1	1	1	1	1	1	1	1	1	1
PCED1B	45.5625953683616	1	34.1760110266287	25.953215432635	1	13.9005876688019	11.6487216073483	1	1	1	1	1	1	1
PCED1B-AS1	225.690045991042	29.3683445365907	280.58572000767	96.6104880612783	32.6426563746028	55.3762607117137	140.051827813461	38.514937166396	1	49.0624107085859	1	1	1	1
PCGF6	1	1	14.8646523730554	1	1	1	1	33.2554337538215	1	1	1	1	1	1
PCK2	1	18.7226368187748	1	1	1	35.1723487787607	1	1	13.6131659186263	16.9512890985362	1	1	1	1
PCNA	75.7548449061987	17.9339191152946	42.4436081425174	66.3908943407961	1	25.2200578271161	1	56.2613074126748	39.7228131109327	45.8846260170228	1	1	1	1
PCNP	103.802381595289	75.9295357455148	99.660508065938	91.0615375032672	37.1016290446565	55.2107260123883	51.3691319212198	110.048737887752	122.541215725238	61.6012080551778	138.026601951206	1	175.304065913044	1
PCNX4	65.4303414098266	85.3630263209724	146.761854309815	100.53103336306	90.8003060044597	99.5445417172248	35.3440909887977	78.507170833258	63.6740190647288	74.5199380221065	1	155.541820354957	1	1
PCOLCE	1	1	1	1	1	1	1	37.3296585371803	42.4087172463704	1	1	1	1	1
PCOLCE2	1	1	1	1	1	26.1556418920167	1	1	1	1	1	1	1	1
PCP4	1	1	1	1	1	1	1	1	29.3274331039646	1	1	1	1	1
PCSK1	1	1	1	1	1	1	1	1	70.9892183529327	1	1	1	1	1
PCSK5	1	27.7217050617629	53.8847874748298	1	1	22.7932734414803	1	1	1	1	1	1	1	1
PDCD1	44.4910753483872	1	1	1	1	1	1	1	1	1	1	1	1	1
PDCD1LG2	1	1	1	1	1	19.8014247287041	1	1	1	1	1	1	1	1
PDCD4	344.79439256833	76.2305076012822	161.744002765493	170.818388482264	104.458988218556	51.8148225695369	66.2336921456888	157.057071965505	91.0408053423435	60.911026277781	1	1	1	1
PDCL3	37.1066094706346	13.6741190006179	35.6840797456095	1	1	1	1	37.6372575310849	13.561956398302	22.0530030531641	1	1	1	1
PDE10A	1	1	1	1	27.1121740092187	1	1	1	1	1	1	1	1	1
PDE11A	1	13.4934335834169	18.3349518491422	1	47.7117408340441	1	1	1	1	1	1	1	1	1
PDE2A	1	1	1	1	1	1	1	1	1	20.1583428959694	1	1	1	1
PDE3B	148.080645965435	17.6371025592371	41.8895622714369	19.6000971151537	37.1117900436931	15.5649855639764	1	77.5779369913776	25.7607048810845	12.9597319331489	1	1	1	1
PDE4A	39.1519110552952	82.3834373170306	69.6091140111566	23.4041249306815	1	67.7304488372274	14.2850294489602	59.7096450293299	46.4960646059408	118.223919048	161.798237731261	1	1	1
PDE4D	213.849002573755	63.7045953569668	109.126929071349	14.7125467635698	1	24.3991699683087	17.8919380309103	80.4812259410107	42.8721913005389	32.7477650292021	1	1	1	1
PDE6A	1	16.9140410368832	32.0802332918146	1	31.3609218541248	1	1	1	1	1	1	1	1	1
PDE7A	140.389773247052	41.7435477457165	113.077556836321	238.52094105215	56.9642498931518	42.7356079870258	1	83.8614648615678	30.7618889750543	61.9371932240657	1	251.914628001591	1	1
PDGFB	1	1	1	1	1	15.8323404513273	1	1	1	35.3197945769054	1	1	1	1
PDGFC	1	1	1	1	1	18.1676993200772	1	1	1	1	1	1	1	1
PDGFD	1	1	39.125411603082	1	1	1	1	1	1	1	1	1	1	1
PDGFRB	1	1	39.6245925648421	1	1	1	1	1	1	1	1	1	1	1
PDIA2	1	1	1	1	1	1	1	1	34.7612879570336	1	1	1	1	1
PDIA4	62.3822579018135	86.3807696016824	133.518361061926	32.669259325377	1	193.018353275775	397.271774360029	97.5662305733159	256.898322073953	142.250962113251	107.248338282559	275.795683761941	1	1
PDIA5	1	20.1593103317975	1	1	1	16.4934587306732	41.7878527407711	13.631764205493	63.0753157415644	14.6375385147354	1	1	1	1
PDK1	24.9405359078415	20.2711723967918	26.6429198554251	27.2205672266696	29.6327964328679	27.2254846790799	140.679073450777	1	64.4795998669308	30.8229154091121	1	1	1	1
PDK4	1	80.2189509335412	1	1	1	183.625846655558	1	45.8049362312161	1	64.5355889545245	1	1	1	1
PDLIM1	1	45.4412242231351	26.5688292586159	128.183459193175	1	30.7473129779608	26.5511609749181	97.0777698350063	215.301232714945	76.6823394967632	1	1	1	1
PDLIM3	1	18.7304206234658	14.5507541893431	1	1	1	1	33.6115935350537	22.225535742264	1	1	1	1	1
PDLIM4	1	1	1	1	1	1	1	1	45.0804266362616	1	1	1	1	1
PDLIM5	39.4847331976985	97.7475946373069	58.0683386220011	43.3568223890788	100.850115721083	75.8785390916458	20.6547674000433	115.434045159477	108.944670635289	91.6107158811158	125.317188738987	1	1	1
PDLIM7	1	32.0071904225599	1	1	161.382856558983	28.0305101611958	1	36.6027305371646	1	59.6140062561951	1	1	1	1
PDXK	37.5531617364503	109.377134927069	32.2537854559813	21.3764353860812	64.2335600713948	232.714091897402	84.3271311571755	57.4652785318149	74.7736098067576	162.741772004222	167.29245413072	1	1	1
PDZD4	1	1	78.6058529362549	1	1	1	1	1	1	1	1	1	1	1
PEA15	43.3553943405527	282.840457217831	55.9072757956986	112.679700016538	1	287.605560438827	43.3097988023083	109.470694213289	83.0138757448052	767.675131087001	1459.85904310607	357.625074785077	896.009688481596	415.14137027469
PECAM1	26.6362312711094	274.299898962172	46.0741840696472	19.4871313034873	393.549595076746	209.168794224535	198.435371139144	203.850601871712	1	182.92286129546	1	206.506439917411	1	1
PEG10	1	1	1	45.9891624405561	1	1	1	1	18.0324517424365	1	1	1	1	1
PELI1	55.8058444910427	92.3614014131591	18.3279681973857	60.072529887632	501.762195425559	46.4968110211305	167.110569674519	121.491884901065	130.663722548112	66.2521653590902	106.431088906611	1	257.237976073737	1
PEPD	39.4965742265579	71.0226657677253	56.0723440939063	30.8956027630649	1	183.58671090275	31.8635639533826	39.7043362596922	229.086382788957	75.455643908789	1	1	1	1
PERP	48.490316392499	46.3290311302671	1	1	1	1	1	71.7531960969595	648.123568866981	61.3783389265894	1	1	1	1
PEX16	15.8030060680497	13.3298457391416	25.4939374670428	1	1	1	1	1	1	1	1	1	1	1
PFDN2	54.6902130324899	67.5481331940859	59.2534945784953	61.1901030042314	1	64.2685208582535	28.6119642826535	60.2507397116146	169.081444580258	86.3077967514696	120.546731591764	1	285.98872223118	1
PFKFB2	1	1	1	1	31.1294511262237	14.9246377369277	1	1	18.6433352926804	12.0100909442106	1	136.519280214223	1	1
PFKFB3	420.75568684645	196.297469827868	81.8549282570494	153.142374051343	409.978313420466	253.797405201524	73.4212447485251	291.211195259207	141.006986956295	225.417534072568	350.877234130019	1196.83014276602	528.109638980075	602.317314574116
PFKFB4	1	18.8870033098792	1	1	51.6972185664483	1	1	1	1	1	1	1	1	1
PFN2	1	1	1	1	1	1	1	1	290.286486700438	1	1	1	1	1
PGA3	1	13.6087226852592	1	1	1	1	1	1	1	1	1	1	1	1
PGAP1	111.235594364737	1	1	100.913104108367	1	1	1	39.1535046548823	27.2770616881305	1	1	1	1	1
PGD	36.0852274659441	229.670286825611	36.3550816658492	34.131859938948	285.341825306013	236.401730588416	28.2663210898201	66.5239234166502	301.407333713865	151.581830786063	182.525411988642	222.71589189521	1	1
PGLYRP1	1	1	1	1	61.6469158557624	1	1	1	1	1	1	1	1	1
PGM3	1	1	1	1	1	17.4967377806973	35.7366108052727	27.9255919385023	32.2500866771131	1	1	1	1	1
PGRMC2	35.7368835663075	22.7713529726206	40.4729853117455	17.8817803531395	1	26.8883301304788	54.384736284649	22.2894967311989	34.8732107744866	36.8970408873118	1	1	1	1
PHACTR1	1	105.723782971247	1	54.4931757462159	430.087831857081	167.581347149178	20.3530286539262	308.843371702304	42.5443536786124	105.848890909998	116.771118512271	186.911635636392	1	1
PHB	48.2991270905534	65.2865864827374	96.5825085599457	47.4407364512731	1	83.7276108945612	38.271211325288	45.9425648148532	109.744682909794	86.5111725051905	1	197.947283355145	1	1
PHC1	26.9509920382962	1	21.7270364796564	20.1435773757085	1	1	1	44.2040102441115	15.6688945834694	1	1	1	1	1
PHC2	35.7670897782176	132.042685886898	54.2403780351399	26.4280338933006	653.685277420502	110.48325688513	1	77.9934281026001	58.8035991332959	107.231842725491	1	1	1	1
PHEX	1	1	1	1	1	1	1	1	1	1	1	282.117889055808	1	1
PHF7	1	1	30.8633750375152	1	1	1	1	1	1	1	1	1	1	1
PHGDH	1	1	1	1	1	1	30.4963563177393	67.6135622712544	43.1038464737416	1	1	1	1	1
PHLDA1	212.872078536334	111.515100284339	51.5880720963045	1	1	186.974449693488	1	143.173813636719	259.078117416835	130.907654846902	186.625870285718	1	1	1
PHLDA2	21.0086879350995	113.026399786299	1	1	1	47.8435385356177	1	69.7342530496449	227.803533884975	124.518220458273	1	1	1	1
PHLDB2	1	1	31.6175089061485	1	1	1	1	1	84.2827882752973	1	1	1	1	1
PHLPP1	17.0623306022013	17.5990027594792	1	1	39.1749263891189	1	1	59.8364447391889	21.9688200234319	16.6672389048559	1	1	1	1
PHOSPHO1	1	1	1	1	45.9498488762621	1	1	1	1	1	1	1	1	1
PHPT1	51.3178499986241	73.1325801147574	73.8690069260901	32.2764771754803	1	81.2524064634446	104.118670261956	19.994114056206	139.729363282644	94.3570071441167	1	1	127.61779255415	1
PI3	1	1	1	1	993.073447475334	1	1	264.595839064767	35.0822738117423	1	1	1	1	1
PI4KA	37.1501250028801	42.401520127968	58.0027626359178	29.7845090161677	21.6436478121992	39.9429378907374	14.4501748312858	23.9337665683068	43.4338270432787	41.3218142614708	1	131.828889498314	1	1
PID1	1	40.870572915546	1	1	1	1	1	1	1	28.6732525919267	1	1	1	1
PIGA	1	23.3456321697819	1	1	1	19.8940143435089	1	54.0439617997256	90.6074365296178	17.2345177566309	1	1	1	1
PIGC	1	18.9884580126011	46.8243108632138	1	1	12.0608508252141	1	1	17.5299045214191	17.457691057498	1	1	1	1
PIGN	85.9673924088365	91.7519389624371	128.197670933947	103.741440428891	81.7545246808602	68.7226865148538	45.3057702413551	129.736431650474	111.331705537262	73.8210992230989	1	159.475468954673	1	1
PIGR	1	210.878855319733	1	1	1	1	1	1	1	90.4645144621993	1	1	1	1
PIK3AP1	23.2631394718737	201.147467429235	196.535967317022	168.885482880918	184.042334979676	234.602198096256	1	93.784464550126	22.5458898174259	202.671574991799	1	392.083133619	1	1
PIK3C2B	1	1	18.0391848904989	39.1743704593027	1	1	1	34.8733166375651	19.5784665152918	1	1	1	1	1
PIK3CD	89.9732835923188	69.9228402449553	176.422406322618	44.1466184835156	269.575752421901	33.6848263873725	1	37.4686419171953	1	27.1311868491746	1	1	1	1
PIK3CD-AS2	1	1	1	1	1	1	13.8741900308989	1	1	1	1	1	1	1
PIK3CG	34.7372157300301	33.6792317358597	77.6320926401777	59.3102618301317	59.1821475930202	15.9856302958386	115.249297165855	66.6224740934857	1	20.2800097275554	1	181.536608754915	1	1
PIK3IP1	284.451403297407	35.666086587459	178.475053880075	134.973668001599	1	90.7597927474913	20.2740984946893	79.9993410019065	33.0110543591773	22.604955825548	1	1	1	1
PIK3R1	598.535387081959	63.1971192955777	350.157487112314	64.3708991790909	32.1284708171067	99.0790617175617	24.8946428486915	219.862250503271	63.1196555700811	68.8011584380777	1	1	1	1
PIK3R5	57.7232304662633	88.9333034561933	163.681630156614	25.2508836110246	161.476860414764	87.5997160365925	36.5067318990543	82.7712407874005	1	72.0526285676235	125.416524473271	1	1	124.92741044538
PIK3R6	1	1	1	1	1	1	1	19.6207331317886	1	1	1	1	1	1
PILRA	1	152.384146927523	1	1	387.191349021415	109.552288359026	1	31.7019949042614	1	45.2672900760283	1	1	1	1
PIM1	160.033229594851	52.1928718648344	323.310992451053	19.5194557063566	175.490942620186	52.9652365675582	163.000894042471	118.284705363908	38.9816669971679	84.9396569600802	1	1	1	1
PIM2	142.664480356421	21.650241464331	87.7746633405737	164.784687542553	89.5464318027039	15.6522896213943	720.89436921027	124.94571518525	31.631560410204	34.9937910074846	1	655.582354199215	108.992555644896	214.796151568709
PINLYP	1	1	1	1	1	1	1	21.959534989558	1	1	1	1	1	1
PIP4P2	1	19.3628701064517	1	1	100.948853711173	1	1	1	1	1	1	1	1	1
PIP5K1B	1	1	1	1	1	1	34.5741671488509	1	1	1	1	1	1	1
PIR	1	1	1	1	1	1	1	1	76.2357838430773	1	1	1	1	1
PISD	1	56.4919640537981	38.6867238832346	18.4086313877788	218.374177940927	33.6377626851935	1	68.8798154822472	33.3023660759945	28.5011842093766	1	1	1	1
PITPNB	41.8837749396548	35.2783231446052	46.8074508984043	38.2074837059195	23.6165224357476	42.7283562065621	37.1098364303694	39.5875444158111	98.7723520953318	57.1848054916418	1	1	161.620798039959	1
PITPNC1	96.2395697456783	36.9342571145642	145.461803088132	1	39.110172845796	21.8490844678266	1	65.441444615217	76.4490033283265	20.0585180212514	1	1	1	1
PITPNM2	1	1	19.3632700919239	1	1	1	1	1	1	1	1	1	1	1
PITX1	1	1	1	1	1	1	1	1	153.464578679771	1	1	1	1	1
PJA1	1	1	18.7330626862287	15.7956361766653	1	1	1	1	22.412879698969	1	1	1	1	1
PKIA	33.5147795181767	1	1	1	1	1	1	19.4097600949922	1	1	1	1	1	1
PKIB	1	26.460447846404	1	1	1	17.3999570568346	1	1	1	182.937158842089	594.71076324867	1	1	199.807271372231
PKIG	1	1	1	76.6037810945055	1	1	1	34.2266088720964	31.2180303301558	1	1	1	1	1
PKM	215.681790063828	505.471855460937	111.60700560842	130.492786573867	88.7534614934839	611.771293243818	77.1621451637762	145.153297441958	465.008895751468	698.129882342515	863.927836863451	1	819.441090062406	523.761109070317
PKP1	1	1	1	1	1	1	1	1	444.394886912257	1	1	1	1	1
PKP3	1	1	1	1	1	1	1	1	56.4724909495581	1	1	1	1	1
PLA2G15	1	14.0713589548438	1	1	1	82.2223633312746	1	1	1	17.1433719622685	1	1	1	1
PLA2G16	28.090092612576	36.2353994931457	79.0550082031012	1	1	27.7834006270389	15.2789418735758	32.3290504566329	94.8255072009143	22.6132351244208	1	1	232.034722568287	1
PLA2G2D	1	11.0756700959929	12.4298300772002	1	32.6948686350851	25.1013670369966	18.7523893997303	1	1	1	1	1	1	1
PLA2G4A	1	1	1	1	1	1	1	1	35.4827718999479	1	1	1	1	1
PLA2G6	1	1	24.3854451582001	1	1	1	1	1	17.0453871157221	1	1	1	1	1
PLA2G7	1	41.4406098436312	1	1	1	267.538728002637	1	18.6137366143621	1	64.7319234956872	1	1	1	1
PLAC8	109.132000640877	175.019821083796	659.760660000312	143.896276736946	31.8875996461846	33.2512677345196	19.7593990847136	77.5014257267355	96.5240530090254	185.942502224961	262.14352314629	1880.81151590549	1	1
PLAG1	1	1	1	31.1776479756608	1	1	1	1	1	1	1	1	1	1
PLAT	1	28.6898296503827	1	1	1	15.1174672170946	1	56.6481009625542	73.7530416703532	38.7530076463726	1	1	1	1
PLAU	1	34.4996935583028	1	1	141.564688220549	210.759925400033	1	167.499165461949	157.895473693974	150.352038093348	110.72523446957	1	1	1
PLAUR	32.664820184482	1285.1614591259	16.699638553508	16.1063035885518	1408.6789099289	1637.43638156681	28.2898171717374	885.657686212305	328.311264894927	1667.69588585861	1179.85882929115	331.990421436738	1	786.346306682822
PLB1	1	18.2426191870614	1	1	1	1	1	1	1	1	1	1	1	1
PLBD1	1	233.526813397164	1	1	131.96990890515	86.260286264398	1	1	1	49.4739049816045	1	1	1	1
PLBD2	17.8755743896025	49.5732419357893	15.849048744677	1	1	119.110437661692	15.7867196114682	1	34.5333497678504	69.4744602916617	1	1	1	1
PLCD1	15.5534236280076	1	1	1	1	1	1	1	1	1	1	1	1	1
PLCG1	41.071398362445	1	27.9704935480996	1	1	1	1	1	1	1	1	1	1	1
PLCXD2	1	1	22.317133081471	1	1	1	1	1	73.6014782250771	1	1	1	1	1
PLCXD3	1	24.7468044466821	1	1	1	33.7791777452369	1	1	1	40.3668017376597	1	1	1	1
PLD1	1	14.7897900869955	1	1	1	34.7265192792568	1	38.1622288830728	41.4724879510267	1	1	1	1	1
PLD3	42.6387525029665	118.885229622389	68.4475012584393	35.2540290695907	75.117587542535	539.877715748064	71.7457231111416	41.2452404465064	97.4471631678618	71.2084491077304	1	1	1	1
PLD4	1	17.7272015511682	1	28.6702450775876	1	1	1	1	1	75.8939769379703	209.602980883501	970.200590006468	1	1
PLEC	76.0201633943216	144.694888288657	35.5869283444761	48.4054551366705	30.9701491343657	103.295579075868	22.3614700963211	41.9083966616029	69.9772136426173	114.986433174023	155.13976857962	1	1	1
PLEK	24.5645037471782	347.564959941349	469.534285503733	33.806976969174	1010.87913001171	353.576358666466	22.758623363289	411.744094776236	1	438.590402390648	471.626615497354	459.052000526082	442.347582815517	893.87573210803
PLEK2	1	1	1	1	1	1	1	1	1	29.9876619206578	232.753717293538	1	1	1
PLEKHA2	174.483532606329	90.9371061298219	184.717763361527	171.885604263139	131.805252173666	108.951013801983	29.6094366912461	113.866403163932	88.9814010730352	102.534516696523	94.4584407922737	1	1	184.445556096763
PLEKHA6	1	1	1	1	1	1	1	16.3878163573404	1	1	1	1	1	1
PLEKHB1	22.5477346525449	1	1	13.6276400385557	1	1	1	1	52.9507743427736	1	1	1	1	1
PLEKHF1	22.1645925241119	1	124.726154123726	1	1	1	1	1	1	1	1	1	1	1
PLEKHG1	1	1	1	36.5187146283493	1	1	1	1	1	1	1	1	1	1
PLEKHG3	1	13.8514612329857	94.9184252905613	1	107.165911740513	1	1	22.360315960663	32.2134540597549	1	1	1	1	1
PLEKHG7	1	1	1	58.4033163640161	1	1	1	1	1	1	1	1	1	1
PLEKHO1	63.77710765699	178.767002693244	44.5219042901539	73.9575011533465	168.363010092901	96.9368181340218	24.5053650187412	53.9430022465971	14.942087690922	154.283284814952	205.511956493408	1	142.455391385121	334.938433887348
PLIN2	177.132754932448	181.582807064078	49.2889437106008	76.3818575438374	182.801313179695	784.501340643795	32.1794323212867	1007.45736305907	321.461312892684	257.729696314081	1	1	1	1
PLIN3	33.1394184704106	147.050979400254	53.2004551748265	54.9491887259481	182.196062615543	145.132785531039	34.8321255007134	46.7436798915741	52.9871766395869	112.402980988629	127.282392620148	1	1	1
PLIN5	1	17.0904194178419	14.099145561671	1	86.2279941934396	1	1	1	1	1	1	1	1	1
PLK2	1	46.9296524521407	1	1	1	39.6436610732058	1	68.4584819221366	119.438230018498	38.1967050019365	1	1	1	1
PLOD2	1	1	1	1	1	1	1	1	43.6521437857531	1	1	1	1	1
PLP2	142.166038871534	144.930271801844	19.3480156221855	124.973747022434	125.503723794162	46.5229128470396	85.0257901406376	54.9799595709709	99.1520480670292	66.2323951021741	128.00238393497	459.958652408871	1	1
PLPP1	19.9799216626269	1	1	1	1	1	1	68.1257152140469	66.2798363506594	44.0049391780258	105.764674312401	1	1	1
PLPP2	1	1	1	1	1	1	1	11.0082436189115	79.658315390042	1	1	1	1	1
PLPP3	1	20.6751006104843	1	1	59.7846327841376	113.63264854629	1	65.5974342748304	38.6679966593389	23.926711565309	1	1	1	1
PLPP5	28.5239754074317	23.4888733074759	22.6752017247325	33.4380061050103	1	35.1911054165633	207.334626915337	18.7021514860801	56.9639530030891	30.1215572126745	1	1	1	1
PLPPR2	1	26.5913157247465	1	1	68.1348219597642	1	1	1	1	1	1	1	1	1
PLS1	1	1	1	1	1	1	1	1	39.7012999274676	1	1	1	1	1
PLS3	1	38.5294127663735	1	1	1	1	1	1	46.1343482680229	49.2668678393054	1	1	1	1
PLSCR1	21.3998086462754	134.017905458065	22.5610492219281	25.8641386537752	116.690315417266	115.069970017114	1	80.4121853045117	35.0063797497276	146.420847229982	213.118574526282	149.593671808547	1	86.7627891545131
PLSCR3	65.1441648505454	49.7421320399013	70.5203857494967	17.4879866367138	1	18.897582281349	1	1	27.4778731310005	31.577987751288	1	1	1	1
PLTP	1	20.7256584687023	1	1	1	971.062432300077	20.7276966711154	30.7178663792878	49.7614224188315	61.1785162749371	1	1	1	1
PLXDC2	1	172.398394054995	1	1	94.2418866732982	234.392152884134	1	38.2491724314561	22.8149613344801	247.206796033829	129.165952494891	1	1	1
PLXNA1	1	1	1	1	1	39.2401395159523	1	1	43.7205406754108	32.2169236547512	1	1	1	1
PLXNA2	1	21.4135204188115	1	1	1	1	1	16.092451852295	15.9351799001321	35.2523768936813	1	1	1	1
PLXNB2	1	183.859225694114	1	25.1062371348449	1	83.8455402383273	22.3060275747609	18.3438866755072	90.6365977338054	117.086469386046	126.669551837527	139.394721546184	1	76.707540853219
PLXNC1	25.2657602644882	112.059733297821	28.0684129381738	39.293853507366	392.869689007369	134.790913856117	37.4126864002951	56.9114802935336	22.404369523425	160.583759921803	188.996602186932	1	171.391863752105	1
PLXND1	21.616199054514	50.8279456367479	25.4452877631889	1	1	88.8496899486665	1	54.0502949203558	16.7835947090334	52.2472165506902	1	1	1	1
PMAIP1	85.0356884709777	34.2327992024567	40.556732994503	140.202795990558	47.7142024516194	38.0648867790325	48.9758890052381	179.988163787545	156.561612759603	50.6125263173637	1	1	294.214288135965	1
PMEPA1	96.252531399591	60.3601090137979	24.5668387662328	34.1644674592452	1	38.2590487479528	38.8667098893642	104.066366955041	128.072789576846	94.5451939152662	1	844.407201694379	1	1
PMP22	1	88.1984292221463	1	1	1	337.583236721839	1	61.600295867884	42.3986544219739	140.266356583784	1	1	1	1
PMS1	1	1	20.8326890743919	15.7264400664277	1	1	1	1	1	1	1	1	1	1
PNCK	1	1	1	1	1	1	27.1662126705978	1	1	1	1	1	1	1
PNKD	16.8056601362372	76.3842262600295	26.2061948851954	19.7931305550214	1	102.964766022931	17.0492727854648	32.9698019039476	43.4317607340131	38.8995747691085	1	1	100.787127016617	1
PNMA1	37.0834043173699	1	23.4457427840616	19.2904472775511	1	13.3876637085007	1	11.6866919523758	23.1852117617173	24.2898461829127	1	1	1	90.1975939070078
PNOC	1	1	1	45.0087180708647	1	1	113.411449357131	1	1	1	1	1	1	1
PNPLA3	1	10.8901773742215	11.7132420379827	1	36.218360456754	1	1	31.6211167723503	1	1	1	1	1	1
POC5	1	1	18.5617086969367	1	1	1	1	1	1	1	1	1	1	1
PODXL	1	1	1	1	1	1	1	1	1	45.9308612099358	1	1	1	1
POGLUT1	38.8797418792193	24.7115440082179	44.1286385544712	17.82957674662	1	23.8509017027121	21.1646040866909	28.5826542158485	26.5147956717332	23.2931987130886	1	1	382.905294812701	1
POLA1	15.6336308764551	1	1	1	1	1	1	1	1	1	1	1	1	1
POLB	20.4990070644261	21.0765406874092	23.1408315847168	16.6167533799715	58.517853622455	12.9259234959994	1	17.7822788576638	22.0748490989473	19.7380702276752	1	309.06743201372	1	1
POLR1E	45.7518905120092	12.9931327011267	28.2686552925714	80.5425719823553	1	1	1	1	1	1	1	1	1	1
POLR2J	54.5501896044686	77.059281700852	69.3496252110704	40.9292325772473	99.2737290873661	68.2186354516632	48.5991255372028	40.298772435574	86.0405394375526	73.6715282048346	104.649186224114	1	1	161.450554631456
POLR3B	1	1	1	1	1	1	1	20.617801922457	1	1	1	1	1	1
POLR3F	1	1	20.5117481728987	15.9153983739928	1	1	1	1	1	1	1	1	1	1
PON2	1	36.0599666462509	1	1	1	24.523066043081	1	23.2169791212415	42.8015841297503	46.882544567626	1	1	1	1
POU2AF1	1	1	1	143.566180993707	1	1	234.690443682187	1	1	1	1	1	1	1
POU2F2	104.358807174469	580.990650537035	133.658279585871	495.974761002604	67.9768737026427	49.617274925875	215.665007109855	97.2651680996501	17.2205022383973	81.3463699983548	1	1	1	1
PPA1	87.9919085327769	111.017778686268	60.9505501452694	53.6350574855743	18.6037976076205	53.0701456698833	73.7932058299176	57.0338801557258	187.267060906389	249.402004424955	287.177355177968	1	1261.29884969587	597.295045512444
PPARG	1	1	1	1	1	40.2093425827713	1	1	1	1	1	1	1	1
PPCDC	1	1	1	1	34.6134079741717	1	1	1	1	1	1	1	1	1
PPFIBP1	1	13.5909834085007	1	1	1	1	1	1	39.845076899601	24.7353249794253	1	1	1	1
PPFIBP2	1	15.9705772291405	12.171441162579	26.1990057809797	1	26.9093977847125	1	1	16.2272918378681	13.1909853220032	1	1	1	1
PPIC	1	1	1	1	1	1	1	1	70.7429465079298	17.5492415063576	1	1	1	1
PPIF	35.1716989764995	543.917605932597	34.2699635676286	29.8519989216079	810.573760288914	409.698260824283	55.8250806157269	472.432435705586	137.826258844571	542.171550950625	647.769568676623	1	150.036407667196	1179.56014161884
PPIL1	1	1	15.5231995429082	1	1	21.2927036062697	21.6004990300686	1	46.665402533186	19.0510924283396	1	1	1	1
PPL	1	17.0621030092101	1	1	1	1	1	1	21.3296547425525	1	1	1	1	1
PPM1K	139.895604023781	33.6338788327894	145.080108660541	187.111948427194	24.3397336570537	28.8205236874537	79.1303158884955	129.867999289618	41.7911086828245	25.958543303962	1	402.658586934151	238.664471883334	1
PPM1L	1	12.0654867694482	65.6707892056897	1	1	11.7381750097307	1	1	1	1	1	1	1	1
PPM1M	35.934530938644	50.962631330159	51.3881960059291	16.3806705342156	45.2117503788883	54.3838458400225	1	1	1	50.4464971284212	1	1	1	164.82600699002
PPM1N	1	1	1	1	1	1	1	1	1	1	125.810067177005	1	1	1
PPP1R10	84.8586482155623	53.0446072966054	47.7808067376468	46.6251455853753	55.532820751729	76.1252841299329	47.2744627607198	70.8714624310667	57.4938703835579	55.4538040773965	1	240.129546091839	1	1
PPP1R11	77.9015664393771	117.57091991021	133.430075139353	118.050859219666	175.825583671343	80.2189780090438	44.7466923279165	108.190719227169	122.48393176526	108.1849622246	1	1	1	207.021977209236
PPP1R12A	107.009875200284	91.9346314801201	174.03336273719	74.4081638300264	208.024114461565	62.7172694024908	14.4826769134869	126.312654288965	65.2829140746454	74.2754288693351	1	1	105.39240656673	1
PPP1R12A-AS1	1	21.8551005432545	16.6280335021065	1	37.4372945924799	1	1	1	1	1	1	1	1	1
PPP1R13B	1	1	13.3342479206402	1	1	1	1	31.573673672246	13.9667935176502	1	1	1	1	1
PPP1R14A	1	1	1	1	1	1	1	1	1	27.0827291552652	1	1	1	1
PPP1R14B	29.4237946801473	36.2614171434888	16.9133343963234	43.6385359241952	1	44.1651523746885	20.1412605284523	32.2425362784447	102.748122714589	53.5130141914805	1	576.797631105547	1	101.68668027301
PPP1R15B	108.240154063907	96.245770858615	78.5828109883756	98.0072539076183	78.6555020267836	113.591597426372	91.3605731427932	211.145920609669	192.852342131687	85.0540788589283	1	1	207.07997868578	1
PPP1R16B	187.660207274165	1	118.71829771908	180.581525426069	1	1	18.5018144973234	56.593635191289	1	32.857893590717	1	220.398025298231	1	1
PPP1R26	1	1	1	1	1	1	1	16.5583684469221	14.607508991881	1	1	1	1	1
PPP1R3D	1	14.925181394861	21.3787832328557	1	54.6849567343034	1	1	1	1	1	1	1	1	1
PPP1R3E	18.6880287965857	12.2936320200636	25.3507058237497	20.3029754936594	1	1	1	1	1	1	1	1	1	1
PPP2R2B	20.5825033595409	1	62.2238031732006	1	1	1	1	1	1	1	1	1	1	1
PPP2R5D	19.4759219325203	13.2152290867812	24.9813418403281	1	1	15.3059084668866	31.5976680920652	1	17.0746421113664	14.4299218318777	1	1	1	1
PPP3CC	41.6754249483814	1	81.011483680891	63.6604583643346	1	13.7989005869082	43.195381436063	48.2129711558718	13.5220385068312	16.2030384856413	1	1	1	1
PPP4R1	1	34.8809323313541	28.1554810738417	1	116.013295180814	23.9242377620924	1	33.4859103292194	37.9735932921269	31.5602605215091	1	1	1	1
PPT1	60.6355721037392	362.814250058888	35.5921275017541	46.6007553626437	220.994169614614	445.1306415247	23.2099692241575	77.4802297325639	134.347102319067	399.965826861955	406.902656691979	1	1	856.556860448449
PPT2	1	1	1	1	1	1	18.586363505847	1	16.5920826968304	1	1	1	1	1
PPWD1	33.4618176122996	14.5886723228404	43.6663487248036	28.6151111442848	1	1	1	1	15.7062721554626	1	1	1	1	1
PRADC1	1	12.4455563753794	13.0624812373782	1	1	15.1485547858484	22.1351815099878	1	1	1	1	1	1	1
PRAG1	21.4657722944572	1	52.5202299282041	53.2477925556093	1	13.2066686602124	1	44.3374931562441	24.2801899225188	18.1427197665481	1	1	1	1
PRAM1	1	111.406401135638	12.8470296849741	1	74.5434456259238	36.2783389148778	1	1	1	25.7365972050963	1	1	1	1
PRC1	1	10.9793350349973	1	1	1	16.6674347646045	1	1	25.0912958917398	35.0353408728445	1	1	1	1
PRCP	41.4416594209504	138.473336226839	59.2396536682775	62.7267067276847	100.823875330858	216.191784179913	104.386077510492	29.1224917632191	45.7985438867026	173.603317886696	412.718227884108	1	296.158414577847	268.221989624525
PRDM1	188.504915343561	36.3531732157352	371.101536239514	21.3347746740957	42.0594435471349	72.7221531551726	731.892390071571	109.544399732781	33.8541433496763	167.038468637239	1	1	1	1
PRDM2	89.7560303862016	48.3789678076426	99.1741141864705	268.276415358331	61.9558333044061	39.7716386186749	39.8699348007917	81.867841940109	55.9536764177919	37.4087704238286	1	1	140.207908272934	1
PRDM4	17.6484214218491	12.5412288058141	28.4287768740935	101.777995219555	1	1	1	1	16.4959817687248	1	1	1	1	1
PRDM7	1	1	1	1	29.874272844929	1	1	1	1	1	1	1	1	1
PRDM8	1	1	1	1	28.0991661618885	1	1	1	1	1	1	1	1	1
PRDX2	127.004767956156	53.1542406728815	82.3493157363915	47.8420016558963	1	38.451253667384	112.120077805755	70.0954058207359	175.365329653714	57.4298954405836	1	1	1	1
PRDX4	1	15.024282099958	1	1	1	26.5218019790509	227.512203596554	1	22.1419735563602	17.8187460018499	1	1	1	1
PRELID1	145.847684095176	394.702133620803	286.374248026941	119.567887543873	265.776417887941	200.324080927835	238.702142918511	72.7231433571216	144.192174633847	398.604574195957	610.844051839909	269.807317706957	1	331.858100266302
PREX1	131.120232836475	124.598379129369	283.411241952263	111.13423507895	505.383263732319	105.751229064162	14.4547663695595	84.8727011713777	1	99.8568492479851	116.981835608807	1	291.40708855387	1
PRF1	101.660699872984	1	2549.85508535111	1	1	1	1	40.3243680250881	1	1	1	1	1	1
PRICKLE1	1	1	1	17.1258753087294	1	1	1	1	1	1	1	1	1	1
PRKAA2	1	1	1	1	1	1	1	1	41.1108109796313	1	1	1	1	1
PRKACA	37.9842050093294	176.516298668715	57.9871479978948	25.2406646583299	226.40455802606	97.4059638102522	17.354872559062	15.5609157900876	50.4236020903287	81.8252002862753	102.625453366602	1	1	1
PRKAG2-AS1	1	24.4781994002794	1	1	1	20.7640564473038	1	1	1	20.9903488283575	1	1	1	1
PRKAR2B	1	1	1	1	1	1	1	1	1	22.8933679435592	1	1	1	1
PRKCB	193.525594199367	250.533096456366	387.672699776709	407.921637685125	489.033583099923	90.8583744303315	53.0541247867525	139.361732136122	70.3504609000287	187.443464913526	331.954127928072	869.815447194967	232.194456251212	248.91610847056
PRKCH	219.053466971708	24.0985190738037	349.253723907268	1	35.5153722434183	33.9344833264478	1	76.9973449022144	30.8590692304368	46.0064040369322	1	1	1	1
PRKCQ	60.7381909752601	1	82.411975257489	1	1	1	1	1	1	1	1	1	1	1
PRKCQ-AS1	49.2980156209324	1	43.0033000111235	1	1	1	1	1	1	1	1	1	1	1
PRMT2	99.3575668625477	92.1203835485229	241.643047564616	39.1400212798637	55.9577151237674	62.7219803240069	1	40.0151325164812	42.6230957282026	86.1947493142525	99.3861082612794	1	178.231454327355	96.2655727700888
PRMT7	1	11.1914468754654	42.3916108858198	1	1	1	1	1	1	1	1	1	1	1
PRMT9	140.507586798342	68.489859956146	37.8380362212367	99.7371006341526	1	94.2358984177817	1	128.684043433927	36.7054452954571	120.757160123567	316.061695823423	1042.52743634272	1	1
PRNCR1	1	23.5142572115582	1	1	1	1	1	1	1	14.2313260097557	1	1	1	1
PROK2	1	1	1	1	434.775102065701	1	1	40.1802379065628	1	1	1	1	1	1
PROS1	1	1	1	1	1	33.7127154341475	1	28.2088889526778	52.1948334165918	16.5705274773814	1	1	1	1
PROX1	1	1	1	1	1	1	1	1	43.9504811221051	1	1	1	1	1
PRPF39	1	1	15.0173156749517	18.7464265258796	1	1	1	1	22.8342484093366	1	1	1	1	1
PRR5L	17.3304225681646	1	117.85336975409	1	1	1	1	1	1	1	1	1	1	1
PRRG4	1	43.8916103840705	22.3167041128821	1	115.474179327573	24.2957900726035	1	25.7251046808435	56.4293545893228	25.6779131539723	1	1	1	1
PRRT3	1	15.8825675655266	21.3225971847194	1	58.5211577748602	1	1	29.6774819218327	1	1	1	1	1	1
PRSS23	1	33.123472955841	271.075795431021	1	27.9833896512824	21.8441128896936	1	31.1389236218834	99.5472229861153	55.4034503812189	1	1	1	1
PRSS8	1	1	1	1	1	1	1	1	30.2501345328402	1	1	1	1	1
PSAT1	1	1	1	1	1	1	42.3546841092675	1	54.3601177185149	1	1	1	1	1
PSEN2	1	1	1	1	1	14.3430111168681	1	1	1	1	1	1	1	1
PSMA2	64.2720043775922	68.4944827998197	99.6807284579937	54.8604643223102	49.6913228170591	53.8224457412672	40.0711365934263	36.109238648594	102.960836555323	73.1568244638359	1	1	1	148.062066593991
PSMA5	89.3588266308853	90.0638699320351	112.478895869762	63.6502798773553	30.9935064686021	84.2477758650727	48.8797774988447	83.4831686767627	110.354947816621	119.414128712747	195.912175641584	1	1	202.22768482085
PSMB10	21.4544313359296	51.3341758045422	110.827670237339	21.3086331970993	53.3053832741053	26.0952378445835	1	10.7414932087619	1	36.7166506995268	1	1	1	1
PSMB7	51.622893291047	91.9245522256959	92.5989337831182	53.5502926880997	1	83.9914849626466	43.9290552715588	40.6691663830046	93.1850372109062	88.0432010601488	1	1	1	137.365211769869
PSMB8	72.4760381735287	96.0527334022477	125.30325047661	51.6911872770137	137.146491248887	69.4673124526392	33.7310540726359	38.6836662037392	32.0304804970219	85.8790458920007	1	1	1	150.883621704393
PSMB9	91.4459149881228	88.533989685786	217.312138628982	74.2706978200929	215.995255388236	41.2856551220625	25.5496961394863	46.1491629898722	16.0663858003623	84.3142393221376	129.236994890499	1	205.412612485273	218.170195742178
PSME2	89.2198610090146	145.294280338073	207.556787295037	52.3675536939885	37.8642695038289	147.310403936653	97.0585179851529	26.8822613230274	82.4942951425482	198.972533077424	191.748021791969	142.319400134826	350.282916302231	452.820635025214
PSPN	1	1	1	1	1	1	23.2712251582764	1	1	1	1	1	1	1
PSTPIP1	47.705356255822	51.2871573209765	84.2018666506406	1	93.3068338324634	15.449394497086	1	1	1	14.6399028404806	1	1	1	1
PTAFR	14.7617983579985	213.635265708984	29.7438443307775	39.5793446698221	756.913077183442	232.215350858529	1	71.3632746215079	36.7000983476967	158.482416695325	149.590394950128	1	1	1
PTBP2	1	1	1	17.7695059332728	1	1	1	12.8555392890618	11.930063595002	1	1	1	1	1
PTCH1	1	18.6443305445772	103.067357439166	1	27.5109104423976	1	1	1	13.9865682222242	1	1	1	1	1
PTGDR	1	1	149.952524630168	1	1	1	1	1	1	1	1	1	1	1
PTGDS	1	1	330.755946869235	1	1	1	1	1	1	1	1	1506.20413746505	1	1
PTGER2	35.2059513246761	22.908882485653	87.048973445915	1	1	16.5178651222513	1	15.701463154133	1	1	1	1	1	1
PTGER4	324.902509456007	51.7221001708447	172.038244225908	52.9355009139279	63.9563534633062	104.873478667415	1	151.082144195767	39.426951056753	120.586153756115	276.193941688356	1	1	1
PTGR1	1	18.0091578113292	14.7265134160603	1	27.6016928701174	29.0188589677287	1	1	92.9822541463877	28.3239030696433	1	1	1	1
PTGS1	1	32.7124810361572	1	1	1	42.3667664978809	46.6194625455942	122.553568574744	133.842325036399	65.2521018036184	180.578076290674	1	1	1
PTGS2	1	66.2505859938671	1	1	390.700233617024	81.5800709265806	1	319.663629831097	634.200501378098	101.084202492753	274.13039675297	1	1	1
PTHLH	1	1	1	1	1	1	1	1	40.1579226738622	1	1	1	1	1
PTK2B	130.041636437985	216.962462782658	350.08169872736	217.677410014183	242.258378067169	121.181345232803	167.931604029082	109.436366350577	74.1962645850434	113.366719349062	168.471202465481	1	415.565250228373	1
PTMS	32.0225852325256	37.5025952663106	25.2692685319901	1	1	95.8143326858388	1	51.2175937369022	124.986083730975	104.578726420521	194.189821053936	1	156.693386936908	248.61360136614
PTN	1	1	1	1	1	1	1	1	33.6623310217892	1	1	1	1	1
PTP4A1	270.773978808528	180.01551091857	144.126881707097	201.455701597626	218.216835060095	155.998537788128	96.6113822629631	362.211789236225	457.147942141197	227.048124595314	251.099196656819	642.450293316221	1	156.264538038729
PTP4A3	1	20.4943498700757	1	1	48.8711685169806	1	63.0549191316623	1	30.9063143043645	1	1	1	1	1
PTPN1	93.9038200288534	98.0691505778428	84.0463168761076	185.449595268359	43.5396137846686	115.568827560969	128.445168295991	68.6640490241083	63.2527985793783	170.898260281101	187.813730473507	455.253008339544	784.021912826737	127.460027968392
PTPN12	25.3580209583329	117.438937287256	290.13470348891	55.838811695206	238.949135833708	109.290244707536	1	106.971128922463	91.5618405271629	126.015065255092	120.21919441384	1	1	1
PTPN13	21.2690174674866	16.2105906961216	1	1	1	1	1	1	17.3544265710297	1	1	1	1	1
PTPN18	42.3801767811598	114.206050225849	172.179475859281	65.1024281873619	27.2582755217173	82.2410760965544	1	43.5288167495492	22.2066394109704	84.244305201363	123.831835228482	1	1	1
PTPN22	101.754374123078	17.1904998263166	95.1683598219408	54.8188542990448	1	15.0714495224763	1	53.8854556871763	1	21.3795422743597	1	1	1	1
PTPN4	51.1988200149427	13.3054546087493	233.891658062023	21.3347910964816	1	1	13.1447128569863	39.4525622929393	13.5384367717034	1	1	1	1	1
PTPN6	30.928821385468	100.173722917839	94.0332334627236	72.3598629615798	251.96166109189	75.2613807395353	1	41.4707531887533	18.7251724515557	99.9535822827235	206.409966482953	1	1	100.918872496194
PTPRE	38.3366229274721	248.713579394449	160.842166744202	1	291.830631869512	108.40178440334	1	102.829204661031	102.645093977433	187.966450005744	129.645391301896	473.963606803139	1	305.445796500193
PTPRK	1	1	1	30.4559879043638	1	1	1	1	33.5064008330223	20.785843495003	1	1	1	1
PTPRO	1	1	1	1	1	31.3532735662442	1	1	1	20.2061258994406	1	1	1	1
PTX3	1	19.3299706017295	1	1	1	1	1	1	1	1	1	1	1	1
PUDP	1	26.689422818464	1	1	1	18.5532243631379	1	1	13.0247492370631	37.2339456917504	1	1	1	1
PUM3	1	1	87.9803217906664	18.5452905328706	1	1	1	11.3960228315998	22.1319888055934	1	1	1	1	1
PURB	74.9032071188727	89.4776950164013	94.1160172305646	63.3812955129896	93.9432223657914	97.6589865657118	37.1529921357574	161.316994635673	122.901886064834	146.1100863598	116.049387351131	1	1	248.725109822866
PUS10	1	1	19.1138127708953	1	1	1	1	1	1	1	1	1	1	1
PUS3	1	1	16.4703835219021	17.8563463006578	1	1	1	1	14.8929972703951	1	1	1	1	1
PVT1	20.5279750959669	1	1	1	1	1	1	17.8415133256054	22.1355348817507	1	1	1	1	1
PWAR6	1	1	24.1925987355563	1	1	1	1	1	1	1	1	1	1	1
PWP1	30.0778808152072	18.5092055313695	42.9897577889015	82.9043132374883	1	25.6708538457575	17.543964934611	17.5538268665957	45.2845918161571	28.8165687820251	1	1	1	1
PXDC1	1	16.2169682991256	1	26.1705823068346	1	46.2665183552261	1	23.3086501958964	27.7353749141798	106.331476360706	282.970694059176	1	1	201.848493934359
PXDN	1	1	1	1	1	1	1	1	66.6542461690018	33.5582148613213	1	1	1	1
PXN	61.4824648796522	114.383748096139	372.316539920509	1	371.028411264467	41.3029961674887	1	48.3772545074536	31.8172250889009	34.2368338352602	1	1	1	1
PYCARD	26.0946296944973	174.028660115639	49.6320315942466	35.7677974034097	284.346409607914	93.6084416324967	16.4109120090247	48.599270335605	28.1956595121104	110.588717082724	154.763539618538	1	1	155.923252621367
PYCR1	1	1	1	1	1	1	43.1027520114041	1	49.369897280007	1	1	1	1	1
PYGL	1	48.3834977962281	13.073645742513	1	228.418736844718	35.0269481190222	1	34.892817560773	35.1829300863287	13.9028322600119	1	1	1	1
PYHIN1	67.764647468483	44.5419170562373	296.270219665756	29.0183208444768	86.7344325816325	21.0629590610717	1	79.9835049809467	21.0746753454809	17.349228078688	1	1	1	1
QARS	56.0888459492589	88.0729260197427	67.945679545966	69.1432141473756	1	63.0889146122007	46.263718845144	37.964995107218	44.7913313296641	60.3485274983273	1	1	1	101.817937933474
QDPR	1	18.2274234165962	1	1	1	33.1722322256377	1	1	18.655264632648	23.2006213934368	1	1	1	1
QPCT	1	86.084986428052	1	1	329.937287090917	31.0066321068784	50.7045114539126	81.3490713304704	34.0104839560366	38.7451552127949	1	1	1	1
QSOX2	16.2649943317962	1	16.4367241369001	28.0009166937737	1	1	16.4087800230418	1	20.1753989516227	1	1	1	1	1
R3HDM4	36.0938036386054	31.9625701962191	28.2931099630661	37.7077839034187	260.758875056832	14.8556796451038	13.5335180987926	28.7476969943118	22.5572033931581	23.9963847389624	1	1	1	1
RAB11FIP1	121.727099725053	191.697337406882	179.476741198541	289.727868228865	471.533760629378	78.3130520583959	56.3373773947416	138.777017942268	119.439653571352	175.209981657726	150.983017730649	1045.56312394765	279.69847379965	557.297432076595
RAB11FIP3	15.4985021123445	1	21.6120148801468	1	1	1	1	1	1	1	1	1	1	1
RAB13	1	76.7502283181597	1	1	1	186.984669683559	31.126587626441	94.7886196520533	190.028400215677	89.3292597067522	1	1	1	1
RAB20	1	100.287435800477	1	1	99.9325962058522	174.285895701148	1	81.7138473105779	24.2268376197968	117.383953113972	1	1	1	1
RAB24	1	1	1	1	30.4789039217206	1	1	1	1	1	1	1	1	1
RAB25	1	45.0533515297962	1	1	1	1	1	1	110.743186406228	51.9949746433046	1	1	1	1
RAB27B	1	1	53.4359789167248	1	1	1	1	61.9154737954977	49.8455338304157	30.4984431057914	1	1	1	1
RAB29	83.5074550275976	53.6891844324677	283.300649809555	76.4295414150183	48.4712069682993	54.1179575261605	21.6325781814197	56.151551390928	21.3997057755905	55.1228702362494	1	1	1	166.125179033312
RAB30	31.0708133793129	1	13.9447516848348	134.119923839698	1	1	301.995658815885	42.2724825157529	15.0693695220232	1	1	1	1	1
RAB31	1	591.21827292856	18.742150045572	85.3340671565607	760.894182962261	690.252896926584	27.5099006363899	76.6855793727197	115.107493770356	782.766026748839	847.108137410238	1	344.30536656962	685.139827640579
RAB32	1	64.912329084893	1	1	60.3695507306202	65.7223798817256	1	17.3053635168638	35.3454724482924	57.8614220823772	167.65107322083	1	1	323.647252027844
RAB33B	1	1	1	14.7442818615163	24.0656639296157	1	1	1	1	1	1	1	1	1
RAB37	18.0374446094359	20.1822900732168	89.637097525238	1	80.4331278707221	1	1	48.4519869372433	22.2684947544493	1	1	1	1	1
RAB39B	21.325939761888	1	23.3311608607385	17.2327438788974	1	1	15.780561167335	1	1	1	1	1	1	1
RAB3D	1	78.5029550472893	19.105885067999	1	165.41260591753	12.1455923237785	18.7532917417367	21.7654319714293	25.4066651552395	1	1	1	1	1
RAB40B	1	14.7263038932039	23.3328140775628	1	1	1	17.8908356887619	1	57.0424572041209	1	1	1	1	1
RAB40C	1	24.8372312094605	11.410727503632	1	1	1	1	1	26.9558972445943	1	1	1	1	1
RAB43	1	1	1	1	26.1536986565282	1	1	1	1	1	1	1	1	1
RAB5B	75.6722199107437	92.6611533907257	130.351577034912	68.9040913852887	194.196968004704	78.8619208002026	40.7906845198839	61.273906000726	100.044780456452	80.4083378493211	98.6388269917761	1	249.706122278661	1
RAB6B	1	1	1	1	1	1	1	1	116.299743806083	1	1	1	1	1
RAB7B	1	20.7322669426562	1	1	1	45.8135760107186	1	1	1	33.0345021514119	1	1	1	341.862562886181
RAB8B	157.908245815139	95.8133523417405	238.657542658708	142.949277566554	194.619214062851	98.7522810584112	32.714689170445	129.246277372972	46.6267017721132	112.344478169135	136.001686142017	1	543.559299392773	283.707521592615
RAB9A	42.9850121741633	23.7516680399401	43.6100820342493	16.8056310181366	1	40.6839056439147	33.525932955486	23.9947780436542	33.1035668863219	31.5742792559772	1	1	254.994601939054	1
RABAC1	55.0151257231868	52.9773275584182	88.2805754668103	27.9110872960926	51.8301802618435	42.623979460669	189.358464311621	21.973592992923	28.0480157046268	34.8609497739717	1	1	1	1
RABGAP1	45.3572785454914	75.3717242585749	82.4738787885953	48.7064873794069	73.076324582543	57.6918580509639	14.6960061990512	68.8013547064149	54.40857747523	61.0364354789837	1	1	218.891144553429	1
RABGAP1L	144.083757502964	70.0609080739103	120.852422228734	75.9260572592533	89.4729171671385	40.1533858404881	40.5053043483095	55.0204500858681	38.4169139516814	52.4852762819042	1	244.77543427463	1	1
RAD51-AS1	1	1	37.9809424245167	1	1	1	1	1	1	1	1	1	1	1
RALA	75.0620519698004	96.2853317626241	51.4825414947262	31.8126153430536	1	160.430300946195	26.6522040533468	56.0384120948913	127.861118036741	328.133184222304	365.799606840668	259.165253007073	182.265546530926	122.249964670271
RALB	1	41.6878853283658	14.7466868911483	1	194.730397596058	31.6979555333893	1	36.9697275385899	48.1041179524937	30.0464491838442	1	1	1	1
RALGAPA1	121.179028731667	63.3986422036411	113.698854865116	126.040483891399	52.1615994422914	46.3761365481285	26.9114754313272	200.234942039994	134.595875556688	65.1979688525286	1	190.449310722557	1	1
RALGPS2	1	22.005016026153	14.958469166886	138.763844810152	46.6025056701102	18.2915325453408	78.8009726929798	27.1762706324795	14.732255344889	1	1	1	1	1
RAMP2-AS1	54.9637994865072	64.0462989675077	56.6409126357543	116.908326195503	102.827159083871	32.6583338773894	21.8448914173475	93.7421898038233	42.2369178991428	30.1561258523751	1	237.3922499141	1	1
RANBP1	76.6209977782152	49.8957351881537	66.526064476687	52.2035512167983	1	65.5518288066675	55.320775999086	65.8647491779046	175.617752966522	95.8228605749582	118.007405890383	1	1	95.9722830372469
RANBP2	216.632234699608	157.677180058336	92.181735767914	143.561352994022	64.3556059749671	235.135823534005	40.3884787924558	292.656038962422	177.328334539619	243.918097268367	445.326579323301	557.282530460671	1	256.675595228562
RAP1GAP2	1	24.81196107935	107.226660543134	1	41.5086662131405	1	1	17.1036917799514	21.4480681036051	1	1	1	1	1
RAP2A	27.2884193280237	34.2574145669039	89.6524416925534	15.7181572700427	1	77.5727261399147	17.2331491761289	12.2299898728385	60.8018912759778	108.951643993639	178.592182148858	1	164.92384323256	1
RAPGEF5	1	1	1	1	1	1	1	38.60984889807	38.87873097933	1	1	1	1	1
RAPH1	1	27.0293341010441	1	1	1	24.2015349605319	1	1	30.2324623990166	45.5152106273878	1	1	1	1
RARA-AS1	1	13.5937497612074	1	1	34.9795727256666	1	1	1	1	1	1	1	1	1
RARRES1	1	1	1	1	1	62.7608170268587	1	1	17.4552071517949	1	1	1	1	1
RARRES3	218.925008085886	71.7845359643189	356.686389914265	49.9727296749104	1	37.8622326927529	25.5750833380025	53.9087392850434	23.8030964933904	68.0123051539563	1	1	1	1
RASA3	95.4063132498114	38.5984521590185	169.519921856261	36.9131720290424	1	31.496110552965	1	20.8396316656417	17.5966797656096	27.2852635541902	1	1	1	1
RASAL2	1	17.805191802816	1	1	1	31.4538473508518	1	29.8603607028836	22.1434509136327	39.1113401207797	1	1	1	1
RASAL3	81.3498146804304	16.2765301615988	147.906233588487	50.2317015881367	28.5869198282398	13.2214390721484	1	46.9487105872482	1	24.551385769039	1	1	1	1
RASD1	1	34.8392899197294	1	1	1	1	20.3990171617334	45.2421192012918	127.576177491775	1	1	253.633197334207	1	1
RASEF	1	1	1	1	1	1	1	1	44.0296706964674	1	1	1	1	1
RASGEF1B	51.289237564126	65.7904450739085	37.8248292378637	157.930253165344	34.9843412720665	98.3285197345276	14.6404973210392	153.746613444424	35.7667977324699	96.3424806807794	124.3290196472	1	1	1
RASGRP1	216.132836154788	1	215.972947424545	47.1826330904893	1	1	33.2049727315279	30.7443464911787	1	1	1	1	1	1
RASGRP2	59.9241519229318	45.9064927229285	116.29423715551	78.7785505042553	123.296331972345	1	1	17.1700625402136	1	1	1	1	1	1
RASGRP4	1	31.375399858088	1	1	108.043582731241	11.3140029259179	1	33.6525409402052	1	1	1	1	1	1
RASSF2	55.8594031620463	163.616347940918	35.4006462944307	130.672596570285	436.424770892428	75.0975392849965	21.0284619482861	82.2897204832927	28.373494687483	102.966085575382	153.316817970279	453.26094851061	431.985304785539	258.348958781973
RASSF4	1	73.783367641669	43.0205698704096	1	1	185.696653020789	1	15.6575858231026	1	103.464231059633	148.180807269256	1	327.093796963611	1
RASSF6	1	17.1468369283037	19.5633009285026	46.9458604142609	30.9298938330413	1	43.0550879655898	21.3364092773392	1	19.1170507118424	1	1	1	1
RASSF7	1	18.6903871699712	22.931433612608	1	1	1	1	1	1	1	1	1	1	1
RBBP6	101.34981934646	83.0570615411311	94.376855764889	65.5040911696798	45.3569079698927	106.019705560967	50.0311873805754	125.488118476968	88.8851364586419	121.065975112943	102.391816082183	275.477107242746	1	119.380442937903
RBBP7	77.0173831099441	58.7860752546307	136.899738277557	70.4000782132227	35.9468156225064	61.4261029974876	43.7467231983336	71.1310204171225	129.784072735926	85.5963081557425	1	154.813921881157	1	1
RBBP8	19.0831306087093	28.1897609820889	1	23.1188229670644	1	29.9766157205558	18.8952148684208	105.677836993625	113.632424658805	36.6255082804162	1	1	1	1
RBFA	1	1	1	1	1	1	1	43.4681806214882	23.8676420291106	13.7837997548645	1	1	1	1
RBFADN	77.4384183380738	128.025774649512	173.632236021123	68.9546647604485	156.884338362191	72.2651069768955	26.9019443579724	81.485569881431	72.5460032231473	68.2067426003403	1	247.268676806185	134.348937687462	1
RBFOX2	1	1	1	1	1	1	1	1	39.9576996565139	1	1	1	1	1
RBM12B	23.7319749407576	14.3202088872502	26.8956674788974	22.9721998432291	1	1	1	1	16.7461175085276	1	1	1	1	1
RBM17	86.1327281739625	82.793197323515	123.058689077053	74.9076359175405	34.7610327451935	66.1448745655925	41.4294778218564	164.759743549556	95.7530254850944	89.2256659719963	1	188.190729423595	1	1
RBM38	158.77409826617	34.2400165208794	158.555019753284	216.432338069749	30.5903063259864	14.1214875606285	21.9565598456311	63.9728515223249	30.0225983357503	20.987770497808	1	178.599951230276	1	1
RBM47	1	118.718286661863	18.6337575663239	20.3822522648341	272.776536781055	137.159359974288	31.3778253677052	30.7225005485936	58.7398133381296	98.9669524695736	144.733544843901	1	188.462338605609	1
RBM48	17.8426076864354	1	24.11745645976	22.2635718201422	1	1	1	1	11.0992171987322	1	1	1	1	1
RBM5	158.456596265738	100.25619084509	149.374287364862	138.100244739605	148.873277084894	63.8997643508511	48.6599138594751	115.08416064739	73.8914273413873	93.8988401678258	1	155.728855529318	1	1
RBMS3-AS2	1	1	1	1	1	1	1	13.0067595326328	1	1	1	1	1	1
RBMX	130.689551209862	82.0863342386667	79.3608150007966	137.234665746332	1	62.5472357631758	48.8211619668184	101.188902702601	92.8954424039907	84.2181176745991	74.960581901991	190.875672662532	1	1
RBP1	1	1	1	1	1	63.262583498646	1	1	27.4973917433344	1	1	1	1	1
RBP4	1	1	1	1	1	19.1827183045381	1	1	1	1	1	1	1	1
RBP7	1	39.3304241748992	1	1	68.217530089718	1	1	1	1	1	1	1	1	1
RBPMS	1	31.6171644647722	1	1	1	1	1	1	72.6892339587902	40.2917735320581	1	1	1	1
RCAN3	165.178614564403	30.9756034446925	24.8932058048473	44.9673784718369	25.2387474897384	27.704420843047	1	21.1248613444454	23.9329107239166	37.9244455998613	1	1	1	1
RCBTB1	1	11.853789502519	1	1	1	1	1	24.8706218835863	1	1	1	1	1	1
RCBTB2	1	29.162497782169	23.9109409357273	1	31.8219141645263	16.7833092152342	1	1	1	1	1	1	1	1
RCC2	50.0113061558443	71.250417279843	81.7706117950447	63.8242620897595	1	86.1736096306351	12.7948685137258	49.1622211295187	90.1530572003492	145.452296386948	106.717827024021	1	1	128.101185893312
RCN1	1	21.8191873274869	16.3588018827946	1	1	23.7719161097363	24.8187384350625	1	28.412370622327	27.499675545685	1	1	1	1
RDH10	28.2435981076578	25.1500798297093	1	1	1	36.8807657153021	17.9024346883639	66.218311843111	208.118487722892	34.3719525061272	1	1	1	1
REEP5	102.243881750929	146.495278901117	91.2742700226227	90.1829679214089	78.7307120933032	166.085856239364	202.412855221665	81.9938805128986	148.43287003466	123.595609065551	202.351116500028	1	1	1
RELT	23.4260427802722	60.2899429315088	17.689292703349	36.3933290891136	91.855765214368	56.4041838193136	16.2146141989636	65.2651496367616	28.960768961542	65.8653189651726	88.4267304316756	185.34012881041	1	1
REPIN1	1	23.2292434566503	34.6926497182313	26.0142014285055	1	24.9239316332639	20.1667090303241	20.6765357221907	41.008635042585	29.614819226852	1	182.809468782119	198.556243096324	1
REPS2	1	1	1	1	79.0415512254548	1	1	1	1	1	1	1	1	1
RET	1	1	1	1	1	1	1	1	35.121896825007	1	1	1	1	1
RETN	1	50.2054464562694	1	1	1	64.6108306277841	1	1	1	13.5016790624778	1	1	1	1
RETREG1	55.9010311422962	1	1	1	1	19.4070739382377	1	26.3038125907337	1	1	1	1	1	1
REV3L	40.1664003239301	50.926944802793	40.5138389902625	74.109031315284	1	34.6484366439462	1	42.7627305773531	32.7823428599144	56.4513934997996	1	1	1	1
RFLNB	35.6153130304155	46.9003242034506	71.3094286878445	1	308.579485192139	1	29.5832853295387	36.9382793368533	1	31.7117121599546	115.558591091125	1	1	1
RFTN1	60.7874260507936	38.1350125370953	120.691920056393	44.1078748288003	1	36.6202773123333	1	25.0149174928529	35.8211119620102	64.2252158208922	1	183.851831981686	494.996068080043	1
RFX3	1	14.9659925911934	23.6213354061065	1	1	1	1	43.648791521716	20.971416715114	1	1	1	1	1
RFX5	27.2438426053193	37.9648383229756	36.2197868051817	59.6981544782642	1	30.3983183834246	1	22.7365795905059	32.3684810015732	46.9489065841802	1	1	1	1
RGCC	1631.97425064128	225.323759077666	191.922556441008	308.165515387349	1	513.688480802298	245.35040159081	677.345536442087	87.19097216221	813.9508620874	438.688134667188	1	317.857591430053	1230.54659320384
RGL1	1	16.5399163181583	1	1	1	74.9807676550271	1	1	1	22.808347022875	1	1	1	1
RGL4	20.1604473449206	1	18.6107915782155	1	106.477872245365	1	1	1	1	1	1	1	1	1
RGPD1	22.0851047672522	1	1	1	1	1	1	24.2283502566437	1	1	1	1	1	1
RGPD5	1	1	1	1	1	1	1	36.75129116097	1	1	1	1	1	1
RGS1	1782.26503922532	254.255991864417	212.478901472726	1164.28062768426	1	804.401579723241	1046.12111949596	2152.8820482436	410.858138818127	2015.57757754462	2214.46935453849	4409.77892295672	2646.91031179855	752.566761804028
RGS10	94.7150701994744	104.240623816824	29.256144291073	33.6748663164875	1	130.285253273973	17.5223234730324	86.4986564662706	71.0288240559077	195.856740910086	363.704678760216	1	199.46416119374	471.869412937569
RGS13	1	1	1	1	1	1	1	58.999807461478	85.5516688339884	1	1	1	1	1
RGS14	17.9104198002148	22.3910712799868	29.1172888527917	1	64.5593756583592	1	1	1	1	1	1	1	1	1
RGS16	34.3193682764277	1	1	35.4899938781801	1	1	29.4837605167827	83.7278292977799	63.0231546770448	28.2756202528347	1	1	1	1
RGS17	1	1	27.2766071914865	1	1	1	1	1	38.4569873187381	1	1	1	1	1
RGS18	1	53.0907172849056	1	1	186.345667689853	17.2336784621543	1	1	1	17.9491718887383	1	1	1	1
RGS19	23.4429123890042	95.595569199816	75.920226062945	72.3558711748305	268.862352544651	52.7742436134458	1	32.1249268496779	13.1894281333023	53.1188679272602	135.366179868597	1	1	1
RGS2	559.04588815434	1464.26829109993	168.641698725822	1139.67438341909	5633.15372793713	1037.36427087157	271.163920190878	2604.14675936943	688.931540584458	1531.45765025788	2048.61785179222	6977.32596203856	674.421228125561	644.678560827281
RGS3	1	22.7348541413288	93.132795871549	1	28.3312663532939	1	1	20.5200512015871	19.6430453138865	1	1	1	1	1
RGS5	1	36.7901599950662	13.8155517577204	1	1	28.9987619158032	1	28.5011014014915	75.3526097879347	112.279381826784	1	1	1	1
RGSL1	1	12.4194782553032	1	1	30.5870500209245	1	1	1	1	1	1	1	1	1
RHBDD1	20.8614020670681	18.6898707587245	24.3224413799832	36.5828658406597	1	16.8887781942501	55.7507420310551	1	17.5316250910227	19.3741315403611	1	1	1	1
RHBDF1	1	1	1	1	1	1	59.1965583142052	1	25.9468360943751	1	1	1	1	1
RHOB	30.0928901494567	150.903838095541	15.8998285856188	83.315734477337	75.738431047734	176.907678708562	71.9806362132493	425.041183467817	327.134522600804	167.447324906139	1	1	1	1
RHOBTB1	1	1	1	1	1	12.9850767412651	1	31.7692738322196	17.7743709504417	1	1	1	1	1
RHOBTB3	1	27.861504635128	79.5391751704724	1	22.5102032251029	29.3077060654818	1	86.8782628839486	106.224055987671	27.91941910423	1	1	1	1
RHOC	38.6008660378551	55.91015952004	120.083448953873	1	1	38.6613725231369	1	56.111231827232	53.8565946626043	78.8756203505403	99.9508299408404	1	1	1
RHOF	68.775261688278	22.3573966775352	103.99267746649	38.8352738046049	1	11.5814722411236	10.8636633400373	33.8589135395386	19.1208482659491	26.6059856379354	1	1	172.381887746374	1
RHOH	253.075660270243	21.9910471198932	80.527164852479	256.218554865088	82.2758359357579	23.5951033521227	109.237200411733	169.797928829464	59.0149482061662	31.2182972574243	1	1	1	1
RHOU	1	54.5843289410812	1	1	1	65.8662209024988	1	1	72.9566337211649	49.5351241620665	1	1	1	1
RHPN2	1	1	1	1	1	1	1	1	36.8378356031762	1	1	1	1	1
RIC3	29.4285600303048	1	1	75.5410158410631	1	1	12.6191155812655	26.0258521604405	1	1	1	1	1	1
RILP	1	20.57202964538	1	1	18.6979048542031	28.1570013075119	22.3223538150379	1	1	39.582150596607	1	1	1	1
RIN2	1	27.0731598454545	1	1	1	37.8728510542771	1	1	14.6365545994135	21.214623598643	1	1	1	1
RING1	48.8478059286864	61.05894046437	57.0760748142123	37.3685761952659	1	65.9318733543377	33.5073640375347	34.5362491777854	120.019680419764	74.3020302725464	83.106755243974	1	1	1
RIOX1	17.1672589179863	1	1	1	1	1	1	1	1	1	1	1	1	1
RIOX2	1	13.7912541580988	1	1	1	11.2363770677958	13.3016317535093	1	20.6386040930166	1	1	1	1	1
RIPK2	19.0091640963486	59.4944273955096	27.8665887628738	34.9560123481786	33.9389325474965	58.3115013448077	1	65.4338152448448	74.2940695206089	84.451015395467	124.58062826776	1	119.932725694478	1
RIPOR2	221.112419109162	257.566715574902	581.39944113706	201.888410688223	1901.69850194134	17.2159990112302	12.9765473677441	140.351987163382	22.6080145375963	30.7970395761764	1	162.993819171996	1	1
RIPPLY3	1	11.845567828268	1	1	36.9277272658738	1	1	1	1	1	1	1	1	1
RMDN3	17.126790399519	18.2672240857342	51.4000851775098	1	1	134.204315557017	16.7857367532322	1	29.3860652175838	35.5409732325378	1	1	1	1
RN7SL172P	1	1	1	1	35.801246933279	1	1	1	1	1	1	1	1	1
RN7SL204P	1	16.5920281399286	23.6802632283728	1	72.5333994603296	1	1	1	11.6692812606454	1	1	1	1	1
RN7SL274P	1	14.6618063305587	13.2342820956907	1	55.1965363920086	1	1	33.1214127043742	1	1	1	1	1	1
RN7SL275P	1	16.0392619294351	17.7387976406049	1	77.6975375292667	11.2984769011796	1	16.3521707118468	14.4053749210829	1	1	1	1	1
RN7SL336P	1	1	1	1	1	20.2631833064504	1	1	1	1	1	1	1	1
RN7SL368P	1	53.1516699630535	1	1	74.5498824208439	60.6828682110715	1	46.9449381989775	1	46.904958237553	1	1	1	1
RN7SL371P	1	18.2602121891021	19.508461941845	1	68.8729364915985	11.5077993912913	1	1	1	1	1	1	1	1
RN7SL401P	1	1	1	1	25.7755840329451	1	1	1	1	1	1	1	1	1
RN7SL452P	1	1	1	1	1	1	1	25.5586586975847	15.188640468483	1	1	1	1	1
RN7SL510P	1	1	1	1	23.4006012354693	1	1	1	1	1	1	1	1	1
RN7SL625P	1	1	1	1	1	1	1	15.5731814453787	1	1	1	1	1	1
RN7SL655P	1	1	1	1	37.1849838792395	1	1	1	1	1	1	1	1	1
RN7SL693P	1	22.3518353540809	18.1949768709398	1	21.5967753961856	1	1	1	1	1	1	1	1	1
RN7SL784P	1	25.0785133589439	22.8510281607302	1	57.1202845684667	1	1	1	12.4795097281849	1	1	1	1	1
RN7SL847P	1	14.2024123521332	1	1	30.5456699127011	1	1	1	1	1	1	1	1	1
RNASE1	1	82.4848560169783	1	1	1	1205.64513455704	1	59.0766126419382	20.1369880708637	190.9416050758	1	1	1	1
RNASE2	1	86.0292049722957	1	1	1	38.7204006880555	1	1	1	62.9116882012707	1	1	1	1
RNASE6	1	123.74163339147	1	42.9544709978622	80.1048910574743	127.756285086809	18.635940932114	32.6133960848897	1	108.989838457947	276.643416295864	295.393480391845	1	142.966899036424
RNASET2	178.04430999768	326.50023527323	73.4788661199491	258.795276999341	1157.69603125658	406.577827512246	115.212965107463	128.880676969777	74.6066264551692	348.381039565545	330.810097748603	779.405846284312	1	237.72143519238
RND1	1	37.5174372777101	14.060048955682	1	1	1	1	30.7949442265234	100.258068840517	19.0338682439975	1	1	1	1
RND3	1	1	1	1	1	23.7684616003599	1	33.8192612015546	97.1675831451536	27.6888184013476	1	1	1	1
RNF11	67.4956029603803	51.4280073782632	64.0613150357897	53.5327561641474	64.0822898450078	48.0006143629948	28.6113298297181	68.1147782889018	121.851385826244	74.9475945451572	1	260.493875766918	1	1
RNF113A	16.8390007293564	1	37.0670566417328	1	1	1	1	19.834380252793	14.0282105215185	1	1	1	1	1
RNF122	1	1	1	1	1	1	15.5845980233638	1	1	13.0004699455029	1	1	1	1
RNF125	184.212779903675	31.1273909086786	172.001324073957	16.7073577381125	17.9032080897227	16.9237348838073	1	78.8388762353792	1	19.606362163697	1	1	1	1
RNF126	37.1134935704867	42.8472870487957	111.648410782963	33.685156213425	1	33.9648578248175	34.4203060623006	13.1109627119928	53.2025777216956	37.4966849240028	1	123.643046772906	1	1
RNF130	16.9993039251024	239.542194372493	35.2970531896611	16.3944041042018	404.254424391181	308.908785655538	1	151.622752323944	93.248842898921	185.881016554608	158.254155841053	310.138267847109	1	1
RNF139	132.439465647598	59.6234469339376	54.6593606280203	90.6241137941043	41.2717562772161	47.9361011228069	31.0121445423888	111.357763924667	62.1184542796679	77.4896923152775	1	187.931370829411	1	1
RNF144B	1	119.718465148667	1	50.2817905839483	85.8577874893484	110.68970882476	1	23.6399810297096	1	122.019825063917	110.602271633491	1	203.635598502005	105.890304589483
RNF145	156.929028733129	155.382786929581	104.748995447414	115.106943017207	248.427148609974	126.243090666627	32.709476200248	201.249144895739	208.486069387992	194.025718578221	174.112373726663	1	506.589429334571	169.926738886927
RNF149	243.499458095081	406.587314795968	156.265954576133	78.5471006862919	1467.58667935551	257.079504398391	83.8782995993415	294.055584159597	70.5291817557487	328.397035273106	353.375071318005	1033.24743061846	1	262.739809588584
RNF165	1	10.6557800658587	72.9569553654645	1	1	1	1	1	1	1	1	1	1	1
RNF170	23.242996760529	36.2332403782312	51.9005279716953	26.8367766605999	51.8632953243214	35.0643999525361	18.0856421877847	40.3763114605567	27.9107516208921	27.2643139971095	1	1	176.325090195945	1
RNF19A	269.565129069533	31.1300216845996	106.084513417824	59.5979202914265	42.331346542076	32.9352685698018	28.8656412843435	163.565872202507	105.048375287885	52.3033519817178	1	1	1	1
RNF213	217.31712555871	170.064137808331	486.419622729441	88.5607043587807	205.916156703542	147.259337615457	58.5406411749132	143.154431719393	94.3106041275791	115.263132131054	1	223.210535484782	1	1
RNF219	1	1	39.3106208810356	20.3726221369507	1	1	1	1	12.8810626238658	1	1	1	1	1
RNF24	34.9186031743877	79.7883611520461	31.9079015233879	1	479.876211143029	24.7808930147495	1	23.5232216113242	38.1856990646922	38.2783272267675	1	1	1	1
RNGTT	26.2913305971726	19.0894281579655	31.4247363096224	101.65214407084	20.1857189765705	19.0813338699437	42.9151764969981	20.7776741081886	1	18.0578491650688	1	1	1	1
RNH1	68.9123539042284	212.262738000209	79.9461430395149	52.1181012113474	1	275.990320689009	41.6938388760823	48.02101789662	144.778577375534	214.268836048416	172.836336346704	1	200.629715891825	234.818823398097
RNPEP	24.3356284296661	82.6403378510577	37.1982776332052	21.1719421495825	47.65954040689	77.0340589858192	13.5189169354305	1	34.0180711015145	66.4560833129586	92.8290010297133	1	1	1
RNPEPL1	93.4394235435066	95.401236026207	173.207144288877	48.56592356938	51.375068676338	85.3722003825738	47.3202310864331	23.9115290229968	29.8897843585038	83.7770502167184	1	1	1	183.991452959333
RNU4-40P	1	1	15.2212858504741	21.8388089191247	1	1	1	14.3039724247595	1	13.6856963218095	1	1	1	1
RNU6-1228P	1	1	20.5092968539056	1	1	1	1	1	1	1	1	1	1	1
RNU6-639P	1	1	1	1	1	1	24.6263276114865	1	1	1	1	1	1	1
ROBO4	1	17.3371567972584	19.0284789794407	1	21.1926138209125	1	1	71.2107051714992	1	38.695976745574	1	1	1	1
ROGDI	1	29.2020146494692	1	1	1	14.9272055150381	1	1	18.3161850597026	1	1	1	1	1
ROMO1	58.6065812604167	70.3100283722057	64.474162812998	52.3224920853065	21.0099077669725	73.5964790806385	70.0088290408295	42.0922333971241	99.3727029423475	80.3783387285869	138.879336406975	1	1	1
ROPN1L	1	1	1	1	32.8697799680779	1	1	1	1	1	1	1	1	1
RORA	189.187633249846	1	233.965067425669	24.8969989964024	1	1	23.0383288866144	26.3024734966202	56.3580746572977	17.0666901793131	1	1	1	1
RP2	18.5305107177058	63.6597639890557	24.0735918571707	28.4793836496552	84.7254833289284	51.5962759193773	1	38.0356340905273	37.4393146184107	71.7902462058876	102.918349168262	1	1	1
RPA3	23.5177835115709	13.7221198935257	19.473027743355	35.888632237625	1	13.366733264973	1	1	27.1834606683963	19.9780589227543	1	1	1	1
RPH3A	1	25.3632975081941	1	1	1	1	1	1	1	1	1	1	1	1
RPH3AL	1	1	16.2770466564268	1	1	1	14.6628507537668	1	24.3328768213873	1	1	1	1	1
RPL22L1	69.4531101413265	44.5064259118581	44.8248442774859	115.327491321846	1	44.369542800458	60.5019446279164	103.969042069607	247.627888896637	42.8239728348095	1	146.839557091283	1	1
RPL7L1	111.049169316975	145.990399489775	189.673210705089	129.975445706572	214.988912231062	100.165836034671	47.0130836994557	154.562016412221	134.061948684551	88.0430896963284	1	183.194865101943	1	1
RPP25L	1	16.0758713949216	17.2855176864114	1	1	1	1	27.2334584961992	19.3064485771649	1	1	1	1	1
RPP38	1	16.354585448399	25.8117130844495	22.406937853775	1	1	1	20.604282606393	1	1	1	1	1	1
RPS27L	98.5203116611928	115.929286951734	122.997738005244	75.0139694300945	80.255742265527	147.456936237377	138.01199838967	109.399076589988	129.542432816021	131.50834820525	1	1	572.01978205275	179.49181115276
RPS4Y1	263.367979521779	135.765554368934	204.406494886951	66.051020393376	1	65.484551410075	50.7797853541928	57.5965564144581	186.573657465539	89.7628239660059	150.880370577498	1	1	1
RPS6KA1	33.2674555404983	103.31100782294	175.337309979997	23.9196715936666	209.881170985193	93.4848775807781	1	17.907414045675	24.9811964734397	99.2808657584281	94.5146575345129	1	1	1
RPS6KA5	90.8029042670709	88.1786426279144	118.268927746668	123.408655549978	284.927068543289	60.332617409814	31.6345521015264	193.206914146291	103.110624269487	53.7123943165954	1	192.474544653273	1	1
RRAGD	1	33.7665023537201	1	1	96.9396966680726	113.996189581355	1	40.1563940344014	47.6085215653427	51.4115122000989	1	1	1	1
RRAS	15.5207783799153	52.7088507407102	1	1	1	44.1413243981415	1	46.1404138012526	1	38.5195648533904	1	1	1	1
RRAS2	23.9986898104816	1	74.7327545483924	47.3086851474262	1	1	1	1	32.4736796062727	1	1	1	1	1
RRBP1	18.7285149850243	67.9587898565659	51.954077497991	1	1	79.9477303459325	148.205666041975	34.4496903706992	81.8224935349075	91.4386442833571	1	315.496932547696	1	1
RRM1	100.701585284385	28.1123884447828	45.5255052066063	45.6465547443651	1	41.0510323311235	1	49.9356667229852	73.5724484554312	64.5920921692708	1	1	1	1
RRM2	1	1	1	1	1	1	19.6318525089991	25.9887486397788	27.6184454416887	49.3333888448743	1	1	1	1
RRP1B	26.2371881284881	1	18.2142115258605	18.9886509542559	1	13.6865859325994	1	1	15.7708871614296	1	1	1	1	1
RRP8	1	1	24.7215557549871	1	1	1	1	1	1	1	1	1	1	1
RRS1	29.3251030639398	15.1124683875231	15.5384549971711	1	1	1	1	1	29.0231696414277	1	1	1	1	1
RSAD1	1	1	24.3946466704338	1	1	1	1	1	11.3655941701635	1	1	1	1	1
RSBN1	109.201429589019	35.842586376251	98.9234309586253	56.8998987072504	57.1689202119622	18.3220269015123	1	49.3760915496886	27.8833541208177	36.5290399469356	1	1	1	1
RSL24D1	118.917002244514	69.7623008447121	66.4446872787866	147.108977147197	27.8440614996264	42.2365170276404	60.3513137465458	62.5265554101628	75.4602519462952	49.0781665867678	1	1	1	129.759828569324
RTKN2	43.6425064553903	1	12.5621346038577	1	1	1	1	15.0592156218778	1	1	1	1	1	1
RTN1	1	58.1461983609821	1	1	1	32.2758853741886	1	1	1	90.0974716716885	179.236207107037	1	1	1
RTP4	1	1	22.6763472045403	1	1	1	1	1	1	1	1	1	1	1
RUBCN	56.1240990592077	75.9375969250847	89.1420669059169	138.610878239814	89.4159138076381	44.9880993891428	50.5675847069555	68.8089330713199	40.540652661275	52.3572720228272	1	665.888391363152	111.839172419022	1
RUBCNL	1	13.0630025649101	1	197.790775409551	193.247102915294	12.8913393086962	1	38.8903261135142	1	13.1801291924933	1	1	1	369.259810599552
RUFY2	1	1	18.6247184093991	1	1	1	1	1	1	1	1	1	1	1
RUFY3	1	36.1206224385153	31.2967469876113	56.4027648016698	1	31.6364584005288	1	12.5712147224702	41.3151387486974	51.5766437320984	1	1	142.661167651617	1
RUNX2	48.2770730998392	11.870320630412	15.1190627716595	1	33.537240826964	1	19.6451891447193	56.137402574785	22.132028618622	1	1	202.817979932538	1	1
RUNX3	588.214467375086	93.5371371975711	1051.44821967554	204.365380545965	1	52.4542350537252	29.8506022599441	210.476185195773	74.3774868676235	161.002707830927	265.596417516899	1	453.249432453177	370.530552366268
RXRA	16.8256670936983	209.348202459866	24.2018764162488	1	315.022140617255	81.7417309699893	1	30.5825027272425	56.6657082860172	102.084347770571	164.602855345587	1	1	1
S100A10	398.897200304579	1118.23680638576	274.878328152033	119.43468672944	1	895.090389234604	68.1885048483759	257.386233937781	769.930781079939	1339.98626482157	1101.12541707639	219.580268902621	797.800089574891	1599.97143126666
S100A12	1	327.453004167537	1	1	667.938329731768	1	1	1	1	1	1	1	1	1
S100A13	1	31.9056263866526	1	1	1	21.975474286248	1	1	57.7433733534774	32.543126633506	1	1	1	1
S100A14	1	94.3285847531588	1	1	1	1	1	1	31.1622355886779	58.588167450222	1	1	1	1
S100A16	1	57.9766907148484	1	1	1	1	1	1	162.900585548249	66.8923883656974	1	1	1	1
S100A2	1	1	1	1	1	1	1	1	626.951641499437	1	1	1	1	1
S100A4	423.039899994672	1098.86956269686	608.430066011093	66.1847822731347	1032.80586145405	265.990767016863	27.8843985881368	335.990885503386	149.123722616842	464.748193696879	575.664795753619	264.500802701173	1	1
S100A8	1	1572.73784678135	162.161085027295	1	6845.7242545681	139.442750524635	1	196.803883780567	1	101.235597117233	1	1	1	1
S100A9	1	2790.3036559671	106.101576437249	1	8387.07694890838	347.9864631324	1	207.810915673856	44.9030035095634	185.034047708891	1	1	1	1
S100B	1	1	1	1	1	1	1	1	1	115.285501482406	2697.89269838676	1	422.766981445475	439.693767818747
S100P	1	161.138063555303	1	1	569.303110233991	1	1	42.9975966084936	66.7154755462292	170.625805314759	1	1	1	1
S1PR1	95.8680557320475	1	152.710234347245	49.558853242928	1	1	1	58.0671343804743	1	1	1	1	1	1
S1PR2	22.9658502011229	12.0109656772493	69.8088993925867	91.0994946884009	1	17.7988597447477	13.5699095627204	24.5313253791032	16.0903791584127	37.8067297237387	1	1	1	1
S1PR4	55.4162324415486	25.703191948958	65.8144264880496	16.0322272609686	186.753840205145	1	1	28.9128296781997	1	1	1	1	1	1
SACS	17.0888094211133	1	1	1	1	1	1	1	1	1	1	1	1	1
SAMD3	17.3945503922431	1	109.337661653396	1	1	1	1	1	1	1	1	1	1	1
SAMHD1	153.025408513467	565.704900354812	269.628792308036	22.1733681135141	104.336585170789	433.334486704502	25.1080570586176	84.818126356886	37.4866445980539	409.971609791348	499.689250781588	466.818975523981	1	741.512602804389
SAMSN1	455.757462793495	345.475945095264	108.367660111302	355.739053571503	584.421759341974	211.682662934428	78.3554016174187	798.033835732888	226.989136135266	311.263468531019	299.111478884198	1	572.343377284197	1
SAR1B	52.4321339765423	40.5700493339527	41.4702014826383	30.2310694518721	1	47.6362062321754	101.159489347808	29.844302994481	48.059780477841	51.2591197675505	1	1	1	1
SAV1	26.6251133282589	36.3704175255406	23.7306479411409	111.217714974078	25.5152809483277	53.6156866598607	1	94.2001805203552	107.821081072865	42.9417890499968	1	1	1	1
SAYSD1	19.5898558001619	1	15.3773750090966	1	1	1	1	1	1	1	1	1	1	1
SBDS	127.281550773326	63.273761377448	54.320425938324	109.024843280473	1	61.3132706364804	74.3015209528793	118.174988459207	126.046733172534	80.8691187827629	1	129.296008715416	1	1
SBF1	45.1352104890089	22.8851034083421	64.5179721725897	55.2370401267967	1	12.5428766392403	1	21.5665556582092	13.0154878632387	1	1	1	1	1
SBK1	16.6791316360404	1	120.95961834054	1	1	1	1	1	17.6733428112431	1	1	1	1	1
SBNO2	62.5175788208098	92.9601658723683	42.0316906075711	33.2655907135495	213.808567921234	57.5514471670878	30.0598892144122	67.4202383949753	50.9707470940242	71.3282017267802	1	1	199.761893835455	1
SBSPON	1	1	1	1	1	1	1	1	48.2681788765258	1	1	1	1	1
SC5D	241.646101033468	44.4764914318086	41.0067334660625	225.16427318714	26.6454168609228	41.7185920572914	32.0938401575654	160.368344877834	167.19466391043	54.4966602798748	1	126.121302928449	1	1
SCAMP5	1	1	1	1	1	1	21.4755510443224	1	1	1	1	187.727826719523	1	1
SCARB1	1	16.4215493831298	15.3924398393856	1	1	68.1946018425533	1	1	14.6885486181041	21.925557941648	1	1	1	1
SCARB2	36.508200464076	130.266495715815	71.4854830801764	30.3305729983852	45.3195367886563	300.036048910926	102.68269237345	91.547411467895	98.1893197943202	137.664660829951	1	386.101038026172	1	1
SCCPDH	1	30.5019381119278	20.1621151101479	1	1	103.928166803813	1	73.2136900568081	53.594080303569	28.9794572567744	1	1	1	1
SCD	1	20.9127952684232	1	1	1	214.582915315768	1	1	128.296727677039	48.5879779815136	1	1	1	1
SCGB3A1	48.2334455867511	1	1	1	1	1	155.998843825798	1	1	1	1	1	1	1
SCGB3A2	1	208.174353037201	1	1	1	1	1	1	1	1	1	1	1	1
SCIMP	1	87.3821628997937	24.6178499322688	81.1882431200783	17.6921413509258	41.7925368214865	1	31.2457710739399	1	34.1182954289318	1	1	1	1
SCLT1	1	33.2168730601	44.0077715752711	1	97.8054168809143	11.5747506608189	1	1	1	14.9376511665339	1	1	1	1
SCML1	1	1	1	1	1	15.6135265622843	1	33.3175930756773	11.6580860174053	13.2830587544505	1	1	1	1
SCML4	64.8778661383784	1	52.3168045001986	27.4667882696751	1	1	1	1	1	1	1	1	1	1
SCNN1A	1	41.4172258849341	13.4527202007977	1	26.2100134377538	1	1	1	103.551948627228	29.033914910595	1	1	1	1
SCNN1B	1	1	1	1	1	1	24.0946035597203	1	1	1	1	1	1	1
SCO2	25.238547977604	65.6904145622786	15.711071240548	24.9153257560299	30.1901174665405	62.3626262102404	28.3544266578192	29.1010729058725	27.4504761033896	77.0209411385204	1	1	1	170.926391820404
SCP2	80.2472169258477	109.104128092602	172.530860775784	59.6749395788754	1	149.395573235364	44.2782692410421	94.056846872926	156.23842129796	134.369145732002	124.933232095639	1	1	1
SCPEP1	22.8467577639142	217.352025596826	49.34107782109	101.333667079344	42.1731988042044	266.684908983295	40.4421438714203	30.8713923153353	84.2510915955162	125.152028088328	107.836874477614	1	1	1
SCRN1	1	34.4799476584973	34.168519763129	61.8218977106528	1	24.7917154850448	13.1617708980363	20.508569776089	55.0711286095118	47.0348028449331	1	1	1	1
SCRN2	1	13.5682660825874	26.9670273815511	1	1	14.8617546011981	24.42770142773	1	31.7448667260957	13.5238235425851	1	1	1	1
SCUBE1	1	1	1	1	1	18.8518040945311	1	1	1	21.2233854558682	1	1	1	1
SDC1	1	43.2443515476628	1	1	1	1	299.523504963364	1	189.824535482783	29.3737784931494	1	1	1	1
SDC2	1	38.1692099128372	1	1	1	143.647581353324	1	1	24.7519125449161	64.5442240731098	1	1	1	1
SDC3	1	16.1179864277745	1	1	1	178.202064772195	1	1	1	34.4184917679428	1	1	1	1
SDC4	52.1676439457864	209.129553148397	1	1	1	280.774198845848	1	98.9084926258575	420.094853078466	213.377470460345	1	1	221.530757332208	1
SDCBP2	1	1	1	1	1	1	1	1	28.1512592688015	37.43313517575	1	1	1	1
SDF2L1	33.5788878978853	40.6999483765175	47.458796092374	1	1	71.8873968433721	278.599366342013	7.472957868165	115.792682592753	76.8549260456064	1	1	1	1
SDK1	1	1	1	1	1	1	1	1	49.2503432974353	1	1	1	1	1
SDK2	1	1	1	15.9728556436608	1	1	1	14.3883429343402	15.6125687280628	1	1	1	1	1
SDR16C5	1	1	1	1	1	1	1	27.460233198705	27.4406003476419	1	1	1	1	1
SDS	1	141.647074605544	1	1	1	606.5031364214	1	30.928291506559	1	334.712823459509	1	1	1	1
SDSL	1	21.2693904449623	1	1	1	57.8751867554683	1	1	13.5527297346822	28.1062185900611	1	1	1	1
SEC11C	54.1302363227516	31.9887855980068	57.9818275276235	41.4554474758623	1	46.7586447206485	503.689373843296	41.3230793902981	129.945329705329	54.5714004268751	1	1	1	1
SEC22B	50.7863025432098	54.3267049832966	84.7896341703651	53.6444259730802	98.7333990418218	94.8514391570781	154.739066690388	108.423936560599	75.2908533949051	56.5627258301231	1	1	1	1
SEC24A	25.1185666933098	30.1327978233713	22.4047686944127	1	1	32.6933161826567	90.3488863808917	27.5366782956325	54.5921696519678	30.365090230315	1	1	1	1
SEC31A	97.2344577179774	129.94348148131	140.876290651476	117.859384899404	78.0239008392055	86.914147437107	88.0148497694526	158.816088620904	124.248303081803	104.691368106562	1	160.053686140417	1	1
SEC61B	123.691498517684	135.999642686386	143.131499284917	73.0199465746246	73.7183785153037	144.653294652733	350.111278378543	104.482982080948	201.515340065449	186.318866495486	180.169682637916	1286.06355691626	383.701365998421	149.694597879052
SECTM1	1	79.7438767047003	1	1	241.466609552583	41.2717786591138	1	1	1	38.6457262685705	1	1	1	1
SEL1L	26.8397961724285	35.4961422942132	40.9926173391085	19.168437594404	54.3958229391897	47.2838987244614	203.532211748028	46.1428738632492	43.9866144730428	37.3397848213159	1	1	1	1
SEL1L3	76.2583962436451	25.5235533512102	41.1808750312773	214.043402689823	1	42.1574548217144	375.114728164165	37.5293774692363	35.9998963007807	70.0954367220344	1	635.964508695624	1	1
SELENOF	98.6759021545777	98.1909524879967	107.282827665471	109.685147978789	60.7582076546093	110.522839076768	75.8280062134343	117.630216185304	147.339457927829	128.500528208246	1	201.108341944137	1	1
SELENOH	47.8296794261238	68.5069591413565	66.053516100288	62.8192024579246	1	61.6738716956026	29.6359632329575	36.5833934891944	80.5603283778103	77.8792751722922	117.312428239043	1	1	1
SELENOM	26.7514902450763	13.3859849438205	1	25.132386260626	1	15.105799430157	91.4377010790371	26.0874113909784	64.5935556744233	22.3009775289107	1	1	1	1
SELENON	1	22.2302223556288	1	1	1	39.6916540557534	1	16.6180677048411	17.7297113528764	28.5871484975628	1	1	1	1
SELENOP	1	38.3629638229833	1	1	1	403.780181196476	1	34.3230567174391	30.1188323574865	48.6739453336976	1	1	1	1
SELENOS	76.7071615306401	113.530189546557	103.404972142583	60.9775627501362	31.0874631892577	144.251334591154	443.223958879999	194.885015028954	259.690469217076	154.446841005834	249.972916447378	551.021093077482	266.74878308377	1
SELL	350.44916975913	406.55102966067	302.338069440342	291.705384485739	2131.15987001083	22.8343656884731	20.5784736351399	96.8493161641906	1	13.7012194597643	1	1223.67293621545	1	112.527770509983
SELPLG	92.9723899528788	111.67755225385	265.506421009202	1	404.565239405656	56.1531727582335	36.4737595646928	57.6768918011822	1	41.1526602839482	1	327.813857481246	1	1
SEMA3A	1	1	1	1	1	1	30.8300735260587	1	1	1	1	1	1	1
SEMA4C	55.8962827118644	17.5649484909475	86.5494828578492	1	1	18.7402696432601	1	22.7955548212046	46.6593221280817	75.4615634707884	1	1	1	1
SEMA7A	19.1183490169755	1	1	108.527717455294	1	1	26.366241438039	68.7363177747972	16.8598686302738	42.9655484345619	166.200206816055	1132.32275781691	401.011119871163	295.755436194068
SENP8	1	20.6662875921288	24.5997361223901	1	52.7390666424103	1	1	1	1	1	1	1	1	1
SEPHS1	17.570198774618	16.4282857288657	23.0827044686668	1	1	18.0876517997304	22.7150561210659	23.0525228306673	52.0128983912399	21.6870129684631	1	301.117987314793	1	1
SEPHS2	25.9723538193122	34.1767221557285	57.8414303720991	22.8314815852369	54.5051597377669	62.2229026391226	1	52.9434784321852	41.456010478244	27.9986229042593	1	1	1	113.54319888978
SEPT1	67.6321416791753	1	77.1663481117224	47.094703698923	1	1	1	29.7987774536451	1	1	1	1	1	1
SEPT11	44.3343067567489	36.4124534653235	70.9578350536961	26.5194772708191	22.0748438619974	60.1161340209581	19.8659044890898	49.1614847776595	80.9730596713899	71.8667074121924	111.867368280471	1	258.36518556033	1
SERINC1	147.887601453424	107.709002549241	114.374125579788	111.5862001191	149.163758321255	131.276242872335	60.2202872563257	120.335400285091	93.1735929980734	125.441775297098	1	205.616976826472	1	1
SERINC2	1	31.6579963049394	1	1	1	22.058430100013	1	1	43.33370775874	29.3204514095577	1	1	1	1
SERPINA1	1	508.921394879085	1	1	730.05998562828	292.024814652948	1	61.4950929636008	61.7115334776059	242.313880803615	347.983063050732	1	1	1
SERPINB1	54.6841038149595	287.935705042395	120.776734716951	39.0377221362189	299.058672548565	128.202444467882	23.8643040840621	147.153487666758	103.090962332581	215.197448938168	174.776711919464	1	331.764289378717	498.961439442505
SERPINB10	1	1	1	1	23.6346991887151	1	1	1	1	1	1	1	1	1
SERPINB2	1	61.8073419278395	1	1	1	32.65312734224	1	1	1	1	1	1	1	1
SERPINB5	1	1	1	1	1	1	1	1	125.897065670318	1	1	1	1	1
SERPINB6	1	60.7496766283591	56.223500365147	26.4210864506879	1	78.1227756648559	1	23.9473005647276	45.0074118480849	83.3098997143558	1	1	1	168.711132864585
SERPINB8	1	32.4303155962842	1	1	22.0919370205509	24.5550238178731	1	1	15.1931193287884	39.5508024059334	1	1	1	1
SERPINB9	191.821207947272	367.640482352193	146.358271383797	342.28716845545	43.9001482748544	135.525380724777	124.821566574868	227.770607042105	50.4097506911553	528.511737691421	773.746020380267	547.174375397731	622.982117910314	1229.98095550709
SERPINE1	1	36.0600537303437	1	1	1	31.0229739423915	1	115.980442582535	67.7058947884668	55.3714890669558	1	1	1	1
SERPINF1	1	25.1931931725179	1	1	19.3288411050854	52.4074632159852	1	30.1752371277543	62.187004579118	41.6401597761367	228.307262727791	400.011247268679	1	210.029041842254
SERPING1	1	71.3027542332467	1	1	24.1455956991682	291.572817586588	1	75.4636219233288	91.1449831089736	238.280364082097	1	1	1	1
SERPINH1	1	71.5146719729113	1	1	1	63.0327629985345	1	276.116030009497	287.618412181453	94.94325040077	1	1	1	1
SERPINI1	1	1	1	1	1	1	36.7416491957965	1	1	1	1	1	1	1
SESN1	57.7737836957357	16.9024846609119	44.1016049460676	30.1559613497486	1	37.6136428362813	14.2451419370787	15.4619460347175	1	22.7706432569862	1	1	1	1
SESN2	84.4507467706051	55.7233102815672	50.3971105564569	47.8680745319909	59.877365434371	111.589559887187	17.1933050662635	51.6655124922544	39.5487856361239	129.458783276307	126.687617495878	1	1	1
SESN3	130.853476242978	33.2670392396561	1	210.316054525544	1	25.9044269393861	1	68.7853422676377	98.2066851406802	24.8205490866505	1	1	1	1
SESTD1	1	57.3303390860494	1	33.4676364530725	1	49.8770656091805	1	1	34.396757601894	44.3197724350481	1	1	1	1
SETBP1	1	1	31.2139290419933	53.267998007195	1	1	12.9468237091519	1	19.0252209035804	1	1	1	1	1
SETD1B	38.3561799912238	16.7412694420651	31.9772327281791	30.3287209642524	27.7072736114725	1	1	1	1	13.5962319768531	1	1	1	1
SF3B5	135.780192296074	171.118659888396	177.460802347776	117.277031566335	57.5631272854557	166.684809572994	103.215560491034	116.539469304433	284.011488155519	183.676738732378	196.404283892559	445.89811948355	1	234.416297790009
SFMBT1	30.1946761665073	1	1	32.8867352474914	1	1	1	19.6103577728612	1	1	1	1	1	1
SFN	1	35.7877189983703	1	1	1	1	1	1	154.965839106871	41.5876685742287	1	1	1	1
SFT2D1	31.0436136352896	66.4437520661833	76.7704010081248	53.2469021393015	116.032899766532	78.5140916617448	51.5517791121702	64.7171695419834	84.1976236648357	80.6197425998112	1	141.100046612906	1	1
SFT2D2	69.1666649507419	81.1587625885991	144.774135054495	75.510959632982	28.8713819582211	84.9141737526932	21.1214431721762	94.5510092094073	85.6812940906613	85.5319397938145	132.017031080695	346.300297013142	67.5361469074661	151.153956110552
SFT2D3	1	16.5719581610998	29.1616177297104	1	1	1	1	1	17.4744273779693	1	1	1	1	1
SFTA2	1	72.7607441200893	1	1	1	1	1	1	19.2750158244775	1	1	1	1	1
SFTA3	1	1	1	1	1	1	1	21.3139340854989	1	1	1	1	1	1
SFTPA1	1	914.612850611541	1	1	1	1	1	191.878956553151	639.259344163767	96.4676993034074	1	1	1	1
SFTPA2	1	795.976554522821	1	1	1	1	1	1	473.773892752313	1	1	1	1	1
SFTPB	71.7308541558573	1341.63904286258	1	37.9553896215207	43.8237603582145	98.0770543161663	207.686769282893	364.501764667963	2672.21288780587	282.038901601354	1	1	1	1
SFXN4	1	14.9496853158698	1	1	1	15.6188186855678	25.5126308158242	1	15.079231429029	1	1	1	1	1
SGK1	42.1233132100623	131.259119593197	1	19.7346940541559	150.455333873079	376.881161366294	71.431084059708	532.381181386486	321.335103113072	336.683282695278	615.188219705224	1	1	439.815601400123
SGMS2	1	49.5675385854224	1	1	1	18.4293939355761	1	12.5042341699845	29.3735764102213	29.9462456780669	1	1	1	1
SGPL1	20.3956669468705	51.4840469254014	38.7978114361199	22.3357327697078	1	107.533707217517	1	35.4692527679207	62.5708098740452	78.8640772348841	1	1	1	1
SGPP1	33.5001520904121	24.9103729135112	49.5660348068461	106.278589811732	1	43.4163656986684	1	73.7921743381553	33.4857055416634	44.0994975913751	1	1	1	1
SGSH	1	21.3333013945891	17.6395911212341	1	1	35.7178863164954	1	1	1	17.4074050364571	1	1	1	1
SH2B2	1	1	1	1	27.3571327250025	1	1	1	1	1	1	1	1	1
SH2B3	16.2379206980034	86.6900533641245	37.8578556279121	50.1181099817174	31.6089749494118	63.0176260055053	1	54.9438970275401	21.8597268695107	115.437593327398	157.416063805299	390.31706771861	207.144289666098	249.508268604257
SH2D1A	114.364128337214	1	118.85194578038	1	1	1	1	18.2426115753317	1	1	1	1	1	1
SH2D1B	1	1	234.615645507874	1	1	1	1	1	1	1	1	1	1	1
SH2D2A	99.2074159436208	1	126.668999303134	1	1	1	1	43.3420565082679	1	1	1	1	1	1
SH2D3C	1	47.4520364638424	97.1334513588573	1	129.01346838321	1	1	14.6343456068693	1	35.1445625449751	1	1	1	1
SH3BP4	1	20.3803489838669	1	1	1	14.5105898285621	1	18.739107256838	82.8561366768449	60.3763623312442	1	199.119720144618	1	1
SH3PXD2A	16.5815086828821	1	12.62813011087	1	1	19.9693401317658	1	29.1852419537009	46.6142147019518	15.9031501780206	1	1	135.467488330666	1
SH3PXD2B	1	33.1767986573887	1	1	1	68.179508411472	1	1	24.9500459215953	46.6668761806705	1	1	1	1
SH3TC1	30.691989379621	53.2604596949176	1	1	1	37.6904186114427	1	32.0374056013449	1	43.8754602912653	1	1	1	1
SHD	1	1	1	1	1	1	12.5877134266792	1	1	1	1	167.847606693974	1	1
SHISA2	1	1	1	1	1	1	1	17.118958141813	39.5280190523162	1	1	1	1	1
SHMT2	36.9464882769543	40.9222901708251	35.4692040919827	36.7227294125112	1	44.7407786409832	88.96106458967	53.0948058306548	182.028465894688	74.0515359310856	1	1	1	1
SHQ1	16.0543799875529	1	22.2689946445502	1	1	1	1	18.5686040617936	1	1	1	1	1	1
SHTN1	1	44.125744761296	1	1	1	44.9744523823667	1	1	34.5227135918133	46.7941854732331	1	1	1	241.820559459127
SIAE	1	21.7378262695031	1	1	1	15.4368661518174	14.0335590368559	1	18.5125147691485	1	1	1	1	1
SIAH2	121.222110386214	51.5090885556577	51.1818710941927	54.4011541853602	47.9508569113679	47.0629002682953	63.9837912659716	63.9195491900456	128.67247616557	47.1805191056017	1	1	401.163678138462	1
SIDT1	43.6351138958649	17.1514852789129	62.8260102692676	228.247339370465	17.0485654262679	14.6451353374284	1	48.3440647707857	1	14.4105552113093	1	311.377067454515	1	1
SIGIRR	86.2349613502363	51.6874645651921	209.521909835332	27.9836772338286	20.070792879175	21.0754239429949	15.7939935883486	38.4633787424345	46.0383837966582	31.0035376039796	1	1	1	1
SIGLEC1	1	18.6574436177222	1	1	1	140.646627516919	1	1	1	25.5271189167075	1	1	1	1
SIGLEC10	33.2578151081269	138.956447132499	50.857624481437	104.843731269821	175.038430447279	102.15810609205	17.1088652060429	101.219766817923	48.5910812542606	111.435416387092	134.118216934861	1	1	326.015385938886
SIGLEC12	1	1	1	1	1	15.3236354084258	1	1	1	1	1	1	1	1
SIGLEC14	1	38.1522826880791	1	21.315282664845	81.9676826071163	35.7244444653455	1	1	1	22.6023747812519	1	1	1	1
SIGLEC5	1	15.4259959006662	1	1	88.5464364745482	13.7062865115141	1	1	1	1	1	1	1	1
SIGLEC7	1	39.4213767318183	47.1717084068676	1	1	47.1678167663998	1	1	1	29.4831698263298	1	1	1	1
SIGLEC8	1	1	1	1	17.9104338294778	20.6311404238857	1	67.7613682126071	28.9065493615932	1	1	1	1	1
SIGLEC9	1	19.3275675556707	1	1	1	17.428681520604	1	1	1	1	1	1	1	1
SIL1	1	17.7031077740668	1	1	1	19.5509111006688	25.4198888721829	1	12.7626760360053	17.0979605180601	1	1	1	1
SIMC1	1	1	13.1630740877753	1	1	11.5824000954067	1	23.7770644863206	1	1	1	1	1	1
SINHCAF	25.042626741636	12.39087489904	21.7601626691515	41.8253081403801	1	1	1	13.7329310539178	28.3760364312201	13.7677456100999	1	1	1	1
SIPA1L3	1	13.3254788924552	13.8193660534449	23.7453937323115	1	1	1	1	19.1725217147632	1	1	1	1	1
SIRPA	1	261.073083757599	1	22.2586624446495	464.12600116989	395.725129702155	1	190.96267113341	33.6190882005566	319.4206904064	246.868132174277	1	292.711382995415	1
SIRPB1	1	62.081884654484	1	1	260.090350689386	40.1219434082997	1	78.4536323298507	1	1	1	1	1	1
SIRPB2	1	42.0373907968676	16.2553905590984	1	88.8252749977733	17.0824874823279	1	15.4845522837511	12.7907959162884	14.0650550552815	1	1	1	1
SIRPG	44.3952266571937	1	1	1	1	1	1	1	1	1	1	1	1	1
SIT1	48.2294201229405	1	1	40.0491920424554	1	1	1	1	1	1	1	1	1	1
SIVA1	65.805118643889	58.1664887250692	55.7029008411813	52.8615632771411	20.9882910408811	59.6923086463691	40.3678100975445	18.3538991937768	72.1323005693522	96.66912366491	1	209.564398479414	1	1
SKAP1	69.2841297662383	1	137.566719668388	1	1	1	1	29.1570644713932	25.6748175964615	1	1	1	1	1
SLA	322.735049319402	160.363913524075	343.593312980246	1	650.776219026183	164.995418454277	60.0149842893483	172.938413589881	21.6845304231488	77.9513508123223	1	1	1	1
SLA2	66.4142443756126	1	117.093782594774	1	1	1	1	38.230344854628	1	1	1	165.122808703927	1	1
SLAIN1	18.603327671389	1	1	1	1	1	1	1	1	1	1	1	1	1
SLAMF1	25.6486066776754	1	1	1	1	1	17.6785212363022	1	1	1	1	1	1	1
SLAMF7	35.6580133615555	44.9387257594763	193.072702860824	40.5515020321468	48.2160499494413	55.8604243784283	310.064212012023	52.7791190228903	26.1621724434082	80.4315431860006	1	312.832619930134	105.413461422392	302.088031097173
SLAMF8	1	26.1179414137374	1	1	1	157.794466860396	1	1	1	101.615444393281	111.047598745049	1	1	141.703138193774
SLBP	108.836016511708	49.8533713485181	65.9662279710775	182.334255652304	54.7987329990398	44.8551990184496	29.7409265163094	90.3297165662124	43.9966022445486	68.5846272945957	1	1	1	1
SLC11A1	15.0984027443157	292.403942218945	24.1316022797	17.1316734879714	745.752078188725	278.12230862739	1	197.250858390604	27.4521952896945	80.1774417048458	1	1	1	1
SLC12A7	26.8322828994595	85.0126519878499	51.7251151422052	15.7249457888342	1	75.5469998950753	1	51.2005716447944	99.3327184887976	81.8973941826977	114.292140051241	185.463253026324	1	1
SLC13A3	16.1264858699213	1	17.9901251526369	1	1	1	1	14.5517962410652	1	1	1	1	1	1
SLC13A5	1	16.0017833303761	18.2682221371591	1	38.5240845931608	1	1	1	1	1	1	1	1	1
SLC14A1	1	1	24.6166178155296	1	1	1	1	23.9233852987089	1	1	1	1	1	1
SLC15A3	1	162.344539548299	1	48.8250226111427	137.134934064344	345.837597045181	18.1884193384964	40.3363671942093	18.5793765910825	222.999197256031	1	1	303.602853296973	1
SLC15A4	19.2357511856319	41.0460639434855	116.161645736269	46.7619390298956	227.013707325121	35.1911724574971	15.801367935607	46.5722362516947	25.193365687943	36.9666644976823	1	793.236403872679	1	1
SLC16A10	24.6720260939914	169.764183787172	32.2747754114446	16.95793715312	40.8626715665081	347.90650969918	1	48.8166760132408	22.3181007163674	322.721855823405	1	1	1	1
SLC16A14	1	1	1	1	1	1	1	1	41.3577773420249	1	1	1	1	1
SLC16A6	1	32.3812522234549	27.7937224228961	1	19.700388596894	51.5477907396245	1	1	1	1	1	1	1	1
SLC17A9	1	1	1	15.2820203453156	1	16.0694031514803	62.2740863787256	1	1	14.9058726765006	1	1	1	1
SLC18A2	1	1	1	1	1	1	1	272.269624294119	401.469277626679	1	190.830824580257	1	1	1
SLC18B1	1	1	1	1	1	26.9233254097012	1	1	1	1	1	1	1	1
SLC19A1	1	21.5592242187735	1	1	80.4606398185578	16.0466785310635	1	1	1	11.2784571051952	1	1	1	1
SLC19A2	1	22.5044736412936	1	16.3036860800918	1	76.8349264157782	1	49.389587688067	54.1750388653735	32.814371792052	1	1	1	1
SLC1A3	1	1	1	1	1	99.1244681447818	1	1	1	24.7277077588271	1	1	1	1
SLC1A4	46.1797702274327	26.2115117454418	26.0787273238491	24.9887734722579	1	30.0457700203481	103.269151887264	38.125076072976	35.6101558256828	84.3921043023671	131.159001255358	253.843041172095	1	1
SLC1A5	91.7262212799145	50.3156829529146	33.1906471905986	40.4032429136401	1	42.7697195714296	100.908868153533	123.913868150368	134.754925533016	46.2413659690609	94.9822036680108	1	1	1
SLC1A7	1	1	20.0155415748326	1	1	1	1	1	1	1	1	1	1	1
SLC20A1	103.775188316766	98.5555400643477	171.450043997862	84.3594142896383	41.9203039503388	67.6743540471895	28.401766219121	120.145930710656	63.5115395745109	77.5268727544994	93.9789946373259	931.34127587877	445.334073671048	1
SLC22A4	1	1	1	1	27.609118128899	1	1	1	1	1	1	1	1	1
SLC22A9	1	1	1	1	23.8548386307431	1	1	22.5083326655078	1	1	1	1	1	1
SLC23A3	1	14.270204060442	1	15.2546550450008	18.0983604291671	1	20.748425123213	10.12168230744	1	1	1	1	1	1
SLC24A3	1	1	1	1	1	1	1	52.9822830148095	36.2823422718469	1	1	1	1	1
SLC24A4	1	51.8978664711944	1	1	1	1	1	1	1	1	1	1	1	1
SLC25A19	16.7835676147642	33.2288406992545	1	22.1294969592129	1	55.7239029581637	13.2941753688156	1	1	70.2528833219707	1	1	1	1
SLC25A20	19.2344653152763	28.6355561815828	83.9979642136697	1	1	25.3711847416414	1	1	12.0084032724938	13.083591421334	1	1	1	1
SLC25A23	1	1	1	1	1	1	22.1632945894989	1	19.513346159563	1	1	1	1	1
SLC25A28	27.9059388728304	33.4982591992093	30.6498539173489	35.4918695669579	17.9388260535946	26.817750284554	17.2189184054978	19.537373297643	30.4237976911911	38.8948552088777	1	160.916460531388	1	1
SLC25A37	41.85418413018	190.632418904294	71.4167261610651	55.2028149507145	1906.48810259159	62.3424577112958	1	147.218049647569	53.4913458936731	80.9173599799386	1	1	1	1
SLC25A4	1	1	17.8804535296814	23.3536645035833	1	1	21.96937095992	1	23.4072337761266	1	1	1	1	1
SLC25A5	188.074189524979	281.188737879194	212.423861710708	155.816844369154	30.0698036553678	242.123470771569	91.2351730268294	148.654284031102	375.647511747553	296.693701141411	396.158228355041	313.169717523791	1	536.440813132599
SLC25A53	1	1	28.6906558607941	1	1	1	1	12.9398394467801	1	1	1	1	1	1
SLC26A2	23.3856714326713	39.4925177541534	49.6337352278792	26.3440807163067	17.4415993590424	36.3269384627803	1	216.087295637532	194.98895303372	30.3722101956039	1	1	1	1
SLC27A1	1	40.8353470658284	32.8697048342003	1	27.8359887965949	65.3785137136256	1	19.7454253877768	12.5512332639293	27.5347682752263	1	1	1	1
SLC27A2	1	1	1	1	1	1	1	22.9061970569431	52.8238421792628	1	1	1	1	1
SLC29A1	1	18.4192030186344	1	1	1	107.189062350785	17.1353994395729	20.4671323143851	38.2430442218458	33.4107492224646	1	1	1	1
SLC29A3	1	11.9741487482665	1	1	1	63.0499684110977	1	1	1	11.3122996771824	1	1	1	1
SLC2A1	38.4793944117225	34.8408334751206	57.6026092017258	39.6082284728002	1	63.2753492025045	12.5300109301182	42.9811815317742	442.54323658827	85.4805238945334	1	1	1	162.06058326843
SLC2A11	71.0115992606345	66.621417602532	94.5990505538987	60.758063308475	91.3835001230417	47.1392461059609	26.7482234951755	61.6438479936723	47.4926398952019	44.353999879213	1	193.903410794697	1	1
SLC2A4RG	34.6893705258034	16.1907744992107	37.6884261946787	1	1	13.0585723370951	1	1	25.2457047936071	12.4761410434258	1	1	1	1
SLC2A5	1	1	1	1	1	23.3953685629443	21.5623750444615	1	1	1	1	1	1	1
SLC2A6	1	49.6587272306356	1	1	1	20.5055050023438	1	19.4726010068191	26.4855949895026	22.8428255015719	1	1	1	1
SLC2A8	1	1	1	1	1	24.1117035011021	1	1	22.9786307067386	1	1	1	1	1
SLC31A2	1	87.192700565268	1	1	97.5771378225621	98.9635702975764	1	17.2134965339491	1	65.7879933254213	1	1	1	1
SLC34A2	1	78.0678549656155	1	1	1	1	1	1	86.7150433485368	1	1	1	1	1
SLC35C1	1	12.3100071988103	14.4323785488049	1	1	13.384419791428	14.3748806185719	1	1	1	1	1	1	1
SLC35D1	28.7551798348637	1	18.437656411069	31.7964410057589	1	1	1	43.9578602262288	19.2693465738556	1	1	1	1	1
SLC35E1	81.5755870057809	88.2528688533881	70.0381926978519	56.9948724406013	158.446343614594	60.9255502414909	45.8674973906833	82.4849099466987	82.4884119658241	69.0985188931031	1	158.35635333796	1	1
SLC35F2	19.1939816699058	1	1	17.6295297121462	1	1	39.3229224192633	1	15.8370236724446	21.7313871565753	1	1	1	1
SLC35F6	15.339569969	27.0847351807921	33.607536566921	1	1	85.9651946862742	1	1	16.587301113544	19.9953912587212	1	1	1	1
SLC35G1	1	1	1	1	1	1	1	1	38.3918185215827	1	1	1	1	1
SLC36A1	1	26.7139837326644	1	1	25.4715441417881	72.4503303452852	1	29.9783284179952	20.0810689289012	25.6016964653534	1	1	1	1
SLC37A2	1	27.6925316642262	1	1	1	76.7823363965718	1	1	1	44.1065842157234	1	1	1	1
SLC38A1	371.447555670852	23.6999836876549	346.224672235437	225.800350422908	1	1	73.5662436933083	123.501466209315	89.187040175941	81.3882293303499	272.086913071553	353.724607394996	1	1
SLC38A5	1	1	17.8442776388986	1	1	1	27.8124809667147	1	1	1	1	1	1	1
SLC38A6	1	14.6951425058363	1	1	1	58.5585291191322	1	1	14.931465911657	19.8049933266496	1	1	1	1
SLC38A7	1	24.0466653306321	24.3194198976358	1	1	61.9441833387021	161.578763565191	27.3358342475375	12.7192342718039	11.1216794331557	1	1	1	1
SLC39A10	16.0140601183096	20.9047557130855	29.7012640739496	1	1	30.1634531211702	1	88.8392377900629	28.9367423362715	33.7295431178972	1	1	1	1
SLC39A11	1	31.834533985729	17.9765550032382	1	1	71.0787842545046	13.2067633630467	28.1477217088385	38.8680332406684	30.495743407468	1	1	1	1
SLC39A14	14.8298424437698	1	1	1	1	1	24.2897905047818	36.7510149816282	43.6813878959131	20.2153335341128	1	1	1	1
SLC39A3	16.7520996107185	25.0728666870574	25.6467249261042	67.1492089726558	1	33.0278796856855	1	23.7451960556538	31.9078394290928	25.0891963144772	1	1	1	1
SLC39A8	51.7983130644491	49.6880573290744	21.0601834764459	1	1	57.1005121882152	55.9083359813356	39.5470438015659	42.1863675622743	115.609976637677	1	1	1	1
SLC3A2	102.662586449847	102.078058541467	55.5880497412226	64.8004334588979	75.2545564267043	171.766277190041	131.288402795257	237.346179923729	211.404311634	142.495602236654	1	201.885182091585	1	1
SLC40A1	1	37.4392266421726	1	1	113.530323297771	150.83573307261	1	1	1	17.7020347961403	1	1	1	1
SLC41A1	21.1454946776	1	20.8906018860495	15.8409320186042	1	1	1	1	12.854764622707	1	1	1	1	1
SLC43A2	19.9232207289684	200.463166064378	35.7046427021572	30.1313163317786	215.393434753827	155.47801325117	18.1227550056907	67.4057170409426	29.9843990736662	128.033729648611	119.822600225896	1	1	1
SLC43A3	17.6361964379768	77.1739087120238	13.8591305471864	1	1	134.415902471611	1	115.760399839232	48.6202807777532	123.565044358775	1	1	1	1
SLC44A1	34.0759950944619	100.528812002392	24.9253865210055	29.6503105100339	24.0593983517266	74.0473590218465	115.871858374025	180.467421879571	184.783586093716	93.2033238129296	1	1	195.816209132802	1
SLC44A2	102.935520293174	76.3673965553727	229.786423904227	166.645821362027	389.560352220569	31.4759824317561	28.9318328610636	143.028386325446	54.1463834856259	55.9331938529588	1	280.286300588978	1	1
SLC45A3	1	1	1	1	1	1	1	63.0621657573094	77.7747321943071	1	1	1	1	1
SLC45A4	1	14.4984457972589	1	1	128.004025612102	23.0491212204749	1	36.1270325400574	21.4573371399251	15.1167932781594	1	1	1	1
SLC46A1	1	1	1	1	1	22.3218898280456	1	1	1	1	1	1	1	1
SLC46A2	1	17.6168058703915	1	1	1	1	1	1	1	1	1	1	1	1
SLC5A12	1	14.9012720628549	19.4774884754948	1	41.8479918631819	1	1	1	1	1	1	1	1	1
SLC5A6	1	1	1	19.7689052920978	1	11.8184349463125	1	1	1	15.2398482762467	1	1	1	1
SLC5A8	1	1	1	1	1	1	1	16.0494162468638	1	1	1	1	1	1
SLC6A14	1	1	1	1	1	1	1	16.630966290708	48.2029418835444	1	1	1	1	1
SLC6A8	1	1	1	1	1	16.8484028465311	1	1	101.104151635009	18.4881449597613	1	1	1	1
SLC6A9	1	1	1	1	1	1	14.5441412065783	1	26.012425274651	1	1	1	1	1
SLC7A1	43.4754438079202	25.4100676430569	39.0294066629249	31.8758034933278	1	20.2786765795983	60.2226430886549	32.2730118157516	57.0982206292069	58.2381227838891	1	129.314447583947	1	1
SLC7A11	1	25.2211187671616	1	1	25.4315294438539	24.4317705559321	16.0365526888266	31.1683216690222	140.32049139412	47.9554634748022	1	177.171191714156	90.6618225932509	1
SLC7A2	1	1	1	1	1	1	1	1	95.3954854144703	1	1	1	1	1
SLC7A5	255.889271499118	143.972941978988	78.7691022998251	48.2017329202049	49.9052573865459	110.085611372511	204.917515800107	275.988735262715	213.285278419701	258.34618684915	209.089958843328	2076.69999922485	1	1
SLC7A6	25.7689011463936	1	17.8765037233915	18.6717030152851	1	1	1	1	1	1	1	1	1	1
SLC7A7	1	191.896026653613	1	24.001128486628	31.9866259969317	207.711635031525	32.1883707775539	15.0765473244589	1	113.658895969958	1	1	1	1
SLC7A8	1	1	1	1	1	84.2048000572409	1	21.3804059390407	73.5781053486626	1	1	1	1	1
SLC8A1	1	64.0633164125859	1	1	44.0226298417425	68.5604567876162	1	1	1	103.255010699382	194.295396549842	1	1	1
SLC8A3	1	1	1	1	1	1	1	26.0404647897371	1	1	1	1	1	1
SLC8B1	20.8261162710664	40.2015608778756	11.9139780437907	1	17.1170573925981	68.3079371417896	1	1	14.5398191736485	42.842634266362	1	1	1	1
SLC9A7	1	16.6974943625043	16.1294849501136	47.1399070912112	1	19.6682016995878	1	37.6722368717816	12.9920547781817	34.1173622816833	1	165.187840128617	1	1
SLC9A8	1	15.8448507884126	23.6200586096379	1	36.5565916058706	11.5835309135656	29.7911486438796	14.7721385628787	1	1	1	1	1	1
SLC9A9	16.0338773973623	14.3235624387193	1	1	1	17.4507638561361	1	1	1	1	1	1	1	1
SLC9B2	1	1	1	14.593566704269	1	1	1	1	1	1	1	1	1	1
SLCO2B1	1	48.8120668988395	1	1	1	611.82025408286	1	58.3906357790225	15.4623194611675	191.455409758421	157.336521875887	1	1	1
SLCO3A1	43.8937548634248	138.849859726854	127.132223229351	1	231.215124756238	40.1173449213964	1	42.2839182858986	71.1103051416502	47.0174680280534	1	1	1	1
SLCO4A1	1	1	1	24.2476905406053	1	1	1	36.0551354327617	1	1	1	1	1	1
SLCO4C1	1	1	62.5951192597187	1	21.2498852520141	1	1	1	1	1	1	1	1	1
SLCO5A1	1	1	1	1	1	1	1	1	1	1	1	1	229.742403580956	1
SLF1	29.359310355836	1	14.6053675473275	1	24.9916728046837	1	1	25.5587800677081	22.0488250244616	1	1	1	1	1
SLFN11	79.7576492599912	78.8148043873942	20.7723626051651	53.2472008748426	1	92.1296274180309	43.4740956306387	62.9559073075419	36.169283343044	66.6387980664473	1	245.149867566195	1	1
SLFN5	165.551809474226	50.4977583252925	375.238594091345	1	27.4429143133707	56.1164459346502	1	115.020180200393	82.4123119607996	50.8510955003096	1	1	1	1
SLITRK4	1	14.5522594897304	1	1	1	1	1	1	1	1	1	1	1	1
SLPI	1	94.2759599176249	1	1	99.9579239249227	1	1	40.0223229294894	34.1988090356813	59.7129116970251	1	1	1	1
SMAD1	1	17.8418476722307	1	1	1	1	1	23.5849811238327	25.454863099663	1	1	1	1	1
SMAD7	69.7381636022436	1	42.0987460094775	37.3554046551461	1	15.3947525829012	1	46.6521861117961	13.3455971374052	21.2131941175361	1	1	1	1
SMARCA1	1	1	1	1	1	1	1	1	35.0138643272246	1	1	1	1	1
SMARCA5	150.377396416349	65.9375894841433	89.7621413553282	107.921587310919	39.3182971636179	62.6941905439224	29.5894643700647	77.9131180047266	67.503777953633	81.8388963956697	135.227619324496	1	1	1
SMARCD2	79.5905116065799	83.5599701721857	109.160699315071	65.5842465865964	69.6064603266468	65.6033409094416	24.6088600711573	30.1457533160741	83.1169534697205	74.92829218201	154.796104753303	1	1	1
SMARCD3	1	41.7471907294903	1	1	1	1	1	1	1	1	1	1	1	1
SMCHD1	357.886348897919	105.216010657892	158.853808077155	360.929489784431	735.473750502867	44.1188738831163	92.0856154964601	239.717986647725	53.4425120719675	59.282735593842	1	196.902870928927	1	1
SMCO4	1	57.2396588907199	1	1	1	41.7896690158464	1	1	15.0804075500076	39.0789829481579	141.735073252477	1	1	1
SMG7-AS1	1	18.2562588842832	1	1	30.5112034851174	1	1	1	1	1	1	1	1	1
SMIM22	1	1	1	1	1	1	1	1	36.8822148727952	1	1	1	1	1
SMIM25	1	125.678156788295	14.5247233987861	1	523.661728671884	166.649779333603	1	200.732628854312	20.0529051251787	55.0270451050542	1	1	1	1
SMIM26	61.9584451616924	61.130925324463	61.7308321962067	73.1661262542045	45.1019219459268	42.3969844728203	45.383455520465	61.0636333443388	84.9958940554796	64.534032298396	110.105007106592	1	1	1
SMIM3	15.3126981403824	46.2435575700544	1	1	1	92.7387306795751	1	20.8311881410648	46.7720508198842	65.0258208875676	1	199.589317416786	1	1
SMIM36	1	1	1	1	1	1	1	18.9929053390371	1	1	1	1	1	1
SMOX	1	1	1	1	1	26.2159463072229	45.9522106767755	1	14.5662350537125	22.4561836349684	1	1	1	1
SMPD1	1	1	37.4938564354819	1	1	19.6431973667658	1	1	11.5621671031878	13.007955477041	1	1	1	1
SMPD3	1	1	1	1	1	1	1	1	1	1	1	294.086110379803	1	1
SMPDL3A	1	24.4797244374053	1	1	1	87.3748684905483	1	1	1	1	1	1	1	1
SMPDL3B	1	1	1	1	1	1	50.4506923849717	1	39.2918503758309	1	1	1	1	1
SMTN	1	14.8859399611129	1	1	17.8934758740596	1	1	30.3430377466068	21.1449451175975	1	1	1	1	1
SMYD3	1	1	20.1197543399219	1	1	1	1	31.9952186463043	52.9644353326079	1	1	1	1	1
SMYD5	1	1	1	14.979726335448	1	1	1	1	1	1	1	1	1	1
SNAI1	1	61.5507760455599	1	1	1	43.2913676024702	1	26.2354867011693	1	147.244713634056	135.079396621335	1	1	1
SNAI2	1	1	1	1	1	1	1	1	38.7440848605059	1	1	1	1	1
SNAI3	14.8589118168463	1	16.3817507556692	1	1	1	1	1	1	1	1	1	1	1
SNAP23	54.2560504952557	116.709065307701	81.0407845294863	79.1090175729578	191.006180473488	73.8766862390644	20.8246573224731	64.8416139101414	87.2298140943713	106.330959221533	173.667233314188	1	1	1
SNAP29	69.0768048008701	117.374619994648	126.462651172711	60.1784597683863	168.02924812282	98.052417078501	36.3522923158795	103.75765045982	125.957400626031	81.4149037314742	106.176591336374	210.771690277293	1	1
SNAP47	18.0452254274309	1	15.4490280886929	1	1	1	19.0754009175448	1	17.0967330772598	1	1	1	1	1
SNCA	1	15.7113295216774	1	1	1	22.8855512987609	1	1	1	25.2403342591501	1	1	1	1
SND1	78.4527209895023	115.036689672489	92.4662977705507	109.778695977927	1	157.040111169097	166.047488158677	50.2717578951979	123.228263920325	156.345475845943	212.206405733601	328.596397926609	125.544005002796	127.887642169517
SNHG1	154.758845814021	40.79319044235	53.6866318351457	151.050616565402	1	35.2628707430947	40.7522220489175	88.6194285311312	60.4067667896856	46.0774757034419	1	1	1	1
SNHG11	1	1	1	1	1	1	1	1	16.50335793768	20.1805538853646	1	1	1	1
SNHG19	19.8806975938975	1	1	1	1	1	1	1	76.6618847193137	1	1	1	1	1
SNHG25	17.6257413570016	1	1	1	1	1	1	1	1	1	1	1	1	1
SNHG7	69.1508844660986	53.5583249167336	52.1495752913432	79.1160034679162	38.9438684188174	37.8583294004922	23.869098042897	100.989344712115	49.3462328446415	43.0450885630939	1	145.020235415137	1	1
SNHG9	16.4030064124001	1	13.9696645376522	1	1	1	14.0741738535456	1	12.6349858640578	1	1	1	1	1
SNN	22.9853811713973	76.1192318927112	1	109.527817046942	136.370727230435	47.3021622679505	1	108.277399854042	30.7627600453829	45.2899770222589	1	1	154.953267298869	1
SNORD13E	17.2072693979577	1	1	32.12098826826	1	1	1	15.1587726487569	15.892882815465	1	1	1	1	1
SNRPD1	76.3339048974558	78.4883317274205	102.460291328841	58.2244464263969	34.3914190353485	67.1991299724174	43.1873612959607	47.2572785824404	161.763189790024	115.575621022647	1	1	1	150.712655864214
SNRPD2	238.155295004723	117.540420052182	176.917794335261	185.244251141303	1	99.8573491654512	70.2828020121486	101.079651440361	172.370316889825	128.282838036152	198.110293506591	191.431438020164	1	270.403193145285
SNRPE	65.1229064139499	70.0805578588376	68.1282090965223	51.9917254899736	1	53.0563506713611	28.0843722526925	29.2607345386793	110.426090490637	87.6655745742852	1	165.114715758134	1	1
SNRPN	157.035761062333	36.6724283312176	95.3570033939193	103.840267246558	1	54.9285771335077	119.381316905455	108.18166926612	51.1775438142958	55.2581420674847	1	298.678377152803	1	1
SNTA1	1	1	1	16.946684577205	1	1	1	1	1	1	1	1	1	1
SNTB1	17.0162439304734	32.6165574640874	36.1768750734831	1	1	90.360347511177	1	38.6555963417508	34.0812617781996	18.0587274784931	1	1	1	1
SNX10	20.4381645807645	134.264811474095	46.7737144992013	58.0159285512907	290.89208635816	158.89414282235	1	54.0731094384537	16.0080781392396	119.060161353741	1	1	1	1
SNX18	1	64.3651892008496	72.7168130638193	1	85.0347337174967	46.0625384726	1	1	22.4465716081911	26.8763449842092	1	1	1	1
SNX2	46.568728338295	108.52547917773	43.1177817008125	185.516302831106	33.9289860617391	144.158116368896	19.5041736264473	94.6189333741296	48.1921309136821	88.2372086290897	1	1	192.082426032687	1
SNX20	43.1783272611982	73.5639955598437	82.1905485787544	1	79.8692214599175	30.7831309655231	1	76.1549920799295	1	51.1123836602003	118.933319861964	1	1	1
SNX22	1	1	1	36.3077074409184	23.126877046696	1	1	1	1	1	1	1	1	1
SNX24	1	17.0424875930611	16.2611055405444	1	1	57.4061880430473	1	1	34.1091533687814	14.3561897104022	1	1	1	1
SNX25	1	1	1	15.3014467626483	1	1	1	16.3385165406405	1	1	1	1	1	1
SNX3	52.4749359230202	120.059014251337	63.5431440114009	106.800662903877	73.0988990839062	149.420784085144	51.8180729585382	75.5847488199478	76.3783955944062	119.546432840638	221.690089829151	167.812587783086	1	1175.75381041788
SNX5	69.4242556655467	87.4852394656516	76.0254917744691	101.440274393313	1	157.97472511361	42.3698324877106	100.552288722157	92.6608087213031	106.252148290877	146.510524151199	1	1	1
SNX8	1	22.3848085036747	1	54.8115138760625	1	51.0696574795667	1	27.6403300102391	18.6107590828464	64.3161835746534	120.557640168231	1	1	1
SNX9	114.919785418869	59.8275277784927	20.9027219820933	127.733822433232	1	110.802031902838	18.7106013092194	72.823216231387	61.5454795033905	121.155692833195	141.663669576552	337.58125605122	95.9453306256776	77.1397362534713
SOCS1	95.075209867803	1	38.1026179453017	15.2601041245355	1	15.4289295156965	18.3452647067183	95.2071205778846	51.0256331404066	17.0637123569142	1	1	153.845336394991	1
SOCS2	1	1	27.348722116297	1	1	1	1	30.1866098246425	31.2408660560595	1	1	1	1	1
SOCS2-AS1	1	14.6115609791981	22.2763153773029	1	38.3044314455375	1	1	1	1	1	1	1	1	1
SOCS5	1	1	1	1	1	1	1	20.6698410090304	18.8843902505917	1	1	1	1	1
SORBS1	1	1	1	1	1	1	1	20.0142715071904	1	1	1	1	1	1
SORBS3	1	1	1	1	1	30.6679026407094	1	1	11.8736085873425	17.5943186351781	1	1	1	1
SORT1	1	222.308529543316	1	1	63.5919352417408	219.697274957709	1	50.7801933846163	105.823064011471	238.246831959535	265.868180698122	1	1	1
SOSTDC1	1	1	1	1	1	1	1	1	53.740556515946	1	1	1	1	1
SOWAHC	1	20.9847453649339	1	1	1	18.0945853662569	1	1	59.1063023606105	1	1	1	1	1
SOX12	1	1	1	1	1	1	1	18.9919477328006	1	1	1	1	1	1
SOX2	1	1	1	1	1	1	1	1	197.485146867467	1	1	1	1	1
SOX4	24.9864674222602	106.321457622555	1	1	1	47.2286464425825	1	90.8671859703591	318.175607451629	105.393271339842	1	1779.87627942151	1	1
SOX6	1	20.3515665088379	13.2328695637968	1	76.8768306206359	1	1	20.7214072974392	28.1907862949926	1	1	1	1	1
SOX9	1	1	1	1	1	1	1	1	41.5792784048121	1	1	1	1	1
SP110	84.2099214205109	97.7948303888969	127.772695270943	186.595810758719	326.415947078695	43.1269592755453	13.508181380053	109.11795625121	17.0205990253757	59.4798156519959	1	1	1	1
SP140	33.3953818850629	1	33.8051959945488	75.5211230687923	30.2062184643879	1	17.3622872281319	19.5926261635959	1	1	1	1	1	1
SP4	43.2451967572785	1	72.2713569228432	45.4606685722266	1	1	1	24.218522975434	15.6343242318937	1	1	1	1	1
SPAG4	1	1	1	1	1	1	48.6464094072729	1	1	1	1	1	1	1
SPAG7	45.6618160328978	87.9697358329892	84.1981507202939	47.0503224153823	61.2584794449201	83.8931748021187	33.4773115770727	38.8536089998852	76.6852521397885	75.8525543872258	1	1	225.508346994384	1
SPAG9	55.3748292789786	92.0058710009047	66.4097836166122	46.6734525868116	214.122785631477	87.6653844246946	37.8717684400842	129.726024664735	70.5241367969922	114.261091777704	148.222571504516	1	1	1
SPARC	1	1	1	1	1	174.139376597175	1	279.347787021087	188.979901145563	185.973839451752	1	1	1	1
SPARCL1	1	1	1	1	1	1	1	70.7011462801153	30.6965759077061	136.346269044516	1	1	1	1
SPATA13	91.3686579073569	67.1425288484553	209.382356737703	18.9249952702352	105.268578565907	49.7903656957131	1	56.8427447447122	34.5660374796067	37.7639693990818	1	1	1	1
SPATA20	1	12.9689391254799	1	1	1	18.4825679773752	1	48.899743848361	44.5259800074548	15.8634780942485	1	1	1	1
SPATA2L	1	12.3985613106917	1	15.291763565682	1	1	1	30.950956004006	1	1	1	1	1	1
SPATA5	20.9300060277384	1	22.0598469483073	1	1	1	1	1	13.1384416919613	1	1	1	1	1
SPATS2L	24.0628361729167	39.0968483911613	1	1	1	73.1701192729005	1	50.3580235420358	90.4012205255367	103.882934319302	1	1	1	1
SPCS1	145.018894658398	129.258840088523	156.452586453298	115.008052286119	89.1013657063261	113.807822998957	387.068609448501	95.8941774221998	125.685646240256	134.336891262189	193.16004467316	623.205658675789	74.8559126956151	160.514967421685
SPCS2	129.291262243144	120.97215189422	181.816342201847	113.945984231428	53.4524449031167	161.005103061892	530.301130765194	114.960175055718	287.179927258739	190.807891172107	211.650679960223	184.528288355733	1	1
SPECC1	21.2824106101035	42.4077190153418	45.5427947984422	20.3950396320414	32.0728080061357	27.0313585704751	1	29.5773671082192	32.4265844817679	45.0917117147339	1	1	103.547284816225	1
SPG11	38.8999358134676	50.5073809268378	77.7414317608376	50.7856156197943	74.2430231834075	28.9623821579829	13.617033350055	23.2106773119614	31.4875970449321	28.3763096086268	1	1	253.420537821364	1
SPI1	1	74.6113351667545	1	1	259.271940528841	39.9924606271211	1	1	1	31.8240511201084	1	1	1	1
SPIB	25.4135396369834	49.9643678869419	28.3444424548751	160.76395756412	103.43008307454	25.6698497036498	1	58.3991931522005	19.3558139247998	66.4592927581201	190.204752959863	976.402764538741	388.176802431468	358.515098103448
SPINK1	1	198.310832635717	1	1	33.5760403519691	1	1	1	1	106.195033296238	1	1	1	1
SPINT1	1	57.1235259798112	1	1	1	30.8154767529536	1	1	82.6356571703912	65.7797626013437	1	1	1	1
SPN	157.528606970933	105.514801434643	522.071408189921	25.0488677518067	41.2614494043401	73.9503731941526	15.4720389149037	54.2356739354797	32.3279581132303	106.974010329747	210.388307020969	505.132705106812	1	142.904431603619
SPOCD1	1	1	14.9182469099389	1	1	19.2892919972863	1	1	1	1	1	1	1	1
SPOCK2	784.353544750191	1	322.280943192358	124.091030600083	1	17.3103353756744	1	125.428619682704	1	53.5653646622492	1	1	1	1
SPON2	24.1932970413712	16.0370756840463	939.306290287062	1	1	1	1	21.344926686086	1	20.4418191241114	1	1	1	1
SPOP	89.2638963546644	93.3046590175564	134.844621993641	105.424827803523	121.943184367926	77.5801290706205	70.1203961022521	68.1328074906096	79.1190692384845	75.6592024026659	1	162.289832010786	1	1
SPP1	1	152.068639720388	1	1	1	3299.88230198852	1	312.722093440762	220.349064304027	2884.37374025136	1	1	1	1
SPPL2A	48.5823360083428	76.0235057713174	97.4637582958341	44.2617069524201	87.7594837930539	101.373985720823	23.0934884152214	49.8450332061239	54.8328847329387	89.0348365002998	1	1	157.246329983864	1
SPPL3	42.0246848594025	46.5861003075888	59.1275339223911	40.343281856636	62.6437662460121	43.067397725685	19.5064297341218	53.7677659105231	50.5549778473049	37.0879283157541	1	1	158.519728363226	1
SPR	1	1	1	1	1	15.0421969320261	1	1	1	1	1	1	1	1
SPRED1	1	31.7833727658523	1	1	1	72.1122496067657	1	25.3119903955083	47.0918777505672	79.2340084959338	1	1	1	1
SPRED2	1	13.4381406314798	1	1	1	13.0345337490565	1	1	22.3295674368388	27.8205720575964	1	1	109.78129772953	1
SPRR1B	1	1	1	1	1	1	1	1	1	61.693585129756	1	1	1	1
SPRY1	43.9074509795421	1	20.2445284604098	1	1	16.2704255714642	1	25.5885572520693	19.9933507033405	26.1211955732265	1	1	1	1
SPRY2	1	1	1	1	1	1	1	1	33.5700657125355	1	1	1	1	1
SPRY4	1	1	1	1	1	1	1	21.0018215246791	54.0275055437346	1	1	1	1	1
SPRY4-IT1	1	1	1	1	1	1	1	1	29.7184122651135	1	1	1	1	1
SPSB1	16.1533391447961	1	1	1	1	16.7288669345043	14.7286749172104	38.5231699612735	89.9530855330637	14.9716155554192	1	1	1	1
SPTA1	1	1	1	1	1	1	27.8610756619576	1	1	1	1	1	1	1
SPTSSA	24.7960682422995	70.1762137730616	24.1137090391956	1	1	49.8253283774302	42.2396412910661	66.753989504138	354.293070393958	47.2012402674896	1	1	1	1
SPTY2D1	89.1272364922612	50.9197260928441	55.1280814950982	57.621329085095	62.9014277583871	40.3348550695564	37.3272200443012	89.0989745295766	63.2503185769386	55.48394505317	155.60608980688	190.295360539265	1	1
SQLE	1	14.4132389655474	13.9432598722467	1	1	1	1	23.9968347999308	82.3278390464478	23.9947960815435	1	1	1	1
SRC	1	36.2669125141852	1	1	1	28.7580138871536	1	1	15.4927969095462	36.8393038705257	1	1	1	1
SRD5A3	1	28.0470375317258	1	1	1	27.1667470781949	18.9639001437318	1	21.2111725233326	40.7445601624124	1	1	1	1
SRGAP2C	1	14.6987162070656	1	1	1	1	1	1	1	1	1	1	1	1
SRI	89.2194592617306	98.0699776235477	111.055290986458	74.2372172210669	42.6729257265145	85.3355085788655	42.3402512880748	76.4315748540805	124.55333049518	88.051380420605	120.128249902959	1	247.202520078145	1
SRM	48.7986577579963	41.6076043086555	48.0099751492952	44.9881153691069	1	61.430089017321	190.283900195263	20.8223806177954	55.8545703599421	82.4974580449218	1	1	1	1
SRP19	52.3947753188249	38.2114281458213	65.5750250906461	47.3104711663688	23.0497932520566	42.6872360600416	52.6644676161351	78.983467239591	84.7018312835628	46.04799486688	1	1	1	94.1232340167069
SRP72	91.4991405673627	115.884853760378	146.71636028751	87.8956105502463	1	112.120888487057	103.586039678935	84.201283602853	114.971310531216	122.624674404644	169.991627258173	120.804022340389	290.483437889237	1
SRPRA	132.129463483888	99.0944331580821	128.592607238438	97.5623546681575	55.5713815783386	85.0136749158889	272.2409370854	75.4037359703425	115.220884786183	104.263791388748	1	261.659630727138	1	190.285202015403
SRPRB	28.3669393602891	18.4595443976816	29.031743184165	31.7095509670281	1	33.3104178861337	108.109507761065	15.7643121237703	51.2801978426158	22.2182897468676	1	1	1	1
SRRM2	105.922729861843	119.902660087303	151.050855639274	136.024232813455	88.7985102255131	114.699388797912	71.6246941938585	137.816960031572	103.050609103432	93.6148083384963	109.512642217291	187.799139295091	352.49144353578	1
SRSF10	97.6469201165156	96.973056071973	137.245731761351	144.802956474292	56.5834398651594	65.6840001600032	32.1787786053166	122.822880664146	83.8278257848347	93.8686835814249	1	120.28986702116	1	1
SRSF11	135.945157777032	132.180660220933	231.162696568037	136.132622262759	63.7782665218798	89.9123304391641	56.2263025233104	230.048951759524	116.762526989604	112.745731047887	1	189.44025087307	251.599171587722	1
SRSF7	263.505541116739	125.681798621957	147.476849121548	224.778690385362	18.4253781211146	100.310225956924	63.4190054655567	421.141923671546	248.233022398421	149.506273982333	161.382917943935	522.737441296086	1	221.720763868762
SSB	89.5602284656216	67.3373005509251	86.8906952231895	75.1731594721984	1	81.4954752335381	22.1036474551443	86.4267905300979	94.0434718940975	69.4228546606662	1	1	1	148.315943087145
SSBP3	32.9115356032673	39.4736204037679	197.531653482036	22.6773059451543	1	28.7625761309179	22.6931804807033	57.8635670991076	54.7483463441242	27.7192193619925	1	1	1	1
SSBP4	25.9042438484517	26.3143944881445	60.3338744184875	1	1	19.5464075563706	1	1	12.7583820164847	25.2717321585032	1	1	1	1
SSH1	53.0030139226873	60.9549085392737	86.6267557506026	30.6514651772623	85.5064417748111	53.9719245774175	17.0402414537091	37.6861782005489	64.2191350554093	56.647552179597	1	1	130.712666797797	1
SSPN	1	1	1	96.7662227881977	1	1	44.9538874640472	1	1	12.9734920129878	1	1	1	1
SSR3	92.9769697459118	135.235263504381	63.6064548036998	59.8655431084232	27.9954600148673	195.452451711319	470.046432990416	81.6102927590459	209.528539008556	166.318789595219	146.288131704697	330.508517143944	1	141.992593953358
SSR4	113.985392498755	109.725236063748	115.936674898077	64.7264252801771	30.068753147489	102.658268448762	1702.41351831102	104.502883280527	187.261818499554	88.6608890947083	1	376.074076364582	1	163.853499317409
SSRP1	63.42215279208	53.0883575036441	70.0876022911394	46.7609001091847	1	58.567521824557	35.78797183265	42.5087429384486	106.465369601283	79.0438285928343	1	1	1	177.284180951417
SSSCA1	1	11.1888287010185	19.6125055918186	14.8749405155474	1	1	25.9545268310003	1	26.6903545184175	11.6601605814239	1	1	1	1
SSX2IP	1	1	25.7931290852114	1	1	1	1	1	22.1933928623752	1	1	1	1	1
ST14	1	70.256145252662	1	38.2119141177557	1	144.6599667762	1	32.9879945502544	103.621830376335	172.086983308308	157.293229104429	124.880990610022	1	1
ST20	1	1	1	1	71.8742702996912	1	1	11.8362469593682	1	1	1	1	1	1
ST3GAL2	29.1245103941035	42.2354529908111	59.117477752732	24.4661725846951	98.5097132644312	27.5712371109399	14.2154184194867	20.5714188197308	23.0257493428564	24.0362150340819	1	1	135.744449548784	1
ST3GAL6	1	37.6052020191339	17.1591207464955	1	94.2417397004649	28.8831198212293	1	36.9374869976699	1	25.2776510527815	1	1	1	1
ST6GAL1	77.378337808629	33.2122530345815	108.764022256071	360.849070882232	1	26.2891103086836	339.798793151407	37.6902892908629	15.3415545017416	44.6964555491367	1	1	1	1
ST6GALNAC1	1	1	1	1	1	1	1	1	42.2127070012425	1	1	1	1	1
ST6GALNAC2	1	1	1	1	47.411827480323	1	1	1	22.9904592227406	1	1	1	1	1
ST6GALNAC4	1	1	1	1	1	13.7275096785061	69.8760627386152	1	19.8882410098496	18.5663606526438	1	1	1	1
ST8SIA1	30.8082076108155	1	1	1	1	1	1	22.9439229718387	1	1	1	1	1	1
ST8SIA4	34.1369921938755	69.8695857205923	54.5038172035051	33.9595873388327	180.818073245119	48.627165037638	33.7449603649516	32.7564091031953	21.1571555022918	53.1260270784423	1	1	211.442866677029	130.974619724158
STAB1	1	70.569879035261	1	1	1	132.193840000037	1	15.586088428783	1	63.823255577124	1	1	1	1
STAG3	27.0555591617168	14.3764334820354	38.2980437954783	106.250636219677	1	11.8638085279371	1	1	12.7774191303421	13.5179639449431	1	195.95715429649	1	1
STAP1	1	1	1	95.4722296762536	1	1	44.6588335626421	57.5332619006258	1	1	1	254.003849897558	1	1
STARD13	1	1	1	1	1	20.1433542731767	1	1	1	1	1	1	1	1
STARD5	1	1	1	1	1	1	36.8570555422214	1	1	1	1	1	1	1
STARD7	108.831837347975	94.6537095341735	112.890346454798	64.3335174383624	1	85.1487474214653	97.5297849767677	85.5058164627583	111.004031067201	105.515292851375	143.989397108478	1	223.042669906901	149.23287662965
STARD8	1	21.2397759640091	1	1	1	21.260024036378	1	1	1	41.9243960892477	1	1	1	1
STAT4	87.6939867026903	1	116.335049987459	1	1	1	1	90.8606277024442	1	1	1	1	1	1
STAT5A	83.4985976149486	69.9553319211198	58.3878471420641	30.9857330498823	73.9494666146137	75.9488515348454	1	53.0599411062261	21.6946146001495	58.9594686534845	1	1	331.17451501048	1
STBD1	1	1	1	1	1	1	1	1	1	15.3013866571052	1	1	1	1
STC2	1	1	1	1	1	1	1	1	87.1419562081643	1	1	1	1	1
STEAP3	1	14.086272685749	1	1	1	26.4812581321231	1	1	13.5702707644752	10.8776325504621	1	1	1	1
STEAP4	16.1396075086518	75.7317405325747	18.9266371902775	1	314.193988839399	26.109103648184	1	42.7535944808972	205.922840144052	37.3017187699881	1	1	1	1
STK17A	166.563334976822	24.6594985750903	171.407529044754	165.880154869888	100.6289806762	20.8090848312166	20.5659180724717	117.394133974558	54.7155475998374	30.1704657379555	1	1	1	1
STMN1	106.307514281263	29.9331078857849	88.818272400717	63.7273240139726	1	138.905243415242	27.1915271716747	83.1564394929049	212.147283635745	206.315452939362	154.375625713143	520.155421861388	1	202.112536160217
STMN3	43.0884557426655	1	16.5029687674861	1	1	1	1	1	1	1	1	1	1	1
STN1	1	11.806578409981	28.1579381090032	1	1	1	1	1	1	15.0227942401996	1	1	1	1
STRAP	104.534046544554	64.6247587913554	73.6452563574314	99.7824348102082	1	72.8592671413617	43.9093454990393	99.157958374524	125.665459587407	93.6527759709274	1	1	1	136.417291111866
STRBP	44.4664887925795	18.1722393102019	29.6685995295357	161.180856250459	1	15.4272721404167	34.9556625064629	39.2570466368988	105.461910788081	33.982860836622	1	1	1	1
STT3B	126.071336204102	115.943243689897	110.369486094713	70.8774852205831	45.13817050674	124.531880311744	115.180622665437	71.3674891466001	98.8113689276887	100.563837961897	136.072408252133	1	1	1
STX11	31.1507049342278	111.503706324569	25.341886769886	1	95.6414300211175	91.2952621649649	31.8426358303635	84.2146416233689	31.2137136026135	157.422472512941	196.795649863796	1	1	136.835562967647
STX1A	1	1	1	1	1	1	1	17.4980580447483	1	1	1	1	1	1
STX3	1	55.4149442083249	40.5985708503049	16.9368912303086	463.881528808287	52.6747793828385	1	131.218950997563	114.736228744107	46.3256602520465	1	1	1	1
STX4	41.3186166064566	80.6472715628303	67.1846033588927	45.0006260764231	72.479504401806	120.577124883907	13.866511975292	86.9973067870631	40.3550770825197	92.4857640917017	1	1	232.242674200159	1
STXBP2	16.9337761024319	114.175890867557	24.1140582332471	15.315034473755	95.851961036491	56.4410621390487	1	18.3115764290124	16.5355925898755	43.6711154738661	1	1	1	1
STXBP6	1	1	1	1	1	1	1	86.9665837399292	54.8154734085253	1	1	1	1	1
SUCNR1	1	1	1	1	1	25.604390462626	1	29.8120940068651	1	1	1	1	1	1
SULF2	1	100.940383871841	1	1	87.2520950672419	33.8434501615064	1	46.2037194660987	17.7265348557826	76.955502079527	1	278.793706086526	223.660394667322	172.771618581735
SULT1A1	16.5602625118439	180.302160762276	31.1147531301619	16.7950017809	188.669741009565	36.5788852123335	1	1	34.5294954572083	31.7346128263579	1	1	1	1
SULT1A3	1	13.083891284453	17.0640768702839	14.9540186559824	1	1	1	1	1	1	1	1	1	1
SULT1B1	1	18.8548828008771	23.7309073087464	1	76.6206043104987	1	1	22.6351049461405	1	14.0714385865838	1	1	1	1
SULT1C4	1	13.3400422597594	1	1	38.86706050822	1	1	15.964842430476	1	1	1	1	1	1
SUN2	292.733993905197	135.937367837124	807.337129295241	101.128205515149	74.1556293883364	87.8033318686177	34.3577848068962	96.3793807222359	62.2000210378703	116.787398987438	1	1	1	1
SUPT3H	22.2219731079334	1	19.6675959122688	1	1	1	1	15.5106887571536	1	1	1	1	1	1
SUPT4H1	83.107948570598	158.454747096146	128.002417438535	71.7248045933697	241.454359981032	98.2084707854213	39.0862652116184	54.3117793854232	85.2390043530419	128.089650890728	184.425583114108	183.527877342391	1	396.920099920561
SUPT5H	96.8029056852057	64.2431641696595	89.3213876565161	85.6956954326862	49.8474751714317	69.7735785018442	59.3761247801362	84.1054586943369	83.234819541171	84.5733378051335	1	206.054757520319	1	1
SUPT6H	83.1716134889389	81.826251751561	94.5473120522535	67.6528149858529	94.4700772252908	60.2910220558061	37.1414200584075	107.523052508646	70.3076977898809	72.1178114026184	1	112.246039642998	1	1
SURF2	17.5386489055815	1	13.2199059065329	1	1	1	1	1	17.1917767098849	1	1	1	1	1
SUSD3	51.1940018076435	16.6162294382952	1	20.9347628893997	1	1	13.285887670929	1	1	30.7263628941355	1	1	1	1
SUSD6	63.8280844523141	72.3253922571757	83.799617215008	63.5960309715535	124.266329489216	80.7736006686139	29.5966782426628	35.9847147573583	58.5074556913367	110.146906020238	99.8851326828597	1	1	128.086614329023
SUZ12	97.7111706747381	74.7690540078135	132.920679996111	84.9720580168878	106.618380378642	60.2172933473353	42.9719475139179	109.185297872665	83.3161033669755	83.0573905453023	1	1	140.387225244584	1
SV2A	1	1	1	1	1	1	1	25.9320809925919	13.0406453521876	1	1	1	1	1
SWAP70	1	53.6940693902147	21.7399200361407	165.585931158934	25.0734778940398	75.7600383830412	1	127.938492684975	106.870064191997	90.6802700172804	1	1	168.604719112771	1
SYK	1	165.436655054458	48.4334620392429	128.845368034324	195.243648617202	145.49266786235	43.1439993085998	59.2356233795871	33.1777887006748	109.578902771896	121.775015569488	222.227661560994	1	1
SYNE1	137.916749374426	68.3812679269117	409.527350042434	72.5340395271309	157.526042137448	44.854120095349	51.3980504330506	108.183855814565	61.4406275538365	47.0251632339603	1	1	1	1
SYNE2	259.960104408535	39.507109124106	483.500841891156	38.2042749223528	109.891634092281	23.2102633713799	42.1454593147239	82.0150806268713	59.7462400656604	43.4624334344773	1	1	1	1
SYNGR1	1	17.6507540651599	32.8082598298078	26.4941602066258	1	1	1	1	20.0265567402598	1	1	1	1	1
SYNGR2	56.0383234845884	184.549164675377	45.3164869437364	217.52587206116	44.0193699276025	238.044540337202	78.4316381843261	112.302419187424	117.028553906846	226.653117200443	642.275500863343	356.116659792781	722.119921559847	363.340217127059
SYNGR3	1	1	1	26.5362367899042	1	1	1	1	1	1	1	1	1	1
SYNJ1	1	13.4407912423759	1	1	24.0597190338878	11.6349387450082	142.83809506273	43.1435040763007	1	1	1	1	1	1
SYNJ2-IT1	18.2374904793571	1	1	1	1	1	1	1	1	1	1	1	1	1
SYNPO	1	1	1	1	1	1	24.701440310294	1	1	1	1	1	67.9444382632483	1
SYNPO2	1	1	1	1	1	1	1	1	1	1	1	1	119.117218770514	1
SYNRG	177.063315321364	108.371329391593	306.733760599315	166.279667475396	169.478006791091	87.9089419134986	50.4954678508886	144.763744032985	77.6776728743407	81.5988237729829	1	160.814088501953	1	1
SYPL1	60.6308297505841	58.8267178071791	21.7526716961349	99.1553987495657	1	67.4109909371678	1	100.455016587103	154.551928313448	70.3446970850442	1	1	1	1
SYT11	67.1657241733357	23.7364759992924	101.054721855744	1	1	22.6973167232167	1	19.6428190935997	17.8021576317566	35.2777503877921	1	1	1	1
SYT7	1	1	1	1	1	1	1	1	41.6555317275427	1	1	1	1	1
SYTL1	43.4932832600223	26.2652164929038	122.955206568959	43.122769088165	43.8282435085831	1	36.3133923428184	1	16.3843164383398	1	1	1	1	1
SYTL2	53.4728707143527	1	115.008944481424	1	1	1	1	51.7864796795017	30.5738054268443	17.1422031205428	1	1	1	1
SYTL3	154.174417077121	29.4396486861162	209.738222491082	21.6275231045324	43.0046895189796	22.2271228956343	14.6683034721812	100.733927854117	60.9854830443509	34.6820624144739	1	1	1	1
SYVN1	29.8662043607358	42.0915589134006	40.9946764302534	80.0704736515211	24.7896186653567	36.6787857339551	212.055634315429	43.5523345920224	49.5189014808348	48.2375522414446	1	1	1	1
TACSTD2	1	126.22155658303	1	1	1	1	1	1	276.529452400124	167.324222547718	383.605509019792	1	1	308.455935925395
TAF13	54.1664281291851	58.4331738334841	55.180947053324	64.4102192781576	61.3428155257204	63.1322115641646	22.8014618922879	64.1555458441514	80.0893249952095	71.4026289987526	111.510055481208	1	1	1
TAF15	109.224331776813	89.3630991457217	120.462527828892	92.4607249819456	39.3021974451724	66.0596354416191	19.25616567375	71.1194355380695	75.2890969325946	73.5298236574208	1	170.616629529703	1	171.001045286042
TAF1D	135.712943745476	96.9453125777284	122.903136513345	228.332067350201	40.7428305672111	68.7987161475163	62.025549783018	178.07493933282	152.807344147932	89.3435353722061	1	1	1	1
TAF4B	19.0523639162275	1	1	29.9014074679362	1	1	17.7173400244002	1	1	1	1	1	1	1
TAF9B	15.0873751270793	1	1	1	1	1	1	26.8236038636912	16.8334334678501	1	1	1	1	1
TAGLN	1	101.708173752139	1	1	1	66.4930290208198	1	29.1251737786288	69.9090393624022	128.910059446679	1	1	1	1
TAMM41	1	1	16.5013168043899	14.7879887571834	1	1	1	1	1	1	1	1	1	1
TANK	95.6910162130288	65.5659521485655	57.9871684796418	75.0528391605629	136.067765855364	46.2876391275906	50.6415170637039	120.21872892362	40.5721482927445	67.6098706645711	1	1	180.33661716709	1
TAOK1	89.791257099611	103.857988813819	120.696023130377	60.3943473430808	91.6486011407118	91.6536968184702	28.2275310774953	106.191932431998	66.952996017977	92.740169026749	128.029653454065	1	1	1
TAP2	59.636127959873	55.3028826373047	101.201911474037	46.9457804918393	58.5679339981965	54.2693698159096	37.1819210026407	43.5825592465301	33.2315396317169	90.0189962954998	162.154978596264	203.134866891131	1	206.930742175832
TAPBPL	28.0696001225444	35.1934836626796	73.3859637530887	17.6141904600101	18.413131331904	35.4035237255275	74.4605580814774	1	17.7299081956625	27.8486288183775	1	1	1	1
TARSL2	21.0514629374326	1	17.5005340433545	19.7653510061501	1	1	20.54074108852	14.3750075904503	1	1	1	1	1	1
TATDN2	34.1851574380961	15.3649143340775	41.2327807153736	20.047257746321	1	1	1	19.7821433488459	12.5914280669355	1	1	1	1	1
TAX1BP3	18.6654728384353	47.5141749343564	21.0258664667618	16.6876048265981	21.8968478251219	52.4234066135299	1	48.2470255617938	69.5834559619635	74.1835500970454	1	256.933473124971	1	1
TBC1D10C	43.517871455972	1	135.270959471907	24.2898327156997	90.3531001516881	1	1	24.9102106878862	1	1	1	1	1	1
TBC1D13	1	1	25.7796578808569	1	1	1	1	1	14.2438468744665	1	1	1	1	1
TBC1D2	1	39.5428464034989	1	1	25.10731082303	62.8482094959163	1	19.9061831311861	37.9865727533418	20.0597625850726	1	1	1	1
TBC1D25	18.488636947739	1	37.0607762977413	17.2312227450912	1	1	1	1	16.8321275788775	1	1	1	1	1
TBC1D31	1	1	56.2863751674953	1	1	1	1	1	1	1	1	1	1	1
TBC1D4	66.6576539230284	1	1	1	1	15.0801477106491	1	1	16.3668519157574	20.6223512796887	239.953089601469	1	756.373274647338	1
TBC1D8B	1	11.9465104605171	16.4319368700215	16.6427810360368	1	1	1	1	21.4356711397255	1	1	1	1	1
TBC1D9	1	41.0003822663332	1	78.0888624439296	1	42.2814557307202	75.1666037099825	17.9311576908582	19.9766124450331	44.5030860841203	1	1	175.9752330945	1
TBCD	54.7600227563507	28.2574702632543	36.568117821174	1	1	25.987256230725	1	22.8844640634522	50.9470211960646	25.4339838371173	1	1	1	1
TBCEL	1	1	22.2100984009733	1	1	1	36.3538977260889	1	21.508079623753	1	1	1	1	1
TBL1XR1	103.52512730691	71.4598781725917	73.6865646380529	73.47894291755	68.6415128485493	69.6649356471895	47.9557043939635	79.4116107609265	136.584149178873	67.8874835809908	137.949813952407	213.513081086966	1	1
TBL2	1	17.9994528204509	14.114792798298	1	1	20.9137626499017	28.4962764486656	42.4130707265189	17.4799198711116	13.7206817049525	1	1	1	1
TBX21	40.2726215874428	1	454.688649944211	1	1	1	1	15.9987816622655	1	1	1	1	1	1
TBX3	1	1	1	1	1	1	1	1	34.3595298278584	1	1	1	1	1
TC2N	116.832982724835	1	51.6779278467972	20.1712693786668	1	1	1	28.2621323132231	61.9259664584125	17.5229344777885	1	1	1	1
TCAF2	23.4973526768968	1	19.8085752044328	1	1	1	1	1	1	1	1	1	1	1
TCEAL4	1	29.7579739201032	1	1	1	49.2623419622395	1	65.1572742234161	59.4436196560128	74.1617899256091	1	1	1	1
TCEAL9	1	19.6502252122138	1	1	1	53.2264141526577	1	28.3502861665756	45.1645523704572	39.5398834379405	1	1	1	1
TCF19	1	1	1	1	1	1	1	1	1	18.7813227874357	1	1	1	1
TCF3	24.8902838096937	21.9692371838749	37.7395725983936	49.6373138045426	1	17.6432446804781	73.1211206046495	12.8248155404399	45.7958777237878	24.2408098171006	1	1	1	1
TCF4	20.725948291045	72.8236087030126	31.5863499868697	373.631653984953	34.7571655114858	92.5437572700395	106.664237191254	124.752148944083	93.5908419302343	150.949911731788	105.961552871739	2111.19550045664	302.402512552446	1
TCF7	251.510968447315	13.9718479814401	46.0713311426786	46.1065578226439	31.3219307171637	1	1	20.852224044475	1	1	1	1	1	1
TCF7L2	1	69.8692099304305	1	1	24.832187609879	38.7257364706603	1	1	38.365143017907	34.7730124434568	1	1	1	1
TCFL5	87.4300239868371	98.4202885698715	89.488818512691	111.653971235498	159.852351323505	80.846253576994	29.0322686374181	202.09463406475	99.3197255628087	75.3479567380937	1	230.203078165283	1	1
TCHP	1	1	24.2356145392592	1	1	1	1	1	1	1	1	1	1	1
TCIM	1	68.7104790733456	1	1	1	1	1	137.706577508666	287.66575587913	63.308769100051	1	1	1	1
TCL1A	1	1	1	1	1	1	1	1	1	1	1	939.241814695939	1	1
TCN2	1	18.4322115134932	1	1	1	87.6791947663344	15.9601391021884	1	1	12.3700206909264	1	1	1	1
TCP11L2	1	1	15.4209899773188	17.4787342035882	50.1650540748606	1	1	1	1	1	1	1	1	1
TDP1	22.8194373711454	1	18.1662518218524	16.515604076967	1	1	1	1	1	1	1	1	1	1
TDP2	48.6359696952441	52.9225713847415	74.6127086771975	53.1773542398079	458.304552110476	151.100959936306	14.0677067904995	87.8686348311338	67.9622369620002	51.6178717380409	1	1	1	1
TDRD1	1	1	1	1	1	1	1	1	38.9510432904188	1	1	1	1	1
TEAD3	1	1	1	1	1	1	1	1	37.5342455163982	1	1	1	1	1
TECPR2	1	16.7674264189208	16.6445404589729	1	109.715143057968	10.6123675382787	1	15.7069166182879	14.0474495554716	1	1	1	1	1
TEKT4	1	21.4318020544929	1	1	1	30.9405861692029	1	1	1	37.6097663169222	1	1	1	1
TERF1	66.3606792433397	45.2148575073484	119.02612351263	76.8920956797098	37.3957976343284	31.5761042864884	24.3255789251837	37.0137826460819	53.2215700304477	39.9989177101486	1	161.48960972678	1	1
TES	86.4795069447064	101.797563502444	246.151220496477	56.5007231619908	68.0124371365953	33.8860784068094	35.9431951539261	92.2721982342556	81.1570544695429	104.227236154841	1	1	97.4652841665633	156.954573577036
TESC	1	51.7946599969352	31.6132419155156	25.5533595412176	1	1	1	32.9160117085076	27.773292209372	14.5085518770554	1	1	1	1
TESPA1	51.1632185870474	1	41.717631690773	1	1	1	1	72.2841477736452	33.2110263413948	1	1	1	1	1
TET2	22.7640403679512	101.24343792708	46.1685127915488	24.5967174622199	101.723882465881	81.614512480659	1	28.1172563974825	29.2949148595971	107.083185439693	108.462145462781	1	1	1
TEX10	1	1	13.4709961247116	1	1	1	1	34.3143516075813	17.8941422763634	1	1	1	1	1
TEX14	1	1	1	1	1	15.3432288659007	11.9349040883986	1	1	1	1	1	1	1
TEX2	1	12.6852005081967	13.3194999998565	1	1	33.0399037799017	1	1	15.9993920663427	13.8172456639879	1	1	1	1
TEX9	1	1	1	20.5795110743434	1	1	1	1	1	1	1	1	1	1
TFAP2C	1	1	1	1	1	1	1	1	28.9985671373837	1	1	1	1	1
TFEC	1	29.9262934357433	1	30.0862954299567	1	44.1783703086124	1	20.130937127007	1	38.9491818356743	1	1	1	1
TFF1	1	1	1	1	1	1	1	13.5987176338782	90.9556415071348	557.644216605963	1	1	1	1
TFF2	1	1	1	1	1	1	1	1	120.610443002221	1	1	1	1	1
TFF3	1	1	1	1	1	1	1	169.513362887018	825.259788955486	1	1	1	1	1
TFPI2	1	1	1	1	1	1	1	1	113.932052124848	1	1	1	1	1
TFPT	1	1	1	1	1	23.4510865532466	1	1	1	19.6573020931478	1	1	1	1
TFRC	62.5498092116003	130.15073565749	27.5568134930386	41.266180225002	1	696.553100632507	18.5711862118289	81.5513571283924	144.918457516859	250.482932069921	1	147.632531727629	165.823073874452	1
TGFBI	1	341.71131757085	1	1	1	551.736057104211	1	55.5901286671567	36.6590894674007	466.04604811581	284.513118184875	545.25639265156	1	241.756801861132
TGFBR1	18.0570446892943	37.5509303064441	87.6544438790802	34.7939932785381	48.7221564181249	66.2437171620055	1	49.7236769702352	35.407808885579	83.1837394439815	109.886220760931	155.709555326152	1	1
TGFBR2	123.548778001856	97.380158998778	131.182411773577	93.8723167585366	119.24762730557	100.22003038506	1	166.000877318119	31.624465212067	84.6053587834262	1	230.796092735917	1	1
TGFBR3	59.2838393175657	22.2094632214127	306.090780775803	1	1	1	1	23.9828508125049	17.412827994877	28.845265443067	1	1	1	1
TGIF1	176.490385183893	156.63497942534	52.9321544414441	256.408403698585	35.8903936354833	210.306732683269	1	171.287214659522	163.419919376194	223.794626400806	157.001350700796	183.600303374107	253.397690639648	1
TGM2	1	72.5286489529471	29.891149257838	17.7806896269403	144.39280781063	208.495008871456	1	85.0449158888899	67.2711420432109	123.711662004877	1	1	1	1
TGM3	1	1	1	1	28.7389493254802	1	1	1	1	1	1	1	1	1
THAP2	1	60.1838040027256	17.3156994173164	1	1	97.8837070452028	68.5163367621493	78.4851864686514	74.9049596949167	50.9195734032381	1	1	1	1
THAP7	15.930938462337	1	13.1742671164817	1	1	1	1	1	1	1	1	1	1	1
THBD	1	394.008741421952	1	1	165.886336173504	400.909240986446	1	142.366579183558	24.621330050698	450.567758203168	149.666892158771	1682.77363727191	1	468.050018197738
THBS1	40.3782259164799	772.673567356855	1	1	1	451.384293068098	1	141.208032863472	134.261368771367	327.416368861086	1	1	1	1
THEMIS	70.5541076580799	1	1	1	1	1	1	14.2386371230512	1	1	1	1	1	1
THEMIS2	20.5293956024723	324.307248748816	217.775496691397	281.990581987791	314.036798546695	234.213513111534	129.796018883738	116.562999141642	22.6811701071835	244.491587592291	225.080301544266	995.804622823292	489.882893984467	197.793799072139
THOC7	40.031528149717	45.203577592959	60.8908130210865	26.9603273232609	26.4067842345128	45.2153177931905	14.8349944618912	20.6940660951357	64.4480170324607	53.236768057847	1	1	1	116.044606436267
THSD7A	1	1	1	1	1	1	1	29.0004780059066	1	1	1	1	1	1
THUMPD1	134.652850184474	55.3576932765163	122.198387851336	130.823709423707	1	47.2492621842417	31.6453157210119	53.5914134484408	55.7273524417089	66.759822107051	1	1	1	1
THUMPD2	1	1	14.7274816521988	16.1328549980674	1	1	1	1	17.1555591535793	1	1	1	1	1
TIAF1	26.3542754946076	13.505246607099	16.8327783272906	14.5840716269802	1	1	1	15.3792316177409	1	1	1	1	1	1
TIAM2	1	11.2087416494396	1	55.1752133204434	33.3965760333623	1	17.4335270258653	32.3933626719813	1	1	1	1	1	1
TICAM2	1	16.5579318422913	1	1	1	1	1	1	1	1	1	1	1	1
TIFA	40.5637160698364	12.617404872174	23.9811902092544	23.2654978147525	1	12.1017740534036	79.4619810276346	61.0355307972099	32.3481351511972	1	1	1	1	1
TIGD1	1	1	20.268117685517	1	1	1	1	30.9642253172041	1	1	1	1	1	1
TIGD3	1	1	1	1	31.9025713882234	1	1	1	1	1	1	1	1	1
TIGD5	40.8991167210355	35.6472741405557	25.8265010968517	86.329343474071	16.5659712449802	22.4243857100206	22.2677031853622	37.6400403916223	27.5587923636382	23.2965874452823	1	167.27322189788	1	1
TIGIT	162.920112235775	1	103.890375350852	1	1	1	1	28.4659764064171	1	1	1	1	1	1
TIMP1	51.5396679324059	1256.1915178216	63.4523091233847	1	344.10464224582	577.420429771104	52.790251043444	596.743601621612	405.336845828888	516.212356307466	364.693917683988	1	1	419.471258170083
TIMP2	1	231.841087375335	1	1	270.865303401215	571.523901027498	23.3957243550303	51.6974741280972	1	229.665458736628	105.699407626986	1	1	1
TIMP3	1	1	1	1	1	49.8911937624353	1	257.573296270869	154.371576714806	263.80374922737	1	1	1	1
TINAGL1	1	1	1	1	1	1	1	13.6502245461102	23.3364614479764	58.4371966357688	1	1	1	1
TJP1	1	19.6532263288913	1	1	1	1	1	14.4101264112399	32.2589689327397	38.1275824317175	1	1	1	1
TJP2	1	27.5412092102588	1	1	1	20.1770970039254	1	60.6684789844015	80.1123337018469	47.2014584916471	1	1	1	1
TK1	1	1	1	1	1	1	1	1	27.6418769965883	46.9260869744286	1	1	1	1
TK2	1	35.8936240260812	16.9960398242446	1	1	28.7478697063264	1	1	1	23.9301904531284	1	1	1	1
TKT	64.028388182746	626.870802475476	80.5301464779949	49.5551723027733	927.311875819798	180.319458079091	34.5296850306783	58.5865852442458	197.051704881121	131.584294683055	145.650303384334	1	1	1
TKTL1	1	1	118.701124094026	1	1	1	1	1	1	1	1	1	1	1
TLE1	1	13.3257083881927	69.8284616893702	87.3413735719359	1	1	45.5433872646022	26.3479008946807	25.0506488572829	18.4675940794909	1	1	1	1
TLE3	90.1097426469388	81.5829155458574	36.2674835073038	115.260732054166	318.464556049383	63.2575444477196	39.5434114726265	60.0910341350296	58.9018824125556	67.2678754381881	1	1	203.540638575158	1
TLR1	1	30.1996706078038	15.9746605879636	1	111.678243031306	16.1890807674817	1	1	1	13.3480757089015	1	1	1	1
TLR10	1	23.6697739566777	20.6948199070082	57.5697486619606	59.2764223500104	16.8299546938402	1	27.3849916347341	13.7750111396238	24.1138551223422	1	1	1	1
TLR2	1	157.826284017606	1	1	296.061279024386	79.8783080680255	1	19.4201792954967	1	85.0735856173955	1	1	1	1
TLR4	1	69.9441497832518	1	1	197.157111416586	60.6532578042543	1	45.7400278859938	1	19.7056481870223	1	1	1	1
TLR7	31.6032253222702	55.9086236003845	43.1073153763508	48.0129970834461	89.4717209651532	48.7365657531906	14.1957335181421	31.6401344634383	23.1968524904383	44.912483937925	1	209.093142552088	1	1
TLR8	1	103.696272320924	1	1	132.766992823268	50.3171453086851	1	1	1	20.194033919492	1	1	1	1
TM4SF1	1	135.633993152004	1	1	1	81.9932475470769	1	17.7273310397941	675.318928278608	215.58613052626	1	1	1	1
TM4SF19-AS1	1	1	1	1	1	18.6976568194758	1	23.7150985205115	1	1	1	1	1	1
TM9SF1	1	12.1571873628978	13.7026263675546	1	1	1	21.7891379986767	1	13.7481598179326	1	1	1	1	1
TM9SF2	77.6664673996403	142.653982145464	89.6844992559184	79.7085671342342	138.316846144367	144.656829043167	129.538176587671	57.8592549881389	121.563599595374	136.742508175905	193.833813606584	360.490597769885	1	160.763400193837
TM9SF4	15.120580299816	30.7080978758805	22.2944950659577	1	1	15.7518766538981	23.4437550857419	1	15.3276837211049	1	1	1	1	1
TMC5	1	41.4129226285137	1	1	18.5810041821723	1	1	1	67.0743334113265	23.7790488427264	1	1	1	1
TMCC3	1	35.4412322812632	24.5865702916483	1	195.376009139558	26.2266333494168	1	57.5354676173897	1	48.1535715663506	1	1	331.934280490496	1
TMED2	82.8636415514623	102.630320567765	111.738191490461	66.8346548266539	54.9822322964457	118.762199882806	196.87836422447	92.28422330866	288.079806162933	100.469281845873	109.845725940777	253.95033637638	1	1
TMEM109	59.2752360926703	65.24345498937	124.520680930468	80.3977879346457	1	77.1224630182797	31.446431604434	70.1372340694067	59.6847109596171	133.408597255758	1	256.971612052855	1	1
TMEM121B	1	15.2899284557702	1	1	1	1	1	1	1	1	1	1	1	1
TMEM131	33.2408253205556	40.429924718747	50.0975883128626	82.805948768417	22.2774876683311	29.4407675252129	31.2225551047727	40.2112259410484	27.5410409280919	53.1982475658701	1	1	83.3515809647066	1
TMEM131L	47.4852508554112	29.2566149237259	61.12680685991	81.2237527241331	28.7783423933231	1	1	31.7899154105418	1	1	1	1	1	1
TMEM144	1	18.6876819014293	1	1	1	28.8030673760704	1	1	1	20.9706155465912	1	1	1	1
TMEM147	47.0965553052973	82.0282638104315	39.3313398274906	36.7238345450088	1	125.73859230745	119.870820414349	44.8295959091291	127.803593243678	96.0590901530247	1	1	1	1
TMEM14A	22.3623736490828	1	26.3176918140707	13.9989182968345	1	1	1	22.0090500842541	117.029393951656	16.7319906134036	1	1	1	1
TMEM14C	31.5196186158038	51.0368760254718	1	22.8645479293948	1	55.0278790815301	37.2545050188773	19.9914753617008	53.8026963539095	69.3264763804818	147.39205816754	1	159.917569254367	1
TMEM150C	1	1	1	1	1	1	1	25.2955906388354	56.8298782147478	1	1	1	1	1
TMEM154	40.5854367541357	96.160482103425	40.9465565594037	106.038265427965	649.173698896766	17.7377507198416	18.3697384328668	114.388268655899	51.7727950163746	25.9048596687465	1	1	1	1
TMEM156	45.5463502802322	14.9942057913796	32.4021707853443	105.498755744475	30.1314094195731	1	57.1841506525011	41.9574941100718	10.4015384559222	1	1	1	1	1
TMEM165	47.2408869393461	100.629948788322	56.7541373793171	60.1720513252671	46.7303590168464	85.209528145973	42.6440627379053	76.6330345889374	87.2109313213588	110.2251696351	1	143.787235597309	1	1
TMEM170B	1	50.9793676493335	1	1	23.8868245769047	20.07823111442	1	1	1	23.9296467778965	1	1	1	1
TMEM173	69.0089966093236	61.0316054863251	58.2110539610596	1	1	29.2111383522011	1	28.9538187130128	40.2524144535833	45.587647484028	1	1	1	1
TMEM176A	1	237.983289861606	1	1	1	378.648159472156	1	40.4052066422657	92.2710688871481	190.531508801484	322.020887194653	1	546.430808240456	1
TMEM176B	1	558.193472262383	1	1	1	910.511879154229	1	122.548339542871	174.865415976723	429.227132772959	654.459142120579	1	790.701025848685	1
TMEM2	310.815942982991	74.5519172498703	181.474729105733	245.91681930901	38.7195786037628	76.6508180713145	16.5192904837801	165.201322155886	40.9297701849454	72.6891442701344	1	1	1	1
TMEM205	18.7949939865568	55.0516142704354	23.9856267906802	15.1947506537616	1	49.3551089830316	78.0766080199586	1	52.5746555363138	36.3880268437832	1	1	1	1
TMEM208	38.0832986475508	55.873296344352	58.4331450593653	34.1856849306819	23.3449934686227	78.2699543865996	130.985438725338	44.6584780698088	54.8061421832534	57.5728516719987	1	1	1	1
TMEM209	1	13.5236150515857	25.730262767787	1	1	1	1	1	1	1	1	1	1	1
TMEM214	15.3592467866638	22.865278190329	34.6429079815922	18.5634155189496	1	25.7013052412753	60.403001877533	1	27.7213434907658	20.6994486165624	1	1	1	1
TMEM219	42.41304870317	70.4234576017649	36.7385866451442	33.3966983081331	26.0049116781102	85.8144855634966	42.0288142458209	42.9448437480785	36.0656099565596	83.6971741761291	112.399368098147	1	1	1
TMEM229B	1	14.6416810606983	56.0868268494431	1	1	1	1	1	1	1	1	1	1	1
TMEM233	1	1	1	1	1	1	1	90.4430266186528	33.0422183588879	1	1	1	1	1
TMEM238	19.6105474350242	1	1	1	1	1	22.7454650152965	1	12.9544267677487	1	1	1	1	1
TMEM243	106.221191050772	35.3234618482516	57.6861092823164	211.57991086469	1	22.8013832512541	64.0604382553764	43.663568729757	25.4384884276386	22.1947238587319	1	1	1	1
TMEM245	172.962151348418	103.754365505415	142.037033522877	96.2493931951652	54.9603472401375	85.8978637260955	46.7361695726425	81.6714649866557	106.137103738661	86.6188251536198	1	148.04166862395	1	1
TMEM251	1	15.7940792304843	15.5464442920809	1	24.4292366499174	39.8426472714663	1	1	17.4026234899341	1	1	1	1	1
TMEM263	49.7166057602576	1	48.0707308441663	15.7598319068384	1	16.387443445142	57.2377637352399	23.7560269272053	59.464703643676	15.6644621129256	1	1	1	1
TMEM265	1	19.6239678032944	1	1	1	1	1	1	15.6263049610436	1	1	1	1	1
TMEM268	1	21.023153392979	1	22.155015746868	1	21.0503677551109	1	1	1	16.6963987226085	1	1	1	1
TMEM30B	1	1	1	1	1	1	1	1	32.4855018963706	1	1	1	1	1
TMEM37	1	1	1	1	1	53.9486171355423	1	1	1	1	1	1	1	1
TMEM38B	1	1	1	1	1	29.7027403323039	1	1	15.0174122717009	1	1	1	1	1
TMEM45A	1	13.5718272580213	1	14.8149245333728	1	1	19.6019068772836	1	21.4928723017311	13.910750575259	1	1	1	1
TMEM50B	50.0724801199184	39.3351962970603	53.896255817746	30.4748032188041	1	28.7837607476158	32.6539869328067	42.9036485850624	54.1925259702522	47.353980429547	1	1	1	115.8669842655
TMEM51	1	39.0515711345606	1	1	1	98.5566238862573	14.3200838472145	11.2431122429008	12.7553910828638	94.7436234312464	1	1	1	1
TMEM53	1	1	1	1	1	18.2194764357095	1	1	19.0562504398875	1	1	1	1	1
TMEM54	1	1	1	1	1	1	1	1	33.981789796169	1	1	1	1	1
TMEM56	1	12.8929308688069	1	1	23.1423951252194	1	16.3289427659876	1	15.1062288477613	1	1	1	1	1
TMEM71	28.0611629356754	48.9574090496909	50.1232355422876	1	223.873259366019	1	1	27.0736699198611	1	12.155921995167	1	1	1	1
TMEM86A	1	1	1	1	1	22.1622541089336	1	1	1	1	1	1	1	1
TMEM91	1	11.7091147541476	1	1	53.4984226831996	1	1	1	10.608193455567	1	1	1	1	1
TMIGD2	20.2349362297907	1	98.820594083087	1	18.678012950678	1	1	1	1	1	1	1	1	1
TMIGD3	1	1	1	1	1	27.8435919235846	1	1	1	1	1	1	1	1
TMPRSS4	1	32.3744737809077	1	1	1	1	1	1	153.499409921222	35.4991101245519	1	1	1	1
TMSB10	1607.43285072237	2110.98209962975	1681.96625565028	719.938938444349	138.750012402662	2549.61590655312	431.457171125875	805.107690081074	984.578598301075	3503.03450496567	5727.0500979795	1857.34414499122	8376.13056897582	6253.86252635515
TMTC1	1	1	1	1	1	1	22.587889493968	1	39.3364647497572	1	1	1	1	1
TMTC2	1	23.3882000386041	1	1	1	1	16.5463636315726	1	29.0934152054907	1	1	1	1	1
TMTC3	1	1	1	1	1	1	1	1	38.1049434618263	1	1	1	1	1
TMX1	59.0417071058651	78.1894721667696	79.9596708112293	50.7107371016384	22.0289848914153	102.642991754178	33.1667767351875	39.0832671575736	125.251809437594	97.5210043310764	1	169.953072513149	1	138.782457286094
TNC	1	28.0868777414428	15.6170961607166	1	1	1	1	1	62.281258522149	19.6960613452622	1	1	1	1
TNF	1	1	1	1	1	52.6822327014455	1	56.6311698645093	26.1510692877482	69.4243533593226	1	1	1	1
TNFAIP2	1	245.97877624472	1	1	424.869845711621	202.1487435184	33.9119456595906	126.885562323435	130.269807502381	137.447175981411	1	1	1130.55965577936	1
TNFAIP6	1	24.0709162766375	1	1	185.58648546574	32.6375569120015	1	15.8332926715303	1	19.7871360101692	1	1	1	1
TNFAIP8	147.778779262493	85.969069984972	154.608370621216	149.778348095122	75.9578311157311	56.8666053470311	25.5546964866995	152.663061396373	111.17077542294	102.554799923315	80.5087204377928	1	246.441270929626	1
TNFAIP8L2	1	42.3567498895398	39.1300544238259	1	62.214566849654	17.226222831773	1	1	1	17.5381296609221	1	1	1	1
TNFRSF10A	18.8689512064224	13.4409524160788	1	33.3888002053587	1	15.2561908370746	1	1	26.4748965863985	12.8198962349278	1	1	1	1
TNFRSF10B	34.3762528883549	70.5642481299904	20.6251104732665	40.776154617739	29.2733657628559	29.4584974030156	1	30.7896304301957	45.6111921940013	61.7884153029896	1	1	218.555505223593	1
TNFRSF10C	1	1	1	1	224.838403613128	1	1	1	1	1	1	1	1	1
TNFRSF10D	1	18.5022559514452	1	1	1	21.8534208257347	1	131.834248449285	20.331961409181	21.1798555648955	1	1	1	1
TNFRSF11B	1	1	1	1	1	1	1	1	1	1	1	1	368.943278341076	1
TNFRSF12A	1	24.7335074565895	1	1	1	1	1	20.4156127725595	38.9145089648155	35.2075636093915	1	1	1	1
TNFRSF13B	1	1	1	107.589469527012	27.7726977957322	1	1	1	1	1	1	1	1	1
TNFRSF13C	1	1	1	351.249600695561	1	1	27.6443943427847	40.9944451222319	1	1	1	1	1	1
TNFRSF17	1	1	1	1	1	1	196.438248088126	1	1	1	1	1	1	1
TNFRSF18	56.7808778591495	1	63.0694357919264	1	1	1	1	36.1702378417472	44.5306357698634	15.8119117367607	1	1	1	1
TNFRSF1A	1	118.584065767423	64.5729817417838	1	325.764837385686	74.1767447011649	1	27.4670933202081	45.3373223924465	62.7863369368939	1	1	1	1
TNFRSF1B	287.109622807348	625.433600631489	296.817758666847	83.9159784647627	728.901256666636	231.018306286132	1	218.532846082891	1	282.291200464871	188.722721115533	640.586020493775	316.924354647537	1
TNFRSF21	1	31.3650259166024	1	1	1	68.4309026234089	1	27.8037031435516	93.5787402333009	32.6983405606214	1	202.435035981065	1	1
TNFRSF25	52.4644049554351	1	1	1	1	1	1	1	1	1	1	1	1	1
TNFRSF4	42.184040054974	1	1	1	1	1	1	1	1	1	1	1	1	1
TNFRSF6B	1	1	1	1	1	1	1	1	1	23.9929668501742	1	1	1	1
TNFRSF9	119.425061592339	21.7926222839621	66.4918291906547	1	41.0060152692898	23.517154714969	1	59.1717363089763	42.4011628883452	31.433599318712	1	1	156.146391386691	1
TNFSF10	43.1523126887822	190.965110705029	58.1834813323843	1	329.258804535957	49.0826031153528	1	64.700798676172	102.038635144928	75.9024801228327	1	1	1	1
TNFSF12	45.1903752054574	77.1891096971943	59.8103769695997	31.2437812025013	19.3032459954366	98.5941087552826	1	82.3723806951134	17.6234587567032	85.167414947257	136.232160279914	1	1	1
TNFSF13	1	239.812548615137	1	1	35.8851865179088	478.460887500651	1	41.0466770123839	16.9426853806769	275.793710519818	208.524135317589	241.404641115632	1	1
TNFSF13B	27.7272326500628	243.671282107698	20.3677538978688	1	283.726429203296	139.797706878501	1	31.9425781602417	1	133.865703771961	112.482808255135	1	201.693485746591	1
TNFSF14	44.2230542030836	39.3819315719293	63.5292423665438	1	155.910671633521	26.4050529220772	1	129.072007581709	20.6318081196972	27.9990905497226	1	1	1	1
TNFSF8	24.1254875852843	1	1	1	1	1	1	1	1	1	1	1	1	1
TNFSF9	33.9621526301542	1	1	64.4989502921008	1	13.5326419449061	1	39.5958492007671	1	13.5609068438159	1	243.840094913922	1	1
TNIK	67.3617800203518	1	72.7931051608775	1	1	19.4647167061655	1	105.323413222593	53.190657367998	1	1	1	1	1
TNIP1	71.1884684645558	88.5998866792276	60.8964085659113	61.600818138187	249.00547716233	41.8956833973783	45.8919392037733	118.519743777634	44.9007164856627	72.0439273309047	1	1	127.139737454291	1
TNIP2	49.2076964963087	31.2982692828381	35.1423368620255	31.460110679415	17.5699824930869	35.5317954884022	1	42.3974235147858	23.1237498365719	37.8757211053267	1	1	121.695537156193	1
TNIP3	19.4299330149211	11.9218445505811	1	1	1	15.1431715354141	1	1	1	1	1	1	1	1
TNKS1BP1	1	19.277835398325	1	1	1	1	1	1	49.5538850358816	32.1614550383869	1	1	1	1
TNR	1	1	1	19.598827023442	1	1	1	1	1	1	1	1	1	1
TNRC6B	209.675307888087	109.591367772038	267.375901878903	237.572705476258	196.370413537538	63.7923803264751	73.1397052173088	102.388940129062	117.355835519659	72.685667431948	1	202.387197830194	1	1
TNRC6C	133.225037296289	21.8557182359703	161.934051207358	36.7525408740074	34.1950484696069	15.3101080715685	1	62.0087260661316	31.4070441202899	14.0657026783792	1	1	1	1
TNRC6C-AS1	27.3743569900305	1	38.3158630314557	18.6568811897273	1	11.1835617728056	1	1	1	1	1	1	1	1
TNS1	1	27.7421104886513	1	1	1	65.0909474664319	1	68.2243697097771	61.1157139216776	55.38903869593	1	1	1	1
TNS3	1	36.9162673240937	1	34.5880571303784	1	163.742004207028	39.8900693204462	28.7143947535825	22.8474053221887	61.7871831670463	1	1	1	1
TNS4	1	1	1	1	1	1	1	1	39.6005063175139	1	1	1	1	1
TOB2	71.5374814855471	51.0567971760015	36.3424726613196	65.8701389577856	1	38.8459412786027	1	78.0253147488946	74.5122928416328	59.3522311742478	1	153.71573980781	1	118.954484938044
TOE1	15.8312956074059	1	1	18.9577376926952	1	1	1	1	14.5022912627148	1	1	1	1	1
TOM1L1	1	1	1	1	1	1	1	1	33.8834660911618	1	1	1	1	1
TOMM22	83.0218274300276	82.0001101789702	82.090567593933	72.2378294835232	1	71.0474820291137	35.5941073623586	51.2280015365849	145.063017743847	103.421604961285	1	1	1	158.106504532478
TOMM34	21.2380148636244	14.9982418562379	15.2278238370189	21.3367130541116	1	19.3133830615834	21.0837185225288	34.283577728846	32.3019627438258	67.8220457705929	91.5093095254167	1	1	126.708432620464
TOMM5	1	1	1	17.2995979708255	1	1	1	10.7729838285394	12.9949394162221	1	1	1	1	1
TOP2A	1	1	1	1	1	1	1	1	29.4068229375695	30.1725290707912	1	1	1	1
TOR2A	1	18.4943262274456	16.435042288618	1	1	17.1207320773323	22.5179755565517	1	1	11.2584820350374	1	1	1	1
TOX	55.9709635932421	1	73.9037265532785	36.3814855941268	1	1	1	1	1	1	1	1	1	1
TOX2	26.3830381559912	1	1	1	1	1	1	1	1	1	1	1	1	1
TP53BP2	75.372003708837	38.2410318054452	40.6662215968772	37.166671706334	1	30.9441604125569	1	59.9857192650422	61.8566770592181	42.65786342462	1	1	206.809231995882	1
TP53I11	26.0653145800463	34.0995119642998	14.2736612889421	46.9584676408275	95.2885017211216	37.1908984443837	1	46.7621353208396	47.7635053564883	38.0653796319481	1	340.816413015753	1	1
TP53INP1	57.7628488757216	24.8885918731254	14.2959188905016	295.71413822232	73.8684891102898	18.8236353774068	438.728408006949	45.7083844731644	49.0460373699005	14.3618732534546	1	1	1	1
TP63	1	1	1	1	1	1	1	1	58.9800409820987	1	1	1	1	1
TPBG	1	1	1	1	1	1	1	1	44.5479535741331	1	1	1	1	1
TPD52	36.6864780406576	28.8134982006738	39.0273527006166	110.703541431335	1	27.0148073185122	210.265025904296	51.8274849770853	212.532118988785	52.7357890625763	1	1	1	1
TPD52L1	1	1	1	1	1	1	1	1	160.58720870003	1	1	1	1	1
TPM2	1	1	1	1	1	1	1	1	1	28.2138347155101	1	1	1	1
TPMT	41.7042262938882	84.9910020323394	76.9608427769158	35.0887637952642	62.296955238153	72.2945972568406	17.534638560775	52.8285280474077	58.5656858358065	84.37441700489	131.895968263241	1	1	130.479094967154
TPPP3	1	26.45878161462	1	1	1	1	1	1	1	1	1	1	1	1
TPRG1	19.4575671278307	1	1	1	1	1	1	1	1	1	1	1	1	1
TPSAB1	1	1	1	1	1	1	1	270.839322348382	461.525591095555	1	1	1	1	1
TPSB2	1	1	1	1	1	1	1	730.943707959147	475.758399015121	1	1	1	1	1
TPSD1	1	1	1	1	1	1	22.7258827712794	54.6319923352729	101.554593294539	1	1	1	1	1
TPST1	1	1	1	1	33.5070825479951	1	1	1	33.9110888603796	1	1	1	1	1
TRABD2A	44.1400642750279	13.3148266343193	14.1034488197355	1	19.1085699260304	1	1	1	1	1	1	1	1	1
TRAC	1136.46816918771	1	89.1440607871943	46.3602736102564	1	14.7604893409974	26.3245968601486	185.843843896004	1	29.7870798820928	1	1	1	1
TRAF1	63.592996873273	26.098540827459	21.6517795705197	1	1	18.1930156576182	1	24.5808133131552	17.5783287838875	53.270489316135	1	1	250.443332308913	1
TRAF3IP3	91.8093627571637	68.3701330503209	239.856244538029	50.8356269555341	47.9869304224905	11.5602906208746	1	42.4768226280676	1	18.0491998880472	1	1	1	1
TRAF4	20.9942367879913	1	15.5134823531648	23.0570740692143	1	1	1	32.0065422128271	35.7367492268722	9.80812774914615	1	151.998692064046	1	1
TRAF5	37.0908095051825	16.7183546701079	41.7437861688288	74.1597920704116	16.8031135522184	17.9814433128495	1	33.9477644130091	23.0981248363009	25.0975470705908	1	1	1	1
TRAFD1	23.1181539223622	47.1695131374088	68.4315498958287	26.7792270889276	62.4290691484386	34.7041494723819	1	26.6342507960984	46.013191121911	31.0479297029175	1	1	328.515549419378	1
TRAM1	219.287549279407	243.500739055815	184.395198428957	156.92896274528	40.9137298615478	240.095635838579	549.799374638357	147.221596467226	293.191851113476	285.455335827133	133.23032859984	552.260488808374	1	247.688143340861
TRAM2	1	14.4332226696991	29.2603969583217	23.8955086510285	1	15.9182780322788	68.1377131130529	22.3477450334682	27.3213920043581	1	1	1	1	1
TRAPPC10	22.9460215864366	1	30.0259984185621	18.3903975432559	1	11.1518155908742	1	1	1	1	1	1	1	1
TRAT1	285.268612991222	1	1	1	1	1	1	70.9056422196204	1	1	1	1	1	1
TRBC1	703.207153483966	1	415.668144708719	1	1	1	1	78.0504227933249	1	1	1	1	1	1
TRBC2	1261.30333418855	1	365.99413366508	84.1020046522881	1	15.4407359463811	21.8829670449486	313.721094148766	1	29.5790272118208	1	1	1	1
TRDC	1	1	272.916868106838	1	1	1	1	1	1	1	1	1	1	1
TREM1	1	83.1297779731388	1	1	614.942379885628	89.8674581674644	1	242.03849780648	30.4751249652026	57.995540109787	1	1	1	1
TREM2	1	1	1	1	1	279.552057888231	1	1	1	123.110789678118	1	1	1	1
TREML2	1	1	1	1	46.1119743681267	1	1	1	1	1	1	1	1	1
TREML4	1	1	1	1	25.6681685130571	1	1	1	1	1	1	1	1	1
TRERF1	34.6504131793761	11.9227682364649	24.7139781276629	1	17.5408231404723	1	1	25.141082100988	18.8216154268931	1	1	1	1	1
TRG-AS1	27.883051389046	1	115.022433785258	1	1	1	1	1	1	1	1	1	1	1
TRGC1	1	1	85.7631285188025	1	1	1	1	1	1	1	1	1	1	1
TRGC2	122.136578304362	1	287.175577766044	1	1	1	1	53.2660693022336	1	1	1	1	1	1
TRIB1	1	45.568081010298	1	1	312.380902795125	42.9983354975882	200.912655271209	168.217017261215	148.056953832255	67.2427674925971	1	1	133.344053690499	73.5199942778634
TRIB2	43.6059002622382	1	49.5096512080848	1	1	1	1	27.1411308582045	40.7879707049642	23.937739477103	1	1	1	1
TRIM2	1	1	1	1	1	1	1	1	60.4551800534221	1	1	1	1	1
TRIM21	16.7410432170614	19.8385902232926	29.6904397668884	1	66.7954812142371	1	1	1	1	1	1	1	1	1
TRIM22	152.955809511742	138.327309642391	235.236363769341	230.407598030694	107.421990132801	80.2236199066283	1	75.1491767141625	30.9902998395751	106.277416713776	180.975141095186	448.559627685987	1	220.360386360292
TRIM26	70.7037900604945	43.8370065999913	72.4726979295359	87.6349082954776	25.0317916871814	43.112963105001	35.2106155789972	48.8161491649171	36.0092292505282	45.3181681164561	1	1	1	117.054862766636
TRIM29	1	1	1	1	1	1	1	1	104.294785779392	1	1	1	1	1
TRIM34	1	23.6806242600694	19.8409128849633	24.5818875057184	25.0085030555299	19.3007294656878	1	1	1	1	1	1	1	1
TRIM39	35.812657309432	1	20.7728946533887	34.0662003758877	29.8600074928313	1	1	28.9407973748413	1	1	1	1	1	1
TRIM47	1	1	1	1	1	23.7309299890661	1	1	27.4291806732734	21.1948189842267	1	1	1	1
TRIM59	17.7172164549208	1	19.3633494058253	1	1	1	1	1	13.8092891752019	1	1	1	1	1
TRIML2	1	17.945694591743	31.3464368523818	1	57.2328194449787	1	1	1	1	1	1	1	1	1
TRIP10	1	22.7570438361004	1	1	1	24.4253721549933	12.066292406863	37.7533801947187	34.6555594152212	60.9891318588795	1	1	200.462476514804	1
TRIP6	1	27.5570662818302	1	1	1	48.2460003540345	15.0021466865536	1	65.1125275735342	49.069132052858	1	1	1	1
TRMO	24.0375201377854	1	13.7262536839008	25.7801445788874	1	1	1	17.0656126007855	1	1	1	1	1	1
TRMT13	1	1	20.4945152268741	17.6248035451011	1	1	1	1	1	1	1	1	1	1
TRMT2A	1	17.2700171140853	18.955514753539	1	1	16.7374480430896	35.969757173159	21.6271432140786	18.0832538500622	1	1	1	1	1
TRMT6	39.5591317603064	44.4379687955719	37.1991554494495	28.8245820778715	1	18.3636433651057	1	43.2032262035041	48.3914023218599	42.6822073839182	1	1	1	97.8317000897841
TRNT1	1	14.1025440999502	14.9665375936937	17.761189436644	1	1	1	1	18.8307643548189	1	1	1	1	1
TRPS1	34.6606413357956	70.7798599323479	22.0516282320241	1	1	61.1870303851657	1	20.608208670564	31.9242450395625	44.9891736828029	1	1	1	1
TSC22D1	1	83.1094423314156	27.0577266171413	1	1	103.060822299944	1	219.081559023959	200.527546050626	93.24574603039	1	1	1	1
TSC22D2	105.523837092586	65.3782692521207	45.0364066660485	111.236987660086	23.9610333309745	86.3845566127192	33.0248548140086	238.191711996269	126.485503117391	80.825287353771	149.787658629976	1	1	1
TSC22D4	46.1909941282321	58.6009914616638	96.2924131660478	31.3400800419469	244.193509773891	28.7790406446786	1	43.1067157103549	20.2470802543644	30.4930037607921	1	1	1	1
TSEN34	17.753978788442	52.5077519369334	26.2719770940376	1	356.015523155208	31.794566603364	18.9065310638561	11.3047466950127	80.6933044359934	28.7597048899484	1	1	1	1
TSEN54	32.1193514958902	1	87.3177788926654	1	1	1	1	43.1557693757028	35.4959988884795	13.9779197425531	1	1	1	1
TSKU	1	1	1	1	1	1	1	11.8897544827471	35.7834079989229	1	1	1	1	1
TSPAN1	1	1	1	1	1	1	1	1	49.3156942110691	69.4008811718963	1	1	1	1
TSPAN13	1	47.9744026809612	1	63.031377459084	1	28.1328535345075	67.968428176864	49.2556623868969	261.042753032313	115.857750811525	1	1598.99527100783	196.086795374294	1
TSPAN15	1	1	1	1	1	1	1	1	1	12.8540886773704	1	1	1	1
TSPAN18	23.8471754069857	1	1	1	1	1	1	1	28.1234425632695	1	1	1	1	1
TSPAN2	1	1	26.5145731799458	1	67.9039607737787	1	1	1	1	1	1	1	1	1
TSPAN3	29.6066656816925	138.991885088892	63.1084432975576	106.377148619402	84.204629238186	107.334184994325	83.7933995285942	70.1911721417652	127.28605419567	155.967407067364	1	183.698596606805	1	1
TSPAN32	17.4799263105569	25.2765200774323	105.99552980591	1	1	1	1	1	1	1	1	1	1	1
TSPAN33	1	1	1	28.3393471492825	1	1	1	1	1	21.106746811297	1	1	1	1
TSPAN4	1	24.2682473319728	1	1	1	119.08773916723	1	1	13.023069151861	26.9649440741836	1	1	1	1
TSPAN5	44.4850461033104	1	18.1035296921753	1	1	1	1	1	1	1	1	1	1	1
TSPAN7	1	1	1	1	1	1	57.6178757009631	26.1161658615874	23.7403723511663	1	1	1	1	1
TSPAN8	1	1	1	1	1	1	1	1	12.9246151237187	90.9017797908137	1	1	1	1
TSPOAP1	1	1	41.0087556981762	1	1	1	1	1	1	1	1	1	1	1
TSPOAP1-AS1	27.6648908307733	1	60.609459919331	1	1	1	1	1	1	1	1	1	1	1
TSPYL1	108.434263191936	28.3972701009133	49.9672971969523	127.78790797331	25.1329943517777	26.6455744978267	21.6502252559645	73.1424795030268	66.7986689653995	37.2893572946304	1	1	1	1
TSPYL2	150.153246118598	17.4848080308833	28.7277080100402	79.4452312937276	1	22.9807415177505	31.481844465533	261.014959740892	80.672005655979	26.4228412620527	1	410.566042941716	1	1
TSTD2	1	1	23.6312362060837	1	1	1	1	1	13.7706589922917	1	1	1	1	1
TTC13	1	1	21.6424241755828	1	1	1	1	1	1	1	1	1	1	1
TTC16	1	1	22.1417712251679	1	1	1	1	1	1	1	1	1	1	1
TTC21B	1	11.7595817546969	12.713538725483	15.4364409479977	1	1	1	1	1	1	1	1	1	1
TTC22	1	1	35.315727510522	1	1	1	1	1	27.5286464999069	1	1	1	1	1
TTC28	1	1	1	1	1	1	1	25.994224523216	35.4498293897243	1	1	1	1	1
TTC3	158.25549240168	122.511287230637	161.033128879611	155.487422200315	184.583927703782	117.159424315803	112.788384987476	115.546514860873	117.390230080045	99.5768224210817	93.7852947571835	234.760152448531	1	1
TTC32	1	1	19.388320083606	1	1	1	1	1	1	1	1	1	1	1
TTC38	1	1	155.479076723077	1	1	14.456229419716	1	1	1	1	1	1	1	1
TTC39C	58.9632148057598	19.752092219796	28.0415507979077	1	1	1	1	1	24.8613252024626	1	1	1	1	1
TTC9	1	1	1	18.8562479815751	1	1	12.0529638394534	1	11.9690843616641	1	1	1	1	1
TTLL12	1	20.2739056919134	1	1	1	23.0261178071423	1	1	46.7245466098621	32.4803673308368	1	1	1	1
TTTY15	19.4418592468804	1	28.8262288715935	1	1	1	1	1	1	1	1	1	1	1
TTYH2	1	16.0399709069953	1	1	1	1	14.44394050566	1	1	14.3566593622377	1	1	1	1
TTYH3	1	119.869505348757	33.6194550200927	24.4416626218902	1	303.496830773266	43.650057412805	39.3189636381484	46.0323389034495	120.310233566358	102.166388264998	1	1	1
TUBA1B	487.476745626654	641.662614323414	303.59998683907	470.880149137809	106.567584907273	1496.51418496253	162.43738973208	502.031114634255	697.160436229471	2188.34941873365	2584.29700912694	1195.07712867154	1301.54829209452	1963.49289071295
TUBA1C	79.9608999988738	120.550499206	34.3789140073799	49.5556899516278	17.728377642032	299.778706604013	41.9838546953796	149.113588401872	318.919275683149	256.705537636819	168.874848342979	1	651.395199901096	222.081558611909
TUBA4A	157.977576964769	33.7705312058485	68.1783783972557	78.6095694236621	246.792021082065	1	29.6399758905845	126.394281248145	16.7067419529704	17.8621559982337	1	1	1	1
TUBA4B	48.8143730214766	1	23.0827650899857	18.5501771113218	80.5856547183343	1	1	14.3948681188735	1	1	1	1	1	1
TUBB6	1	62.656775964248	1	1	1	91.2074325187373	23.6346249948899	17.9803895504564	73.9226719881444	98.6214231028299	1	1	333.183515053947	1
TUFT1	1	1	1	1	1	1	1	1	44.8331514466687	25.3131908847167	1	1	1	1
TUG1	87.1890950292145	118.819827043242	118.837190878512	90.4396718548693	92.6773406175744	66.8004504616424	42.6524358430738	80.8107888820842	163.060435802508	87.2538494827937	1	199.003267591752	1	1
TUSC3	1	1	1	1	1	1	1	1	52.0646285446273	1	1	1	1	1
TVP23A	1	1	1	1	1	1	1	1	1	16.1704445318424	1	1	1	1
TWF2	38.3969243005932	88.4621846459021	66.9810762149866	25.1090102019623	84.0147302603577	82.884513193452	1	1	16.6289768008882	101.33145062628	140.399609686469	1	1	162.624542264678
TWISTNB	38.6684000256993	35.3682970098816	31.1405119138475	48.2222581643391	1	38.4816387845149	1	123.620488678222	56.9879597709661	26.1932523252249	1	1	1	1
TXK	24.4878904341609	24.8344482791387	125.564207298071	17.3317948494165	49.8078739897654	13.3199764494066	1	26.9579031983758	16.145600316667	1	1	1	1	1
TXLNG	54.5921005346913	18.5262068229549	22.5698899955353	49.7621905663607	1	14.2067131002447	1	45.6857633573768	37.2296781450039	13.6959547038434	1	1	1	1
TXN	131.404772466367	214.908549312917	92.819951874907	61.6248093471632	451.973548943763	403.451486546427	95.035561848686	245.922961763004	972.523270434476	349.944448284883	285.843675182526	1205.82877973007	3407.79581545676	1039.28091342145
TXNDC11	55.4208640578859	54.3806909353454	34.8106901500907	32.9656111254728	24.1843470563692	63.3740004912067	226.506634382252	53.0846454231998	56.5278396060754	61.3892783036649	1	1	255.527929008659	1
TXNDC15	45.4233349375926	42.6635094423698	75.2092235799898	45.9281481654486	25.2475290822319	34.3651494448346	171.470102482372	59.4094446744025	39.1654951041396	31.6338752678641	1	1	1	1
TXNDC5	1	32.0783023656506	12.9532611471187	42.6104990483401	1	38.2061050179181	1359.33208174439	21.8144543774344	79.9908171170219	39.5801832668283	1	180.904112313875	1	1
TXNL4B	15.7615576703072	14.0706883137722	1	22.2225038411393	1	1	1	1	18.8971985826954	13.3956747713953	1	1	1	1
TXNRD2	1	20.0048643514954	1	23.0503513359774	1	22.8171342900757	1	1	18.8059087160488	1	1	1	1	1
TYK2	54.6830892914098	93.3716324488412	92.8060730761637	37.5041143941723	140.283248467137	49.5292889223488	44.4281011910025	67.2185820031356	42.8348698576836	62.8739340842284	1	1	472.685615543008	104.481272894618
TYMS	1	1	1	1	1	1	1	1	17.6681433805227	35.9043586696484	1	1	1	1
TYROBP	32.3088748855312	2073.02943966633	1155.90393846437	1	2636.08083435546	2366.66920943045	23.6142335423806	642.223401941465	143.159116289553	1706.841785037	2338.74954776461	1538.93409016807	1861.90935794332	784.042805657453
U52111.1	1	21.5691436116808	22.622513813735	1	71.4867708032116	10.9556514727394	1	1	1	1	1	1	1	1
U62317.5	1	1	1	1	35.8361791620324	1	32.0921050610622	1	1	25.7066966314307	1	1	1	1
UBA5	15.790011375379	1	23.5799418821824	1	1	13.1874473684789	28.2717352330012	20.9589024811959	26.9353702579239	19.7015702072936	1	1	1	1
UBALD2	210.179899113879	120.865088385931	187.185682318985	163.316448291094	650.568474784558	88.7606341816355	180.084733088075	144.766045779629	117.094329167348	124.670038982014	1	247.415494889935	1	1
UBASH3A	20.1272579813645	1	1	1	1	1	1	1	1	1	1	1	1	1
UBE2C	1	1	1	1	1	1	1	1	12.7094744450645	23.1582626782143	1	1	1	1
UBE2D4	1	1	1	1	1	14.6489003813574	1	1	1	1	1	1	1	1
UBE2E1	33.5727097061218	63.6332367814978	42.5165354454702	58.0416256902362	27.2810871516074	60.5521007695613	23.9986604979052	37.724848164945	52.898282383217	68.1113219922866	182.225423477976	1	1	1
UBE2E2	1	16.7101875038612	1	1	1	19.3492522718622	1	1	1	29.3222351523296	1	1	1	1
UBE2F	22.7485849155706	53.2224623468406	107.249349091232	23.5120596742231	39.2528655542532	56.9732981176028	20.7776167390222	14.1985062526978	42.5444480502334	51.6208574896078	1	1	186.726009285545	1
UBE2J1	77.7638640467552	112.545207869054	78.1626719316938	115.632274007725	131.375055631892	81.6623078386962	365.453694146001	107.606667834625	77.0413109827758	116.347515718264	1	329.681664809493	1	1
UBE2QL1	1	1	1	1	1	1	19.5363349966828	1	1	1	1	1	1	1
UBE2S	147.401943509192	44.2382443606366	44.8730383844305	92.2918309068191	23.4534417343838	77.8621920502699	33.33528454202	93.2185486569538	85.6002608190403	60.4671903023935	91.9060695269841	168.516141618548	1	1
UBE2V1	118.662743616845	124.35865300815	173.282784452136	87.6063989187681	52.8148378959312	95.8140556981621	57.1694098279528	115.072830379213	105.824754149513	105.044823848433	236.011186083758	1	1	129.66173380123
UBE2W	27.4689397576826	61.6213642089968	42.5647862507207	21.6549219546289	121.779299746856	56.3461201696986	17.7853132259209	43.2812676573145	55.1553148016956	84.3963897358934	87.2734893292745	1	1	1
UBE3A	92.2905415952844	91.9447317118213	137.359828376359	105.176697061968	19.1339945530163	101.967828078162	50.8849312724228	92.5292489946264	116.054638484226	70.9532770631387	1	168.465496247209	1	1
UBL3	95.2982932552976	87.6107392524414	97.5809673121605	69.3598674933318	103.08493391075	89.7463914612991	29.0333410867308	54.1893549701756	32.35832381899	128.411430556382	135.412973825464	154.209716046815	1	1
UBQLN1	100.276935129775	89.3373106754808	102.036685347547	121.202708836821	51.5970981598342	88.8386663746638	36.9038048142759	132.207666042321	104.782230533868	80.0025507773243	1	1	1	172.76123794411
UBR5-AS1	1	1	1	1	41.7667149436954	1	1	1	1	1	1	1	1	1
UBXN1	135.195334723829	124.232166613895	119.202038772713	142.716815141449	62.28515753435	89.6433889603392	42.804546406491	86.4357404911539	68.6512613487773	88.0779927682626	117.068614349818	1	308.088712905142	189.632277334607
UBXN11	1	17.8276556183484	1	1	1	1	1	1	1	1	1	1	1	1
UBXN2B	15.9197373518691	40.3546098838166	34.1295100187743	1	157.57785732923	34.0011924203285	1	1	24.0863006323145	35.3182192081714	1	1	1	1
UCHL1	1	1	1	1	1	1	1	1	563.163810760704	1	1	1	1	1
UFC1	90.9795282559592	87.0746274167456	128.80888110172	95.1521416280495	19.602265950897	77.8452293940814	68.5195827326277	117.968305724756	77.5109026402928	84.0096460942371	128.271489119423	1	1	1
UFM1	83.1061136986037	86.3048837615607	97.1358643364695	119.928444828664	24.6710875975573	79.7852523818684	174.016874343795	107.026639871532	131.951360601102	105.799373776941	1	198.840383895242	1	1
UGCG	52.9374686715949	47.4102322680149	28.7290121311985	72.7991415068606	34.2349886300189	91.6045550670299	21.4158820235928	91.1919948554105	103.096041584062	125.809744040401	1	617.826653608391	227.371350574125	1
UGT1A10	1	1	1	1	1	1	1	1	44.5943762833719	1	1	1	1	1
UGT8	1	1	1	17.8430211183869	1	1	1	1	1	1	1	1	1	1
UHRF2	32.2768930835353	12.2928483947702	22.5595521934221	26.5581648786006	1	1	1	23.6135086707838	17.4763733425459	1	1	1	1	1
ULBP2	1	1	1	1	1	1	1	27.9656717026738	1	1	1	1	1	1
ULK1	40.6332189408718	73.3721000484555	42.540812880044	24.5479195890568	231.996601310094	26.2232326309803	23.411517888226	38.318155818996	46.2702311277633	39.392981178309	1	168.153232778554	1	1
ULK2	1	21.06593333454	14.8487448309983	1	1	12.22154487573	1	1	1	1	1	1	1	1
UMPS	16.9769178843671	1	21.5552787128934	18.9126046060243	1	1	1	1	27.2705869660134	1	1	1	1	1
UNC119B	1	1	1	1	1	1	1	22.3607325805209	33.0044368245968	1	1	1	1	1
UNC5B	1	1	1	1	1	14.0520481687449	1	69.3249997610174	35.0177993529278	68.2223414628525	1	1	1	1
UNC93B1	1	135.955830953373	18.7474871693328	52.9194686404768	66.9447436563581	179.10670030954	52.1888446072093	28.8817436990491	46.877203414258	123.33347376031	1	443.490900255048	1	1
UPF2	35.3356535015955	39.2661947993427	55.9024971516997	65.5380913290185	82.8962131087877	25.8401242611169	34.0324993408588	56.0489217160098	42.1847117882739	32.622528552228	1	1	1	132.773976268588
UPP1	47.653344476233	153.741152711658	81.6838439184967	15.4527735549335	85.9161966912769	177.815541960566	14.979433503829	75.5217478369455	46.220003577767	192.15058175311	140.578189918484	1	1	1
UQCR10	65.9141952675041	95.8860372910784	83.2543263500799	45.1754519454432	47.2671764243157	99.5034644439416	30.6923481777827	58.4117331337154	123.516958441527	109.760358961818	174.489336750504	1	1	79.1830714092881
UQCRFS1	56.5073050397346	68.1000967579942	70.7309639682045	52.2321512697002	1	63.8085496264701	29.8073313493804	36.9103598578505	88.8040926008647	69.1193900135975	1	1	1	153.780750170616
URB1	1	1	14.8266073894216	15.6380679597365	1	1	1	1	13.2092771665783	1	1	1	1	1
URGCP	1	1	21.705391684671	17.5508835099179	1	1	1	1	17.8353139100904	13.3845497666382	1	1	1	1
USP10	51.4403064188435	53.2581110434833	41.5682116825715	56.8028457468596	694.434106307818	28.3682102555916	14.1781662985757	26.6545173281571	46.9041550031351	35.1152911268187	1	1	1	1
USP11	88.5651104428018	26.5115983657454	92.3263712470601	123.605893406767	1	42.4988465468725	40.4552244275862	110.330411241923	63.2196811719469	55.4975027193938	1	227.798621518233	1	1
USP12	31.6567293008555	27.3976442613555	21.3893844067253	50.1688647019778	1	33.9993950581883	22.8660556819923	26.1019655772519	20.8481550122402	36.9936754637808	1	1	246.1131025252	1
USP14	74.0548160911876	52.5505588679778	75.2884903989316	61.5950039180491	20.8174007957728	66.9522122118926	44.6814300606537	65.3394208284497	72.6895472266038	64.4619109235126	1	1	1	130.579478247228
USP20	29.3739317644912	12.0400545816467	32.3252603616621	1	1	1	1	25.5388661480924	14.4920355071694	1	1	1	1	1
USP27X	1	1	1	1	1	1	1	1	40.1791221077704	1	1	1	1	1
USP28	24.366784151018	19.3248762056951	176.158970407321	27.5956372150561	1	13.7076975138283	1	22.9207531437007	23.9743500180893	19.2944060169084	1	1	1	1
USP36	246.38834912488	101.611947032416	70.1718863799415	212.10700799155	57.9211652426294	115.902634886708	36.3069411643627	126.370431941435	58.0990497095828	148.521075896698	155.640293728515	561.880351880005	1	1
USP6NL	1	17.8093881929456	1	43.1861593236312	22.1300163216316	19.1702505307431	1	13.7679379470203	22.0509486222528	26.6672708153203	1	1	1	1
USP7	88.3027125554225	64.0780211478033	115.903366545224	94.3076033054071	57.6338964645662	49.1498208203974	37.5014030004229	63.7251882371456	43.1323620253191	61.4163463724876	1	137.622330804506	1	1
USP9Y	18.5668830710119	1	23.6691775388437	1	1	1	1	1	1	1	1	1	1	1
USPL1	1	1	1	20.3099872023158	1	1	1	21.1769844863886	1	1	1	1	1	1
UTP14A	1	17.0626649341009	1	1	1	1	1	1	20.7209701007402	1	1	1	1	1
UTRN	105.03753852578	94.7742721834215	278.821257466237	86.1481685697034	26.1357626767716	67.5846602454747	27.626096966699	92.1575677713767	24.672762131838	71.4005633393525	1	148.216372295116	1	1
UTS2	1	1	1	1	1	1	1	14.2603696925598	1	1	1	1	1	1
UVRAG	26.1786434139829	45.7633893810706	62.2239416239701	58.16603729106	30.8730675671694	34.6230430850782	1	39.0876887548129	27.7669499466881	39.3393707271181	110.917637678597	1	395.184935933371	1
VAC14	1	1	1	1	1	22.6761082223893	1	1	1	20.3748689258005	1	1	1	1
VAMP1	19.3914086282022	1	26.2587178031156	19.3019938101833	1	1	15.1840808469608	1	1	1	1	1	1	1
VAMP3	31.6793643463178	110.122765622472	49.7663518551976	17.4044697655761	105.963387064051	115.030917168856	32.0359652365316	39.919148440099	65.2626327579363	93.4720347580054	102.85449673433	1	1	1
VAMP8	90.4847892442168	196.940146943091	131.198298745192	60.7809958763753	1	328.876891202099	40.9929569451975	88.1001800068459	71.3486664336067	273.560909556445	381.123364726405	305.199004813464	187.25280420103	266.466056431193
VANGL1	1	1	17.7276212983412	1	1	1	17.4811158617064	1	14.5185465185087	1	1	1	1	1
VARS	1	24.1174728562866	21.2837553822513	17.1713129015459	1	24.6089581967436	44.1082468654522	17.8648717934768	31.8607530213177	26.383883238751	1	1	1	1
VASH1	1	39.8760728221404	1	1	1	48.116749617314	1	23.7737026414121	1	130.947559142026	162.368697991485	1	1	1
VASP	56.4553926973315	168.623352347043	111.486153579165	101.364828474858	580.173380124322	109.854125416442	1	104.288265769468	46.243345433486	139.876857770013	395.392650107315	1	1	156.665188909641
VAT1	1	33.1534492504257	15.4763367576002	21.0681433173159	1	281.36542040624	16.6754822960807	83.6166138687471	94.6274058381588	60.8254899359091	1	1	1	1
VAV2	1	26.8776304433848	1	63.8122049964168	1	27.3854464912063	1	1	18.255562080536	25.0947303663118	1	1	1	1
VCAN	1	1421.39359034488	1	1	1	243.268724058125	1	52.7453340407739	48.7953493787388	128.595122486034	1	1	1	1
VDAC1	101.432910817935	124.280680182225	75.9948696000642	65.5742483405296	1	184.003165154357	64.5274476615561	103.288480766879	216.275670794416	217.379515711147	209.705033461441	1	192.043384738462	288.07287676632
VDR	50.4781171328064	225.246810983449	21.6447490970934	1	144.609404123471	94.0475707396441	54.472585178563	99.5335559271222	36.6728021832873	216.723199144873	166.321161423782	1	1	686.070334332933
VEGFA	1	334.059774881796	1	1	165.781438365114	229.275818914543	25.8623785802283	674.35250385986	690.3986663339	450.658242351794	376.045781259235	1	207.540607506219	1
VEGFB	25.7070809996744	17.4807657669081	21.6656178921431	35.3593592116156	1	92.6772700953938	24.2924021783771	25.7058525472095	56.5575612315335	51.6215579750824	1	196.943019733367	1	1
VILL	1	26.0883247433552	18.2620873866812	1	1	1	1	1	1	1	1	1	1	1
VIM-AS1	1	1	16.3175125372151	1	48.4351648067777	1	1	49.690458261005	1	1	1	1	1	1
VKORC1	48.2138999631961	60.1536500603774	42.9800085383203	24.8290641216923	29.4167267216909	112.91505017912	91.311577425364	64.3284872101698	60.2094081188483	72.2057137562087	116.887199218964	1	1	1
VMA21	42.9212482331489	68.3078391837791	63.9633980425802	35.8677539993453	1	82.1223980036676	22.388194641118	27.8455224917615	84.0083113247441	80.8467024536023	1	1	122.372435619096	1
VMO1	1	1	1	1	1	31.1332297739665	1	1	1	34.7777593158648	1	1	1	184.687184542568
VNN1	1	24.6092597296134	1	1	41.643147447	1	1	1	1	1	1	1	1	1
VNN2	1	175.722667004471	63.1921445609647	1	1502.77116883349	13.9517707309799	1	34.9537535167095	1	1	1	1	1	1
VNN3	1	1	1	1	123.037607486569	1	1	1	1	1	1	1	1	1
VOPP1	135.412152598918	81.5034028594339	109.63575078908	254.067699671415	85.4709302613882	142.209125168628	220.990203330921	48.6534167128208	84.3956942627612	168.836367074791	361.675161099934	1	685.853337511872	289.50098214071
VPREB3	1	1	1	204.554242228461	1	1	28.0052634397364	20.5668942519347	1	1	1	1	1	1
VPS13D	37.7773569211291	33.6649287397939	51.4158010978776	27.4253821875723	22.6546842766238	25.487723497799	129.449671590453	26.5692871687757	29.1032449857701	23.8426507956132	1	1	1	1
VPS37B	163.068784018291	77.5184746252404	133.573768501799	209.18780013109	110.476075348964	45.4227864617392	46.3134048108758	156.163742164475	88.3484665827215	65.1111756450438	1	1	1	1
VSIG4	1	109.350690880483	1	1	1	655.684483952746	1	1	1	125.607724721387	1	1	1	1
VSIR	60.532645178159	275.509206182666	71.0143899492795	17.1997439056965	691.30393681695	61.7173782351551	55.2020604333025	52.9956728437044	14.1275538805457	104.168817685578	1	1	1	114.012114394025
VSNL1	1	1	1	1	1	1	1	1	29.0643943282752	1	1	1	1	1
VSTM1	1	41.398772589021	1	1	1	1	1	1	1	1	1	1	1	1
VSTM2L	1	1	1	1	1	1	1	1	38.4297844971468	1	1	1	1	1
VWA1	1	37.2468002956434	1	1	1	1	1	1	66.2462593107311	34.7010761291283	1	1	1	1
VWA5A	1	23.8145354811435	1	1	1	40.6014247350112	1	294.139899562407	393.549534830917	18.5913256802385	1	1	1	1
VWC2	1	1	1	1	1	1	1	17.7694759290218	1	1	1	1	1	1
VWCE	1	16.6149388125529	17.314784093006	1	29.4504713068998	12.374438380886	1	38.5309728471573	1	1	1	1	1	1
WARS	29.6543552054165	331.893360420088	40.9705769356065	18.2885558399778	63.3308240620552	174.770401004032	90.8631978431446	58.4109571649334	85.4802468060144	350.093995840901	314.239434972035	157.579154462113	308.89055717516	863.5749863024
WAS	123.298444840062	236.414660050877	187.014242428571	116.812183916695	630.321205787697	113.484390677129	28.0458138865746	65.679731449697	19.0571096260738	150.126011776426	113.1400854871	1	1	213.961943449959
WBP2	61.8085070209944	96.6382667487665	81.2299266286167	79.8160231713028	261.862239285469	136.910080754741	44.3616130846461	171.811248145896	106.658971051684	93.592380972678	143.022860280858	1	1	1
WDFY4	1	21.9851082146896	1	87.1221676980055	35.3846509151292	23.6409819422335	1	42.7615803054347	1	23.4121179109929	1	126.853152673119	1	388.873823262553
WDR3	1	12.6128176785165	29.5981004318373	15.6806901801351	1	1	1	36.3585590411308	21.3092538685273	1	1	1	1	1
WDR60	1	1	23.4355249599306	1	1	1	1	1	1	1	1	1	1	1
WDR72	1	1	1	1	1	1	1	1	30.9042724194187	1	1	1	1	1
WDR74	50.508559918358	15.0069263433001	26.901128486629	78.3869581244467	1	18.1955771310919	16.921248192767	1	19.211938932494	12.4018812267754	1	1	1	1
WDR75	19.0007707960785	14.7525013525329	20.0949055573157	27.4353487037825	1	1	1	1	19.0035322588528	1	1	1	1	1
WDR89	18.6193489349974	1	30.9054101687312	1	1	1	1	1	14.2227718505799	1	1	1	1	1
WEE1	22.0323056670337	20.9537620022496	17.3193596317019	99.9523959201108	1	1	1	22.1288696247304	101.448609178138	18.904531353135	1	1	1	1
WFDC2	1	133.651218882035	1	1	1	1	1	1	190.32009694396	56.3272944255428	1	1	1	1
WFDC21P	1	1	1	1	1	1	1	1	1	123.045142536508	648.572743961735	1	1401.28194579713	902.131166317225
WFS1	1	1	1	1	1	1	29.57151508614	1	1	1	1	1	1	1
WIF1	1	1	1	1	1	1	1	1	36.0675282936219	1	1	1	1	1
WIPF3	1	1	1	1	1	1	1	1	39.7585116048468	1	1	1	1	1
WLS	1	31.7849423826089	1	1	70.8257182775896	22.578211777583	1	1	38.625207754177	25.7546557015731	1	1	1	1
WNT10A	1	1	1	1	1	1	14.4936603417752	12.2229526859215	1	1	1	1	1	1
WNT5A	1	1	1	1	1	15.1070452679113	1	1	29.1361976604047	25.5372077229682	1	1	1	1
WSB2	24.8320888923917	42.845261235292	28.5254165517467	1	33.3920318292104	55.8249090909998	1	42.5202307722862	59.5682104090766	50.5397068732309	1	1	379.963978149937	1
WWTR1	1	1	1	1	1	1	1	44.9397616973195	138.99910472746	1	1	1	1	1
XBP1	140.430688964095	178.848447012418	376.390641791093	47.9461109728433	57.6526717850824	164.724535288756	1668.62647051202	241.929622712239	375.453785217906	182.23838756187	191.952097112041	988.679186344835	1	1
XCL2	82.8954253865566	1	351.302946733513	1	1	1	1	34.6271983923372	1	1	1	1	1	1
XCR1	1	1	1	1	1	1	1	1	1	1	1	1	1	196.384843288566
XIST	209.169875808437	147.245758442447	67.5888612874275	466.150851662261	1	219.22628498717	236.960876456613	379.087149213881	190.817931029541	185.939017924606	134.709864911393	350.332366362136	1	1
XPO6	78.2170168108214	44.8921495255171	83.0198489028285	58.655588963804	697.03033292836	42.7929136739761	1	42.9304706923131	28.6899717990455	37.671024769964	1	1	1	1
XYLB	1	1	12.8575700521567	1	1	1	1	17.0645596370823	1	1	1	1	1	1
YAP1	1	1	1	1	1	1	1	1	67.229401741144	1	1	1	1	1
YBEY	16.7153933821567	13.6421530199524	27.3657926665837	1	1	1	1	1	1	1	1	1	1	1
YBX3	62.8953650295915	277.764857266097	1	60.606612781626	35.0701818130483	268.644615674529	30.7772271805879	134.079574811878	347.177976698158	253.71116616058	127.995433747002	1	262.191751865596	252.339181593287
YES1	20.5331481611397	14.3896529930379	59.9638278778223	1	1	1	1	76.4447584099935	91.0617680164659	26.6761029310031	1	1	1	1
YIPF2	1	19.1619086601921	19.1206788893281	1	1	21.3915068127987	30.678469198951	1	35.0429226035022	23.3205075044138	1	1	1	1
YPEL1	19.0161829629804	1	111.307315907097	1	1	1	1	19.3488229037739	1	1	1	1	1	1
YPEL3	92.947382390944	100.61207111706	209.404208155674	142.766423614072	879.726677409764	40.173140649747	68.3489196059451	82.9704060106351	43.1885667493095	42.3978753913168	1	1	1	1
YTHDC1	135.606248482165	69.7788773019434	119.365388049033	111.123903699545	137.158007377049	52.8029746966079	40.1524861060606	174.94974365725	71.3635061545144	63.5079525229924	1	135.606115019071	1	1
YWHAH	60.2352207145415	183.060632947132	26.9372112902937	106.043459846896	46.1524179298789	214.989967977172	45.4642064888679	84.5202437275759	141.613449167152	590.194891422458	919.589748350269	1	1	279.452358266332
Z82206.1	22.1151604209663	1	38.8701628647987	1	1	1	1	1	1	1	1	1	1	1
Z82217.1	1	15.2263320628789	17.6228946265626	14.3687273978443	57.5918435337094	1	1	1	1	1	1	1	1	1
Z93241.1	1	1	1	1	1	1	32.4933663051792	1	1	1	1	1	1	1
Z93930.2	1	1	1	1	1	1	17.0204589020198	1	1	1	1	1	1	1
ZAP70	64.910260869287	1	224.7789561325	1	1	1	1	1	1	1	1	1	1	1
ZBED3	1	18.8823267713754	1	1	1	36.3013166980436	16.1647072418467	1	13.1763401755059	20.1004064107884	1	1	1	1
ZBED4	22.0952888639425	1	20.8061294052571	1	1	1	1	11.3274224255435	18.9257752619325	1	1	1	1	1
ZBED5-AS1	1	13.6797313562852	1	1	1	1	13.4081938926974	1	18.7224079687798	1	1	1	1	1
ZBTB10	42.7422313111453	15.0905593419962	17.0906805158971	67.4058748156861	1	17.8048554931766	1	46.6642037701273	35.8301458326035	39.0059027372183	1	1	318.307577971732	1
ZBTB14	1	1	27.2581640411866	1	1	1	1	1	1	1	1	1	1	1
ZBTB18	32.4131097068453	40.1622904805735	15.4473450204384	75.8198290912806	75.7361146499613	14.4621590979127	1	30.3550710647654	21.8657351923164	28.822832830814	1	239.645174018595	1	1
ZBTB20	100.780665646877	45.2879922008761	89.6899526590082	250.733930491047	1	36.8230693870674	61.5595714469112	176.530594205947	71.3318013936073	64.8057711048872	1	1	1	1
ZBTB38	83.5558180899174	33.7687579811811	111.518797314487	37.1300896366069	1	44.6941349261526	91.093814388684	55.9845989711648	96.6744759028418	54.5473808362853	1	1	125.875787886979	1
ZBTB46	1	1	1	1	1	1	1	1	1	16.1739272494139	1	1	1	1
ZBTB5	1	1	20.4308724617842	19.8028654845447	1	1	1	10.8872431197672	22.6868893550116	1	1	1	1	1
ZBTB7C	1	1	1	1	1	1	1	1	52.2355146586931	1	1	1	1	1
ZC3H12D	128.624765855675	18.9677653779313	16.8903518436144	45.4483966784938	28.7924525119111	23.7867015619491	1	31.7066056259652	1	1	1	1	1	1
ZC3H15	90.9154540048397	68.9368674293907	111.560829279857	95.1933628800861	38.8396360691104	61.5384960633071	33.6523609669967	47.3685970369182	102.864699184505	75.2400781706099	1	1	130.933452180486	1
ZC3H7B	62.2705912299466	63.1791238913252	68.5275788832507	61.3645785551393	71.8252525583081	48.1627773796005	34.6564254058675	84.8794280015568	75.2483195911739	59.3354822406157	1	1	128.66128369936	1
ZC3HAV1	428.777991623	159.77763645388	266.370110453203	228.805278682137	128.230379548868	168.089591820917	91.723957388349	308.034637787356	111.588630266757	305.763878150278	307.906283961481	3161.53678955807	576.89722619282	713.737678981064
ZCCHC4	1	1	1	1	1	1	1	20.8174064089532	1	1	1	1	1	1
ZDBF2	16.0892169155504	1	1	21.7691847687033	1	1	1	20.5145966411456	14.207895749481	1	1	1	1	1
ZDHHC14	1	13.8848170988908	31.9618701348097	45.4098960416492	1	19.3091733512275	1	57.6088862788624	1	29.6907598765375	1	1	1	1
ZDHHC18	60.509926950207	29.4235928093629	59.1915972989669	21.3697870574818	446.122065594429	27.055073204171	28.096430457075	37.6300374762707	34.149128864773	38.5654107459115	1	1	191.180417903051	1
ZDHHC21	1	1	13.881646877753	22.8423791826812	1	10.6567640421991	1	9.42975405777308	29.9989874618812	1	1	1	1	1
ZDHHC7	26.559725140758	106.621490564013	36.4858288113357	1	49.2803802560683	69.0703655817962	1	19.3965211359935	22.3806604400564	51.2911769323835	1	1	1	1
ZDHHC9	1	27.6536911035951	1	1	1	17.1007961510592	18.1251959264667	14.8920811228436	103.436939362048	33.8665992212813	1	1	1	1
ZEB2	67.5744541499134	300.335701464083	271.582397532094	62.8064639367006	101.932117369854	202.034205233048	1	182.785167770806	87.7735669494033	148.624924000082	1	1	1	1
ZFAND2A	35.0688382207401	28.3432633948862	20.0784635473823	22.7751852855365	1	38.8736291570348	51.5121780647966	329.03787653507	94.8287412676361	53.5811630171883	1	1	1	1
ZFAND3	56.2978891211751	101.748715858198	85.3363066428415	41.2651957796114	162.09894805399	87.4510392484765	29.0584839688959	59.5051456672713	100.130113269862	80.4555007640451	135.429813698335	1	1	1
ZFAND5	271.001789004166	321.843883294796	128.560229953193	196.678484219206	214.675949332376	646.034127684193	103.223953031364	617.805635407864	311.688748050353	423.424348565978	612.221797805626	226.306651986325	1160.66689946881	248.628618658351
ZFAS1	374.302380999387	374.259549594567	147.17477346881	662.257740521968	303.99385446492	239.040979135384	61.398518704821	355.571570951735	360.56957274258	269.503840882945	584.677441931008	297.170416844826	1313.86944908501	469.194399353342
ZFAT	1	1	1	1	1	1	17.5604919469733	1	14.4595051854604	1	1	330.57616142835	1	1
ZFHX3	15.2318430165254	80.4956913332006	23.5039944538801	23.7957253362144	26.1463607068365	93.000475311269	1	42.9254551149386	78.3616227567357	88.6489016457521	84.1271807848684	1	1	1
ZFP42	1	1	12.615028508679	1	1	1	1	12.8510631140854	45.509735178522	1	1	1	1	1
ZFP62	1	1	24.6729809334765	1	1	1	1	1	1	1	1	1	1	1
ZFP90	27.7924090867755	13.7838061918483	71.0657640351346	1	1	12.5483986574213	1	23.3412208786168	1	1	1	1	1	1
ZFPM1	17.7413940415511	15.9381534714279	54.1883220177065	1	1	1	1	15.7526715839326	17.7281085766891	14.5425439823622	1	1	1	1
ZFR2	1	1	1	1	1	1	1	19.0419014421656	1	1	1	1	1	1
ZFYVE28	35.4004082108011	1	69.3160329857868	1	1	1	1	12.1058906788851	18.627751497501	1	1	1	1	1
ZHX2	31.9507448162994	1	29.6019419615598	47.7302481195941	22.4091132579906	1	20.8841715267642	10.6713883974085	16.0248199500175	13.376843377097	1	1	1	1
ZMAT1	1	13.3232492017091	19.3367615488481	21.9925260363652	1	1	1	1	1	1	1	1	1	1
ZMAT3	61.4758740524629	62.8221316980925	103.181931289555	39.0670607591128	81.0161803903544	46.1957571227172	22.8510286414881	40.8665181119268	71.7067227492096	48.7319341796121	1	1	221.831642444848	1
ZMIZ1	20.6353528635664	67.7433381800625	26.4410659913109	25.7974977391324	70.6978856622568	79.0959219996651	1	50.707465599476	63.2935000801644	100.603416797322	86.6681007832909	1	1	67.0707541130084
ZMIZ1-AS1	1	1	1	1	1	20.2239896519143	1	1	1	1	1	1	1	1
ZMYND15	1	1	1	1	1	15.9385872480604	1	1	1	1	1	1	1	1
ZNF10	17.8477834992285	1	1	22.8452963849648	1	1	1	22.9945925938644	1	1	1	1	1	1
ZNF100	1	11.2249919547009	16.6752999627393	17.9310731537442	1	1	1	1	1	1	1	1	1	1
ZNF101	89.3345206993334	89.8662279116539	118.00453670912	75.3734919916866	187.813439684689	44.8046109642384	20.4567476463198	83.0434700802017	58.3227170838954	50.5744646302006	1	115.624840793633	1	1
ZNF106	63.2612695105126	173.795759620011	99.2074949938584	84.6250850173701	245.720508189586	87.5192066224117	25.837884295512	75.595978284307	64.2440179176992	94.5233069849461	139.039623266505	1	1	1
ZNF107	1	1	15.9785467477722	31.3121437266195	1	1	1	19.9929468745716	1	1	1	1	1	1
ZNF134	21.6358468012254	11.2992019298894	26.6647675352172	26.7638962582921	1	1	1	1	17.6003556754866	1	1	1	1	1
ZNF14	20.5989576137642	1	1	1	1	1	1	1	1	1	1	1	1	1
ZNF140	1	1	1	17.2493375199647	1	1	1	18.8850091037966	12.0562841489124	1	1	1	1	1
ZNF165	16.915489895962	1	1	38.9138530952329	1	1	20.1063324112934	18.2013210802708	13.1672138646434	1	1	1	1	1
ZNF174	1	1	18.5239213077455	1	1	1	1	1	1	1	1	1	1	1
ZNF184	23.8050490473302	1	1	1	1	1	1	31.6625854472634	1	1	1	1	1	1
ZNF189	1	1	1	20.6360841970338	1	1	1	25.5156550579201	21.2039779546004	1	1	1	1	1
ZNF213-AS1	1	1	18.5881694876311	1	1	1	1	1	1	1	1	1	1	1
ZNF215	1	1	1	1	1	1	19.353540800597	1	1	1	1	1	1	1
ZNF225	40.3424325441041	26.0710626220988	38.7126743690343	29.2582685487594	27.5190244669935	12.1781005824865	1	22.9259434631285	12.5375053662771	12.0198689640925	1	224.273978177638	1	1
ZNF227	1	1	26.0215230943967	16.5797694858754	1	1	1	1	15.4128500071375	1	1	1	1	1
ZNF257	1	1	22.9274203899131	1	1	1	1	1	1	1	1	1	1	1
ZNF26	70.7950930177017	97.2773490171731	102.760156779981	74.1604425554987	163.53270117907	59.3517086359639	23.1787609013126	107.738272835406	65.3418835049178	55.7139886615157	1	158.308841054177	1	1
ZNF260	1	1	31.0055947271613	1	1	1	1	1	17.2572162404017	1	1	1	1	1
ZNF266	21.398168542125	12.838905962359	35.7428364720097	1	1	1	1	44.7811977096428	1	1	1	1	1	1
ZNF267	51.9889746639533	55.0317289279363	20.7905428643758	35.3841437588413	144.962892244289	74.576823176789	1	116.249914540788	33.6412957064261	67.904077116679	1	1	276.298824336042	1
ZNF275	23.5299850868145	11.3031681638344	19.5402923301672	24.9862174035377	1	1	67.4237403620081	22.3215064249061	18.3292337604075	14.6945201038531	1	1	1	1
ZNF276	43.6994717332913	35.6957979488476	188.783425334195	22.844537309797	87.5038901084634	16.016821030239	1	27.2374137994207	17.5646600299932	20.535686244012	1	1	1	1
ZNF296	1	1	19.0330119651924	49.184059190819	1	1	21.4702588365938	1	1	1	1	1	1	1
ZNF302	1	1	26.5026328739563	1	1	1	1	1	12.0084837899419	1	1	1	1	1
ZNF319	1	13.0678876044142	26.4389331750023	1	1	1	1	1	1	1	1	1	1	1
ZNF331	815.922949034811	347.859406165687	171.151556817558	728.341564846326	1	827.074442388536	140.84204348966	834.544143761673	259.93059004893	612.969515951792	813.698134431702	3136.17418111775	198.493462057838	385.355015458712
ZNF337	1	1	28.1084754814015	1	1	1	1	1	1	1	1	1	1	1
ZNF354A	1	1	1	1	27.0809305064285	1	1	1	1	1	1	1	1	1
ZNF385A	1	69.01492822655	1	1	1	69.8892716482911	1	1	31.6365229385185	53.2015347091915	102.738571526768	1	1	1
ZNF385C	1	13.1549351124289	21.2608316691195	1	46.1619464191329	1	1	1	1	1	1	1	1	1
ZNF395	30.178147441578	27.393191671605	29.390185049532	83.6356614581725	1	25.8933364863251	21.3934466598898	36.1900378102082	50.0527341683665	14.8486204301799	1	1	1	1
ZNF420	1	1	1	1	1	1	1	18.6499560218307	1	1	1	1	1	1
ZNF429	1	1	16.1145555648328	1	31.2822065713837	1	1	1	1	1	1	1	1	1
ZNF43	1	1	28.7445394715613	1	1	1	1	22.3731881455155	11.3124312265151	1	1	1	1	1
ZNF431	97.56150955424	117.932519181224	168.051090366137	103.413620339946	209.022192904321	79.544898377069	38.5692508415621	135.102159289354	88.9911185457931	80.2104808997753	1	177.297121352689	1	1
ZNF432	1	10.9618706666051	19.4532055248434	1	1	1	1	32.685891449436	12.6738968250095	1	1	1	1	1
ZNF438	1	15.3477142305736	1	1	41.8251631730167	15.6666303804558	1	1	1	1	1	1	1	1
ZNF451	99.3632263190139	81.79560881043	109.265128929046	112.97157379358	39.6616948399889	52.2793080447668	52.7661785510509	107.083025006822	84.9369008392877	67.7680766109413	1	180.203143385046	1	1
ZNF467	1	30.9301443153652	1	1	106.142325803449	1	1	1	1	1	1	1	1	1
ZNF503	1	36.7856658521353	1	1	1	32.1720368071949	1	17.6646554923636	51.9724859517485	54.6217586323046	1	1	1	1
ZNF507	1	1	28.7066607552265	1	1	1	1	1	12.5585022884612	1	1	1	1	1
ZNF516	1	21.8448832185557	13.8863030522836	1	56.2140149820641	16.9857646283422	1	1	1	15.4925950359329	1	1	1	1
ZNF518B	17.0131297441928	10.9400507217903	21.8516272293629	29.0679151740429	1	1	1	1	23.4926441102656	1	1	1	1	1
ZNF521	1	1	1	1	1	1	1	14.9704668916341	1	1	1	1	1	1
ZNF524	1	27.2201042021416	1	1	1	12.9825442710575	1	1	1	1	1	1	1	1
ZNF529	15.0281594902018	1	1	18.5875327236197	1	1	1	11.1012403887505	11.2584538019595	1	1	1	1	1
ZNF532	1	14.8654783886534	1	30.1257990112184	1	18.7758244663355	1	18.0306174958746	38.6012366763285	19.4349501319535	1	1	1	1
ZNF548	1	1	17.3833222686552	18.5092216078618	1	1	1	23.6354191728212	1	1	1	1	1	1
ZNF567	1	1	15.0728263352929	1	1	1	1	20.1775155735855	1	1	1	1	1	1
ZNF569	1	1	18.6139355737547	1	1	1	1	1	1	1	1	1	1	1
ZNF571	1	1	1	1	1	1	1	20.4173139969872	1	1	1	1	1	1
ZNF573	1	1	28.812169934894	16.8970810796345	1	1	1	1	1	1	1	1	1	1
ZNF581	1	20.1532018479566	1	22.8813732425757	1	1	14.9910101288794	1	1	16.2333224979639	1	1	1	1
ZNF585A	1	11.2459704223923	26.4033843781397	25.5372871368947	1	1	1	19.9822721255548	1	11.0860598857772	1	1	1	1
ZNF589	1	1	1	14.7698334665846	1	1	1	1	1	1	1	1	1	1
ZNF593	1	18.2603738874451	1	23.4359897416079	1	16.5709653236556	30.1342085400596	1	35.2054583362348	19.7364310625711	1	1	1	1
ZNF595	1	1	31.5860083462921	1	1	1	1	1	1	1	1	1	1	1
ZNF600	16.6303884121855	12.3654652657866	91.3161007698639	24.9074406729045	20.1728461934781	1	1	18.9172508169179	15.189780684651	11.2721603023929	1	1	1	1
ZNF614	1	1	1	1	1	1	1	17.3927902440845	1	1	1	1	1	1
ZNF641	1	21.7053200062023	48.1651534120418	1	44.9392523713551	11.897717731979	1	14.7389893772981	1	1	1	1	1	1
ZNF667-AS1	1	1	1	1	1	1	1	26.712962274073	1	1	1	1	1	1
ZNF682	1	1	19.7424306725499	1	1	1	1	1	1	1	1	1	1	1
ZNF683	1	1	29.4419761654322	1	1	1	1	1	1	1	1	1	1	1
ZNF697	1	17.2812932323686	1	1	1	1	1	1	1	1	1	1	1	1
ZNF699	1	1	1	1	18.3610051002115	1	1	31.1577424024225	1	1	1	1	1	1
ZNF701	1	1	22.0085188032015	1	18.0631580798878	1	108.166203375415	18.970391641709	1	1	1	1	1	1
ZNF704	1	1	1	1	1	1	1	24.1251880876113	28.7532338443012	1	1	1	1	1
ZNF706	78.1818633391123	99.9230765234593	64.7375134123366	79.1068568435005	1	117.071902856017	151.959554264053	105.119372579667	167.220945567133	138.355168754225	143.589230362138	245.752810386995	1	1
ZNF708	1	12.887795213066	22.474742980906	20.5848969316466	17.9380771537604	1	1	1	1	1	1	1	1	1
ZNF74	18.9277688640309	27.0606331836334	27.8659113624179	14.2060535005216	127.620592049035	1	1	29.4879142124993	13.6043283153348	1	1	1	1	1
ZNF750	1	1	1	1	1	1	1	1	29.2596003048339	1	1	1	1	1
ZNF75D	1	1	27.8773001346875	1	1	1	1	1	13.2913834742665	1	1	1	1	1
ZNF76	1	13.5643892892723	19.284347097043	1	1	1	24.3597584930108	1	15.15243949038	1	1	1	1	1
ZNF772	1	1	18.7457610957507	1	1	1	1	1	1	1	1	1	1	1
ZNF790	1	1	19.7030861049473	1	1	1	1	1	1	1	1	1	1	1
ZNF791	75.1520231646727	62.5832833078714	94.1413917504945	90.8668717101596	86.4046962655054	35.15581561326	59.4384622640394	45.7455887259839	37.9351551056345	47.6921076578238	1	165.669859751193	1	1
ZNF793	55.385256517662	70.187396243352	85.2157555276742	67.3197166094433	111.381325419393	63.794301079803	42.1756643398588	63.9273838518203	70.608506117191	40.3531807878696	1	164.72559612282	1	1
ZNF827	24.2711185388133	1	36.6780156392386	43.9514483309921	1	1	1	1	14.5046277060156	1	1	1	1	1
ZNF831	80.1946625110843	1	58.7645323555342	1	1	1	1	8.85985491349528	1	1	1	1	1	1
ZNF836	1	1	24.7541209316918	1	1	1	1	1	1	1	1	1	1	1
ZNF84	26.1811838605202	12.6199857152103	21.0276890811904	36.1743480737669	1	10.5874143693115	1	35.0328907620099	18.1145573365339	1	1	1	1	1
ZNF841	1	19.2121135281704	1	1	37.8903712752039	1	1	1	1	15.3164128175656	1	1	1	1
ZNF843	1	18.0056713299363	19.3187467191858	1	56.0467236748384	12.4609166075826	1	1	14.7141827203943	1	1	1	1	1
ZNF888	1	1	13.4668873086621	20.6372254473763	1	1	1	1	1	1	1	140.162251827867	1	1
ZNF90	21.6110339505948	1	1	15.5950960084625	1	1	1	9.7720587712275	1	1	1	1	1	1
ZNF92	20.7693065346249	1	15.7319249974723	29.6199017910889	1	1	1	1	1	1	1	1	1	1
ZNRF1	31.7599732246914	15.0521258220331	1	1	1	1	1	35.2983133384064	49.8936961289421	14.9869271783896	1	1	1	1
ZRSR2	21.0630716776349	16.5710027671527	26.9168297549959	27.6881307764401	1	11.357124795408	1	9.76348005603415	1	1	1	1	1	1
ZSCAN12	1	1	18.4582275724999	16.1599243263513	1	1	1	1	13.8541195394729	1	1	1	1	1
ZSCAN29	1	15.720968638949	41.9715334110044	14.0279305299491	1	1	1	1	17.0295662379393	12.3456772091121	1	1	1	1
ZSCAN30	1	1	19.6813313941218	1	1	1	1	1	1	1	1	1	1	1
ZSCAN9	1	1	1	15.0871313164844	1	1	1	28.8836697207231	20.5506149156835	1	1	1	1	1
ZSWIM9	1	1	24.8666032918733	1	1	1	1	1	1	1	1	1	1	1
ZUFSP	1	1	1	1	1	1	1	22.0452585824022	1	1	1	1	1	1
ZXDB	15.6034386137221	1	1	16.1691914286343	1	1	1	1	1	1	1	1	1	1
