NAME	CD4.memory.activated	Monocytes	CD4.memory.resting	NK.cells.resting	B.naive	Neutrophils	Macrophages.M2	Plasma	CD8.cells	T.cells.CD4.naive	B.memory	NK.activated	Eosinophils	T.cells.regulatory	T.cells.helper	Macrophages.M0	Macrophages.M1	Mast.activated	Dendritic.cells.resting	Dendritic.cells.activated	Mast.resting
A2M	1	1	1	1	1	1	406.916717036161	1	1	1	1	1	112.96798485848	1	1	108.477444854031	1705.69474551672	1	157.093542633583	391.697057443191	1
AAAS	23.8513488475391	1	1	1	35.5698019062352	1	1	1	1	1	1	1	1	1	1	18.5107691217566	14.2717221896565	20.6143004393828	1	1	28.8370048615134
AARS	61.844689716598	22.1156207253274	1	31.5741363269485	1	1	28.6641005125634	90.0701168544563	1	25.3590636628172	1	29.1560381537796	1	31.3464170137985	39.574638148283	33.241215196915	61.7061485205758	45.1902423765475	40.1044840392664	24.8008339739628	69.7124304424835
AASDH	1	1	1	23.2626826379136	1	1	1	1	1	21.5316877117601	1	1	1	1	1	1	1	1	1	1	1
AATBC	1	18.0873436073086	1	1	1	1	1	1	1	1	1	1	1	1	1	1	1	1	1	1	1
AATK	1	1	1	1	1	111.352099309824	1	1	1	1	1	1	1	1	1	1	1	1	1	1	1
ABCA1	1	49.7174716580114	1	1	62.0199270688414	89.3792083312369	302.362279752612	1	1	1	32.4450447420259	1	183.38176050903	1	1	165.737686302405	48.6728622378638	96.325148132093	59.113992704081	87.2211779889115	1
ABCA2	1	15.5732655625303	1	48.3563052144807	1	1	1	1	1	24.015166112752	1	42.2459219719932	1	1	28.4916573746935	1	1	1	1	1	1
ABCA3	1	1	1	1	1	1	1	1	1	1	1	1	1	1	1	1	1	24.8883944663755	1	1	1
ABCA5	28.0467581674064	1	1	38.8914020838963	1	1	1	21.7628286027172	1	38.3068743982309	1	1	48.5359729598537	1	1	1	1	23.4056241235041	1	1	1
ABCA7	1	1	1	30.762987097377	1	65.3668429795148	1	1	1	22.7594083256711	1	1	1	1	1	1	1	1	1	1	1
ABCB1	1	1	1	70.0265459493729	37.3713044345128	1	1	1	45.0404719505746	1	1	114.349089261297	1	1	33.2157665958152	1	1	1	1	1	1
ABCB8	27.0722931606936	1	1	1	1	1	1	1	1	1	1	1	1	1	1	1	1	1	1	1	1
ABCC4	1	1	1	1	1	1	1	33.2517928486338	1	1	1	1	25.1336996542781	1	1	1	50.1653138476292	72.0972745590353	28.7368004816656	33.7070548216152	38.3994002687337
ABCC5	176.760580190654	28.006714263341	1	29.7148948781071	1	1	58.3054727428873	1	1	1	1	1	1	1	1	80.0932531235043	23.886217167389	101.420624209952	1	1	138.438615647165
ABCC9	1	1	1	1	1	1	1	1	1	1	1	1	1	1	1	1	88.3912939376267	1	1	1	1
ABCD1	1	1	1	1	1	1	29.1979246613345	1	1	1	1	1	1	1	1	25.6373923655768	1	1	1	1	1
ABCD2	1	1	1	1	1	1	1	1	1	25.2968239524539	1	1	1	1	1	1	1	1	1	1	1
ABCD4	1	29.4483211575889	1	32.2711881502878	1	31.0984379409081	27.7742381394344	1	1	33.5141381710661	1	1	24.1339767585322	1	35.0549694925679	23.2849071758855	15.6969523858451	22.9465437173908	1	1	1
ABCF3	34.977336846354	1	1	1	1	1	1	1	1	1	1	27.9588292850979	1	1	1	1	1	1	1	1	100.353730408724
ABHD10	36.5359285158277	1	1	1	29.1691149778785	1	15.456478389536	1	1	1	1	1	1	1	1	1	1	1	1	1	1
ABHD12	28.7105543493981	36.7584606543373	1	25.2468417133645	1	1	201.219957629971	32.7625014881811	1	1	1	28.3713794384426	1	44.8727064250415	24.2201750640911	141.396283429236	12.0232749528098	38.9453112772415	71.4413991777992	74.1303016882867	79.8209361885764
ABHD14A	1	1	1	1	1	1	1	23.5048136713425	1	1	1	1	1	1	1	1	1	1	1	1	1
ABHD17C	62.2742156898547	27.9150213463256	1	1	1	1	1	1	1	1	1	1	1	1	1	1	1	61.4265152793933	1	29.6252832255336	1
ABHD6	1	17.9721780795783	1	1	1	1	17.921599890868	1	1	1	1	1	1	1	1	24.0754110323461	43.1682594290192	1	23.962195593101	1	1
ABI3	1	49.1326422347714	1	184.693416182343	1	1	72.4993428237778	1	76.0915211176663	1	30.121024086685	99.7626680754055	31.3481154735722	24.2027323508733	42.9487361541342	43.8981311724472	1	1	96.2279451033179	40.283659062715	1
ABLIM1	137.598753703286	30.2777754917412	162.227753054861	100.803802055287	70.6373674002063	1	1	1	131.508373167605	194.092248803593	66.9006259948264	70.6981860603436	90.7518689082185	72.7623175822919	78.5963714045104	1	33.1272833799183	80.033791923645	1	43.0142459896273	132.765188656633
ABO	19.0385281862397	1	1	1	1	1	1	1	1	1	1	1	1	1	1	1	1	29.892020721857	1	1	22.7665708135046
ABRAXAS1	1	20.3853512865896	1	31.569815837276	30.7847634344403	1	16.0561102164927	1	26.9423688437922	41.3349736981061	1	28.7650591192543	1	1	1	1	1	20.9482179286175	1	1	1
ABTB1	1	34.4969942652917	1	33.1285351106457	28.7272476283913	415.869264157313	18.4720993893135	1	25.7639768547428	21.7818040242799	1	1	1	32.9169382796792	1	1	1	1	1	1	1
AC003102.1	1	1	1	21.5050399642481	1	1	1	1	1	34.7719236680284	1	1	1	1	1	1	1	1	1	1	1
AC003973.3	1	1	1	1	1	1	1	1	1	19.5006336591339	1	1	1	1	1	1	1	1	1	1	1
AC004656.1	1	1	1	1	1	1	1	1	1	18.5715707952016	1	1	1	1	1	1	1	1	1	1	1
AC004846.1	1	21.051518850579	1	23.593039497955	1	52.9869153425734	1	1	1	18.7576137564502	1	1	1	1	1	16.8628891161866	1	1	1	1	1
AC004847.1	1	16.9343907457437	1	46.9114609286464	1	1	1	1	1	20.8682060727784	1	1	1	42.5364903390795	1	1	1	1	1	1	1
AC004865.2	1	1	1	22.6784562010766	1	1	1	1	1	1	1	1	1	1	1	1	1	1	1	1	1
AC004893.2	1	17.3747636688667	1	33.6596183279527	46.1701677436962	29.6388237330506	1	1	1	41.5241932243923	1	22.7188669840903	43.407548916842	1	1	1	1	21.3333081443697	1	1	1
AC004918.1	1	1	1	34.765569570036	1	1	1	1	1	1	1	1	1	1	1	1	1	22.8142125420015	1	1	1
AC004951.1	1	23.7303650097169	1	23.6800808083534	1	1	1	1	1	23.8827531000221	1	1	1	1	1	1	1	1	1	1	1
AC005072.1	1	16.7007298082842	1	1	1	1	1	1	1	1	1	1	1	1	1	1	1	1	1	1	1
AC005089.1	1	19.6423102424854	1	21.181729693541	1	41.1356262007374	1	1	1	1	1	45.9821997945344	45.951509840515	1	1	1	1	1	1	1	1
AC005224.3	1	22.5915359783846	1	55.3931296190434	1	65.9005201409755	1	1	1	43.3702534724835	1	1	1	1	1	1	1	1	1	1	1
AC005253.1	1	27.3053805196699	1	32.8550591695531	23.092353851291	64.6155743820643	22.733302986137	1	30.6587474682885	14.9598474698172	30.4556057415229	1	17.9277471682971	1	1	16.5318718042842	1	18.8204796435539	20.9864283236945	1	1
AC005261.4	1	1	1	1	1	1	1	1	1	17.2402546481255	1	1	24.2675925758943	1	1	1	1	1	1	1	1
AC005332.7	1	1	1	24.7095622905636	1	1	1	1	1	1	1	1	1	1	1	1	1	1	1	1	1
AC005540.1	1	1	1	1	1	1	1	1	1	36.9709368073734	1	1	1	1	1	1	1	1	1	1	1
AC005614.1	1	25.0072910222086	1	56.3036533210301	1	1	1	1	1	67.267599389277	1	1	1	1	1	16.9258670925451	38.2909992591689	17.5560251901505	1	1	33.6424835139904
AC005618.1	1	1	1	1	1	1	1	1	1	1	1	1	1	1	1	1	1	1	1	1	41.4794421058649
AC005632.2	1	1	1	1	1	43.8787209808053	1	1	1	1	1	1	1	1	1	1	1	1	1	1	1
AC005726.5	1	1	1	1	1	1	1	53.8317539696604	1	1	1	1	1	1	1	1	1	1	1	1	1
AC005833.1	1	1	1	1	1	1	1	1	1	1	1	1	1	1	1	1	57.9647668403488	1	1	1	1
AC005842.1	1	1	1	1	1	1	1	1	1	38.025791508208	1	1	1	1	1	1	1	1	1	1	1
AC006033.2	1	1	1	50.6026187239104	1	1	1	1	1	1	1	24.6548538113071	1	1	1	1	1	1	1	1	1
AC006141.1	1	16.5750942137134	1	1	27.6756243857774	30.6019000484088	1	1	1	16.6412731188179	1	1	1	1	1	1	1	1	1	1	1
AC006305.1	1	1	1	1	39.5255236142143	1	1	1	1	18.8810600529096	1	1	1	1	1	1	1	15.6755625357116	1	1	1
AC006372.4	1	1	1	1	1	1	1	1	1	1	1	28.3191143757401	1	1	1	1	1	1	1	1	1
AC006449.6	1	1	1	1	1	1	22.0869835651559	1	1	1	1	1	1	1	1	21.0189384096965	1	1	1	1	1
AC006538.1	1	1	1	1	1	1	1	1	1	1	1	20.9278085895095	1	1	1	1	1	1	1	1	1
AC007114.1	1	1	1	1	1	1	1	1	1	21.5044091872182	1	1	1	1	1	1	1	1	1	1	1
AC007114.2	1	1	1	27.9848322591595	1	1	1	1	1	23.7614183102003	1	1	1	1	1	1	1	1	1	1	1
AC007283.1	1	1	1	1	1	37.7957895660598	1	1	1	1	1	1	1	31.6298937360185	1	1	1	1	1	21.6861293960054	1
AC007382.1	1	1	1	26.7564647249432	1	1	1	1	1	29.3020497771479	1	1	1	1	1	1	1	1	1	1	1
AC007406.5	1	1	1	29.9075968058548	1	1	1	1	1	16.5017777218366	1	1	1	1	1	1	1	1	1	1	1
AC007485.2	1	1	1	1	1	1	1	1	1	1	1	41.5787559879543	1	1	1	1	1	1	1	1	1
AC007620.2	1	17.7103796769676	1	1	32.2483729506662	1	1	1	1	1	1	1	1	1	1	1	1	1	1	1	1
AC007950.2	1	1	1	1	1	1	1	1	1	21.0103862408259	1	1	1	1	1	1	1	1	1	1	1
AC007998.4	1	17.8473215812514	1	43.2286109825241	1	1	1	1	1	22.4500737212369	1	1	1	1	1	1	1	1	1	1	1
AC008124.1	1	1	1	52.6608983123886	32.3639299343725	1	1	1	30.5811886672187	37.0992662140873	1	73.5355861292681	1	42.7628998151997	1	1	44.7124264499135	18.7447618153848	1	1	18.4544339767652
AC008147.2	1	18.4075624731706	1	1	1	41.3200819952791	1	1	1	30.6703859120026	1	50.7101396024482	1	26.7748572024758	1	1	1	21.9754102589416	1	1	1
AC008556.1	31.8749113019688	1	1	1	1	1	1	1	1	1	1	1	1	1	1	1	1	1	1	1	74.9425006958341
AC008609.1	1	1	1	1	1	1	1	1	1	21.1720310304056	1	1	1	1	1	1	1	1	1	1	1
AC008735.1	1	1	1	24.355028562548	1	1	1	1	1	1	1	1	1	1	1	1	31.3566584562628	1	1	1	1
AC008764.10	1	1	1	1	1	1	1	1	1	1	1	38.3039527041717	1	1	1	1	1	1	1	1	1
AC008895.1	1	1	1	17.4495453109535	1	34.840808279666	1	1	1	1	1	1	1	1	1	1	1	1	1	1	1
AC008915.1	1	1	1	1	27.2975007421831	1	1	1	1	26.4347381089323	1	1	1	1	1	1	1	1	1	1	1
AC008938.1	1	1	1	24.7773759485368	1	36.6083047627171	1	1	1	42.2210769510329	1	1	1	1	1	1	1	1	1	1	1
AC008993.1	1	1	1	24.7243498724199	1	61.0958938410913	1	1	1	1	1	1	1	1	1	1	1	1	1	1	1
AC009118.3	1	25.5727860469475	1	33.4975070847923	1	38.7166660382774	19.1543427277388	1	1	25.9218762423833	1	1	1	1	28.3708948440379	17.2075232327309	1	38.7534968278981	1	1	1
AC009159.4	1	1	1	1	1	33.0980080693118	1	1	1	20.2558440621591	1	46.9620275263526	1	1	1	1	1	1	1	1	1
AC009336.3	1	1	1	1	1	1	1	1	1	1	1	1	31.0587505488814	1	1	1	1	32.9168894857176	1	1	28.8201813087724
AC009404.1	1	1	1	1	1	1	39.2434969772907	1	1	1	1	1	32.1036101869469	1	1	1	1	1	1	1	1
AC009506.1	1	1	1	1	1	53.368167250762	1	1	1	1	1	1	1	1	1	1	1	1	1	1	94.6310854893429
AC009831.4	1	1	50.9004869056098	45.8972231510605	1	1	1	1	40.3184531670028	1	1	1	1	1	1	1	1	1	1	1	1
AC009948.5	1	1	1	25.6699137949983	1	1	1	1	1	1	1	21.1275006963496	1	1	1	1	1	1	1	1	1
AC009996.1	1	1	1	1	1	1	1	1	1	1	1	1	1	1	1	1	1	21.5150236628982	1	1	1
AC010168.2	1	18.3665221716976	1	22.6015995885406	43.7515484139327	1	19.2861243761526	1	1	26.5645209696661	1	1	52.8607196176142	1	1	1	1	1	1	1	1
AC010422.2	1	14.9278720671665	1	1	1	1	1	1	1	25.7780559935655	1	1	1	1	1	1	1	15.7946638133494	1	1	1
AC010435.1	26.2059369342195	1	32.2219207004098	1	1	1	1	1	33.2089683760429	1	1	31.8576141172924	35.2018700790503	1	46.8403466693916	18.5805630184099	1	28.9893277953609	1	1	9.44626783920066
AC010615.2	1	1	1	1	1	30.8712758894668	1	1	1	1	1	1	1	1	1	1	1	1	1	1	1
AC010642.2	32.220700222004	1	1	1	1	1	1	31.5254704724415	1	24.4167677345851	1	19.0866254236748	1	1	1	1	1	17.0649822395245	1	1	56.7998714873437
AC010761.2	1	1	1	1	1	1	1	1	1	1	1	28.3191143757401	1	1	1	1	1	1	1	1	1
AC010913.1	1	14.9835272512088	1	1	1	31.1924481866916	1	1	1	1	1	1	1	1	1	1	1	1	1	1	1
AC010931.2	1	19.2535655706634	1	1	1	48.4079064364432	1	1	1	20.8536540587103	1	1	1	1	1	1	1	15.7285591872978	1	1	1
AC011472.2	1	1	1	1	1	113.285774513633	1	1	1	1	1	1	1	1	1	1	1	1	1	1	1
AC011498.1	1	1	1	1	1	1	19.2984007562862	1	1	1	1	1	1	1	1	1	1	1	1	1	1
AC011511.5	1	1	1	1	1	1	1	1	1	1	1	56.9643040405653	1	1	1	1	1	1	1	1	1
AC011840.1	62.7761675538097	1	1	1	1	1	1	1	1	1	1	1	1	1	1	1	1	26.9775494253306	1	1	210.789654659623
AC012038.1	1	1	1	1	1	1	1	1	1	22.8596517143493	1	1	1	1	1	1	1	1	1	1	1
AC012236.1	1	1	1	1	1	1	1	94.7283888195479	1	1	1	1	1	1	1	1	1	1	1	1	1
AC012254.2	37.6913840418968	1	1	1	1	1	1	17.775034479278	1	1	1	1	1	1	1	17.105656524192	1	1	1	1	1
AC012317.2	1	26.664650766065	1	1	1	146.558242175933	1	1	1	1	1	1	1	1	1	1	1	1	1	1	1
AC012358.3	1	1	1	23.6865051158514	1	1	1	1	1	1	1	1	1	1	1	1	1	1	1	1	1
AC012368.1	1	1	1	1	1	127.707650687666	1	1	1	1	1	1	1	1	1	1	1	1	1	1	1
AC015883.1	1	22.5363396756969	1	24.8744756287127	1	54.6498345475572	1	1	1	22.2837372635827	1	1	32.8880046408769	1	1	1	1	24.092451278036	1	1	1
AC015920.1	1	1	1	1	1	32.9963227629009	1	1	1	1	1	1	28.0989476311567	1	1	1	30.1668232970247	1	1	1	1
AC016245.1	1	1	1	1	1	1	1	1	1	1	1	28.3191143757401	1	1	1	1	1	1	1	1	1
AC016708.1	1	1	1	21.1619333455788	1	1	1	1	1	28.107177109838	1	1	1	1	1	1	1	1	1	1	1
AC016734.2	1	19.3000517068374	1	1	1	1	1	1	1	1	1	1	1	1	1	1	1	1	1	1	1
AC016745.2	1	1	1	21.7560742797533	1	43.5088550926623	1	1	1	1	1	1	1	1	1	1	1	1	1	1	1
AC016949.1	1	23.5372402077032	1	26.4319631588448	29.0523844420841	1	1	1	1	1	1	1	60.1213483225585	1	1	17.4498590719633	22.240254980922	26.481723973052	23.884470047519	35.6679367533566	1
AC016957.2	1	1	1	23.1932426129568	1	34.986331634808	1	1	1	1	1	1	1	1	1	1	1	1	1	1	1
AC018445.4	1	1	1	1	1	1	1	1	1	1	1	1	21.7933339995868	1	1	1	1	29.0755416044865	1	1	1
AC018521.2	1	1	1	1	1	1	1	1	1	1	1	1	14.3322120180606	1	1	1	1	1	1	1	1
AC018695.7	1	18.8550791678316	1	24.155393631701	1	41.3341365121924	1	1	1	39.6942297196598	1	27.6157598718309	1	1	1	1	1	1	1	1	1
AC018797.2	1	1	1	1	1	1	1	1	1	1	1	25.1616395277451	1	1	1	1	1	1	1	1	1
AC019080.4	1	1	1	1	1	1	1	1	1	1	1	47.7751626211934	1	1	1	1	1	1	1	1	1
AC020571.1	1	1	1	1	1	1	1	1	1	1	1	1	1	1	1	1	1	26.0284955487868	1	1	1
AC020656.1	1	56.7280737187728	1	1	1	1	64.5790356847089	1	1	1	1	1	1	1	1	37.5594553260135	1	1	56.9302104194913	43.7040326039683	1
AC020741.1	1	18.3722846030419	1	22.154906760685	1	55.5571807853927	1	1	1	17.0510470926637	1	1	43.752952461038	1	1	1	1	1	1	1	1
AC020743.1	1	1	1	1	28.1948404063015	30.7863829415273	1	1	1	1	1	1	1	1	1	1	1	1	1	1	1
AC020907.3	1	21.561799940565	1	27.8132176292787	1	68.4577290221009	1	1	1	38.448867565695	1	1	1	1	1	1	1	1	1	1	1
AC020917.4	1	1	1	1	1	33.2220614467138	1	1	1	18.1209531064783	1	1	1	1	1	1	1	1	1	1	1
AC021016.2	1	1	1	24.6619463266376	1	1	1	1	1	23.1731598892697	1	1	1	1	1	1	1	1	1	1	1
AC021072.1	1	18.5824860547296	1	1	1	1	1	1	1	28.8466719743834	1	1	1	1	1	1	1	1	1	19.1185422838648	1
AC021087.3	1	1	1	1	1	44.754767166471	1	1	1	1	1	1	1	1	1	1	1	1	1	1	1
AC021851.1	1	1	1	1	1	1	1	1	1	1	1	1	1	1	1	1	1	1	1	1	39.6814185115603
AC022075.1	1	1	1	1	1	1	1	1	1	1	1	16.0729758571811	1	1	1	1	1	1	1	1	35.4674141257957
AC022107.1	1	1	1	17.2637764344644	1	41.7410819791998	1	1	1	1	1	1	1	1	1	1	1	1	1	1	1
AC022144.1	1	24.1422144933719	1	20.9560116336385	1	64.7493278542028	1	1	1	23.6590419347146	1	1	40.6963644982632	1	1	1	18.6976601404809	19.8564792594812	1	1	1
AC022150.2	1	1	1	1	1	1	1	1	1	41.1824496425496	1	1	1	1	1	1	1	1	1	1	1
AC022182.2	1	1	1	1	37.5140368099901	1	1	1	1	28.8317805284839	1	1	1	1	1	1	1	1	1	1	1
AC022497.1	1	1	1	1	1	1	25.7525296425674	1	1	1	1	1	1	1	1	19.2304140001163	1	1	1	1	1
AC022532.1	1	15.8305694781702	1	1	1	1	1	1	1	1	1	1	25.4274233833059	1	1	1	1	1	1	1	1
AC022540.1	1	18.8227631886164	1	26.9179128217822	1	1	15.0937292098001	1	1	27.6037846121974	1	18.408303945127	1	1	1	22.6384451359557	1	1	46.0490649214019	37.2299611944652	1
AC022706.1	1	1	1	38.7154439745495	1	1	1	1	44.2520950312473	1	1	45.6605560350601	1	1	1	1	1	1	1	1	1
AC022916.1	1	1	1	1	1	1	1	1	1	21.5356131694533	1	1	1	1	1	1	1	1	1	1	1
AC023157.3	1	23.0197767111187	1	1	1	180.838600407348	1	1	1	19.7129761419011	1	1	33.4213217749647	1	1	1	1	23.8409961901426	1	1	1
AC025164.2	1	19.598690411463	37.6363979868903	1	117.98412422128	1	1	1	39.4878660296221	1	46.8311138483731	1	35.8680031206694	44.2589023905031	42.740470270301	1	1	1	1	1	1
AC025262.2	1	22.3612745555621	1	1	1	48.6196775915868	1	1	1	1	1	1	30.8009314177158	1	1	1	1	14.2211145999327	1	1	1
AC025279.1	1	1	1	1	38.4688255406497	1	1	1	1	1	49.0176477229934	1	1	1	1	1	1	1	1	1	1
AC025419.1	1	27.1215136536774	1	27.3706051951227	1	45.6747248274161	1	1	26.0972871323989	34.836481687525	1	1	1	26.9838237872246	1	15.8729281022008	1	1	1	25.2861168376705	1
AC025569.1	1	14.7717173015384	1	1	1	33.6931382982337	1	1	1	1	1	1	30.151911551402	1	1	1	1	20.3424019324013	1	1	1
AC025678.3	1	1	1	21.7744478466551	1	1	1	1	1	1	1	1	1	1	1	1	1	1	1	1	1
AC026401.3	19.3718130699931	1	1	1	1	1	1	1	1	1	1	34.7741692931693	1	1	24.4080123501728	1	45.3237242199727	16.6909577651823	1	1	1
AC026979.3	1	1	36.5675614187909	27.4807877059643	1	31.2554015841391	1	1	47.7415264062943	17.9093240430936	1	25.3729151194055	1	34.997204342135	26.0425426267205	1	1	1	1	1	1
AC027097.1	1	17.2082188608509	1	34.87078979322	76.3315486728709	1	1	1	1	37.8724225071531	43.8744886634096	1	23.294416546166	1	1	1	1	1	1	1	1
AC027288.3	1	16.6457682178551	1	36.5706158559074	1	1	15.2950150677782	1	1	21.8070712854278	1	1	1	1	1	1	1	1	1	1	1
AC037487.1	1	1	1	19.5747055245416	1	1	1	1	1	1	1	1	1	1	1	1	1	1	1	1	1
AC044839.1	1	1	1	1	1	1	1	1	1	1	1	1	1	1	1	1	1	1	1	1	67.6512722418466
AC044849.2	1	1	1	1	1	1	1	1	1	1	1	1	1	1	34.225049830742	1	1	1	1	1	1
AC046185.3	1	1	1	1	1	1	1	1	1	29.6634825179	1	24.704001246743	1	1	1	1	1	1	1	1	1
AC063949.2	1	1	1	1	24.0340118522683	1	1	1	1	1	37.3771962682156	1	1	1	1	1	1	1	1	1	1
AC064805.1	1	20.3203066310716	1	1	1	1	1	1	1	1	1	1	1	1	1	1	1	1	1	1	1
AC067930.3	1	1	1	21.1846287276787	1	1	1	1	1	21.0197987395868	1	1	1	1	1	1	1	1	1	1	1
AC068473.3	1	31.749282768485	1	51.8314069819884	1	58.215699254174	1	1	1	54.5640639815521	1	1	22.2931182129581	1	1	1	30.349651543	17.1413206351333	1	1	1
AC068580.4	1	1	1	1	1	1	32.1082533943601	1	1	1	1	90.5098731436799	1	1	1	32.0299723513591	1	1	1	1	1
AC068946.1	1	1	1	1	1	1	1	1	1	1	1	36.9383603274587	1	1	1	1	1	1	1	1	1
AC069222.1	1	15.5557651351383	1	23.05181712212	1	1	1	1	1	31.2070454835784	1	18.3239969841557	26.1882595712309	1	1	1	1	1	1	1	1
AC069287.2	1	1	1	1	1	1	1	1	1	1	1	1	1	1	1	1	1	1	1	1	43.1975359903086
AC073082.1	1	18.1223779305953	1	19.701523785927	1	41.9671594856151	1	1	1	1	1	1	1	1	1	1	1	1	1	1	1
AC073111.5	1	1	1	1	38.5581873948822	1	1	1	1	1	1	1	1	1	1	1	1	1	1	1	1
AC073130.1	1	1	1	1	1	1	1	1	1	18.8751661105966	1	1	1	1	1	1	1	1	1	1	1
AC073335.2	1	1	1	1	1	1	1	1	1	1	1	1	1	1	1	1	1	25.3946978254143	1	1	1
AC073508.3	1	15.9541416081695	34.8140102034977	28.0211206625905	46.518589211403	29.6209894113253	1	1	31.6930621332002	24.2446720533961	1	1	40.6414271744808	1	28.822691541755	1	1	1	1	1	1
AC073896.3	1	20.3191191609475	1	1	1	28.904429369646	1	1	1	27.9202425723255	1	1	1	1	1	1	1	1	1	1	1
AC074194.2	1	1	1	1	1	1	1	1	1	1	1	41.0273435360448	1	1	1	1	1	1	1	1	1
AC078795.1	1	1	1	1	1	1	1	1	1	1	1	1	26.8436901943564	1	1	1	1	1	1	1	1
AC078883.1	1	1	1	1	1	1	1	33.1315007799886	1	1	1	1	1	1	1	1	1	1	1	1	1
AC078925.3	1	1	1	1	31.7610193492753	1	1	1	1	1	1	1	1	1	1	1	1	1	1	1	1
AC079331.2	1	1	1	33.8841480836761	1	1	1	1	1	1	1	22.8979953875245	1	1	1	1	1	1	1	1	1
AC079336.5	1	15.8845043936168	1	1	1	29.480964862284	1	1	1	1	1	49.9680993015107	1	1	1	1	1	1	1	1	1
AC083799.1	31.3267303356699	1	1	1	1	97.8477087143144	20.2450840369637	1	1	1	1	1	1	1	1	18.0272244518358	1	18.4151054978149	1	1	82.5130283755995
AC083862.2	1	1	1	1	1	47.4993769939952	1	1	1	1	1	1	1	1	1	1	1	1	1	1	1
AC084033.3	1	1	1	1	1	1	1	1	1	1	1	1	1	1	1	1	1	31.29632701957	1	1	1
AC087284.1	1	16.3788954404397	1	1	1	1	1	1	1	1	1	1	1	1	1	1	1	1	17.3403957413726	1	1
AC087473.1	39.472859368919	20.3206380447171	1	46.2997442381274	45.1140038680831	32.5986794120792	1	1	1	61.6792236937679	1	1	1	1	1	1	51.5939944046533	30.3701638968037	1	1	38.3529101763384
AC087741.1	1	1	1	1	1	1	1	1	1	18.5812080581944	1	1	1	1	1	1	1	1	1	1	1
AC090152.1	1	1	1	35.0226649228283	1	1	1	1	1	1	1	49.9392061929252	1	1	1	1	1	1	1	1	1
AC090377.1	1	1	1	1	1	1	1	1	1	1	1	28.150778020232	1	1	1	1	1	1	1	1	1
AC090515.2	1	1	1	1	1	1	1	1	1	1	1	1	1	1	1	1	1	20.4595179549654	15.2843820118169	1	1
AC090559.2	1	18.3126791456316	1	1	41.9824893584295	1	1	1	1	18.4341984448459	1	1	1	1	1	1	1	1	1	1	1
AC090616.7	1	1	1	21.3649595981948	1	1	1	1	1	1	1	1	1	1	1	1	1	1	1	1	1
AC090907.2	1	1	1	1	1	41.630259067181	1	1	1	1	1	1	1	1	1	1	29.7503091872215	1	1	1	1
AC090948.1	1	1	1	1	1	1	1	1	1	19.9203833923892	1	1	1	1	1	1	1	1	1	1	1
AC091057.2	1	1	1	42.5730450005726	1	1	1	1	1	1	1	1	1	1	1	1	1	1	22.0837083338345	1	1
AC091825.1	1	1	1	1	1	1	1	1	1	1	1	31.2017958692293	1	1	1	1	17.9082670085534	1	1	1	1
AC091948.1	1	1	1	1	1	1	1	60.4942643184918	1	1	1	1	1	1	1	1	1	1	1	1	1
AC092068.2	1	1	1	1	1	50.1029880927095	1	1	1	1	1	1	1	1	1	1	1	1	1	1	1
AC092069.1	13.6591771050714	1	1	1	1	1	16.754372866529	1	1	1	1	1	1	1	1	26.4685331387205	1	24.3535083894501	33.8754042938092	1	1
AC092139.3	1	21.0556594992527	1	33.14636337394	40.1222342455064	46.4906936786105	1	1	22.4333295941546	20.0679268908522	1	49.9914776726022	1	1	1	1	1	1	1	1	1
AC092171.3	1	1	1	1	1	1	1	1	1	1	1	1	1	1	1	1	1	1	1	1	85.355484266667
AC092279.1	1	1	1	1	1	1	1	1	1	1	1	47.4449059033067	1	1	1	1	1	17.1754153865225	1	1	1
AC092338.2	1	17.3714255971297	1	24.7946543388284	1	1	1	1	1	1	1	23.0459402480332	37.9949094577525	1	1	1	1	1	1	1	1
AC092490.1	1	1	1	1	1	1	23.6255004123761	1	1	1	1	1	1	1	1	1	1	1	1	1	1
AC092620.2	1	15.9720798987009	1	1	1	1	1	1	1	1	1	1	1	1	1	1	1	1	1	1	1
AC092634.8	1	22.7882990092014	36.6447784324535	43.4439874578305	43.1419690417586	1	15.2974352828831	1	30.9314218998106	38.1006206990633	1	33.7365065590059	1	42.7982862060312	29.6556494236031	1	1	1	1	29.8969816594044	1
AC092647.5	20.6319723700511	1	1	1	1	1	1	1	1	1	1	16.7452546599061	1	1	1	1	1	1	1	1	87.1730755295987
AC092683.1	1	1	1	25.3801021945442	1	1	1	1	1	27.8053784810819	1	1	1	1	1	1	1	1	1	1	1
AC092718.4	31.4704280083414	19.6735764896347	1	1	1	1	1	1	25.5867354289422	1	1	58.0141006847883	1	1	1	15.6153886398907	23.2747909073995	21.5425701330514	1	1	25.0811563064848
AC092723.1	1	1	1	1	1	42.2347384109836	1	1	1	1	1	1	1	1	1	1	1	1	1	1	1
AC092809.2	1	1	1	1	1	1	1	1	1	1	1	1	1	1	1	1	1	1	21.8602599086662	1	1
AC092821.1	1	1	1	1	1	1	1	1	1	23.4411557764171	1	1	1	1	1	1	1	1	1	1	1
AC092821.3	1	1	1	123.221207992963	30.88606606498	1	1	1	1	29.0174772811544	41.2037477764147	59.2935119929553	1	1	31.7417303314017	1	1	1	1	1	1
AC092902.2	1	1	1	1	1	1	1	1	1	1	1	29.2285930629043	1	1	1	1	1	1	1	1	1
AC092902.5	1	1	1	1	1	1	1	1	1	28.7222743615653	1	1	1	1	1	1	1	1	1	1	1
AC093010.2	1	1	1	22.6445469808029	1	1	1	1	1	1	1	1	1	1	1	1	1	1	1	1	1
AC093028.1	1	24.247823981051	1	24.7842706057377	1	70.5079173135523	1	1	1	1	1	1	32.5983109854713	1	1	1	1	1	1	1	1
AC093323.1	1	1	1	35.0652651884547	1	1	1	1	1	21.0439411599797	1	1	1	1	1	1	1	1	1	1	1
AC093323.3	1	19.6871935230078	1	1	1	42.1474898481106	1	1	1	1	1	1	1	1	1	1	1	1	1	1	1
AC093496.1	34.7553959928052	1	1	1	1	1	1	1	1	1	1	1	1	1	1	1	1	1	1	1	38.9285728588826
AC093503.3	1	24.3842943738251	1	28.0340839790243	1	37.3692100949858	1	1	1	30.5175143436758	1	1	1	1	1	1	1	1	1	1	1
AC093525.4	1	1	1	1	1	1	17.1347925216807	1	1	1	1	1	1	1	1	1	1	1	1	1	1
AC093599.1	1	1	1	1	1	1	1	25.4483785337465	1	1	1	1	1	1	1	1	1	1	1	1	1
AC093673.1	1	16.6926746285568	1	1	1	1	1	1	1	1	1	1	1	1	1	1	1	1	1	1	1
AC093904.4	1	1	1	1	1	43.3243698348421	1	1	1	1	1	1	1	1	1	1	1	1	1	1	1
AC096536.1	1	1	1	1	1	1	1	1	1	1	1	1	1	1	1	1	1	1	1	1	44.2380793737159
AC096564.2	1	1	1	1	1	37.616810034691	1	1	1	1	1	1	1	1	1	1	1	1	1	1	1
AC096667.1	1	22.3041092404048	1	1	1	1	1	1	1	1	1	1	1	1	1	1	1	1	1	1	1
AC097375.3	1	1	1	1	1	1	1	1	1	1	1	60.394954672665	1	1	1	1	1	1	1	1	1
AC098864.1	1	1	1	1	1	29.2960340994342	1	1	1	1	1	1	1	1	1	1	1	1	1	1	1
AC099343.3	1	15.947059127629	1	25.1178713437447	1	43.4134597533582	1	1	1	34.7816153681058	1	1	1	1	1	1	1	1	1	1	1
AC099489.1	1	25.5564458587559	1	36.8137009808098	1	123.205603836696	22.1697151844041	1	24.7009813189321	14.2154580430841	1	1	30.8838377015278	1	1	20.384512836202	1	16.7182573365325	1	17.7778528313175	1
AC099850.1	1	23.1821260243936	1	1	1	66.4344430611091	16.3971973330708	1	1	1	1	1	1	1	1	1	1	1	1	19.3118134846405	1
AC103702.2	1	1	1	1	1	1	1	1	1	1	1	27.6246461512322	1	1	1	1	1	1	1	1	1
AC103957.2	1	1	1	20.858589830991	1	1	1	1	1	1	1	1	1	1	1	1	1	1	1	1	1
AC104024.1	1	1	1	1	1	1	1	1	1	1	34.6666083949635	1	1	1	1	1	1	1	1	1	1
AC104083.1	1	1	1	1	1	1	1	1	1	1	1	1	1	1	1	1	46.9228347200411	1	1	1	1
AC104135.1	1	14.9673187890046	1	1	1	36.9641300387671	1	1	1	1	1	1	1	1	1	1	1	1	1	1	1
AC104581.4	1	21.2376402225256	1	1	1	1	74.6385259152158	1	1	1	1	1	35.5110097463636	1	1	26.8871866085657	1	26.4513111574505	1	25.190566027357	1
AC104667.2	1	1	1	1	1	1	1	1	1	14.4392341447781	1	32.6087092663498	1	1	1	1	19.9978163745909	1	1	1	1
AC104695.2	1	26.1115852007113	1	1	1	1	87.5603497668306	1	32.63806634834	1	1	72.8012439433423	94.070529546256	19.2625430986159	29.7020062298005	42.332619767936	1	30.3490569824489	72.1743932900505	45.1383313116143	1
AC104695.3	1	18.0807319008113	30.1582258525473	39.9617449619751	1	1	24.2238184392526	1	1	1	1	34.9553228876556	30.7598066223395	1	1	1	1	22.6683140724504	16.9492904356348	26.4749340124025	1
AC104794.2	1	1	1	22.6871365093867	1	1	1	1	1	1	1	1	1	1	1	1	30.8171110663743	1	1	1	1
AC105101.1	1	27.4780954806538	1	23.5246191768687	1	56.3899223959645	1	1	1	27.2779671161549	1	1	1	1	1	15.4397447329187	1	1	1	1	1
AC105219.1	1	1	1	1	1	1	1	1	1	19.4812970193359	1	1	1	1	1	1	1	1	1	1	1
AC107398.3	1	19.5023809476905	1	1	1	53.9185884521439	1	1	1	1	1	1	1	1	1	1	1	1	1	1	1
AC107993.1	1	1	1	1	1	34.4074828721933	1	1	1	1	1	1	1	1	1	1	1	1	1	1	1
AC108125.1	1	1	1	1	1	30.6146884109683	1	1	1	1	1	1	1	1	1	1	1	1	1	1	1
AC108134.3	1	1	26.6992142580073	61.3044443662264	1	1	1	1	44.8056910937448	28.65946133009	1	1	1	38.6333090385898	29.2162721363063	1	1	1	1	1	1
AC108704.2	1	18.1386741108583	1	44.2150964424807	1	64.3876025375044	1	1	1	1	1	55.1910783963969	54.5067428971424	1	1	1	1	1	1	1	1
AC108718.1	1	1	1	1	1	30.8164617962077	1	1	1	1	1	1	1	1	1	1	1	1	1	1	1
AC109326.1	1	1	1	1	1	1	25.2010403094761	1	1	1	1	1	40.7913362085282	1	1	1	1	1	1	1	1
AC109466.1	1	1	1	22.982086003884	1	1	1	1	1	55.9173313511523	1	1	1	1	1	1	1	1	1	1	1
AC110615.1	1	20.8585514077502	1	23.3806095479873	28.5634333859094	33.0901335388636	1	1	1	19.9075359027672	1	1	30.5902226311467	1	1	1	1	14.4809001970232	1	1	1
AC112496.1	1	1	1	1	1	1	18.3110648940592	1	1	1	1	1	1	1	1	1	1	1	1	1	1
AC112693.3	1	1	1	1	1	36.7991420069155	1	1	1	1	1	1	1	1	1	1	1	1	1	1	1
AC114490.1	1	1	1	1	1	1	1	1	1	19.3059760188211	1	1	1	1	1	1	1	1	1	1	1
AC114928.1	1	16.2067819378944	1	1	1	43.3507861735103	1	1	1	22.6172751514098	1	38.791478957081	1	1	1	1	1	1	1	1	1
AC114939.1	1	1	1	25.3456242179389	1	30.5280415191692	1	1	1	1	1	1	1	1	1	1	1	1	1	1	1
AC114980.1	1	18.5612844322306	1	28.4524122368522	1	1	1	1	1	26.5494797807807	1	44.0527684054603	1	1	1	1	1	1	1	1	1
AC116407.2	1	1	1	1	1	1	1	1	1	1	1	50.2284382610016	1	1	1	1	1	1	1	1	1
AC118344.2	1	19.1347495222821	1	1	1	1	1	1	1	33.5443222220686	1	1	1	1	1	1	1	1	1	1	1
AC118758.3	1	23.5653422048336	1	18.9889907734321	1	84.2082807316588	1	1	1	22.9638268258613	1	1	1	1	1	1	1	19.5712593854814	1	1	1
AC122129.1	1	1	1	1	1	1	1	1	1	19.5699314113157	1	1	1	1	1	1	1	1	1	1	1
AC124319.1	1	1	1	22.6191602285942	1	1	1	1	1	1	1	1	1	1	1	1	1	1	1	1	1
AC124798.1	1	1	1	1	1	1	1	1	1	1	1	1	1	1	1	17.8852976440677	1	1	1	1	1
AC125257.1	17.678030515846	1	1	1	1	1	1	1	1	1	1	45.8458946584496	1	28.1627864923305	1	1	1	27.8345609718091	1	1	1
AC126323.2	1	37.2549007392857	1	44.8165931769861	30.4580675783022	108.088240691894	16.8564001866204	1	1	1	1	26.7491891625191	29.9584478839509	1	1	18.4244190017899	1	1	18.2781751394494	1	1
AC126474.1	1	1	1	1	1	1	1	1	1	1	1	38.1176804510805	1	1	1	1	1	1	1	1	1
AC126474.2	1	1	1	1	1	30.9862301949629	1	1	1	1	1	1	1	1	1	1	1	1	1	1	1
AC127496.1	1	1	1	1	1	32.8929045664083	1	1	1	1	1	1	1	1	1	1	1	1	1	1	1
AC127502.2	1	16.9130543276771	1	50.8788361775651	1	1	16.3483875125372	1	1	37.3740163083161	1	1	1	1	1	1	25.0856202896826	1	1	1	1
AC130324.1	1	1	1	1	1	1	1	1	1	31.2626859103126	1	1	1	1	1	1	1	17.869824320004	1	1	1
AC130469.2	1	24.6670789086616	1	39.5040105403066	1	71.9228880955493	1	1	1	1	1	38.6891110416837	1	1	1	1	1	1	1	1	1
AC131212.2	1	1	1	1	1	1	1	1	1	1	1	1	1	1	1	1	1	1	20.1626669823768	1	1
AC131212.3	1	23.1869336259198	1	19.1578810273048	1	34.6528831489769	1	1	1	43.7840518559622	1	1	1	1	1	1	1	1	1	1	1
AC132192.1	1	17.1927911176531	1	1	34.1946814321027	29.0077321496111	17.0513360408606	1	1	1	1	44.5884731352809	1	1	1	1	1	17.173694925301	1	1	1
AC132938.2	1	24.8628661150286	1	26.068888169659	1	53.7770854860702	16.6810215377956	1	1	1	1	1	38.6744499534461	1	1	15.7979335262891	1	18.4944770044521	1	1	1
AC133065.6	1	1	1	1	1	1	1	1	1	1	1	1	1	1	1	1	1	1	33.4784951618627	1	1
AC133485.6	1	1	1	19.9651888612751	1	1	1	1	1	32.0237503455563	1	13.9186426301325	1	1	1	1	1	1	1	1	1
AC133637.1	1	1	1	1	47.8345078066108	1	1	1	1	1	38.8253595768783	1	1	1	1	1	54.5544793529386	1	1	1	1
AC133644.2	1	1	1	1	1	1	1	1	1	1	1	1	1	32.8866242589996	1	1	1	1	1	1	1
AC134312.1	1	1	1	1	1	1	1	1	1	1	1	28.3191143757401	1	1	1	1	1	1	1	1	1
AC134669.2	1	26.1109013971467	1	1	1	107.668917900618	1	1	1	1	1	1	1	1	1	1	1	1	1	1	1
AC134775.1	1	1	1	1	1	1	1	1	1	1	1	22.5525164279324	1	1	1	1	1	1	1	1	1
AC135050.1	1	1	1	1	1	33.9222395429223	1	1	1	1	1	1	1	1	1	1	1	1	1	1	1
AC135050.3	1	1	1	1	1	1	31.4556741409016	1	1	1	1	1	1	1	1	1	1	1	1	1	1
AC135050.7	1	17.3433472355598	1	1	28.2706761739363	38.3451612021274	19.8897454733151	1	1	15.8058452027244	1	1	1	1	1	1	1	1	1	1	1
AC138150.1	1	1	1	38.7550793871937	1	1	1	1	1	89.8229447355015	1	1	1	1	1	1	1	1	1	1	1
AC138470.1	1	20.3024266490873	1	29.4335977401895	38.9442280683009	34.9092969270216	1	1	1	1	1	1	1	1	1	1	24.7744940277131	1	1	1	1
AC138904.3	1	27.8675240294706	1	51.4722341514329	62.2236801155488	1	1	1	28.8747907629222	24.461950886247	29.0391259199584	67.4978833141624	1	1	1	16.9052328617423	20.1485084142925	1	1	1	12.9747957090604
AC139768.1	1	21.6209468301202	1	25.8949875701267	1	32.433236425726	1	1	1	45.5437497973289	1	1	1	1	1	1	1	15.8303530462969	1	19.3466418856016	1
AC139887.2	1	1	1	33.0640714795012	1	32.7439465131209	1	1	1	1	1	1	1	1	1	1	1	1	1	1	1
AC141586.5	1	23.3604431805871	1	20.7845167580618	47.2711668275453	29.5391737772009	1	1	1	23.5444628600868	1	33.1036366995847	29.5007899772843	1	1	20.598453240085	1	22.3657489227668	1	1	1
AC145285.2	1	1	1	1	37.298343485768	1	1	1	1	1	1	1	1	1	1	1	1	1	1	1	1
AC239800.3	1	1	34.7359809030882	78.3531481786811	1	1	1	1	68.4486042405338	26.5282815329083	1	14.6527090649037	1	1	1	1	1	1	1	1	1
AC240565.2	1	1	1	1	1	50.5137508869991	1	1	1	1	1	1	1	1	1	1	1	1	1	1	1
AC243312.2	1	1	1	1	1	41.4672636423247	1	1	1	1	1	1	1	1	1	1	34.6986774671384	1	1	1	1
AC243654.1	1	1	1	1	1	1	1	1	1	1	1	69.1950487741302	1	1	1	1	1	1	1	1	1
AC243829.4	1	1	1	1	1	1	18.6732345380397	1	1	1	1	1	1	1	1	1	1	1	1	1	1
AC243960.1	1	1	1	1	1	1	1	1	1	31.0335075068436	1	1	1	1	1	1	1	1	1	1	1
AC244153.1	1	1	1	1	1	1	1	1	1	1	1	1	1	1	1	1	1	1	1	1	25.8062029081785
AC244197.3	1	1	1	1	1	45.4965822502023	1	1	1	1	1	1	1	1	1	15.0211656458974	1	18.1424397125055	1	1	1
AC245052.4	1	15.1880317542483	1	1	1	1	18.4557514908544	1	1	1	1	1	35.6745554580538	1	1	19.3195678048388	1	1	1	1	1
AC245060.5	1	1	1	1	1	1	1	1	1	24.2231462412329	1	1	1	1	1	1	1	1	1	1	1
AC245128.3	1	100.275839874152	1	1	1	526.307308500503	1	1	1	1	1	1	55.2670092915288	1	1	33.6747143438684	1	1	1	1	1
ACACB	1	1	1	1	1	1	1	1	1	20.2511256414911	1	1	1	1	1	1	1	1	1	1	1
ACAD8	18.4635763063522	29.482292201292	1	1	1	1	1	1	1	1	1	1	1	1	1	1	1	25.6713620623697	1	1	1
ACADSB	28.3207716086776	1	1	25.7181777668636	1	1	1	1	1	31.4580828693681	1	1	1	1	1	1	1	39.8216329737489	1	1	62.4257153117975
ACBD7	1	1	1	30.4849532038897	1	1	1	1	1	38.6969408981343	1	1	1	1	1	1	1	1	1	1	1
ACD	22.374056062475	1	1	22.0225173152878	1	1	1	1	1	1	1	45.6315364732441	1	1	1	1	1	1	1	1	1
ACE	1	22.063762142848	1	19.921206448135	1	1	142.582091090329	1	1	27.7774129645306	1	1	1	1	1	75.7237895423684	57.5534180245478	24.3349302420631	25.0668143614692	77.0333815376293	1
ACER1	1	15.4415622712655	1	1	1	30.4768635594103	1	1	1	1	1	1	1	1	1	1	1	1	1	1	1
ACKR1	1	1	1	1	1	1	1	1	1	1	1	1	1	1	1	1	203.451766978246	1	1	1	1
ACKR3	24.7274954935788	1	1	1	1	1	1	1	1	1	1	1	1	1	1	38.3495864671742	105.909495726022	1	1	1	1
ACOT7	28.5965168543512	1	1	1	1	1	1	1	1	1	1	1	1	1	1	1	1	1	19.4478073774138	1	1
ACP2	1	25.8979968482377	1	1	1	1	152.56004358451	1	1	1	1	1	1	1	1	123.804345993939	13.3146098625188	1	29.1454680527513	36.444399873194	1
ACP5	44.0234682067266	80.9095006997821	1	1	41.8011683945688	1	1009.95494192845	1	1	18.1444251838798	60.302674332793	84.784828351808	52.1156965816091	119.277428877244	50.6871902852958	813.668033134424	35.8885370084646	46.3165378031068	136.858847671743	143.275874645915	40.4904454468456
ACP6	24.1837089169535	1	1	1	1	1	1	1	1	1	1	1	1	34.7462246080629	1	1	1	1	1	20.9813762921773	49.9975739065863
ACPP	1	16.8444805662621	1	1	1	1	1	1	1	1	1	1	1	1	1	1	1	1	19.7675888681156	1	1
ACSF2	1	1	1	1	38.67883298836	1	18.8925175606292	1	1	1	1	15.5094096375326	1	1	1	1	1	1	1	1	1
ACSL1	36.4797628794462	272.379169898109	1	24.5726789762431	1	1197.51197755631	294.194664642425	1	27.3052047322177	1	50.0159803898915	42.0983033597802	129.917809496123	52.908041745467	43.7127066844849	295.036191975155	49.9233343704415	65.0454649937339	139.073444258646	202.139274202865	1
ACTG2	1	1	1	1	1	1	1	1	1	1	1	1	1	1	1	1	87.1911933574689	1	1	1	1
ACTL6A	122.322311491891	17.5814520311947	1	1	1	1	1	1	1	16.9434580415206	1	1	1	1	1	21.8281118524634	1	37.5273032946964	19.1194888055817	1	186.29131612885
ACVR1B	1	32.9679728507035	1	1	1	1	20.068919967898	1	1	23.1378944058176	1	27.5068484822218	42.6181934911361	1	1	30.7138626609222	1	59.2529528528574	1	1	1
ACVR1C	1	1	1	1	1	1	1	1	1	28.1851455120633	1	1	1	1	1	1	1	1	1	1	1
ACVR2B	1	1	1	1	1	1	1	69.5942248246411	1	1	1	1	1	1	1	1	1	1	1	1	1
ACVRL1	1	1	1	1	1	1	30.3214644886928	1	1	1	1	1	1	1	1	29.6903457026557	188.722542622978	1	1	72.6944855003284	1
ACYP1	40.5002438832138	1	1	1	1	1	1	1	1	1	1	1	1	1	1	1	1	1	1	1	21.6442213856706
AD000090.1	1	1	1	1	1	1	21.7923857045406	1	1	1	1	1	1	1	1	1	117.051450545825	1	1	46.9477873786918	1
ADA	1	1	1	45.5360194109945	1	1	1	1	1	1	1	43.971594277087	1	1	1	1	1	1	1	1	1
ADA2	1	325.342057127596	88.459669895873	120.182674185956	80.3220755715715	31.3137336992738	457.224538759657	406.363033809955	100.845046640003	86.1122173365232	54.8056267017812	74.7800825600545	84.6065567832915	38.2284282661464	76.8185418913058	231.919262454076	44.0077689114938	23.5226969894523	276.430100010159	225.83016843355	1
ADAM12	22.5924006103852	1	1	1	1	1	1	1	1	1	1	1	63.8189746097425	68.1666089151962	1	18.0549753482742	115.648708010297	109.576783437623	1	1	39.0209977711086
ADAM15	35.7242055559107	37.1947429638632	1	1	1	1	17.8673884188309	33.8232768156399	1	1	1	1	1	1	1	27.5723818570926	67.2887181570814	18.3358275728667	30.2472629535634	31.9403952776887	1
ADAM19	55.4841823771005	67.3300419649712	104.863072096548	1	170.603301807148	108.868010829322	1	64.2806213734569	47.7838660718789	1	80.0052593338827	129.82803422186	110.72996969065	163.889678874329	195.014803003539	1	69.4274815269497	1	287.535852530875	185.323293984718	1
ADAM23	39.8874174941599	1	1	1	1	1	1	1	1	1	1	1	1	1	1	1	1	25.7064400005082	1	1	39.0229858711305
ADAM28	1	32.5892871607722	1	1	305.269824094296	1	32.9881275778417	43.8759335783105	1	1	226.36495209495	1	1	1	1	1	1	1	61.8514055638379	49.678060047372	1
ADAM9	37.1284556387446	46.6185868587936	1	1	1	1	113.07937349914	1	1	1	1	1	1	1	1	108.458026476397	61.2856118276321	52.209537271393	57.140388569919	70.0099400184452	1
ADAMDEC1	1	1	1	1	1	1	38.8204099359622	1	1	1	1	1	1	1	1	1	1	1	1	1	1
ADAMTS1	1	1	1	1	1	1	1	1	1	1	1	1	1	1	1	1	186.607680824891	30.9567705334065	1	1	1
ADAMTS10	1	1	1	1	1	1	1	1	1	24.7861205634365	1	1	1	1	1	1	1	1	1	1	1
ADAMTS12	1	1	1	1	1	1	1	1	1	1	1	1	1	1	1	1	125.244601448086	1	1	1	1
ADAMTS2	1	17.4169090571338	1	19.2725272997011	1	28.8843203363368	1	1	1	16.2293626713988	1	1	1	1	1	1	153.643519082238	21.5206895447499	1	1	53.2608372512731
ADAMTS7	1	1	1	1	1	1	1	1	1	1	1	1	1	1	1	1	35.9239869323562	28.0700008538537	1	1	1
ADAMTS9	1	1	1	1	1	1	1	1	1	1	1	1	1	1	1	1	113.497350195845	1	1	1	1
ADAMTSL3	1	23.49193837175	1	26.4872031260234	1	1	1	1	1	50.8620650313059	1	1	16.9381277084371	28.0199159354608	1	1	1	23.3951875704842	1	1	1
ADAMTSL4	1	33.6769455822406	1	1	1	1	80.6674372501704	1	1	1	1	1	1	1	1	54.6506129990742	1	1	53.5320269184776	28.0818818210363	1
ADAP1	1	27.0322903519972	1	32.6862680289195	1	1	1	1	1	1	1	1	1	1	1	1	1	1	13.8757451963502	1	1
ADAP2	1	74.546215835963	1	1	34.1667786351517	1	216.312878639627	1	1	1	25.4003870419739	1	1	1	1	140.421594180199	28.7321951765623	1	148.132737813049	78.2151850719534	1
ADAT2	1	1	1	1	1	1	1	1	1	1	1	1	1	24.6134970194269	1	1	1	1	1	1	1
ADCK2	26.7193986877623	22.5865643552121	1	1	1	1	47.2787768554555	1	28.3126504513078	1	32.71958012227	40.1705011744086	1	1	28.2880557397348	40.9129282546056	1	14.6766924305236	37.6283910824298	34.8614994375834	33.6997856344082
ADCY2	1	18.153744242595	1	1	1	30.1622590986675	1	1	1	32.8391221233008	1	1	1	1	1	1	27.7941007694043	1	1	1	1
ADCYAP1	1	1	1	1	1	1	1	1	1	1	1	1	307.618369492754	1	1	1	1	298.845994908789	1	1	1
ADD2	41.3415910834326	1	1	1	1	1	1	1	1	1	1	1	1	1	1	1	1	1	1	1	32.5358474319412
ADGRA2	1	1	1	1	1	1	1	1	1	1	1	1	1	1	1	1	104.534284362968	1	1	1	1
ADGRA3	1	17.8914098681233	1	26.844680606743	29.3765889198607	1	1	1	1	23.6589090288554	1	23.1547363750164	1	1	1	1	30.0320215074849	22.6749447583161	1	1	1
ADGRE1	1	26.4563412811456	1	1	1	1	1	1	1	1	1	1	1	1	1	1	1	1	1	1	1
ADGRE3	1	1	1	1	1	37.0831224230656	1	1	1	1	1	1	1	1	1	1	1	1	1	1	1
ADGRF1	1	28.5129678315601	1	1	1	48.9965661246084	1	1	1	18.3059792347718	1	1	1	1	1	1	1	1	1	27.9954680148419	1
ADGRF5	1	71.1954147165646	1	1	1	1	1	1	1	1	1	1	1	1	1	1	210.784853255343	24.0069550689376	1	144.068793257449	1
ADGRG1	60.3806590382587	25.2127076546584	1	640.57679340431	1	1	1	1	95.3259065883749	1	1	126.947446915044	1	1	50.7618547850015	1	44.0350109141604	22.1370556092872	42.7248695897539	31.5972343298689	64.608150413095
ADGRG3	1	1	1	1	1	292.639245579868	1	1	1	1	1	1	42.1304808202622	1	1	1	1	1	1	1	1
ADGRG5	1	1	1	39.4111939327364	1	1	1	1	1	1	1	1	1	1	1	1	1	1	1	1	1
ADGRL2	1	1	1	1	1	1	1	1	1	1	1	1	1	1	1	1	96.2759515380868	1	1	1	1
ADGRL4	1	1	1	1	1	1	1	1	1	1	1	1	1	1	1	1	74.3626307400959	1	1	1	1
ADH1B	1	1	1	1	1	1	1	1	1	1	1	16.1825347943825	1	1	1	1	238.946621841497	1	1	1	1
ADH6	1	1	1	1	35.7455425970327	1	1	1	1	1	1	1	1	1	1	1	1	1	1	1	1
ADH7	154.716406550759	1	1	1	1	1	1	1	1	1	1	1	1	1	1	1	1	38.708744646142	1	1	256.454731264501
ADIRF	63.5685677430669	81.9902851448465	1	1	1	1	1	1	1	1	1	1	1	1	1	1	131.971249301135	56.9443216305529	1	72.3521418081103	106.167959139052
ADM	105.935845431985	42.3547035947928	1	1	1	318.929916561683	86.7111675029059	1	1	1	1	1	153.415029222491	1	1	120.737327192154	82.3088578742376	123.91876962489	23.9242341722972	74.4390241772852	173.46533445374
ADM2	1	16.8440926643805	1	1	1	36.4267796221486	1	1	1	1	1	1	1	1	1	1	1	19.3780690330013	1	1	1
ADO	23.950322654129	1	1	30.3242935901143	1	1	1	1	29.7442027647266	1	1	1	1	1	1	19.6101709414067	28.9298210370991	17.5133406430539	19.9865105740665	1	49.9920083553334
ADORA2A	1	1	1	1	33.9413919440838	81.0602392713225	1	22.2492606504861	48.6287548595493	58.8780659504236	32.7219742690216	1	41.2087234095485	46.6722806890848	34.7596792266939	1	1	1	1	52.1394673431238	1
ADORA2B	1	1	1	1	1	1	1	1	1	1	1	1	1	1	1	20.2236849996322	1	1	1	1	1
ADORA3	1	1	1	1	1	1	37.4256217715767	1	1	1	1	1	1	1	1	1	1	1	1	1	1
ADPRM	1	1	1	1	44.7513740223052	1	1	1	1	39.1347147398064	1	1	1	1	1	1	1	1	1	1	1
ADRB1	1	1	1	1	1	1	1	1	1	1	1	45.4602301361396	1	1	1	1	42.9833914421891	1	1	1	1
ADRB2	1	1	1	76.2173179774544	1	1	1	1	27.5499878906351	1	1	1	1	1	1	1	1	55.1316728028722	1	1	1
ADTRP	1	1	1	1	1	1	26.9022333014051	1	1	102.318055430483	1	1	1	36.0288696003211	1	18.1989965512964	1	1	1	1	1
AEBP1	1	1	1	1	1	1	1	1	1	1	1	1	1	1	1	1	608.825752432085	1	1	1	1
AEN	18.1516185790088	1	1	1	1	1	1	19.8817620898458	1	23.2130428041033	1	1	1	37.0582049765894	27.115800449977	1	1	24.5167549701604	1	20.3290356601952	1
AF001548.3	1	1	1	27.0859467998221	1	1	1	1	1	1	1	1	1	1	1	1	1	1	1	1	1
AF121898.1	1	21.5651791138135	1	1	1	51.5535194196807	1	1	1	18.9204741926939	1	1	1	1	1	1	1	1	1	1	1
AF131216.3	1	1	1	1	28.7109053210547	1	1	1	26.9911426940149	1	1	1	1	1	1	1	1	1	1	1	1
AF274855.1	1	1	1	1	1	1	1	1	1	1	1	1	1	1	1	1	1	1	1	1	64.3184552409018
AFAP1	1	1	1	1	1	1	1	1	1	1	1	57.8613784233282	1	1	1	1	48.7922879406371	1	1	1	1
AFAP1L2	1	1	1	1	1	1	1	1	1	1	1	220.514833351422	1	1	1	1	1	1	1	1	1
AFDN	20.3864563172445	26.2458352891466	1	1	1	1	23.9398240561434	1	1	1	1	1	1	1	1	22.1617552186752	48.364090484518	49.0801563711825	56.0887550495617	82.1289985964062	1
AFF3	1	1	1	1	110.716719772305	1	1	1	1	1	70.797231534653	1	1	1	1	1	39.0752848914988	1	22.3639382122393	1	1
AGA	1	21.9051685862121	1	22.8322175650924	1	1	17.0692103904372	52.3688874111466	1	1	1	1	1	1	1	22.0464093579973	1	41.2433968253902	20.3109327683482	1	1
AGAP1	1	1	1	56.695053186183	1	1	1	1	1	1	1	1	28.6731151731454	1	1	1	1	60.4892535620251	1	1	1
AGAP2	1	1	27.2396189288837	34.3971402286431	1	1	1	1	32.6560933524137	25.161214943343	1	1	1	29.9870952229066	1	1	1	1	1	1	1
AGFG2	1	1	1	1	1	1	1	1	1	1	1	1	1	1	31.465878414706	1	1	1	1	1	1
AGK	44.6228498315929	1	1	65.9690123186999	1	1	1	1	1	1	1	130.899466848399	1	34.7562033618002	1	17.5157439827781	1	19.5286635551112	1	26.4697705709465	98.9237912064082
AGL	49.3691728471842	17.5223012748175	1	44.5156849255432	1	1	1	1	1	29.2942845949299	1	1	1	1	1	17.5948112183749	1	24.3201321151659	1	1	1
AGMAT	1	23.8792978651419	1	36.1204001609959	1	75.1358004706931	1	1	1	29.2404281095792	1	1	31.0051643811036	36.5250189771159	26.8112260768052	1	1	1	1	1	1
AGPAT4	1	24.0094183398062	1	33.1472272913179	1	1	56.9510951361266	1	1	1	1	1	1	1	1	58.4206401473723	1	1	1	1	1
AGR2	44.883429189375	201.494892225027	1	1	1	1	1	1	1	1	1	1	1	1	1	1	1	344.557900884582	1	114.197508286539	88.3614876640826
AGR3	1	67.2925225576753	1	1	1	1	1	1	1	1	1	1	1	1	1	1	1	1	1	1	1
AGRN	1	22.4070633091398	1	1	1	1	1	1	1	1	1	1	1	1	1	20.9814502569362	66.6729306859753	34.1318463442055	1	57.2657525953666	1
AGRP	1	1	1	1	1	1	1	1	1	1	1	1	1	1	1	20.9690139493004	1	1	1	1	1
AGTPBP1	1	35.078019662217	1	47.3170706005837	1	87.6459880933187	15.3518269259366	1	1	1	1	1	37.9750777565837	1	1	1	1	1	16.4563208891626	1	1
AHCY	150.50657633553	35.8848699194886	1	1	1	1	55.3153669937166	23.9105256647706	1	1	1	1	1	1	1	72.8249783460159	23.6356718672624	54.9836899535227	45.5268385225484	25.8678199481478	64.7062358016591
AHCYL2	25.6588777262533	44.116492961978	1	1	1	1	1	1	1	1	1	1	54.5551046438144	1	1	1	1	28.4874911858376	20.4207181589649	34.8347726218228	1
AHNAK2	29.824973154579	1	1	1	1	1	1	1	1	1	1	1	1	1	1	1	1	65.3033199947825	1	1	23.6146973151549
AICDA	1	1	1	1	1	1	1	1	1	1	1	47.7629638529874	1	1	1	1	13.1994026974423	1	1	1	1
AIF1	1	384.062770137438	1	1	1	409.508074328777	389.88793010383	1	1	1	1	1	1	1	1	266.043892115435	1	1	383.771014068513	189.945547892834	1
AIF1L	1	1	1	1	1	1	1	1	1	1	1	1	1	1	1	1	89.6931832511434	1	1	1	1
AIM2	1	1	1	1	1	1	1	29.5362780140382	1	1	93.5860106370084	1	1	1	1	1	1	1	1	1	1
AIMP2	42.6979970058169	1	1	1	1	1	1	1	1	1	1	1	1	1	1	19.5913974271699	20.9194998261916	37.277197978238	1	1	68.4325273858155
AJ239322.1	1	1	1	1	1	61.5773258048822	1	1	1	1	1	1	1	1	1	1	1	1	1	1	1
AJUBA	34.270852015706	1	1	1	1	1	1	1	1	1	1	1	1	1	1	1	1	1	1	1	14.3089551615756
AK4	111.462860513424	20.4129097328301	1	1	1	1	1	1	1	1	1	1	1	1	1	47.0009460877941	27.0112213818295	49.2169069340329	22.7630010335393	44.9587119324535	181.381348058402
AK5	1	1	1	1	1	1	1	1	1	43.0763010814614	1	1	1	1	1	1	1	1	1	1	1
AKAP12	1	1	1	1	1	1	1	1	1	1	1	1	51.838109212411	1	1	1	115.09402583955	47.4271597016676	1	1	1
AKAP2	1	1	1	26.3427245277886	160.016288273579	1	1	29.3201474620592	1	1	88.6487751600825	1	117.55279615776	1	1	32.8382556504289	136.188660383092	132.078864419387	28.6148029464381	69.2366377512058	1
AKAP5	32.4753506509373	1	1	44.9698768760742	1	35.1847300916544	1	1	32.7334497999789	1	1	133.983383859039	39.0570486115258	56.005567643398	67.4893631193734	1	1	34.3278933742394	1	1	1
AKAP7	1	1	1	32.2348260940902	39.6860147370515	1	17.5464610107197	1	1	53.6586287067691	1	1	1	1	1	1	1	1	1	1	1
AKAP8	28.4742458378742	25.3316172578846	36.2414343615422	41.8127387107523	1	1	1	1	41.6271769584069	1	33.8099610036383	82.5152647580862	78.8545444516385	1	32.9462849928257	20.7054639583609	1	36.0853654613123	1	27.963298784307	1
AKAP8L	1	31.2220164974378	1	37.8068422024859	1	1	1	1	37.5463282487264	28.7313326776434	28.7365052931467	15.3354641590056	1	1	27.7074518349253	20.5191044727186	1	22.4721285009256	21.010617085676	1	43.7593311631046
AKIP1	52.0283777662703	17.8811530770487	1	1	1	1	31.543310598768	1	1	1	1	1	1	32.5374948127389	1	30.4262321240182	1	33.7942066760778	32.82120206447	1	78.8764220739577
AKR1B10	337.619234824531	1	1	1	1	1	1	1	1	1	1	1	1	1	1	1	1	75.5762552090226	1	1	440.692119445539
AKR1C1	754.070104119922	1	1	1	1	1	1	1	1	1	1	1	1	1	1	124.981465974459	1	249.172051750845	1	1	1297.6971575242
AKR1C2	350.190177653729	1	1	1	1	1	1	1	1	1	1	1	1	1	1	1	1	182.060086452493	1	1	602.473402618673
AKR1C3	1133.65816043377	1	1	166.401070359451	1	1	1	1	1	1	1	1	1	1	1	206.444692091401	1	308.577578515469	1	44.6954238073855	2456.90829428012
AKR7A3	1	1	1	1	1	1	1	1	1	1	1	1	1	1	1	1	1	31.2943886321323	1	1	1
AKT3	1	1	38.2442852426063	37.260338969171	1	1	1	1	28.997621523204	24.0165148580207	1	1	27.8520030473996	1	29.8534702889572	1	60.8079492408146	20.0137703271647	1	1	1
AKTIP	1	21.8238878488618	29.5636693173084	30.8946332734722	25.6175711807451	44.6769643608081	1	1	41.6250687324993	29.0627019826898	1	1	1	77.5452167010341	36.0459266870638	1	1	17.3757191705066	1	1	1
AL008638.5	1	17.2991310914028	1	20.9226219925322	1	50.5679050445422	1	1	1	22.4569572855951	1	1	1	1	1	1	27.6816191174502	1	1	1	1
AL021368.2	1	1	1	24.4143661086833	1	1	1	1	1	1	1	1	1	1	1	1	1	1	1	1	1
AL022069.1	1	27.0485608175156	1	1	30.7204684269649	1	37.5330987561755	1	1	1	29.7099287429018	1	32.7953800661005	1	24.1449400877841	18.7078998844931	1	23.8205880688613	20.9440613320493	28.3392965294029	1
AL022323.4	1	18.9900144792556	1	20.1406994540861	29.1343827459623	38.7890276439198	1	1	1	23.764699014472	1	53.6760804718054	18.7770231205193	1	1	1	1	1	1	1	1
AL031432.4	1	15.6068896343437	1	20.7298224231502	1	32.4977559947484	1	1	1	1	1	41.9868285424759	1	1	1	1	1	1	1	1	1
AL031587.5	1	16.5097121431011	1	1	29.8441051252587	31.6579643336453	1	1	1	15.4453217586912	1	1	1	1	1	1	1	18.6105668167826	1	1	1
AL031731.1	1	18.6660318952896	58.2383435663079	22.4543797004057	1	39.8267182463948	1	1	33.0230003649074	19.3215608267611	1	34.4902632574065	22.7655587005886	39.925305304003	53.7623348012445	1	13.3043759223821	22.0947704773807	1	18.0223121772569	1
AL031777.3	1	1	1	1	1	1	1	26.345398844789	1	1	1	1	1	1	1	1	1	1	1	1	1
AL033543.1	16.6749740274222	19.5553506022524	1	30.3456075948236	1	1	49.3928585664365	1	1	24.59145746335	1	1	39.867810082372	1	1	24.1575017508399	1	1	1	20.2176301369177	1
AL034397.3	1	45.1695989654898	1	1	1	449.180726802567	1	1	1	1	1	1	43.053437224029	1	1	1	1	1	1	1	1
AL034417.3	1	1	1	1	1	1	20.1051821051453	1	1	1	1	1	1	1	1	1	1	1	1	1	1
AL034428.1	1	1	1	1	1	1	1	1	1	1	1	32.781141879437	1	1	1	1	1	1	1	1	1
AL035071.1	1	1	1	25.029191573634	1	1	1	1	1	1	1	1	1	1	1	1	1	34.3800277303432	1	1	1
AL035446.1	1	1	1	1	1	1	1	1	1	1	1	1	1	1	1	1	1	1	20.6141043015898	1	1
AL035681.1	1	1	1	1	1	1	1	1	1	1	1	1	24.4748580018539	1	1	1	1	1	1	1	1
AL049646.1	1	1	1	1	1	1	1	1	1	1	1	28.3191143757401	1	1	1	1	1	1	1	1	1
AL049840.4	1	1	1	1	1	1	1	1	1	1	1	1	1	1	1	14.8164072610912	1	1	1	1	1
AL078604.2	1	1	1	1	1	1	19.0422886798872	1	1	1	1	1	1	1	1	1	1	1	1	1	1
AL117336.2	1	1	36.3004241158487	1	1	1	1	1	1	1	1	34.094186277708	48.987320334702	41.0029291332644	1	1	1	1	1	1	1
AL118516.1	1	1	1	1	1	1	1	1	1	1	1	1	1	1	1	1	1	1	1	1	67.9116544838953
AL121749.1	1	20.2586366276093	1	1	1	38.0004419791021	1	1	1	21.4738919078704	1	29.0591352882695	34.4786593373046	1	1	1	25.0030123409176	1	1	1	1
AL121839.2	1	1	29.2330097915061	38.4582716645481	1	1	1	1	34.2544743098417	47.7794735230444	1	1	1	1	1	1	1	1	1	1	1
AL121944.1	1	1	1	1	53.7977968110307	1	1	1	1	1	34.3063425902198	1	1	1	1	1	1	1	1	1	1
AL121972.2	1	18.3620662172594	1	41.2215312654611	1	1	1	1	1	25.4495596393332	1	1	28.3583139607753	1	1	1	21.0832181850913	19.2890187938993	1	1	1
AL121985.1	1	1	1	1	1	1	1	1	1	1	1	21.0192573402982	1	1	1	1	1	1	1	1	1
AL132656.3	1	1	1	1	27.2645478043365	1	1	1	1	1	1	1	40.8022363188292	1	1	1	1	29.1901239373723	1	1	1
AL132996.1	1	1	1	1	1	1	1	1	1	19.3599479677766	1	1	1	1	1	1	1	1	1	1	1
AL133243.3	1	1	1	45.2583252069757	44.7507893695364	1	1	1	1	19.0756360784101	1	1	1	1	1	1	23.3075837751037	1	1	1	1
AL133245.1	1	26.6113505737749	1	25.3451412089528	1	70.6022755547125	1	1	31.9311799765749	24.5006087295574	1	1	1	1	1	1	1	1	1	18.1004579181443	1
AL133330.1	1	1	1	1	1	1	1	1	1	1	1	1	1	1	1	19.0456481519219	1	1	1	25.3477371851224	1
AL133384.2	1	1	1	1	1	1	1	1	1	22.4690305554404	1	1	1	1	1	1	1	1	1	1	1
AL136295.5	1	19.7094971051019	1	1	1	35.0557402890907	18.3191435930201	1	1	28.560043782699	1	1	39.2608583115431	1	1	20.8938984796653	1	22.8078951406848	1	1	1
AL136985.3	1	1	1	1	1	1	1	1	1	1	1	37.6713666451594	1	1	1	1	1	1	1	1	1
AL138724.1	1	1	1	1	1	1	1	1	1	1	1	1	1	1	1	1	1	1	1	1	41.091112344311
AL138756.1	1	1	1	25.7170127730518	1	1	1	1	1	1	1	1	1	1	1	1	1	1	1	1	1
AL139020.1	1	1	1	21.587783437751	1	1	1	1	1	1	1	27.82510961701	1	1	1	1	1	1	1	1	1
AL139246.5	1	1	1	1	1	1	1	1	1	1	1	22.9793123246133	1	1	1	1	1	1	1	1	1
AL139316.1	1	17.931270976153	1	32.9227452348907	1	35.7286025776677	1	1	1	28.7011018279123	1	1	1	1	1	1	1	1	1	1	1
AL139424.3	1	21.8061902976675	1	33.5991206692863	1	52.3249639769175	1	1	1	1	1	1	1	1	1	1	26.8390532845032	1	1	1	1
AL157396.1	1	1	1	1	1	1	1	1	1	1	1	33.237617911559	1	1	1	1	1	1	1	1	1
AL157895.1	1	1	1	1	1	1	1	1	1	1	1	1	28.9954468633059	1	1	1	1	88.7428412258168	1	1	1
AL157902.2	1	1	1	1	1	1	1	1	1	1	1	1	27.9455910264443	1	1	1	1	1	1	1	12.5527400548232
AL158835.1	1	1	1	21.8653944813899	1	1	1	1	1	1	1	1	1	1	1	1	1	1	1	1	1
AL161431.1	26.5228658051701	1	1	1	1	1	1	1	1	1	1	1	1	1	1	1	1	1	1	1	40.2448158331844
AL161937.2	1	1	1	1	1	1	1	1	1	1	1	28.3191143757401	1	1	1	1	1	1	1	1	1
AL162390.1	1	1	1	1	49.2411359030043	1	1	1	1	1	1	1	1	1	1	1	1	1	1	1	1
AL353763.2	1	1	1	1	1	1	1	1	1	1	1	31.5496062922264	1	1	1	1	1	1	1	1	1
AL353997.6	184.197830799043	1	1	1	1	1	1	1	1	1	1	1	1	1	1	1	1	70.6905345370059	1	1	558.484261361247
AL355312.2	1	1	1	1	36.6234926474668	1	1	1	1	1	1	1	1	1	1	1	1	1	1	1	1
AL355482.1	1	1	1	1	1	1	1	1	1	18.0997908946916	1	1	1	1	1	1	1	1	1	1	1
AL355816.2	1	1	1	133.751444270356	1	1	1	1	36.8480558178376	75.8723715141944	1	1	1	1	1	1	1	1	1	1	1
AL356019.2	1	1	1	1	1	1	1	1	1	33.8193724042783	1	1	1	1	1	1	1	15.6658549082018	1	1	1
AL356273.3	1	30.0372603646607	1	32.8833514592911	1	146.493964971635	17.4099570705328	1	1	19.4464550460203	1	1	62.0200245877236	1	1	1	1	1	1	1	1
AL356488.3	1	27.8996389525968	1	35.0337764922035	24.7621327870041	53.1066905010228	17.6565073751176	1	1	19.2715508563432	25.9762210072706	1	37.904032610831	1	1	1	1	25.660427951273	1	1	1
AL358074.1	1	21.0215595871225	1	25.0919580039241	1	40.3560659608983	1	1	1	1	1	20.7816864783445	26.3618452268365	1	1	1	1	16.1829908413544	1	1	1
AL359220.1	1	1	1	1	1	1	1	1	1	20.0927213010034	1	1	1	1	1	1	1	1	1	1	1
AL359555.1	1	1	1	1	1	1	1	1	1	1	1	32.0627850994092	1	1	1	1	1	1	1	1	1
AL359962.2	1	1	1	41.6247346222579	1	1	1	1	1	1	1	34.1220158030355	1	1	1	1	1	1	1	1	1
AL365205.1	1	1	1	1	1	1	1	1	1	18.5939793350882	1	1	1	1	1	1	1	1	1	1	1
AL365361.1	1	1	53.3335336344968	1	1	1	1	32.90731124779	45.9584856042816	73.3086649364252	1	1	1	1	1	1	1	1	1	1	1
AL390195.1	39.6189125049955	1	1	1	1	1	1	1	1	1	1	1	1	1	1	1	1	17.5683387861494	1	1	62.0258952156445
AL390728.6	1	17.1604730099984	1	43.7882198372078	1	1	1	1	1	17.6937373337141	1	1	58.6793944483086	1	1	1	1	23.7523210361065	1	22.9099055425083	1
AL390760.1	1	1	1	1	1	1	17.5199573286945	1	1	1	1	1	28.3215645995213	1	1	1	1	1	1	1	1
AL390860.1	1	1	1	23.7578399221192	1	1	1	1	1	17.3773935166662	1	47.642784223302	1	1	1	1	1	1	1	1	1
AL391244.1	1	1	1	1	1	1	1	1	1	22.94783079592	1	45.711846370892	1	1	1	1	1	1	1	1	1
AL442125.1	1	22.3770656183979	1	24.7476559283533	1	62.9181142156769	17.1746578412084	1	1	1	1	32.1779527289657	33.1812177361927	1	1	1	1	12.4616244638062	1	1	1
AL445248.1	1	1	1	22.5732707472532	1	35.4835554463364	1	1	1	1	1	1	1	1	1	1	1	1	1	1	1
AL445465.1	1	1	1	1	1	29.1336823271138	1	1	1	1	1	1	1	1	1	1	1	1	1	1	1
AL445483.1	1	18.0102068678487	1	1	1	1	1	1	1	1	29.5584135323117	1	1	1	1	1	1	24.2948821213713	1	27.0156082343995	1
AL445524.1	26.1159605089542	1	1	1	1	59.5335510131262	1	1	1	1	1	1	1	1	1	1	1	21.6842489010685	1	1	23.1473135015194
AL450226.2	1	1	1	1	1	1	18.3366176845401	1	1	1	1	1	52.2300245386927	1	1	1	1	1	1	1	1
AL513210.1	1	23.5810975318546	1	25.6755809887426	1	57.2817962715239	16.4407423402883	1	1	17.2297765307121	1	1	1	1	1	1	1	1	1	1	1
AL590132.1	39.5500597024644	20.8091092392758	1	1	41.1322999005557	1	20.0321124900099	1	1	1	28.7393384232427	29.036553813296	1	1	1	26.523805693926	1	39.1018679067513	33.0131773398265	32.8915737899867	31.8308989924301
AL590440.2	1	1	1	1	1	30.1458114924302	1	1	1	1	1	1	1	1	1	1	1	1	1	1	1
AL590491.2	1	1	1	1	1	1	1	1	1	23.8997199260599	1	1	1	1	1	1	1	1	1	1	1
AL590705.1	1	21.9708337079989	1	24.6550068942167	34.6227751108336	53.7487727495671	1	1	1	29.5441896882137	1	1	1	1	1	1	1	18.3791634055616	1	1	1
AL591178.1	1	1	1	1	1	1	1	1	1	1	1	1	1	1	1	1	1	1	1	1	65.9329934011154
AL591686.1	1	1	1	1	1	30.8708617660402	1	1	1	1	1	1	1	1	1	1	1	1	1	1	1
AL591895.1	1	1	1	1	1	1	1	1	1	49.3676137533889	1	1	1	1	1	1	46.642218981649	1	1	1	1
AL627171.1	1	1	1	1	1	1	1	23.7651581246458	1	1	1	1	1	1	1	1	1	1	1	1	1
AL645608.5	1	1	1	1	1	1	1	1	1	19.7648433722647	1	1	1	1	1	1	1	1	1	1	1
AL645728.1	1	1	1	1	1	1	1	1	1	21.6548884818904	1	1	1	1	1	1	1	1	1	1	1
AL662795.2	1	1	1	30.6074109571301	1	1	1	1	1	1	1	1	1	1	1	1	1	18.2208215442837	1	1	1
AL662907.3	1	26.9496242781676	1	30.7782754034173	1	32.6237996210464	18.6296310673804	1	1	33.6121773112888	1	1	40.4535077886355	1	1	1	1	25.8291130551028	1	1	1
AL672032.1	1	1	1	1	1	32.4980747639616	1	1	1	1	1	1	1	1	1	1	1	1	1	1	1
AL691447.2	1	14.1220833338937	1	1	21.4679753833146	30.5255059517877	1	1	1	18.3816336170882	1	1	1	1	1	1	1	18.1975818422173	1	1	1
AL928921.2	1	17.5447413917598	1	18.7098956037897	1	34.5180552487898	1	1	1	31.7482561086327	1	1	1	1	1	1	1	1	1	1	1
ALCAM	106.56519401029	91.2779748340116	1	1	1	1	170.212413044787	25.5182488044051	1	1	40.260464111908	1	29.9661844444663	1	1	244.433762030336	57.0705142876108	136.247099331191	266.728125102107	180.610044230978	190.134962172164
ALDH1A1	352.138744579105	49.0115107351237	1	1	1	1	234.469001986957	1	1	1	1	1	49.2252385539645	1	1	135.845827468938	97.2207282585333	300.233926654736	1	29.769178476524	764.523765622556
ALDH1B1	1	1	1	1	1	1	1	1	1	1	1	1	1	1	1	1	41.1010958402335	1	1	1	42.879098015698
ALDH1L1	1	21.2763065801852	1	1	72.2951226062489	1	26.1336221388308	1	1	1	34.4206318236715	1	1	1	1	15.6291713650664	1	1	54.1811531971247	39.1732932229711	1
ALDH3A1	1046.88386647082	1	1	1	1	1	1	1	1	1	1	1	1	1	1	260.510500613395	1	368.145014299713	1	1	2743.21687587288
ALDH3A2	223.279456986301	49.1652122618271	1	33.701110119547	1	1	47.1685514893362	1	1	21.4681132589185	1	51.1123160662367	68.1378832609832	33.7255227168499	1	75.1598497107408	1	123.904522266712	25.2862373287883	37.8494347835191	383.398942659521
ALDH5A1	19.1645630295637	1	1	23.2269029251072	1	1	1	1	1	42.6566146515929	30.6781031193908	28.8622940923054	35.0862687673329	28.9650615302169	29.9833389919347	1	1	25.0730424444561	1	1	1
ALDH8A1	1	1	1	1	1	1	1	1	1	26.2024286400039	1	1	1	1	1	1	1	1	1	1	1
ALDOC	77.2145550707682	1	32.6085044310877	1	1	1	1	1	30.9443237292694	19.8750634240225	1	46.1329844422936	1	49.9133148532193	47.4598928893644	19.3532993558661	1	33.5523216427955	18.5602832690173	1	50.6929583452476
ALG1	19.9801067765274	18.5272839742749	1	1	1	1	22.7354235689467	17.4203440438768	1	1	1	1	1	26.3874389717017	1	18.0796968099995	39.1888686505769	1	1	1	1
ALG14	23.2569725558263	27.9276339141336	1	38.0672488697348	1	50.8734686427693	22.2327068281813	34.4486192394595	1	40.954699072658	1	21.0111901049733	39.9950164166768	1	1	25.8754507900043	48.7920018111917	22.2106905030419	21.0465915592434	1	1
ALG1L9P	1	1	1	1	1	1	1	1	1	19.3158831920844	1	1	1	1	1	1	1	1	1	1	1
ALG2	26.3132122777225	27.9451001452519	1	24.0326571927842	1	1	26.1928410444992	30.6201459421565	29.0111449307035	1	1	31.5899557070344	78.5395784209293	1	25.9617641642423	24.1570273107459	1	24.3071409337501	38.4409639237548	30.2020869466699	1
ALG3	117.903377336416	23.1701563821517	1	21.7276696970638	1	1	21.1910402260977	29.8232035422553	1	1	1	1	1	1	1	33.8306954474323	21.8486569095808	31.091041972629	25.2917727580668	21.8761771334381	217.006647270429
ALG5	30.4914603732379	35.2961839054581	1	46.5724365987569	1	1	37.0746082621965	105.839296088031	39.8340965637243	1	1	54.5243004217577	1	1	26.924696045873	39.4564503242318	34.6543740452281	37.1058428783609	40.4139927201835	36.7740414164318	1
ALG9	1	1	1	1	1	1	1	1	1	19.1473949073145	1	1	1	1	1	1	1	1	1	1	1
ALKAL2	1	1	1	1	76.9366678227042	1	1	1	1	1	1	1	1	1	1	1	30.6693943073722	1	1	1	1
ALKBH3	1	1	1	1	1	1	1	1	1	1	1	59.047759858808	1	1	1	1	1	1	1	1	38.3690668086623
ALOX15B	1	1	1	1	1	1	29.3842128852159	1	1	1	1	1	1	1	1	1	1	1	1	1	1
ALOX5	1	236.476172082857	1	1	32.7432354522502	369.895864823124	204.785365393763	1	1	1	72.799459066738	1	134.7485535158	1	1	212.538640927547	1	231.529280497512	313.077202749843	145.289396564589	1
ALOX5AP	76.8767729296504	269.661657494636	252.9781345924	370.540552868597	83.3716160677182	4207.55296875736	394.125883449496	1	272.455609996501	82.0629281028054	117.961115331473	564.770039252998	1582.60578973706	199.833578961405	362.553609976664	1033.54840717334	1	453.444534936134	1496.56747500688	448.968862965213	11.9850124907089
ALPI	1	1	1	1	1	1	1	1	1	1	1	1	1	1	1	1	1	48.2837098344984	1	1	1
ALPK3	1	1	1	1	1	1	30.1137386911696	1	1	1	1	1	1	1	1	1	15.3870834299876	1	36.864537364289	23.1691179310109	1
ALPL	1	1	1	1	1	236.184540698716	1	1	1	1	1	1	1	1	1	1	1	1	1	1	1
ALS2	1	1	1	1	1	1	1	1	1	1	1	1	44.7684485771762	1	1	1	1	75.5480931770222	1	1	1
ALS2CL	1	1	1	1	1	1	1	1	1	18.0434431110881	1	1	1	1	1	1	1	1	1	1	1
AMDHD2	1	1	1	1	1	1	26.6992676474266	1	1	1	1	1	1	1	1	22.3239808274174	1	1	1	1	1
AMFR	24.4674403740857	34.1926107230871	1	25.3783074444801	38.1931488221308	1	39.4815793870552	1	1	1	62.0562267228714	1	1	25.6811874318664	1	28.972648567416	1	21.1516528573795	37.3113696054987	23.3267206927	16.7795926703295
AMIGO1	1	1	1	1	1	1	1	1	1	17.9753307960837	1	1	1	1	1	1	1	1	1	1	1
AMIGO2	1	1	1	1	1	1	1	1	1	1	1	1	1	1	1	27.782331330423	1	1	1	1	1
AMMECR1	28.8153193119695	1	1	40.3506554758777	1	1	1	1	1	20.5509204687505	1	1	1	1	1	1	1	23.3981589440309	1	1	1
AMMECR1L	25.9332165193573	1	1	23.697546190416	1	1	1	1	1	1	1	71.8185947827331	1	1	1	1	36.896961423355	17.1726198782065	1	1	33.769093134817
AMN1	1	1	1	1	52.7725141191065	1	1	1	1	1	1	1	1	1	1	1	1	1	1	1	1
AMOTL1	1	1	1	1	1	1	1	1	1	1	1	1	1	1	1	1	52.548760185154	20.9261652435208	1	1	1
AMOTL2	1	1	1	1	1	1	1	1	1	1	1	1	1	1	1	1	42.4709198867218	1	1	39.5435605730777	1
AMPD2	22.807402679664	81.8359661020472	28.7425079204045	21.8721115777191	1	181.634223827465	39.5950161691467	1	1	19.1816874022376	1	1	1	1	1	33.7925787108843	17.2151314734095	1	61.4543348544364	37.5466622371414	1
AMPD3	1	19.9989713723914	1	1	1	40.880377092246	31.3323228758592	1	1	1	1	1	58.317623006746	1	1	26.9457476254054	1	1	37.6219203287546	38.7129671687377	1
AMPH	1	19.7598043666857	1	1	1	1	1	1	1	1	1	1	1	1	1	1	1	1	1	1	1
ANAPC4	1	1	1	1	1	1	1	1	1	1	1	78.4915930887689	1	1	1	1	1	1	1	1	1
ANGPTL2	1	1	1	1	1	1	1	1	1	1	1	1	1	1	1	1	176.190528290501	1	1	1	1
ANGPTL4	1	1	1	1	1	1	1	1	1	1	1	1	1	1	1	31.584406266232	1	23.3836146612215	1	1	1
ANK3	26.0483229994542	21.3575489584613	41.4346290937374	1	1	1	1	1	1	49.6706955567347	24.9401235808201	1	1	1	1	1	1	1	1	1	1
ANKLE1	1	18.0199539968803	1	28.3542406756987	1	33.5858184444666	1	1	25.1606879887874	33.5192549673639	1	1	1	1	1	1	1	20.8505203864154	1	1	1
ANKMY2	21.669670209569	1	1	1	1	1	1	1	1	1	1	1	31.0938259584861	1	1	1	1	20.914772363299	1	1	1
ANKRD13C	39.0468012249367	22.1399586328847	35.7254657629736	32.7929462892045	1	1	20.6234483509899	1	36.8574483942662	1	1	23.460322043423	1	37.4118993614939	42.6433926159754	18.3330136050185	27.2453574393566	30.189479984507	1	19.8158555963794	1
ANKRD22	1	16.9825523551283	1	1	1	1	1	1	1	1	1	1	1	1	1	1	1	1	33.3397838984144	36.6338782923895	1
ANKRD28	45.9876034145271	34.0262254834611	69.8667964891699	63.1683855927703	1	1	25.0200315319671	511.580003936696	40.5510768606478	28.1431791485333	29.4932460603482	56.912627257852	97.9957904196934	47.6884970984544	62.5529168397493	43.7085506992795	28.3487685232881	131.475731873364	50.5010151872263	43.5702116377107	1
ANKRD29	1	1	1	1	1	1	22.9220309484835	1	1	1	1	1	1	1	1	26.1165582072508	1	17.0563026307302	1	1	1
ANKRD33B	1	1	1	1	1	1	1	1	1	1	35.558778257596	1	1	1	1	1	1	1	1	38.1731025848903	1
ANKRD34A	1	1	1	1	1	1	1	32.263374346527	1	1	1	1	1	1	1	1	1	1	1	1	1
ANKRD36B	1	22.3096729150324	1	31.3937017112826	1	40.3068924782354	1	73.4853909503497	1	41.1162493711205	1	41.8086522507184	26.1482494996176	1	1	1	1	18.3914332211417	1	1	1
ANKRD36C	1	27.4246252977028	38.4538291673657	63.7420489271101	1	1	1	35.8788432909791	36.57605325525	52.2460610682729	31.0866022319006	25.358523421428	31.7251381436297	1	28.3684403162747	1	1	22.4420179379294	20.4285604595338	36.5994497637428	1
ANKRD37	23.2142875954081	49.852622327313	75.1684166303344	1	72.378670596294	1	43.8085444885548	197.290230142592	82.1474413480454	1	204.379698064139	65.6613339504646	177.189774584145	43.3888559839571	128.51812903181	36.8322452600955	60.1571114468914	95.6175847090581	47.6284699037466	63.7949202258975	1
ANKRD46	18.0133089223877	1	1	24.5450164917395	1	1	1	1	1	53.4472413517078	1	1	1	1	1	1	1	1	1	1	1
ANKRD49	1	21.0740161153297	1	48.6360384946473	1	1	1	1	1	58.4173489615508	32.0165958202471	28.1038314475982	1	1	1	1	40.0143536527394	1	1	1	1
ANKRD55	1	1	1	1	1	1	1	1	1	27.1501892974461	1	1	1	1	1	1	1	1	1	1	1
ANKRD65	23.7495865654758	1	1	1	1	1	1	1	1	1	1	1	51.0612813137704	1	1	1	1	29.7105171590399	1	1	66.7440812651139
ANKZF1	1	20.1915643617106	25.8950097032817	35.2525761880374	1	1	1	1	27.5363236576269	47.0300039775716	1	17.7940089617199	1	1	1	1	1	1	1	1	1
ANLN	51.4872602440143	1	1	1	1	1	1	1	1	1	1	1	1	1	1	1	1	1	1	1	1
ANO1-AS2	1	1	1	1	1	1	1	1	1	1	1	1	1	1	1	18.9796168434084	1	1	1	1	1
ANO9	24.4053694758736	1	29.547182084885	1	1	1	1	1	42.1193060520113	25.6347711553776	1	23.784869370143	1	33.1955918490321	1	1	1	32.8116083539971	1	1	1
ANOS1	1	1	1	1	1	1	24.908649540161	1	1	1	1	1	1	1	1	19.3830700147945	1	1	1	1	1
ANPEP	1	248.218180286149	1	1	1	298.967738777939	74.4344648664572	1	1	1	1	1	52.2030169562816	1	1	234.132371428584	32.410780462741	1	140.524574875619	104.733511774044	1
ANTXR1	21.8094733023907	1	1	1	1	1	1	1	1	1	1	1	1	1	1	1	342.177087254807	32.282565689383	1	1	13.4929753704761
ANXA1	466.731734558475	667.613913605584	1066.7544941752	326.573761594761	1	78.7576760893083	245.644032896997	1	580.650084469699	155.379058448717	1	142.6452542188	800.874548422453	82.7587702265023	310.368441380769	679.3712819468	245.031965805751	1136.14199419441	348.451872192287	481.714223414419	595.736559259394
ANXA2R	1	1	1	39.5469669982341	1	1	1	1	32.1358494885403	93.2316285303781	1	1	1	1	1	1	1	1	1	1	1
ANXA3	1	36.5615241770961	1	1	1	136.355899038519	1	1	1	1	1	1	1	1	1	1	45.8859415899908	23.8707542321919	1	70.2585166050468	1
AOAH	1	103.925227855769	1	137.977796264544	1	63.9227043413556	72.4798051911889	1	66.1821459152722	1	1	68.7523543309491	37.5704069455966	1	1	25.0154521121816	1	1	36.7322242179841	41.8979860789703	1
AOC1	1	1	1	1	1	1	1	1	1	1	1	1	1	1	1	1	1	1	1	25.2469984908538	1
AOC3	1	1	1	1	1	1	1	1	1	1	1	1	1	1	1	1	82.0537960788831	1	1	1	1
AP000254.1	1	1	1	1	1	1	1	1	1	1	1	31.189590558838	1	1	1	1	1	1	1	1	1
AP000432.2	1	19.0401660415798	1	33.3929036414097	1	1	1	1	1	24.7394203476252	1	1	1	1	1	1	1	1	1	1	1
AP000704.1	1	17.9022019593481	1	23.5503801884897	21.3238794868173	41.1263350306639	1	1	1	20.2167340892386	1	26.0178847149213	37.9067567895594	1	1	1	1	23.6189343350631	1	1	1
AP000787.1	1	16.7718737972311	1	1	1	1	1	1	1	1	1	1	24.4803569641312	1	1	1	1	1	1	26.5009565400842	1
AP001020.2	1	17.5866531234981	1	30.7926873217404	1	1	1	1	1	39.4200370986211	1	1	1	1	1	1	1	1	1	1	1
AP001020.3	1	1	1	23.4746492437187	22.7230206545045	30.9754523993383	1	1	1	20.3106234200395	1	1	1	1	1	1	1	1	1	1	1
AP001059.2	1	1	1	1	31.6267168578012	1	1	1	1	18.1288528110809	1	1	1	1	1	1	1	1	1	1	1
AP001157.1	1	1	1	28.3217291469254	1	1	1	1	1	35.2817369184335	1	1	1	1	1	1	1	1	1	1	31.0397937100792
AP001372.2	1	1	1	1	1	1	1	1	1	1	1	1	1	94.6977384934482	1	1	1	1	1	1	1
AP001453.2	31.9646841826479	1	1	1	1	1	1	1	1	1	1	1	1	1	1	1	1	1	1	1	69.2253469552473
AP001525.1	1	1	1	1	27.3246231275377	1	1	1	1	1	1	42.5295246592542	1	1	1	1	1	1	1	1	1
AP001972.5	1	26.1017635989174	1	70.7239330219077	1	1	1	1	1	1	1	29.736871022832	1	1	1	1	1	1	1	1	1
AP002387.1	1	1	31.5381716375807	1	1	1	1	1	1	34.5281037015545	1	1	1	1	1	1	1	1	1	1	26.2428085088273
AP002490.1	1	1	1	1	1	31.7467656686584	1	1	1	1	1	1	1	1	1	1	1	1	1	22.645268127603	1
AP002495.1	1	1	1	1	1	1	1	1	1	38.6678189585915	1	18.8095628713957	1	1	1	1	1	1	1	1	1
AP002884.3	1	1	1	1	1	1	1	1	1	1	1	1	1	1	1	1	1	1	1	1	40.8196273437264
AP003108.2	1	24.1876000296113	1	30.6356984474416	1	66.432262668533	1	1	1	23.680854750358	1	19.9011843779973	1	1	1	1	1	1	1	1	1
AP003175.1	1	1	1	1	1	1	1	1	1	24.9383675576147	1	29.7785291346672	1	1	1	1	1	1	1	1	1
AP003352.1	1	17.2994484374167	1	1	1	1	1	1	1	1	1	1	1	1	1	1	1	1	1	1	1
AP003733.4	1	1	1	1	1	48.1769015141685	1	1	1	1	1	1	1	1	1	1	1	1	1	1	1
AP003969.2	1	1	1	1	1	34.6476605712493	1	1	1	1	1	1	1	1	1	1	1	1	1	1	1
AP005212.5	1	1	1	23.9474777539872	1	1	1	1	1	1	1	1	1	1	1	1	1	1	1	1	1
AP005717.1	1	1	1	1	51.9193760189681	1	1	1	1	1	1	34.6301939312053	20.2819269687101	1	1	1	1	1	1	1	1
AP006621.3	1	17.9202773597672	1	33.5672121985091	43.5509094140237	1	1	1	1	25.0743488246492	1	1	22.783697128691	1	1	1	1	1	1	1	1
AP1M2	28.1777468662748	1	1	1	1	1	1	1	1	1	1	1	1	1	1	1	1	26.149641384066	1	1	83.6209848039893
AP3M2	1	1	45.7330440682089	1	1	1	1	1	1	40.4237080825588	1	25.7784495490492	1	1	1	1	29.1313164147548	1	1	1	1
AP3S2	1	22.9246303103235	1	30.6096391047972	1	1	23.114361289216	1	1	1	1	1	1	1	1	1	1	1	28.6314895884485	1	1
AP4B1	1	1	1	22.0786064091625	1	1	1	1	1	1	1	1	1	1	1	1	1	1	1	1	1
AP4E1	1	1	1	1	23.7224121104253	1	1	1	1	1	1	1	1	1	1	1	1	1	1	1	1
AP5B1	1	26.6765962881823	1	22.9732254664311	1	86.4304256541647	17.4670310013363	1	1	16.3270660382337	1	1	27.030801416186	1	1	23.1240727406138	1	1	1	1	1
AP5S1	1	1	1	26.2578312887263	1	1	1	1	1	1	1	1	1	1	1	1	1	1	1	1	1
APBA1	1	1	1	1	1	1	1	1	1	1	1	1	47.1087193533187	1	1	1	1	1	1	1	1
APBA2	1	20.7444938005436	35.288854076519	76.5947005710951	32.3150822256129	37.3930521959008	1	1	51.4357403028053	42.2620103165223	1	39.2372494658756	32.5238352142657	1	33.6347682795804	1	21.4653423973572	26.5973884027471	1	1	1
APBA3	17.2045109597153	17.3271455847583	29.475130888416	34.3869984778511	1	1	1	1	27.698516202102	19.0820203285397	1	1	1	46.760860888143	23.7571576572052	20.5707923076588	23.0644509288237	1	1	24.7928334175424	1
APBB1	1	1	25.4928930145232	23.0936687431439	1	1	1	1	1	49.5119692892727	1	31.9189641260593	1	1	1	1	1	1	1	1	1
APBB2	1	1	1	1	28.7884117316057	1	1	1	1	1	1	1	1	1	1	1	17.4072734626056	1	1	1	1
APBB3	1	20.8944102585742	1	1	1	1	20.8894263187109	1	1	1	1	1	1	1	1	1	1	1	1	27.0020655670133	1
APCDD1L	1	1	1	1	1	1	1	1	1	1	1	1	1	1	1	1	66.8709002782646	1	1	1	1
APH1B	1	25.3642654270065	1	1	1	31.6920029008457	42.5871695571639	1	1	1	1	1	1	1	1	31.0464504410015	1	1	16.8501105744133	29.1163798957146	1
APLP1	1	16.0517949150603	1	1	1	1	1	1	1	1	1	1	1	1	1	1	1	1	1	1	1
APOBEC3A	1	123.513796415112	1	20.7731774052003	1	371.695327980196	17.1291071084902	1	1	1	1	1	1	1	1	1	1	1	1	64.479744636099	1
APOBEC3D	1	1	1	1	1	1	1	1	1	1	1	28.3191143757401	1	1	1	1	1	1	1	1	1
APOBEC3H	1	1	1	1	1	1	1	1	51.3285074059469	1	1	30.34632418249	1	1	22.2416832734022	1	1	1	1	1	1
APOBR	1	49.588162900906	1	101.898135566492	1	127.081369530936	30.839086967926	1	1	1	1	90.2343611536666	23.3330514421641	1	1	33.6826384971157	1	1	71.6740100001483	38.7826444292533	1
APOC1	1	1	1	1	1	1	1419.85637015136	1	1	1	1	1	42.621575634832	1	1	973.641166250243	1	1	68.8473901721373	65.1130410156418	51.4026124328681
APOC2	1	1	1	1	1	1	298.546777970686	1	1	1	1	1	1	1	1	241.088863511592	1	32.1569754532271	71.482289844639	39.3456872681099	1
APOD	1	1	1	1	1	1	1	1	1	1	1	1	1	1	1	1	63.9685813373621	1	1	1	1
APOE	1	47.3849640423659	1	1	1	1	5895.05439056912	1	1	1	1	1	95.9170261396903	1	1	2173.41323306163	209.059152630645	55.8446244591556	85.9043470485025	142.677256755249	1
APOL3	1	30.2235721955729	41.7427618739646	39.6385325959536	1	1	22.9732344260999	1	44.2643589175696	54.1866385906172	1	18.5245946169758	1	1	1	1	25.260786786742	1	24.2425221774215	35.6646533329324	1
APOL4	1	1	1	1	1	1	35.9166700314486	1	1	1	1	1	1	1	1	25.6333853207669	1	16.1791963573472	37.9453049552528	31.7189286328106	1
APOLD1	1	1	1	1	1	1	1	1	1	1	1	1	1	91.8375117416344	35.517965053534	1	133.187050259016	1	1	1	1
APOO	23.9832143591283	1	1	1	1	1	1	1	1	1	1	1	1	1	1	1	1	1	1	1	40.7934538151782
APTX	46.3407747508465	1	1	1	28.4194941027064	1	1	1	1	1	1	49.0211078527336	1	1	1	20.6013255842187	1	21.6830503402816	1	1	67.5933654592992
AQP1	1	163.579675750526	1	1	1	1	1	1	1	1	1	1	1	1	1	1	603.416145052266	1	1	257.822973038516	1
AQP3	91.7656446574229	329.783730296315	141.283872945237	1	1	1	30.3515883149124	228.234806085054	51.4768301920675	111.195371983569	1	54.9888568387448	46.9260767993685	123.360790040598	69.3508889818171	230.252755415053	26.0863100368281	231.669230783684	115.252278639029	188.602681112325	58.8355938422518
AQP9	1	97.4443551258131	1	1	1	771.831130567548	75.5611557115135	1	1	1	1	1	61.9510592449895	1	1	160.419530201032	1	1	1	43.4423866172293	1
ARAF	1	22.0014297887436	1	1	1	1	18.0142160816068	30.465969265035	1	1	1	1	1	1	28.7768788530284	14.8080667850813	1	15.3427072841323	15.9891353313183	18.9124006751081	1
ARAP2	1	28.120684358277	77.6140748169936	111.493859541764	1	1	1	1	100.501938626417	1	31.9460711592003	40.3579959008071	1	71.6982705348886	105.865969288161	1	1	1	15.8447513227457	46.2176497006169	1
ARAP3	1	1	1	1	1	73.8178272477582	1	1	1	1	1	1	1	1	1	1	59.8254897462008	1	1	1	1
AREL1	1	21.4907272138633	1	31.5305832716553	1	68.6995213556186	1	1	1	1	1	1	51.1805036997662	1	1	18.4351486657959	1	1	1	1	1
ARFGAP1	20.2274770873171	25.8660628627823	1	1	1	1	20.4879081873506	21.2348617055448	1	22.8201287483859	1	51.3080606716342	1	31.8204312800984	1	25.5640994801706	26.9439709048002	1	22.1771316853048	24.985588518855	1
ARG1	1	1	1	1	1	68.7744904868164	1	1	1	1	1	1	1	1	1	1	1	1	1	1	1
ARG2	32.124784267485	1	1	1	1	1	1	1	1	1	1	1	26.2692922361642	40.6562663609872	47.1383017757764	1	1	41.9792329744091	1	1	46.0868371619824
ARHGAP10	1	1	1	1	1	1	31.4981160561707	1	1	1	1	1	1	1	1	39.0268773447276	1	1	1	21.5902044339824	1
ARHGAP12	1	18.1001459752081	1	1	28.2036763111838	1	18.5776706980589	1	1	21.2438902224849	1	1	1	1	1	17.3438569659227	22.9341216555102	22.5564539366519	1	1	1
ARHGAP18	1	42.478671815018	1	1	1	1	181.955552312946	1	41.7417870994675	1	1	27.4904275127638	106.688462021278	1	36.7099890131271	151.858723485302	37.6841789890059	108.984745327025	111.384241568123	112.317729129116	1
ARHGAP24	1	39.5567831754407	1	1	206.818355351024	1	22.5265918724822	1	1	1	222.77263001656	1	31.0155095674695	1	1	26.8008397377202	28.892859551722	1	1	1	1
ARHGAP25	1	42.0531158152576	43.6162279598514	213.6051573552	97.9902726807303	373.07292836638	42.8629605494857	1	133.820783599022	73.8472483800106	166.883291367806	48.6594228678623	98.6361356711973	68.0877714675908	54.0220827797198	1	1	63.2674831413708	1	1	1
ARHGAP27P1-BPTFP1-KPNA2P3	1	19.8675590683914	1	1	1	1	1	1	1	1	1	1	1	1	1	1	1	1	16.0864488408822	1	1
ARHGAP31	1	32.0320258841142	1	1	1	1	38.7057120156141	1	1	1	1	1	1	1	1	38.5201332074713	47.9663598920275	1	83.5705697206682	78.6745360349156	1
ARHGAP35	50.8113045232745	23.8483263130329	35.5411803547774	33.9024906902659	1	1	18.3385568391159	84.4271106908512	58.0948220581521	21.1525512668321	1	28.9973890477801	1	1	45.5752230145231	26.7154253999903	1	28.0042594227125	1	1	41.2241535677162
ARHGAP4	1	26.2002827273095	30.6594965849039	23.5420623347965	1	1	27.4479127440163	1	31.9823762918642	23.7302007497265	1	70.7200523652065	26.6379438324846	1	36.0296416588408	17.1783742427643	1	1	1	1	1
ARHGEF10L	1	24.6952332214379	1	1	1	1	28.3771005548463	1	1	1	1	1	1	1	1	24.382370931316	1	1	1	1	1
ARHGEF15	1	17.6975871199469	1	1	1	48.0841877814891	15.3573474851677	1	1	31.8849576171264	1	1	1	1	1	1	1	1	1	1	1
ARHGEF17	1	1	1	1	1	1	1	1	1	1	1	1	1	1	1	1	54.107679268229	1	1	1	1
ARHGEF25	1	1	1	1	1	1	1	1	1	1	1	1	1	1	1	1	52.5420412259763	1	1	1	48.8740987815902
ARHGEF26	123.424574231951	1	1	1	1	1	1	1	1	1	1	1	1	1	1	1	1	48.8069319918723	1	1	268.875978363417
ARHGEF3	14.8741522892489	47.9577274629672	103.45706296556	341.864577594079	1	1	24.0700092701933	1	120.555930495257	130.767132001428	1	137.913342261957	28.5512105865661	98.8268207099478	125.094701748462	26.143849786678	67.1909966786767	28.8249837348926	21.7350176074527	38.9003357564488	1
ARHGEF35	52.3693375555392	1	1	1	1	1	1	1	1	1	1	1	1	1	1	1	1	1	1	1	110.797083742113
ARHGEF39	1	1	1	1	1	35.4690110078037	14.8295960806165	1	1	1	1	74.062274554098	1	1	1	1	1	1	1	1	1
ARHGEF40	1	44.6992246937017	1	1	1	238.917432552086	23.6640877013392	1	1	1	1	1	1	1	1	22.3720744572482	18.7370059374424	30.4916461169606	20.9613440065492	23.287759348283	1
ARHGEF9	1	1	1	54.0680513758501	1	1	1	1	1	18.6644391909953	1	1	1	1	1	1	17.4507318472028	17.7091059257502	1	1	1
ARIH2OS	1	22.9378207074835	1	41.5159606761803	1	49.218536121011	14.7344958327757	1	39.0432172125905	31.6087424219492	1	61.4181909051112	22.3081712079571	1	1	18.9413590112835	1	1	20.128164931326	1	1
ARL10	1	1	1	32.1539939518827	46.6623926823105	37.3145411812733	1	1	1	35.942872964744	1	29.6170940061255	18.9218576058125	1	1	1	1	15.3761261667888	1	1	1
ARL11	1	34.875608144381	1	1	22.5378672800336	124.39065588466	37.4293443002369	1	1	1	1	1	36.1583674882242	1	1	28.0365367211389	1	1	18.8400228835277	1	1
ARL13B	44.984822361877	1	1	1	1	1	1	1	1	1	1	1	1	1	1	1	1	40.3080888967314	1	22.8166289023912	1
ARL14EP	20.5244715946813	16.610663818152	1	40.7471182417226	1	1	1	1	1	21.1261783241296	38.8427739243162	26.7261350843947	1	1	1	1	1	1	1	1	1
ARL15	1	1	1	1	1	1	23.1461290604452	1	1	20.9053016841108	1	1	1	31.074940947329	1	20.1684795051894	1	17.767567392406	1	1	50.8848442156064
ARL16	1	23.8062362699982	1	25.9084630817836	48.5886206546032	1	15.2289423721581	1	1	1	1	44.6640029181211	1	1	1	15.5334777171688	1	21.0108152163554	1	26.1349636132906	1
ARL17B	1	18.4614991068285	1	27.2138139208503	1	1	1	1	1	36.0337166784003	1	55.7071655258826	1	1	1	1	1	1	16.8783934165109	1	1
ARL3	24.5863247301182	18.8439397409919	1	1	1	1	18.3821697945406	1	1	1	1	41.3305611057618	1	1	24.4221647722485	1	35.2439820127795	19.6480839925705	1	1	50.1946837290304
ARL4D	91.4947732924591	1	1	1	1	1	1	1	1	1	1	1	1	1	1	1	1	89.8099014831133	1	1	82.2422318223469
ARL6IP6	36.953522508685	1	1	1	1	1	1	1	1	1	1	60.0499941875077	1	39.5168067922167	37.2738231415424	1	1	17.6040087544078	1	33.5885347081942	58.8878871294623
ARMC7	1	1	1	25.7794877016933	1	1	1	1	1	1	1	1	1	1	1	1	1	1	1	1	1
ARMCX1	1	1	1	1	1	1	28.4977466244723	1	1	1	1	1	1	1	1	1	31.2933270157806	1	1	1	1
ARNTL	1	1	33.966887915056	64.5887124305912	1	52.7015306046836	1	1	1	21.2312365777565	1	1	45.6923028223519	38.9471279976807	55.5639592993443	1	1	1	1	1	40.2176065142667
ARRDC2	1	35.0243433445668	74.578249716466	40.8960104084722	176.316236090553	1	31.3650589301492	1	32.8233465402819	58.2526140016676	98.029500037815	1	92.3490312313479	53.4328714925133	78.0050298734252	1	89.5918526135927	22.3405973096534	21.4023138693781	96.7040378745679	1
ARRDC4	19.2656763002213	28.8396627033116	1	1	1	1	41.515216027607	1	1	1	1	1	46.5211097485897	1	1	50.7544954726249	1	33.0297624775654	1	20.2768493908425	20.7347279289414
ARRDC5	1	1	1	1	1	1	1	1	1	43.6040623678365	1	1	1	1	1	1	1	1	1	1	1
ARSA	1	16.299400793725	1	1	1	1	32.2319475975843	56.9720250252463	1	1	1	1	1	1	1	17.6129316273135	41.5471654392358	1	1	1	1
ARSB	1	31.669922514276	1	1	1	1	66.1050768074081	1	1	1	1	31.8484589700112	1	1	1	41.2236075892858	56.9868548593018	18.8678606311718	38.2343242893154	34.5928338922311	1
ARTN	55.8917322463896	1	1	1	1	1	1	1	1	1	1	1	1	1	1	1	1	39.7604450736002	1	1	111.727485598423
ASB11	1	1	1	20.9629103318274	1	1	1	1	1	21.0180982834681	1	40.0517727996505	1	1	1	1	1	1	1	1	1
ASB16-AS1	1	1	1	1	1	1	1	1	1	22.0382778024976	1	1	1	1	1	1	1	1	1	1	1
ASB2	1	1	1	1	1	1	1	1	1	1	1	31.5486277108348	1	68.3201272801643	72.274676788476	1	1	1	1	1	1
ASB6	1	1	1	23.4231441401811	26.3247278887802	1	1	1	1	1	1	1	1	1	1	1	1	1	1	1	1
ASCC1	22.7321644250894	1	1	32.946327690064	1	1	1	1	1	1	1	1	26.2631728923151	30.6605297175915	1	1	27.5615302226009	22.9867543050976	1	1	30.1725082749505
ASCL1	1	1	1	1	1	1	1	1	1	1	1	1	1	1	1	1	1	57.3253275883282	1	1	1
ASCL2	1	1	1	58.9384257711849	1	1	1	1	1	1	1	1	1	1	1	1	1	1	1	1	1
ASF1A	66.7303614822513	1	47.9337457025835	24.0294070068566	1	1	1	1	41.3325389639377	44.2358798540865	1	29.6589794314606	1	30.2326946910536	47.1811744558559	17.2927149251679	1	28.559038083368	1	1	84.4066601341158
ASF1B	119.728965353464	1	1	1	1	35.8617778154003	1	1	1	1	1	50.6783090455631	1	1	24.3213845355597	1	1	1	22.6062806235894	1	1
ASGR1	1	64.494234507527	1	29.5290295626262	1	1	24.5964222954205	1	1	1	1	1	30.3390612089524	1	1	22.978351837326	1	1	1	24.3379980334403	1
ASGR2	1	45.194885582065	1	1	1	1	1	1	1	1	1	1	1	1	1	1	1	1	1	1	1
ASL	1	18.1438043229697	1	1	1	1	1	1	1	1	1	1	1	1	1	15.5683463881918	1	1	1	1	1
ASMTL	20.1143328445906	1	1	33.0214449687544	1	1	1	1	1	1	1	1	1	1	1	1	1	1	17.5479793448917	23.750117294598	1
ASNSD1	40.9568954822655	19.812385304343	35.6459268925165	34.8739304170447	55.997270687568	1	16.8700931582462	1	57.2406490979641	27.8501105940468	1	21.3103673791076	1	35.9574476799804	1	22.4519376348726	1	22.6982721483977	1	1	95.386357925992
ASPM	70.392237110727	1	1	1	1	1	1	1	1	1	1	43.7514158983699	1	1	1	1	1	1	1	1	1
ASPN	1	1	1	1	1	1	1	1	1	1	1	1	1	1	1	1	205.104235415841	1	1	1	1
ASS1	1	44.9905551568144	1	1	1	1	1	1	1	1	1	1	1	1	1	1	78.8380901224795	1	1	65.4131760288329	35.046998883108
ASTE1	1	1	29.8479351656339	1	1	1	1	1	34.0099810295841	1	1	1	1	1	26.9560892566804	1	1	1	1	1	1
ASXL3	1	1	1	1	1	1	1	1	1	1	1	37.1097309293764	1	1	1	1	1	1	1	1	1
ATE1	28.8229874794154	1	1	31.1908074475743	1	1	1	1	1	1	1	1	1	1	1	16.2888549216595	1	20.3558099133417	1	1	67.9576152852433
ATF3	100.201115609349	315.123655387836	42.5088547394999	1	1	1	503.330231809328	164.580963638748	59.0731269731683	1	41.2870852558602	198.209744465577	678.857032764933	1	106.45762608777	302.821087461138	456.805938998551	527.862242597054	231.261111498557	502.563997210786	1
ATF5	308.800772435246	90.6488312593569	1	1	1	1	218.161081309441	140.646137835737	1	1	42.2160011671342	20.3080578022361	98.046395229731	1	45.5497297747727	239.910362332764	65.2017829127083	55.2008100452994	226.013457323365	279.644419260161	1
ATG14	1	20.6367323276453	1	23.8021550606555	1	1	1	1	1	32.7808434479031	1	1	48.7403127343251	1	33.0948621070336	16.6398892200834	1	19.6030794464761	1	1	1
ATG16L1	1	1	30.0607900279226	25.5594842811321	25.0871561622025	1	1	1	42.7406525272491	1	1	20.1938325598343	1	1	28.0294084877828	1	1	1	1	1	1
ATG16L2	1	94.421669139836	1	74.8260015216991	1	431.114090832989	34.6454776844885	1	1	31.6214661271334	36.0749275390311	50.0508281460935	48.4420241418308	1	1	22.1990846238023	1	33.4561963962013	20.7691011988594	1	1
ATG2B	1	1	32.8292871381111	31.8721729011391	1	1	15.8354243085636	1	1	34.2621645973635	1	59.8454821778519	29.1672232015752	37.4961064927975	35.8300090299009	1	29.935490146204	21.2319826540679	1	1	1
ATG4C	1	1	1	1	1	1	21.9843632169369	1	1	1	1	1	1	1	1	1	1	1	1	1	1
ATG9A	1	18.3288758434633	1	30.7021498673983	37.1391035734287	1	1	1	29.6555497249398	1	1	1	1	1	1	1	33.0897120068095	1	1	1	1
ATL2	57.5719449095473	25.4655566773568	1	1	71.2167866248096	1	1	1	1	1	34.1164220073357	24.1273785359664	27.3633170361831	1	1	19.2563933113483	1	45.441471097401	18.3852683184934	1	1
ATN1	19.6751776816178	1	1	1	1	1	1	1	1	1	1	1	1	1	1	1	44.3818054882865	26.0621527829342	1	27.673181528786	1
ATP10A	1	1	1	40.7202156453871	1	1	1	1	1	50.3238930334043	1	41.6845821502106	1	1	1	1	1	1	1	1	1
ATP10D	1	19.1118587007456	1	1	30.6575089262154	1	14.8439514794027	1	1	1	1	39.8892596944097	1	1	35.7301395438988	15.2907255364526	1	1	1	1	1
ATP11C	1	1	1	1	1	1	20.8516537368341	1	1	29.3467562821419	1	1	1	1	1	1	1	1	1	1	1
ATP13A2	1	26.541253584896	1	30.7113361680253	1	1	23.3020093907005	1	1	25.320954542656	1	32.1049214347015	1	39.2578489262868	1	26.0791677046899	46.0274987116892	23.9163474533065	1	28.0265811174974	1
ATP1A2	1	1	1	1	1	1	1	1	1	1	1	22.3991121923763	1	1	1	1	1	1	1	1	1
ATP1A3	1	19.1691524724988	1	28.2884866027764	28.0760462973269	40.7296860625417	1	1	24.2813146677131	22.9741378824832	1	1	1	1	1	15.0325710899929	1	20.1301090073012	1	1	1
ATP23	19.9723876245789	1	1	1	1	1	1	1	1	1	1	1	1	1	1	1	1	1	1	1	63.7405474370593
ATP2A3	1	1	1	22.2930141964771	1	1	1	19.7895202791331	1	1	34.0743395555202	1	1	1	1	1	1	1	1	1	1
ATP2B1-AS1	1	50.773669666167	28.2653295421745	27.2478093562617	43.6362309268321	190.827835553569	34.254087299562	1	1	23.7479256943127	28.9300137376052	1	121.587717169376	1	1	35.2614049572045	1	22.3745262801032	22.5811456179473	27.7848158665288	1
ATP6AP1L	1	1	1	1	1	1	1	1	1	1	1	33.4738620317435	1	1	1	1	1	1	1	1	1
ATP6V0A1	19.4645576430306	69.2812712847612	1	31.503433992082	54.9918444915163	103.130000745776	120.654831496984	78.9338721592315	1	22.5592085384302	27.9621448550883	1	29.5766318999901	1	1	100.082061501552	29.18411208812	40.211564649576	66.2484784761351	54.1761772285772	66.7978907496437
ATP6V0D2	1	1	1	1	1	1	65.9519280800823	1	1	1	1	1	1	1	1	64.188613205913	1	1	1	1	1
ATP6V0E2	27.2277528529175	1	34.1270358652751	23.5897204992744	1	1	18.5461946140801	1	31.4941919459185	37.5093063859558	1	38.5025413903745	1	62.1874404320491	42.4764379014181	1	1	1	1	1	1
ATP6V1E2	1	1	1	1	1	1	1	1	1	18.801556792909	1	1	1	1	1	1	1	1	1	1	1
ATP8A1	1	19.9135142170934	38.4969923612431	96.3672823268107	62.074812111205	1	1	1	84.3806168450742	19.9096344817291	29.213133740231	67.7704022299131	71.0880302999758	35.6057574389852	49.9796853564132	1	1	20.6065507514179	1	29.0934105805322	1
ATP8B1	32.6147491327545	18.9961854875648	1	1	1	1	1	1	1	1	1	29.4094942449976	1	1	1	1	1	44.9436912398837	1	24.0741858358087	1
ATP8B2	16.5456446423193	20.02540398611	79.2132430625123	67.9540210430658	1	1	1	22.5572076475561	71.4163086487029	154.098373778339	1	44.574484875123	51.2677370962664	90.9205060963162	52.7253522113642	14.7152621481533	26.6302596906254	27.7890144618915	1	1	1
ATP8B3	1	1	1	1	1	1	1	1	1	1	1	24.3072305193103	1	1	1	1	1	1	1	1	1
ATP8B4	1	1	1	37.2540397070411	1	1	25.0593460377567	1	1	1	1	53.9525699646334	1	1	1	1	1	1	26.8008160422291	1	1
ATP9A	1	1	1	1	1	1	1	1	1	1	1	25.8792609402668	1	1	28.8475693359629	1	14.6526636619818	1	1	1	1
ATPAF1	88.9105670068616	15.4597412772822	1	23.8125006812111	1	1	15.3247329431374	22.6819156509309	1	1	1	1	1	37.9424431255931	1	20.1063657745407	22.3452042162312	26.6212317051776	1	17.1868317736344	49.1010748367564
ATR	23.1876846880743	1	1	32.9228267375095	1	1	1	1	1	26.2118628266906	1	1	1	1	29.3828656685073	1	1	19.6463360801566	1	1	1
ATXN7L1	1	1	1	25.7645350627064	1	1	1	1	1	23.1015269874422	1	1	1	1	1	1	1	1	1	1	1
AUH	1	1	1	1	1	1	1	1	1	1	1	24.8224560636936	1	1	1	1	1	1	1	1	1
AURKA	35.24940786583	1	1	1	1	1	1	1	1	1	1	36.8435087282958	1	1	1	1	1	29.9178488041712	20.60568216997	1	1
AURKB	135.376663063597	1	1	1	1	1	1	1	1	1	1	31.4360913105277	1	1	1	1	1	1	1	1	39.1082298914472
AUTS2	31.2522166170863	25.0701974231433	104.310536821721	204.926019194319	60.8635743311885	1	1	1	259.364480521462	1	1	288.019815956223	45.4665466900467	1	73.5743869041999	1	57.461035507392	42.0738944958964	1	46.0266941398855	1
AVIL	1	20.2395194621925	1	22.6773752313584	1	36.6052570601215	1	1	1	19.668699852034	1	68.4352763667695	1	1	1	1	85.0501571633286	1	1	22.8895022928074	1
AVPI1	31.948224028496	64.1461506266764	37.0619193960817	1	1	1	102.680697879388	1	39.3546941572975	1	1	1	1	1	1	105.026231043351	1	33.7735322382073	161.321430961216	117.990006659899	1
AXIN1	27.6982548030794	18.6266889152219	1	101.555846855765	1	1	1	1	29.1084917170145	34.374645338303	1	20.0769571531707	1	1	1	17.7630354309597	20.9356434552674	17.4733714768155	1	1	15.0640184779984
AXIN2	1	1	1	1	1	1	1	1	1	25.8732259060622	1	1	1	1	1	1	1	1	1	1	1
AXL	1	1	1	1	1	1	87.8560745284846	1	1	1	1	1	1	1	1	29.7938365534829	98.4047473906104	1	338.623935295087	122.607603674571	1
B3GALT4	1	1	1	22.522418247023	1	1	1	1	1	1	1	1	1	1	1	1	1	1	1	1	1
B3GALT5	1	1	1	1	1	1	1	51.4923523226544	1	1	1	1	1	1	1	1	1	1	1	1	1
B3GAT1	1	1	1	55.539093982725	1	1	1	1	1	1	1	1	1	34.1933406314345	1	1	1	1	1	1	1
B3GNT5	76.5013614192141	88.0765821276094	1	1	1	184.498647864803	68.4494088618721	1	1	1	1	1	85.0781985307431	30.4431239408979	1	129.334302792053	1	116.291091967456	190.458759864128	171.877058923741	53.0220930271296
B3GNT6	1	46.7982855180499	1	21.9190838608375	1	35.0516271541991	1	1	1	1	1	1	1	1	1	1	1	21.4742538005217	1	1	1
B3GNT7	1	38.1001256657297	1	124.737646323518	1	1	91.1598385001809	1	72.9531527174586	1	1	489.298598341422	47.0116942800566	1	1	66.3470960095693	1	41.1873853509181	35.0196513247265	56.6658438143315	1
B3GNT8	1	1	1	1	1	37.5672685373351	1	1	1	1	1	1	1	1	1	1	1	1	1	1	1
B4GALNT1	1	1	1	1	1	1	1	1	1	1	1	40.3940333505317	1	1	1	1	1	1	1	1	1
B4GALNT4	28.6554324204665	1	1	1	1	1	1	1	1	1	1	1	1	1	1	1	1	29.5345088543173	1	1	20.2636731616863
B4GALT2	107.590112739309	1	1	1	1	1	1	1	1	1	1	1	1	1	1	1	28.8538187484475	31.6798788011486	1	1	107.887260537746
B4GALT7	20.4799768583186	1	1	1	1	1	1	21.9202332373374	1	1	1	1	1	1	1	21.1616754998877	1	1	1	1	39.087685583094
B9D2	1	1	1	1	1	1	1	1	1	33.9821709301067	1	1	1	1	1	1	1	1	1	1	1
BAALC	1	1	1	1	1	1	1	1	1	1	1	1	1	1	1	1	1	49.5769703633024	1	1	1
BACE1	57.6655156159536	1	1	1	1	1	31.8728187660864	1	1	1	1	1	1	1	1	30.362361499913	58.5069706998818	18.6618894708344	1	1	117.325937519165
BACE2	26.6806167700317	38.0791173858132	1	1	1	1	1	1	1	1	1	1	167.91829702163	1	1	1	94.6735881738985	226.629064751162	1	56.2759121111332	30.2044788953447
BACH1-AS1	1	17.2695596498001	1	1	1	1	1	1	1	1	1	1	1	1	1	1	1	1	1	1	1
BACH2	20.6535135245712	1	54.5388771378783	49.0021699320022	233.125118909473	1	1	1	37.0676670696404	167.375055033078	65.8946853220259	55.47001309795	1	1	52.2751786800233	1	1	1	1	1	1
BAG2	27.2123767179797	1	1	1	1	1	1	1	1	1	1	58.2100359633149	1	1	1	1	34.4476370133109	1	1	1	1
BAG5	20.3889397053893	18.9760630620674	1	35.1511368132144	1	1	1	1	1	22.3880802551001	1	1	41.0750275579227	1	1	18.1444202719718	1	27.6255806972052	1	1	1
BAHD1	43.6065535763685	15.5444824067742	1	42.8556867996647	1	1	1	1	41.6841567078298	1	1	1	24.3967775954609	28.5952146218831	1	1	1	25.1250490347262	1	25.2445818152762	1
BAIAP2	33.5744545669046	64.2142625744172	1	1	1	1	112.96846591484	1	1	1	1	51.0729453793602	40.3370846136242	1	32.4057133450987	66.5033744696624	39.8160148845706	74.964926499896	106.661890853155	114.672350669146	1
BAK1	30.7088399667192	16.3178319471717	1	1	41.922768828372	1	15.7691124756831	1	1	1	1	49.9897812456045	1	29.5630310180481	1	14.3182255569487	1	1	28.0661252120012	1	1
BAMBI	1	1	1	1	1	1	1	1	1	1	1	1	1	1	1	1	1	24.2908195492932	1	1	1
BANK1	1	1	1	1	253.547425442423	1	1	1	1	1	356.120863811618	1	32.8951751640475	1	1	1	1	1	20.8683565084294	1	1
BARD1	72.142943793714	1	1	1	1	1	1	1	1	1	1	82.7385493055111	1	45.2507620177278	38.7168295013565	1	1	1	20.0776569325808	1	1
BARX1	61.352715811545	1	1	1	1	1	1	1	1	1	1	1	1	1	1	1	1	66.252470957033	1	1	1
BASP1	43.3452107200157	643.23841919659	1	1	476.161444674569	4006.02461897818	965.794750375697	313.241451478548	1	1	589.271361167586	1	559.883429141927	117.117942145228	74.6521850072887	1004.48224226849	402.030129396847	256.095443218242	757.442050565264	1111.73078697112	39.2120148891267
BATF	68.0145257313037	24.0763116709517	70.3895213416725	79.2440288526674	1	1	21.3772009844856	1	45.5933847288162	1	1	99.7987975829351	55.9932855932333	690.208760309774	205.329073022225	1	1	38.4661385826018	1	29.7909665560629	1
BATF3	1	1	1	1	1	1	1	1	1	1	1	1	1	1	1	1	30.4809154163083	1	24.5933932437942	1	1
BBS1	1	16.2808423146055	1	1	1	44.414221771727	1	1	1	1	1	22.1464169639601	1	1	1	1	1	1	1	1	47.6259569919911
BBS12	1	1	1	1	1	1	1	1	1	1	1	43.174406317495	1	1	1	1	1	1	1	1	1
BBS4	1	1	1	31.548211052804	1	1	15.9929502485348	1	1	24.5026353593794	1	1	1	1	1	1	1	1	1	1	1
BCAR3	1	1	1	1	1	1	1	1	1	1	1	1	1	1	1	1	1	1	1	26.518168652889	1
BCAS1	1	46.5913822872798	1	26.2529841713948	1	1	17.3041833550882	1	1	16.1146482878933	1	1	31.2792738922244	29.9233775287387	1	1	1	20.9001901538569	58.5692757107268	63.6027604653021	1
BCAS3	1	1	1	1	1	1	1	1	1	1	1	1	1	1	25.8042206553415	1	1	1	1	1	95.4727624878168
BCAT1	52.5024883671379	63.8637246504677	1	1	1	1	134.289969850337	1	1	1	1	1	54.1417843054768	1	1	189.241854439857	51.4889316292465	27.1152260164077	138.118248426919	82.7876127560137	37.1893045674311
BCKDK	26.6509923058382	54.6705990391327	1	1	1	54.8230207805649	64.3461789397274	43.5634795918397	1	1	1	1	27.6111670724624	1	1	93.3358277785778	36.0150102078696	27.8761182021684	54.4136192451519	60.7007787062708	1
BCL11A	101.031038546798	36.7904931251207	1	1	333.464942324704	1	37.7856174048508	1	1	1	195.047715210293	1	92.6122924096911	1	1	58.5151353480775	1	40.8743841917809	27.484884095128	39.8621562456538	78.3676868253089
BCL11B	83.9687830379666	1	629.593077775986	224.448443932187	1	1	1	1	640.503261095431	723.43915422393	1	146.511531729013	55.6066769801196	515.41383131819	522.520198314965	1	1	20.4610782720203	1	1	33.7351058972699
BCL2	35.5094580889164	1	123.722255810702	65.1210263283236	148.868221899021	1	1	33.2112114001028	72.110236714316	175.612073543647	117.04727063375	68.2863947360327	37.9736177911095	242.887694853413	129.927390651504	19.5106861630645	1	38.0692858389585	33.6455454631629	33.8714909857548	40.5076176856026
BCL2A1	1	149.134122750177	1	1	35.298018138511	1253.50887436295	245.194650111647	1	34.8261689280474	19.0630197717935	84.650856509581	62.4831816137531	572.382819814153	1	24.277743231227	282.745871760929	1	177.236275499793	128.351774737872	284.776658057083	1
BCL2L11	41.4735848558751	56.7266087460128	104.805757849823	45.3169915439784	112.484328514635	56.6402749930555	46.5333473838797	240.228156092042	118.910196450673	1	175.780564846636	123.853903775189	156.042391002474	225.25452025783	127.625570256388	41.0781104518377	28.3983436330146	50.6062091875746	89.1301379856752	86.8147266870431	14.7513602130286
BCL2L12	59.1881293376843	1	1	1	1	1	1	1	1	1	1	1	1	1	1	1	1	20.4096264744598	1	1	23.2997545797302
BCL2L14	1	1	1	1	1	1	1	1	1	1	1	1	28.3110342326933	1	1	1	1	1	1	25.4225916875978	1
BCL2L15	1	1	1	1	1	1	1	1	1	1	1	41.1192350721265	1	1	1	1	1	1	1	1	1
BCL2L2	73.0237408490675	15.7842394241131	1	1	1	1	1	1	1	1	1	1	1	1	1	21.0161693516718	19.5185802756401	47.6901586439199	1	1	96.0205661366671
BCL7A	29.1595937759225	1	1	1	82.3500842773964	1	1	1	1	1	1	1	1	1	1	1	1	39.1713006244392	33.3635174211082	27.8720946556386	113.02463535739
BCL9L	25.4687357196273	25.040316222229	56.5458686482096	82.2064661168044	1	1	1	1	79.03761545499	82.1719289620535	33.8851081633324	71.5444122810199	34.3139203125779	35.2339238314046	32.9700784038327	1	15.0119542694005	28.6342707631821	1	29.4273033004	1
BCLAF3	1	20.6153886799812	1	27.1157304794339	1	1	16.4692738847143	1	1	1	1	1	35.2155730978629	1	1	1	1	19.1113632302559	1	1	1
BCOR	26.5069828996071	19.5926991372123	54.5096054343656	1	63.4900321338625	1	1	1	44.9267966465077	21.3032462640932	1	101.505380849709	66.3515522366497	53.5039234048935	63.0553363937259	1	1	60.9795045180547	1	27.1820195886957	1
BCYRN1	68.9394051388238	1	1	1	1	1	1	1	1	1	1	1	1	1	1	1	23.9299350053096	19.6062120266799	1	1	124.12470856782
BDH1	25.4781274369762	1	1	1	1	1	1	1	1	32.2526816461819	1	1	1	1	1	1	1	1	1	1	1
BEGAIN	1	1	1	1	1	1	1	1	1	1	1	1	1	1	1	1	1	27.5560650232371	1	1	1
BEND4	1	1	1	1	22.8398221373848	1	1	1	1	1	1	1	1	1	1	1	1	1	1	1	1
BEST1	1	33.3915571218305	1	24.9018926059175	1	138.801012444146	29.9811549150607	1	1	1	1	1	20.2991854720622	1	1	20.7617073190156	15.0135528598432	16.6869986703459	24.0032830959855	40.0191221527691	1
BEST3	1	1	1	1	1	1	1	48.9839794730095	1	1	1	1	1	1	1	1	1	1	1	1	1
BEX2	79.2044871346791	1	26.4271435364202	31.4547110662073	1	1	1	1	1	55.2744490758152	25.502178112026	1	1	1	1	1	1	35.7485653544984	1	1	120.545115705052
BEX3	213.010931428695	37.0551225792925	29.2655368435187	1	1	1	43.2360145746688	1	1	35.45196599417	1	1	1	102.870873827019	36.5252143588881	86.258293816213	95.1557060028686	76.8348623607857	35.0169191523702	43.1167730111558	456.976052099943
BEX5	1	1	1	1	1	1	1	1	1	25.2334155202914	1	1	1	1	1	1	1	1	1	1	1
BGN	1	1	1	1	1	1	1	1	1	1	1	1	1	1	1	1	858.967412597786	1	1	1	1
BHLHE40-AS1	1	1	1	1	1	1	1	1	1	1	1	1	1	1	36.7483851960773	1	1	1	1	1	1
BHLHE41	1	1	1	1	1	1	55.1560181223025	70.2479177241959	1	1	37.6748570898272	1	1	1	1	46.5194281453278	40.5269519213814	1	30.5090349473596	22.7252751461258	1
BICC1	1	1	1	1	1	1	1	1	1	1	1	1	1	1	1	1	78.8448614983493	1	1	1	1
BICDL1	30.6984746231119	1	75.0687509075704	1	1	1	1	1	58.5585610062933	27.3309027113154	1	65.2271567233562	1	75.148773961541	90.8002825483332	1	1	22.5366733299117	1	1	1
BICRA	1	16.5337548802222	1	30.4172514266761	1	1	18.8745497047663	1	1	29.9583093745492	1	1	29.5826098281332	1	1	1	1	1	1	1	1
BICRAL	1	18.4696474375895	30.9547561952379	66.3904545494246	1	39.6791730302922	1	1	43.6733893431766	32.6333601847781	29.2810531499406	1	1	47.9974448054288	45.9796744912671	1	1	20.6679229265105	1	19.6958820006673	1
BIN1	27.8823558636912	24.1061475667827	79.3737510618928	139.441690494154	67.6889759819879	1	21.2048274857065	1	98.9267446188288	137.495375233084	69.2726625426858	89.5282860071098	1	89.4471820320544	70.5547837096401	26.691909081337	1	1	28.6510498427753	1	1
BISPR	16.6720056775994	30.3682126728458	1	54.3617257630078	1	39.3474734342832	18.758785636945	1	38.3002131032587	31.6984757357403	1	17.609748258538	19.0678039850696	40.8069605568398	1	1	1	1	1	1	1
BIVM	1	1	1	30.0173367646798	1	1	1	1	1	1	1	1	1	1	1	1	31.1871560153685	14.9185687648528	1	1	1
BLCAP	36.3219357658298	31.8077260768962	1	44.3405657711707	120.217994154319	1	34.3720626775514	1	34.2291157270247	53.2555165183097	27.2451261773671	1	1	1	1	38.2947035166121	23.3575838889357	31.0710488049184	30.2893020972933	32.9619694167455	37.7913542583005
BLK	1	1	1	1	100.406859845582	1	1	1	1	1	159.790347111601	1	1	1	1	1	1	1	1	1	1
BLNK	1	1	1	1	62.3120811564695	1	1	60.4472734987193	1	1	58.0597644327432	1	1	1	1	1	1	1	1	1	1
BLOC1S4	1	16.4367242164703	1	56.2674889107934	24.1344588883523	1	1	1	32.7175623846319	55.3083160946287	1	1	1	1	1	1	1	1	1	1	35.5726708977713
BLOC1S5	1	19.0807235691636	1	1	1	1	1	1	1	19.0937350116474	1	1	1	1	1	1	1	1	21.3015349907197	1	1
BLVRA	56.4325855090861	45.5219661804221	1	1	1	1	66.5752062737918	1	1	1	1	1	1	1	1	53.836385981885	1	51.2398413349534	37.1244609695332	39.6953398622449	71.4696395768406
BLVRB	48.8787733617296	79.8077029551977	1	1	1	1	160.863858535895	1	1	1	1	1	24.3546929752366	1	1	109.571599374558	39.599150443002	32.8402603634973	36.238115275237	60.6827364815535	61.4178418598713
BMF	1	21.0856067149365	1	1	1	1	33.2719489038461	26.8368307110636	1	1	1	24.1944273901853	1	1	1	16.3208134050009	1	1	13.9244093471806	1	1
BMP1	1	1	1	1	1	1	1	1	1	1	1	1	1	1	1	1	162.834165429788	1	1	23.3264366513247	1
BMP2	1	1	1	1	1	1	1	1	1	1	1	101.961787431519	1	1	1	1	40.872576250851	24.5938770501334	1	1	1
BMP2K	1	56.8988609485939	1	1	38.0138548821973	49.5054091146823	142.753833551863	1	1	1	59.1239205336654	1	183.92063367219	1	1	79.8924851512394	18.6649182185009	225.873988217819	65.6123414907195	116.168839472451	1
BMPR1A	1	17.6899509114535	1	44.7823773930845	1	1	1	1	1	26.9367586907525	1	1	38.7795932023259	1	1	1	1	28.4253855779862	1	1	1
BNC2	1	1	1	43.7402166795124	1	1	26.7212146479479	1	1	1	1	1	1	1	1	1	63.9534969663471	23.6913683162487	1	1	1
BOK	1	1	1	29.4825871506141	1	1	1	1	1	1	1	1	1	1	1	1	27.5137464962364	23.5711968393099	1	1	1
BOLA2	31.7188611716829	22.5484238350587	39.2537095955574	29.7466877956525	1	1	1	1	56.3236993050127	1	40.3376995686993	49.3021335457089	37.3825260109427	1	55.8466562400964	15.6400570628242	1	22.159052159619	22.4970943457938	18.1839003006882	1
BOP1	51.1552840597305	1	1	1	1	1	1	1	1	1	1	1	1	1	1	1	1	16.4830881653295	1	1	63.4331987443625
BORCS6	1	1	1	28.1293245234534	47.7743675027651	1	1	1	1	1	1	1	1	1	1	1	1	17.0814184508052	1	1	1
BPIFA1	1	1	1	1	1	1	1	1	1	1	1	1	220.15532465309	1	1	1	1	1815.45720086159	1	1	1
BPIFB1	1	1	1	1	1	1	1	1	1	1	1	1	1	1	1	1	1	23.5277747328607	1	1	1
BPIFB2	1	1	1	1	1	1	1	1	1	1	1	1	1	1	1	1	1	87.9125629379511	1	1	1
BRAP	1	18.7700047311249	1	25.1718414117281	1	1	1	1	1	1	1	1	45.1826050581933	25.086806510187	24.4907545395156	18.9665605967756	18.2779756419908	27.4916273813663	1	1	1
BRCA2	21.1867146223438	1	1	1	1	1	1	1	1	1	1	54.5303483142224	1	1	1	1	1	1	16.2244090739564	1	1
BRCC3	26.0337459868537	17.7891529518445	1	1	1	1	21.3355743946639	1	1	1	1	1	1	1	27.7065595318788	23.8730665068694	1	19.4628088015898	18.4694606895858	20.0667505012734	1
BRD1	54.0353704307192	23.7499944661563	53.7094779839978	51.8225117816197	1	1	1	1	63.1858014404554	34.2912474843067	1	25.6385469360306	22.7017125992913	1	57.5863794885976	19.6638988008691	1	27.5874805259765	1	34.1689948731404	1
BRD3OS	1	1	1	1	1	1	1	1	1	19.1096539135561	1	1	1	1	1	1	1	1	1	1	1
BRD9	32.1924674244515	23.3838467054737	1	1	1	1	20.4291028472431	1	36.2998923065418	28.6397936335802	1	130.596244646646	1	1	34.4858569917914	21.9206086611563	1	28.1772132966993	1	1	1
BRF1	1	1	1	22.2676679945011	1	1	1	1	1	17.4291990969572	1	1	1	1	1	1	1	1	1	1	1
BRPF1	18.7767541196652	19.3241431977911	1	53.2762501196828	1	1	1	1	1	1	1	1	1	36.2570709515198	1	1	1	1	1	1	1
BRPF3	1	1	1	1	1	1	1	1	1	1	1	107.912501821036	1	1	1	1	20.4390760048944	1	1	1	1
BRWD3	1	20.1532282374692	1	21.4405516695161	1	52.4753684730152	1	1	1	21.101867375993	1	26.2657438660651	1	1	31.683348350319	1	1	16.7875765644962	1	1	80.6718169044189
BSCL2	38.3162862084262	36.3654318001346	1	27.2603596274788	1	1	46.2248993034034	90.7313491181126	1	1	1	1	1	1	1	61.2634924360267	36.4344551791806	31.0294543353992	26.521992716393	33.4840851579536	42.1885704851033
BSPRY	1	1	1	1	1	1	1	1	1	1	1	1	1	1	1	1	1	27.0390204680599	1	1	1
BST1	1	80.5567750988845	1	1	1	143.148918255007	41.3824764317082	1	1	1	1	1	1	1	1	47.6078641512786	19.2811042484783	1	17.2980001394854	1	1
BTBD10	26.6048310999613	18.115599380738	1	37.6787920711219	1	1	1	1	1	1	1	1	1	32.57725932813	1	1	24.4379893463723	29.5672595711487	1	41.8560583269834	1
BTD	1	1	1	1	1	1	15.6109834603232	1	1	1	1	45.9101915550864	1	46.9991285269811	1	1	1	1	1	1	1
BTK	1	75.2949368329134	1	1	131.993738227243	1	86.3684810515683	31.5591057610319	1	1	129.120497286553	1	125.321314244661	1	1	64.9068459706225	1	131.456462343815	88.9841995840635	52.4283846883666	1
BTLA	1	1	1	1	41.6475336286063	1	1	1	1	1	1	1	1	1	44.9205150355393	1	1	1	1	1	1
BTN2A2	1	15.569734526854	1	1	31.5373749374912	1	28.3833113985245	1	1	1	30.1727519593422	34.2975453427596	1	30.0809258466972	1	1	44.2278709578954	41.0610039506049	28.9038437950203	34.328518061624	1
BTN3A3	1	1	1	38.5160294544649	1	1	1	1	37.570686635422	1	1	46.0147137747533	1	1	1	1	1	1	1	1	1
BTNL8	1	1	1	1	1	38.9004671683802	1	1	1	1	1	1	1	1	1	1	1	1	1	1	1
BTNL9	1	23.3585885207913	1	30.1473732297603	1	37.4563622555125	1	1	1	1	38.6906095286809	1	63.9560469875504	1	1	1	62.6107791037914	22.8609649415008	1	105.730309273731	1
BUB1	31.4062751330668	1	1	1	1	1	1	1	1	1	1	1	1	1	1	1	1	1	1	1	1
BUB1B	30.6741513837456	1	1	1	1	1	1	1	1	1	1	1	1	1	1	1	1	1	1	1	1
BYSL	27.4087301234694	1	1	1	1	1	1	1	1	1	1	1	1	1	1	1	1	1	1	1	1
BZW2	92.1576562497116	25.4754222353608	1	1	1	1	17.3047608780779	1	1	23.3715157977815	1	19.9948262994332	1	1	1	27.2979440222065	1	45.7374285835304	28.0793947297101	20.0437024516025	207.00470926618
C10orf10	1	39.1322731242335	1	1	1	1	1	1	1	1	1	1	1	1	1	1	805.53054855987	1	1	273.711892526704	1
C10orf128	1	1	1	34.139975388207	1	1	23.7203470831641	1	1	1	27.7030855575878	1	28.0827345726779	1	1	16.9115906631254	1	1	30.2611279303303	20.9476719938523	1
C10orf143	1	1	1	1	1	1	1	1	1	20.1632969067122	1	1	1	1	1	1	1	1	1	1	1
C11orf21	1	21.2026827748754	1	57.8867830812252	1	1	1	1	1	21.9660862001519	1	1	1	1	1	1	1	1	1	1	1
C11orf24	42.5596225451669	1	1	1	1	1	18.6012123134513	24.2020463995087	1	1	1	47.7193036355325	1	1	1	18.337727504317	42.6154271164296	24.6328820366538	1	1	1
C11orf71	1	1	1	1	1	1	1	1	1	1	1	1	1	1	1	1	1	1	1	1	31.6603196812576
C11orf80	1	1	1	1	1	1	1	30.3504110757437	1	1	1	1	1	1	1	1	1	1	1	1	1
C11orf84	35.4177357815636	1	1	1	1	1	1	1	29.0433681065331	1	1	26.1710107795797	1	1	43.4677706635536	1	1	35.1380399060063	1	19.5387506175098	1
C11orf96	1	200.231345313266	1	1	1	1	1	1	1	1	1	1	1	1	1	29.9316303380573	1034.60194516857	221.968619015841	27.4635545027581	145.366517500536	1
C12orf4	1	1	1	1	1	1	17.9050921733186	1	1	1	1	1	1	1	1	17.9101397502454	1	1	1	1	1
C12orf42	1	1	1	1	29.1293771638781	1	1	1	1	1	1	1	1	1	1	1	1	1	1	1	1
C12orf54	43.0814488231281	18.505586760866	39.9961313542995	27.2164648727037	78.8015838797727	1	1	1	37.8648035371923	59.7765991921436	34.7548057447425	1	1	1	42.287093330998	1	1	1	20.7802223286694	1	82.8339792549549
C12orf75	172.225164552558	1	34.0939115350477	126.08764743226	1	1	1	1	86.0571473726165	1	1	48.3375829690164	68.3522143364553	60.5177924261562	1	1	36.0860175226347	67.7193550628532	38.5960742092742	36.8729243329523	298.904829263585
C14orf37	1	1	1	1	1	1	1	1	1	23.5869956834866	1	1	1	1	1	1	1	1	1	1	1
C15orf39	1	43.2599741612221	1	46.9301417871886	1	134.460471877959	1	1	1	1	1	20.0469781472499	30.0761327961206	1	1	1	1	18.7877243535167	1	20.6830458820688	1
C15orf41	1	1	1	1	1	1	1	1	1	1	1	1	1	1	1	1	1	1	1	1	38.446819670909
C15orf48	1	120.73599486831	1	1	1	250.668439267242	111.801926804082	1	1	1	1	1	195.853795512922	1	1	214.280317790546	1	1	461.738202907652	425.326527367562	1
C15orf61	58.1133637396311	1	1	31.7068787445444	1	1	1	1	1	34.7315869765918	1	1	32.1675191459073	54.727921277956	1	18.6357287139138	18.2044064660364	28.9211871041366	1	1	39.3900199052334
C16orf45	1	1	1	1	1	1	1	1	1	1	1	1	1	50.6748361302103	36.8414476631389	1	44.3767107079143	1	1	1	1
C16orf52	36.2944298581749	21.6755418110226	42.6021465277028	41.8272656373828	1	1	1	1	39.3951958498295	54.6835116156587	1	93.6458222560662	1	41.4832322020748	61.6378298077381	23.4257833649998	17.4346238788306	27.1593322481406	1	29.0352404189519	1
C16orf54	1	34.6689979351822	97.1871571392279	175.462589162934	27.9227476395402	161.829630962512	1	80.755981632142	122.438639590459	156.265597149652	61.8320585295003	150.420810577333	51.7007555170991	27.4821737548918	66.1302289378187	1	1	1	1	1	1
C16orf58	22.3205219582144	17.9306818307884	1	1	1	1	19.9152158030477	21.037785764082	1	25.7455568515911	1	1	1	35.4025348104675	1	21.4390985806682	55.3389288948747	24.317312976395	1	1	1
C16orf70	1	26.2270517690598	1	24.2783652491518	1	1	24.6860431769232	1	1	1	1	1	1	1	1	27.559362457484	1	1	1	1	1
C16orf74	1	1	1	1	33.7188672788997	1	1	1	1	1	1	1	1	1	1	1	1	1	1	1	1
C16orf87	40.3310733919523	18.3941464108161	1	31.9239365284107	1	1	1	1	1	17.8484460445513	1	25.5919231226089	1	1	32.8736958517152	1	19.3001735582856	20.8767548605326	22.5899844612106	1	1
C16orf89	1	45.2359889573752	1	1	1	1	1	1	1	1	1	1	1	1	1	1	1	1	1	1	1
C16orf91	1	1	1	1	1	1	1	1	1	1	1	60.257344107499	1	1	1	1	1	1	1	1	1
C16orf95	1	20.5037475177137	1	22.8037976629728	1	68.0097547444716	1	1	1	18.7217845248909	1	1	32.4184240459247	1	1	17.0337473708471	1	17.92348815145	1	1	1
C18orf25	1	1	1	1	32.2121261881765	1	1	1	29.0189087538256	44.2468222277828	1	1	23.6018711750366	1	33.627013669194	1	1	16.4486365593251	15.0432422106686	1	1
C18orf8	20.8043328186542	1	1	1	1	1	1	1	1	1	1	1	27.8593690694236	1	33.0021464453587	1	1	19.022725131382	1	1	13.0309119168585
C19orf33	67.4160830367246	45.3713422678303	1	1	1	1	1	1	1	1	1	1	1	1	1	1	1	19.0678262547256	1	1	85.3897090748743
C19orf38	1	97.3916216367797	1	1	1	91.1684900240853	1	1	1	1	1	1	1	1	1	19.9072521180964	1	1	28.9474286031311	1	1
C19orf48	46.1481126433474	1	1	1	1	1	1	1	1	1	1	1	1	1	1	1	18.035830564882	1	1	1	1
C1GALT1C1	1	21.7240455696526	1	1	1	1	17.7834517772038	23.0831127899663	1	1	1	1	1	1	1	18.7821002859239	18.2683098679512	15.3779532283465	1	1	1
C1orf109	1	22.6236671040221	1	30.2994114182853	31.2220016781805	33.3906201800275	19.8298027410932	1	1	1	1	27.6771221651428	64.3801404657957	1	1	20.6070404502519	26.166785677577	17.1899419470843	1	1	1
C1orf116	1	33.0629854739978	1	1	1	1	1	26.2316387832456	1	1	1	1	1	1	1	1	1	1	1	1	1
C1orf131	53.8020133260119	1	1	21.8995998154799	36.9017750691361	1	1	1	1	1	1	1	21.403983529868	1	25.9816392025783	1	1	20.9164428908191	1	1	1
C1orf132	1	51.0361454994001	55.8476990648687	33.0309538284292	196.704568531031	65.9153145956912	42.5700277951375	170.698186886511	42.2613417229525	94.9897169004265	375.372474017885	21.444296197088	89.5290092129355	90.9347922021393	87.3880625171812	46.3355927881734	82.0317853299913	39.4224853988298	39.0796643382655	85.2830299651156	1
C1orf162	1	221.946814955329	37.3202971303536	111.340813246326	83.430944309453	94.4644752495235	217.460936156596	1	1	75.3029741881902	1	34.0289243875457	108.37772406221	1	1	155.412697431062	1	61.3737709374405	223.373180751939	158.298175067532	1
C1orf186	1	1	1	1	35.3794448178417	1	1	42.6455102021567	1	25.5248197539891	56.1840586396294	1	302.344760587498	1	1	1	1	221.036663843641	1	1	39.4996979658235
C1orf198	47.4074424544477	40.9157477061209	1	1	1	1	1	1	1	1	1	1	1	1	1	24.8358171388004	117.761087849255	58.1370727174755	1	39.9822883382283	46.977895882474
C1orf21	75.9674178452513	1	1	150.762359194129	1	1	19.4466157914027	1	52.3184917832207	1	1	28.1794409461221	23.5371880697467	1	1	21.241616578351	1	40.6333071743156	20.1291732577962	44.0848163738927	52.9441509877883
C1orf27	1	25.2954652852983	1	1	62.6012440685559	1	18.0376788573044	1	1	20.7838383180922	1	1	1	1	26.7353325420914	25.4516680138765	1	22.4378272227584	19.6782760761829	24.1456322204117	1
C1orf35	31.4583027940296	15.6583254572675	1	33.4816137050862	1	1	1	1	1	16.2892683513907	1	1	1	1	1	1	1	1	1	1	1
C1orf50	1	1	1	1	1	1	1	1	1	20.4332860754309	1	1	1	1	1	1	1	1	1	1	1
C1orf54	1	1	1	1	1	1	42.7003030099365	1	1	1	1	1	1	1	1	19.675373462426	27.7287042703785	1	65.4398166330186	63.7130969678155	1
C1orf61	1	1	1	19.0822687708581	1	29.4605685489364	1	1	1	1	1	1	26.2729723373389	1	1	1	1	1	1	1	1
C1QA	1	82.9978990629612	1	1	1	1	3366.7794464471	1	1	1	1	1	57.0577272856041	1	1	739.571044624665	72.4759759149734	1	960.353114192314	574.620107342549	1
C1QB	1	1	1	1	1	1	2686.76758868774	1	1	1	1	1	1	1	1	661.087861970532	1	1	730.391120334433	403.344288102511	1
C1QC	1	1	1	1	1	1	930.681334051502	1	1	1	1	1	1	1	1	193.90099449824	1	1	229.924627141267	160.651591379414	1
C1QTNF1	1	1	1	1	1	1	1	1	1	1	1	1	1	1	1	1	58.7001595617259	1	1	1	1
C1QTNF2	1	14.6638818538066	1	26.0342772246452	24.5129589688269	40.5473218821965	1	1	1	1	1	21.1809688941329	26.9937529347743	1	1	1	1	1	1	1	1
C1QTNF3	1	1	1	1	1	1	1	1	1	1	1	1	1	1	1	1	152.635925441431	1	1	1	1
C1R	1	1	1	1	1	1	1	1	1	1	1	1	1	1	1	1	1093.1531325335	1	1	51.549195928605	1
C1RL-AS1	1	20.0411790913998	1	27.6228720406489	1	60.1269508985328	1	1	1	1	1	1	1	1	1	1	1	1	1	1	1
C1S	1	59.0162348125386	1	1	1	1	46.6222874510584	1	1	1	1	1	1	1	1	1	1884.1462430636	90.2659738936269	1	59.6572071535744	1
C2	1	58.0631188607099	1	29.938826627001	32.4903069629264	45.8199426992275	317.017783742645	1	1	44.9054724774125	1	1	1	1	1	95.7687312907802	95.1850204704488	62.4643527414601	22.3938450980645	51.7447400645676	1
C20orf194	1	33.5442426462315	1	1	1	1	70.8207596523596	1	1	1	1	1	33.5190817539066	1	1	44.2678262568741	62.1204987425602	23.5152341886069	22.9574805581409	24.589930746728	1
C20orf27	53.4613855559499	37.5842655707456	1	1	1	1	25.9466280827879	1	1	17.2359094941378	1	1	1	1	1	32.7989277029124	1	1	44.2289243853395	24.0266239588207	64.6423078286984
C20orf96	1	1	1	1	1	1	1	1	1	1	1	1	1	1	1	1	1	27.7965153968239	1	1	1
C2CD4A	26.9900961000076	20.5756237555134	1	1	1	1	18.184327605136	1	1	1	1	1	1	1	1	20.6913394670165	30.2964168482307	80.1814355932746	17.6428662387719	19.388171335994	1
C2CD4B	1	1	1	1	1	1	1	1	1	1	1	1	1	1	1	1	1	49.1707098628533	1	1	1
C2orf82	1	1	1	1	1	1	1	1	1	1	1	1	1	1	1	1	1	1	1	1	88.4332047861547
C3	1	101.868101243866	1	1	1	1	96.8493795754326	1	1	1	1	25.1659032941937	1	1	1	32.6331635517372	1218.85150627012	66.0931848640376	50.0147254645736	106.285314295799	1
C3AR1	1	83.6539384406668	1	1	1	146.649819155877	183.412810794936	1	1	1	1	1	117.733512182806	43.5094809156069	1	113.032946885574	1	1	82.3329784257084	59.2169152920707	1
C3orf38	1	1	1	28.4891188586411	1	1	1	1	1	1	1	30.5203334668029	1	1	41.5157648660525	15.006236307359	1	1	1	1	1
C4BPB	1	1	1	1	1	1	1	1	1	1	1	1	1	1	1	1	1	62.908934590843	1	1	1
C4orf33	1	22.8386211245394	1	1	1	1	18.5870239645062	1	1	1	1	34.4582206237329	24.3030679935488	1	1	1	1	23.5579920273672	27.5056036482383	1	1
C4orf48	19.0764093262815	31.6320326005028	1	1	1	1	42.2741980912723	1	1	1	1	29.4365375800294	1	45.8401588471234	31.326292679974	43.1853920077947	30.7622503163557	23.785130598747	34.011527787598	1	1
C5	1	1	1	1	1	1	1	1	1	1	1	1	1	1	1	1	1	36.8896935336157	1	1	1
C5AR1	1	390.617845612092	1	1	1	993.704594555895	395.927615492156	1	1	1	1	1	145.96288966947	1	1	356.887811544009	20.0189616037098	1	73.2953242812384	238.640859348657	1
C5AR2	1	66.9655458803507	1	25.4329088651237	1	294.552559366585	45.3904660554692	1	1	24.3659348329416	1	1	1	1	1	53.9248367914361	1	15.8559970226364	31.0020043243519	21.9843496563793	1
C5orf56	22.3549097463484	30.1729317248523	41.7689718255791	353.982423850424	1	39.8652065199052	1	55.5345048998424	96.979466134786	78.4325124518695	1	168.631648631172	62.7729497106348	45.1683984651839	39.8385037126532	1	58.0989035636471	1	1	51.4557841536863	1
C5orf63	1	1	1	22.3189816566414	1	1	1	1	1	1	1	1	1	1	1	1	1	1	1	1	1
C6orf106	21.4444467989486	20.8395659276303	1	33.1934425166858	1	1	21.0801100760749	1	1	1	1	17.5476423810777	1	31.8857391533846	26.0927601441834	30.3395869650915	1	21.2605114336161	1	1	1
C6orf132	49.103373475811	21.489677201402	1	1	1	1	1	1	1	1	1	1	1	1	1	1	19.7284932141013	24.9132463033533	1	26.8961154509303	96.4039061166505
C6orf163	1	24.4606869605914	1	32.5674970707101	1	39.945729192077	1	1	1	34.9588527585576	1	1	1	25.8424608781506	1	1	1	1	1	1	1
C6orf223	1	1	1	1	1	1	1	1	1	1	1	1	1	1	1	1	1	1	1	1	28.8201813087724
C6orf226	1	1	1	31.7490516395106	1	1	1	1	1	1	1	29.8692451635975	1	1	1	1	1	1	1	1	10.9904028663444
C6orf47	18.9282007063739	23.8183441439098	1	68.8150722838209	1	1	24.0075796479234	1	1	58.3594296371123	1	1	1	33.9781101875783	1	26.8388145292251	1	19.7674071773089	1	1	1
C7	1	1	1	1	1	1	1	1	1	1	1	1	1	1	1	1	457.738321625995	1	1	1	1
C7orf26	28.3638897018064	16.856828294599	1	42.4804914326366	1	1	17.3007604390168	1	32.0542688544575	17.897365689722	1	43.8446191239315	1	1	1	16.3669880389917	21.0012980172482	20.7455218051411	1	1	1
C7orf65	1	17.1304741725898	1	1	1	1	1	1	1	24.16934789228	1	1	1	1	1	1	1	1	1	1	1
C8orf31	1	24.4955038961385	1	23.9520690184385	1	52.5230994345148	1	1	1	42.409682269975	1	20.2893921341151	1	1	1	1	1	1	1	1	1
C8orf44	1	1	1	1	1	1	1	1	1	31.3452325248425	1	1	1	1	1	1	1	1	1	1	1
C8orf49	1	1	1	1	1	57.9769188481877	31.1624017838779	1	1	1	1	1	1	1	1	20.5069507154115	1	1	1	1	1
C8orf76	26.7681377061952	20.6581725826502	1	1	24.2506389409152	1	16.4197449987409	1	1	1	1	1	1	1	30.2054620909377	18.493094311671	1	30.4117401069963	1	22.9387058802221	70.4010710882123
C9orf106	1	17.9455885914684	1	1	1	1	1	1	1	20.4869219127051	1	1	1	1	1	1	1	1	1	1	1
C9orf3	79.269289389793	18.0515764489231	1	1	1	1	1	1	1	1	1	1	1	1	1	1	68.2503288699617	40.4565944613328	1	1	51.9437618720381
C9orf85	1	17.7400854558253	1	1	1	1	15.0089986440976	1	1	20.083210116152	1	1	1	25.8057915684636	1	1	1	18.8624184225473	1	1	1
CA12	132.374011259687	28.7121049852065	1	1	1	38.9518328976481	1	1	1	1	1	1	1	1	1	94.4806933088726	59.8330050248948	116.616400360361	1	1	133.506555821359
CA2	1	1	1	1	1	1	1	1	1	1	1	1	1	1	1	21.4087204803154	1	1	20.6330649717253	1	38.7105334086598
CA4	1	1	1	1	1	1	1	1	1	1	1	1	1	1	1	1	56.8274194493101	1	1	1	1
CA5B	1	20.1250093637776	55.3432085047456	65.6349817392289	38.4896855612432	1	1	1	55.5871743322532	48.1242757601832	1	17.4272315358843	20.6899362082116	1	28.8458451387459	1	1	1	1	1	1
CAAP1	1	1	1	1	1	1	1	1	1	1	1	1	1	1	1	1	1	25.2958964352751	1	1	1
CABLES1	1	1	1	1	1	1	40.2571134912254	1	1	1	1	1	1	33.7558109640268	1	1	1	1	1	1	1
CABYR	1	1	1	1	1	1	1	1	1	1	1	1	1	1	1	1	1	1	1	1	48.7088295919126
CACNA2D2	1	1	1	35.8010265865978	1	1	1	1	1	1	1	1	1	1	1	1	1	1	1	1	1
CACNA2D3	1	1	1	1	1	1	1	1	1	1	1	1	1	1	1	1	1	1	17.8807717015937	1	1
CACNA2D4	1	32.8981487783661	1	23.9847432625368	1	1	20.8778492407038	1	1	23.9018146408917	1	1	1	1	1	23.435095864066	1	1	26.7894525674587	1	1
CACNG8	1	16.6924212455117	1	20.0943257217103	1	1	1	1	1	26.5230543714229	1	1	1	1	1	1	1	1	1	1	1
CADM1	39.874159661229	29.0094767737825	1	1	1	1	28.5549393588194	79.632349638345	1	1	1	1	24.5111959350769	166.816487705819	35.3936498544063	25.257761572807	69.7398058168655	81.5497515958376	32.5849277274442	59.058189491729	1
CADPS	1	13.979173827721	1	1	1	1	1	1	1	1	1	1	38.9440929641101	1	1	1	25.2896939689728	112.214174070397	1	1	1
CALB1	1	1	1	1	1	1	1	1	1	1	1	1	1	1	1	1	1	1	1	1	59.1581743246507
CALB2	1	1	1	1	1	1	1	1	1	1	1	1	1	1	1	1	1	57.4026806408886	1	1	1
CALCA	236.846394901911	1	1	1	1	1	1	1	1	1	1	1	1	1	1	1	1	567.968029124935	1	1	1
CALCB	20.2123768371714	1	1	1	1	1	1	1	1	1	1	1	1	1	1	1	1	1	1	1	32.0798116082862
CALCRL	1	1	1	1	1	1	1	1	1	1	1	1	1	1	1	1	121.476399875808	1	1	58.316467180586	1
CALD1	1	1	1	1	1	1	1	1	1	1	1	1	1	1	1	1	658.22167256635	1	1	1	1
CALHM2	1	28.357001764052	1	55.6775885055056	1	1	23.5777697665932	1	1	1	1	108.92897338683	1	1	1	1	1	1	1	1	1
CALHM6	1	97.6292559195701	1	28.8789881409115	74.1614317157752	48.0706651160141	76.2926568846951	1	1	1	35.5852713771692	1	29.588683011445	1	1	41.8067515288249	50.7646790526189	1	221.295130386359	142.400933242527	1
CALML3	192.636582486073	1	1	1	1	1	1	1	1	1	1	1	1	1	1	1	1	43.882793697222	1	1	343.01430115086
CAMK1	1	52.8614355812961	1	1	1	1	51.7788355272496	1	1	1	1	61.9777584305937	1	1	35.1675746714059	73.8825254811376	35.0492729345736	1	145.481879079131	29.7210292663609	1
CAMK2N1	1	1	1	1	1	1	1	1	1	1	1	1	25.9523051203122	1	1	1	95.338733654993	1	1	88.6580836872034	1
CAMK4	1	1	92.5126086657184	1	1	1	1	1	68.0813569176955	138.243076768076	1	1	1	58.5585007080244	67.4828986985968	1	1	1	1	1	1
CAMP	1	1	1	1	1	56.9429057698937	1	1	1	1	1	1	1	1	1	1	1	1	1	1	1
CAPG	33.3144465602292	136.804572227586	36.1649781527323	1	1	42.7445856865778	541.540706673751	1	37.0580412791814	1	80.6011553226586	47.2987128571054	121.503565749386	29.7902214484774	50.9759143228403	502.804391995667	1	97.5564507459849	307.366501185598	192.435497542348	1
CAPN12	1	1	1	50.1002292160199	1	1	1	1	1	1	1	1	1	1	1	1	1	1	1	1	1
CAPN7	21.47552244314	23.392644813727	1	1	48.9627301730322	1	17.7867814051235	1	1	21.6018758290156	27.9437985891026	1	1	39.7198754178387	1	1	1	1	1	1	1
CAPN8	1	71.1139881344249	1	1	1	1	1	1	1	1	1	1	1	1	1	1	1	32.1508441834188	1	1	1
CARD11	48.7881287976826	1	66.2752813478705	199.605979429812	100.615429427948	1	1	1	119.105893234006	68.5787732863325	71.9255131326928	83.4783427858605	40.2159288698695	97.4094544727447	90.8338696628728	1	1	1	20.3150923221422	1	38.3241869936264
CARD16	40.7795500300996	89.7000503593841	42.6973086578801	85.6863497210418	1	200.785080638646	38.8040990644763	1	45.5394269623756	23.8972955144418	1	84.0822949234468	36.0027949939946	216.11313852884	73.2259562160511	24.4383148181383	1	1	59.8629319309064	40.2740751800164	36.5447924558507
CARD6	1	17.030231005447	1	1	1	1	1	1	1	1	1	1	1	1	1	1	1	1	1	1	1
CARMIL1	1	1	1	1	30.4011956375225	1	1	1	1	1	1	1	1	1	1	1	1	25.0205530859946	1	1	1
CARMIL2	1	1	1	1	1	1	1	1	1	27.4530765468444	1	27.0083290723839	23.9215836393377	1	1	1	1	1	1	1	1
CARNMT1	1	1	1	1	1	1	1	1	1	1	1	24.8951139191828	1	1	1	1	1	17.8327950615285	1	1	53.9318853833812
CASC19	78.46070965469	25.9443903083836	1	37.4229447727677	33.8679575823626	47.9944963418537	1	1	1	30.4053215934385	1	45.3957636484133	24.7183642308855	1	1	33.3342338191173	12.0862720965224	50.0289833395126	1	1	212.675937468384
CASC6	1	1	1	23.1685438263774	1	1	1	1	1	26.8727572827734	1	1	1	1	1	1	1	1	1	1	1
CASD1	1	1	1	27.9933217193523	33.5226192593129	1	1	1	1	27.1042309013861	1	23.1280074845765	1	1	29.1374650140521	1	1	25.2893347233483	1	1	26.7060639815243
CASK	52.4206900780261	22.1953070475189	53.709066634619	1	1	1	1	29.6783892752832	35.1884017296056	19.6285779685727	1	45.9146194586685	1	81.5851670220192	61.6017569253995	27.9186591548867	33.5743203475468	40.2432520534032	17.2336334999616	1	40.6843310350548
CASKIN2	1	1	1	1	1	1	1	1	1	1	1	1	1	1	1	1	1	1	1	41.5636252078961	1
CASP10	1	23.1788213424799	1	40.9733250788539	1	1	19.2974480699481	45.9967966456454	1	1	1	43.3556671171733	1	1	1	1	1	20.2077018325952	1	25.3259886565249	1
CASP14	1	15.7285768212821	1	1	1	1	1	1	1	1	1	1	1	1	1	1	1	1	1	1	1
CASP8AP2	19.7562822615575	18.5668872431651	32.362397221866	58.8093428409975	41.7222153884204	1	1	1	1	131.469350665828	1	1	1	1	1	1	1	20.6565627253304	17.0186058460183	1	1
CASP9	1	24.5668852108263	1	1	62.4427377773367	1	18.79766419954	1	1	1	1	1	1	1	1	29.9487800438357	1	1	27.6886400781334	26.3629271369336	1
CASR	1	1	1	19.9541522072745	1	1	1	1	1	1	1	1	1	1	1	1	1	1	1	1	1
CASS4	1	22.0142607528747	29.171614437326	1	1	107.242021140134	1	1	1	1	1	30.4012413673256	1	1	37.31873588821	1	1	1	34.4453400076077	21.107933564693	1
CASZ1	20.0093753100928	20.6260872817756	1	37.4541826534089	1	1	1	1	1	1	1	44.0620725017884	1	31.0773307750142	1	1	44.0379004301034	35.992310437694	1	55.5781066125725	1
CATSPER1	1	1	1	21.7800010064634	1	1	1	1	1	1	1	1	1	1	1	1	1	1	1	1	1
CAV1	125.868214267792	1	1	1	1	1	1	47.792044622786	1	1	1	1	1	1	1	1	406.410615641319	75.5864278423848	1	197.803734277699	228.375984796506
CAV2	271.305443735669	55.1629606031322	1	1	1	1	1	1	1	1	1	1	23.2929606537696	1	1	66.8266985896309	189.514219768905	158.945160129262	1	147.871215888236	460.964402187103
CAVIN1	76.3000031975449	1	1	1	1	1	1	1	1	1	1	1	42.7083201041133	1	1	23.9266137190211	278.91504629923	67.5858629473892	1	72.1913528435214	18.5108354247767
CAVIN2	24.7300462895147	1	1	1	1	1	1	1	1	1	1	1	62.0590035358326	1	1	1	209.375764275533	44.4661339079813	1	83.4817167187656	25.0530580819189
CAVIN3	66.295902506885	1	1	1	1	1	1	1	1	1	1	1	1	1	1	22.0029323188102	296.165904016288	1	1	28.0569970225528	39.1917957080235
CBFA2T3	1	1	1	1	1	1	1	1	1	1	1	1	44.5947330705809	1	1	1	1	1	1	1	1
CBLL1	17.2315858091085	17.9344870686588	30.000943971258	37.7332831591418	1	1	1	1	1	22.2064367892788	1	45.4610569008967	1	30.9180242471399	27.3047893077248	1	1	24.1370955123959	1	26.4194993736315	37.5019710101276
CBR1	444.460340077428	30.8741413518973	1	1	1	1	39.6741738340477	1	1	18.9051781411482	1	1	1	1	1	96.3686361120188	66.2572253678928	146.638102309032	42.7610719221412	32.4575946527791	688.823067408181
CBR3	68.9480526050993	1	1	1	1	1	1	1	1	1	1	1	1	1	1	1	1	1	1	1	90.0036023457694
CBWD3	1	17.8348684811824	1	1	1	1	1	1	1	23.66503745394	1	1	1	1	1	1	1	1	1	1	1
CBX2	25.753758785153	1	1	1	1	1	1	1	1	1	1	1	1	1	1	1	1	15.8150318977506	1	1	60.2164102210317
CBY1	34.2264776085301	1	1	1	1	1	1	1	1	30.7323800464371	1	1	1	1	1	1	1	24.7188989860115	1	1	16.1807081269143
CC2D1B	24.2210635218649	18.6119358519394	1	35.3042228475125	1	1	21.044432138275	1	28.631648313014	33.8427078720502	1	1	1	38.667834273225	1	25.9198264708816	1	26.2361176108391	1	1	1
CCDC102A	1	1	1	20.6114792884025	1	1	1	1	1	1	1	1	1	1	1	1	1	1	1	1	1
CCDC102B	1	1	1	1	1	1	1	1	1	1	1	1	1	1	1	1	73.0362258857477	1	1	1	1
CCDC106	1	1	1	1	1	1	18.0632326195799	1	1	1	1	1	1	1	1	1	1	1	1	1	1
CCDC112	1	21.0259280358133	1	1	1	1	17.9302205835554	26.5172719960925	1	1	1	1	1	1	1	18.5377584069775	1	16.2111066590777	22.5378832024274	21.0274389731754	17.1239240724054
CCDC130	1	17.3197043692015	1	1	1	1	1	1	1	1	1	1	23.0306355092482	1	1	1	1	1	1	1	1
CCDC138	1	1	1	1	1	1	18.5903814421925	1	1	1	1	18.1513834732699	1	1	1	1	1	1	21.2094204858555	1	1
CCDC14	31.3103208271364	1	1	35.036117325116	1	1	1	1	1	24.2288714779313	1	63.9687417467662	1	1	1	1	25.1973351767827	27.6240683621695	1	1	1
CCDC146	1	1	1	25.5264012099704	1	1	1	1	1	1	1	1	1	1	1	1	1	1	1	1	1
CCDC149	1	16.2044967815881	1	1	1	1	1	1	1	1	1	1	1	1	1	1	1	1	1	1	1
CCDC152	1	1	1	1	1	1	1	1	1	23.8100007154626	1	1	1	1	1	1	1	1	1	1	1
CCDC167	64.2693028834501	1	37.7871952958516	1	1	1	1	41.1946679836898	30.5792766017106	1	1	31.3079723875292	1	65.3456192427103	59.2761454479224	22.208418469298	16.1739806044267	22.3160698191911	20.3797899093255	1	35.403589509081
CCDC170	1	24.398744700472	1	1	1	1	34.8754973223948	1	1	1	1	1	1	1	1	21.4106884339798	1	1	35.2650722057993	1	1
CCDC18	1	1	1	1	46.1270065895673	1	1	1	1	1	1	1	1	1	1	1	1	1	1	1	1
CCDC28B	1	1	1	38.0193372397055	1	1	1	18.3193933025771	1	1	1	1	1	1	1	1	1	1	1	1	1
CCDC3	1	1	1	1	1	1	1	1	1	1	1	1	1	1	1	1	61.690621130606	1	1	1	1
CCDC34	100.557899366622	1	1	1	1	1	1	1	1	1	1	1	1	1	1	1	18.9953237896208	23.4442933199847	1	1	39.4711144465037
CCDC50	30.5382174800633	30.4446895005603	1	1	89.2276180460726	1	39.5167387768005	48.1948230419175	1	1	152.62884697099	27.7397449554675	52.3596496777748	52.9626587289999	65.2717544191737	26.3322112805459	91.5198256071824	1	58.0560817661785	78.0919487933829	21.1860421895904
CCDC51	30.1278470729138	1	1	1	1	1	1	1	1	1	1	1	1	1	1	1	1	1	1	1	18.2551155832815
CCDC58	72.7074790801101	1	1	1	1	1	1	1	1	1	1	1	1	1	1	28.6184567192844	1	48.0712716514527	1	1	163.684754595635
CCDC66	1	26.3331575526506	49.4398374063718	48.616958176564	1	55.3289060420299	1	1	42.8106874680577	68.0391501394655	1	1	32.9039057508067	57.9837181532961	51.7362804264828	16.1072260636552	16.3070665082729	15.1174860320627	1	1	1
CCDC7	1	1	1	1	1	1	1	1	1	29.4420637994969	1	1	1	1	1	1	1	1	1	1	1
CCDC71L	22.7709542822793	21.9123526441575	1	1	1	77.8294577150457	1	1	1	1	1	1	75.4718199917101	1	1	27.1476782678681	80.0538914066018	58.3695045766185	1	29.2506891260493	17.7279315666759
CCDC80	1	1	1	1	1	1	1	1	1	1	1	1	1	1	1	1	700.434343956926	1	1	1	1
CCDC86	51.4369900110002	1	1	1	1	1	1	1	1	1	1	1	1	1	1	17.7621993090711	1	19.4240984123846	1	1	41.6825172776736
CCDC88A	62.890853525177	147.549633693153	1	38.260630191056	1	1	185.489522712719	52.2507507982867	1	47.602837835464	32.5874599668896	48.2430603022063	150.31023039622	1	1	219.942332763764	28.1285973907607	96.9758288176618	263.47248787447	179.383670688862	173.937716706056
CCDC88C	40.4434131178548	27.4851584172334	79.1591131772628	183.364670555068	107.254272418409	1	1	51.5218119534812	95.2227401727659	75.622612267957	46.8768643813436	84.0929805749002	63.1310651997245	99.655484018368	70.0464612340171	1	1	19.3079365988102	1	1	1
CCDC94	1	1	1	1	1	1	1	1	1	1	1	47.4449059033067	1	1	1	1	1	1	1	1	1
CCER1	1	1	1	1	1	1	1	1	1	1	1	1	1	1	1	1	42.5495400047488	1	1	1	1
CCL11	1	1	1	1	1	1	1	1	1	1	1	1	1	1	1	1	75.0934033202933	1	1	1	1
CCL13	1	1	1	1	1	1	239.127105410774	1	1	1	1	1	1	1	1	32.5881261984328	1	1	1	1	1
CCL14	1	1	1	1	1	1	1	1	1	1	1	1	1	1	1	1	172.947030890405	1	1	1	1
CCL17	1	1	1	1	1	1	1	1	1	1	1	1	1	1	1	1	1	1	946.266964604457	327.751993727925	1
CCL18	1	1	1	1	1	1	7130.58977703911	1	1	1	1	1	65.1321777760142	1	1	970.47113313869	1	24.0985867541717	1	31.9643906658401	1
CCL19	1	1	1	1	1	1	1	1	1	1	1	1	1	1	1	1	1062.65454874629	1	1	71.3149927214697	1
CCL2	1	1	1	1	1	1	81.6407476460196	1	1	1	1	1	82.1158635856839	1	1	215.122381455225	259.557402313996	63.8486574480146	1	72.9633042986795	1
CCL20	1	172.782092473524	1	1	1	1	271.147804881805	1	1	1	1	1	1	1	34.6788631777866	342.692640721346	1	263.397883620664	1	286.745269720809	1
CCL21	1	1	1	1	1	1	1	1	1	1	1	1	1	1	1	1	191.43717547787	1	1	1	1
CCL22	1	1	1	1	1	1	1	1	1	1	1	1	1	1	1	1	1	1	40.4068721237817	130.584062107219	1
CCL23	1	1	1	1	1	1	30.868643413776	1	1	1	1	1	1	1	1	24.2362066863498	1	1	1	1	1
CCL3	1	1	1	53.4118172678653	1	1	233.110209164727	1	1	1	1	36.5900973259337	107.003341681311	1	1	152.546604515708	1	1	1	172.787098002976	1
CCL3L3	1	1	1	1	1	1	72.6896795118705	1	1	1	1	1	1	1	1	1	1	1	1	105.854906570501	1
CCL4	103.066538433906	1	142.789254912943	1496.34896141992	1	194.692094639771	416.697956299203	1	1360.19255797201	1	1	3420.09527254837	677.000077407835	90.003834088381	377.331293803971	227.08553972142	54.8517509578526	79.4638321497847	67.5047694232875	331.010046316819	1
CCL4L2	1	1	1	72.4962462932155	1	1	113.409964136618	1	119.093164675534	1	1	222.105404275166	144.936577399848	1	1	42.9468854718558	1	1	36.7539138819386	128.145926836257	1
CCL5	93.3672605661878	40.666188407692	452.421265656012	1387.87898085457	36.1256163114179	74.1862721735459	47.9067612017146	1	1915.58480589007	45.4217302743338	34.419362213021	1628.49688398193	222.942666604475	238.201259304497	378.493853257269	51.2159485647182	44.2406578555905	22.8093267427292	23.1208097616708	45.0798903079423	1
CCL7	1	1	1	1	1	1	1	1	1	1	1	1	1	1	1	33.0351249886987	1	1	1	1	1
CCL8	1	1	1	1	1	1	28.8141850057136	1	1	1	1	1	1	1	1	1	1	1	1	1	1
CCNA2	67.1140056650242	1	1	1	1	1	1	1	1	1	1	1	1	1	1	1	1	1	1	1	1
CCNB1	56.8132297044522	1	1	1	1	1	1	1	1	1	1	1	1	1	1	1	1	1	1	1	27.2248807885021
CCNB2	128.219668825414	1	1	1	1	1	1	1	1	1	1	1	1	1	1	1	1	1	1	1	1
CCND1	42.3093311036105	42.5160123518667	1	1	1	1	1	1	1	1	1	1	1	1	1	1	58.1482324682708	40.2299768112611	50.8743518301058	53.0835039481711	38.0374421917285
CCNF	23.1041156270893	1	1	1	1	1	1	1	1	1	1	42.0770486503334	1	1	1	1	1	1	1	1	1
CCNJL	1	1	1	1	1	97.4585831504236	1	1	1	1	1	39.4414171863961	1	1	1	1	1	1	1	1	1
CCNQ	43.395274265256	16.1067626138449	1	1	1	1	50.3622155712418	1	1	19.2950587730984	1	39.6433414693724	1	1	1	17.0507943642011	1	1	1	29.2637301173612	10.2383327211786
CCNT2	15.3492639496712	19.9102968256767	1	30.9194640514685	1	1	1	1	1	15.2043963644532	35.7852778595647	1	56.4238026371475	25.3410906252235	1	19.5046951946021	37.4098686087521	30.7924783725951	24.5203695511644	16.8407105112722	1
CCPG1	1	88.6620810184535	49.2894994217733	80.7514582885675	57.6152262806958	248.716519854302	69.0117332429427	158.528553489388	44.2548409596294	1	50.0315949003891	78.1862026323006	66.3560450187707	59.5205595266185	43.7991333922563	58.0586157008811	32.8568960509121	48.8504625586077	44.4092879726984	61.5148073452268	1
CCR1	1	69.0139000889544	1	1	1	137.742921042706	125.242119484414	1	1	1	1	40.4599722268697	1	1	1	111.098079432149	1	1	38.6580728072366	23.6671948509669	1
CCR2	1	93.119213006741	1	1	1	1	1	1	1	1	1	1	1	1	1	1	1	1	1	1	1
CCR4	1	1	1	1	1	1	1	1	1	1	1	1	1	39.8751317503392	27.60734688551	1	1	1	1	1	1
CCR5	1	1	37.2949810767133	1	1	1	26.2814803587048	1	80.7367049363811	1	1	88.3953691432594	1	39.5153934360151	58.6742211421724	37.6652188055983	1	1	33.2203474548323	43.6557226712718	1
CCR6	1	1	1	1	1	1	1	1	1	1	1	1	1	31.6681530409343	1	1	1	1	1	1	1
CCR7	1	1	693.429755053316	1	513.640472014348	1	33.0352480178917	1	260.459179418283	907.52122921573	436.614794859141	1	221.834938813986	246.449989432099	286.135918952275	1	1	1	24.9372329687048	492.936901984244	1
CCRL2	1	40.0902690451543	1	1	1	195.730259983771	71.2134611913613	1	1	1	1	29.6169902194721	80.5577767502729	1	1	72.61060950084	1	1	16.9822720501765	52.8180168141552	1
CCSAP	1	23.1408208552591	1	1	1	1	30.9555167970405	1	1	1	1	1	1	1	1	21.6192636026625	1	1	35.7329622186467	19.7668045483553	1
CCZ1	1	23.6972908405884	1	47.3585244301555	42.4400142882514	1	1	1	1	15.2875205059783	1	1	1	1	1	1	1	13.9933751806006	1	1	1
CD101	1	1	1	1	1	1	1	1	1	1	1	28.6675537908361	1	1	1	1	1	1	16.8758537669672	1	1
CD109	59.3449424408562	1	1	1	1	1	23.4411981143698	1	1	1	1	1	1	1	27.6655387209434	82.5392782843165	68.8750161919467	59.675520307019	48.659222637944	45.9254538685998	67.5669521597335
CD14	1	299.434626093708	1	1	1	149.372464316731	524.783026019969	1	1	1	1	1	31.2362066988781	1	1	253.554213991104	1	1	145.402577735306	131.301413141677	1
CD160	1	1	1	456.149132296781	1	1	1	1	83.9681850486186	1	1	137.921172417343	1	1	1	1	1	1	1	1	1
CD163	1	188.616367130897	1	1	1	1	1064.63190453267	1	1	1	1	1	1	1	1	574.390643842332	1	1	108.021288899626	80.4312129348407	1
CD163L1	1	1	1	1	1	1	22.0560540137398	1	1	1	1	1	1	1	1	1	1	1	1	1	1
CD177	1	1	1	1	1	1	1	1	1	1	1	1	1	86.6271420125736	1	1	1	1	1	1	1
CD180	1	19.0774119832585	1	1	71.4998922622139	1	64.1384602208288	48.7719641178048	1	1	27.6902635006706	1	1	1	1	45.9761811868888	1	1	27.8019142053772	1	1
CD19	1	1	1	1	188.881219025133	1	1	25.4665297349632	1	1	169.143787870447	1	1	1	1	1	1	1	1	1	1
CD1A	1	1	1	1	1	1	1	1	1	1	1	1	1	1	1	1	1	1	811.040388512483	43.4707669716835	1
CD1B	1	1	1	1	1	1	1	1	1	1	1	1	1	1	1	1	1	1	79.9282393500055	1	1
CD1C	1	1	1	1	1	1	1	1	1	1	1	1	1	1	1	1	1	1	233.948213676523	38.6260370863167	1
CD1D	1	47.0113544331894	1	1	1	1	1	1	1	1	1	1	1	1	1	1	1	1	19.6088313418364	1	1
CD1E	1	1	1	1	1	1	1	1	1	1	1	1	1	1	1	1	1	1	221.882996888442	55.9858023141213	1
CD2	103.494675113114	1	424.044968119391	250.945346956648	1	1	1	1	407.692698108905	172.973693550464	1	137.870018111169	62.0449597737355	598.931060601825	546.109589483651	1	1	1	36.006244978025	1	1
CD200	47.2501195808057	1	1	1	92.3525636396216	1	1	1	1	1	1	137.595571878701	1	1	101.93424913777	1	41.7117074546654	1	1	31.4243136694755	15.6584794475243
CD207	1	1	1	1	1	1	1	1	1	1	1	1	1	1	1	1	1	1	329.586011644759	1	1
CD209	1	1	1	1	1	1	119.740673559182	1	1	1	1	1	1	1	1	24.4026068374031	1	1	1	1	1
CD22	1	27.0460326809692	1	29.7923318649683	269.028839410446	63.7398232998326	19.6383160311445	1	1	29.7533971042589	104.204420632294	44.1660996229734	68.011390879575	1	1	21.7929638534813	1	36.8772956346423	16.7197951839974	22.2937129449227	1
CD24	293.350489796051	52.5734598674684	1	1	224.789165797375	1	1	1	1	1	199.775352872895	1	1	1	1	64.4882701832426	18.0839588887082	217.105858327343	1	155.859597441687	377.874303209915
CD244	1	1	1	67.7976100655868	1	1	1	1	1	1	1	60.4011943419372	1	1	1	1	1	1	1	1	1
CD247	55.7338162770472	1	247.661129857071	1518.70091633761	1	1	1	1	336.501975676725	267.523558940383	1	1178.61838314116	69.3974687656913	445.547662776377	326.03135941297	1	1	1	1	1	1
CD248	1	1	1	1	1	1	1	1	1	1	1	1	1	1	1	1	62.212661830266	1	1	1	1
CD27	36.6296462258561	1	116.185180704311	1	1	1	1	338.491726006754	190.515613113763	245.30279676766	133.997996571322	1	1	480.122273779252	210.819137998129	1	1	1	1	1	1
CD274	1	1	1	1	1	1	20.941032173373	1	1	1	1	1	40.3823225952961	52.8721333015272	1	17.2672938511137	1	39.4830923922628	1	57.2313892931938	1
CD28	1	1	181.721235613678	1	1	1	1	1	110.991021180396	61.757849550119	1	1	35.068557407107	219.908448506884	148.977700020321	1	1	1	1	1	1
CD300A	1	77.0385573611074	1	153.797201692409	1	167.234288536434	101.451644880446	1	29.5954869515338	1	1	96.4128201585772	48.5524114130348	1	1	74.7889593553021	1	1	113.001002009031	46.8117414588751	1
CD300C	1	25.6584496685564	1	1	1	1	19.3639649395155	1	1	1	1	1	1	1	1	26.6230918084666	1	1	25.456294866894	1	1
CD300E	1	379.115553780836	1	1	1	1	1	1	1	1	1	1	52.6582315509049	1	1	97.9778622963244	1	1	27.4049775432519	46.6843356011605	1
CD300LF	1	48.4942259626403	1	1	1	68.4558279642732	61.445140303803	1	1	1	1	1	1	1	1	45.177804669028	1	1	21.0164579701941	20.8315579444446	1
CD302	1	139.888060319462	1	1	1	118.412283481742	108.035392847016	1	1	1	1	1	27.0749517716776	1	1	45.8112153472718	64.232184440875	31.2831964376813	78.2623216552502	38.3476860768402	1
CD320	1	1	1	46.4271732824534	1	1	1	1	1	1	1	40.2184481669372	1	28.2591428580191	1	1	1	1	1	1	1
CD33	1	60.0556443929302	1	1	1	1	46.8121756332552	1	1	25.8568968256664	1	28.3191143757401	27.2268719685329	1	1	36.0137469937062	1	33.6913023628906	43.5384496833753	1	1
CD34	1	1	1	1	1	1	1	1	1	1	1	1	1	1	1	1	123.54525509194	1	1	1	1
CD36	1	226.29418437227	1	1	1	1	171.607801186932	1	1	1	1	1	90.8613482651186	1	1	181.536792448153	79.349213984406	1	40.8802187484217	82.098029694846	1
CD37	47.4446052952365	468.873985865629	500.005492765751	456.95338696212	2470.0491099959	753.887568317037	430.830056804195	77.9080316793061	509.909742517996	521.290775504059	1773.74341806485	273.396156498282	404.578055399565	498.878166455748	404.561757367622	298.688390990106	66.3665110137959	207.14078369192	260.518469500546	207.249499138627	1
CD38	18.1856253077752	1	1	92.8297712012877	1	1	23.8544278644861	128.064999924109	26.359912575783	1	1	69.9432140802545	46.8818677360413	1	1	1	1	26.2316104860532	1	23.3585002365547	1
CD3D	152.593343327129	1	502.455072774274	96.2355023975791	1	1	1	1	672.322650651122	449.189179136591	1	330.7302536465	66.176745192255	696.488187510556	627.961475973107	1	1	1	1	1	1
CD3E	30.0763690769922	1	169.160208534891	48.9423524720535	1	1	1	1	194.519630458676	141.215529000629	1	177.296352045657	26.7814326514491	180.398130509542	159.760371828136	1	1	1	1	1	1
CD3G	63.8709774644442	1	278.312239155622	70.6154873851844	1	1	1	1	409.694258831925	263.854790278866	1	113.317315812286	42.5432814087004	232.109716536516	252.002787378566	1	1	1	1	1	1
CD4	49.3925715608878	265.590424109954	232.774271350171	1	1	1	562.456882161337	1	1	222.201780465406	1	1	150.941625648433	533.50525693005	328.327285202422	215.133602322375	150.780231561457	31.4627003303763	451.320623448579	245.942878047729	1
CD40	1	25.6521495579302	1	1	135.740911453954	1	74.633560380048	32.9705254668525	1	1	110.735791985569	1	30.8800955290402	1	1	55.6988142354935	86.6503751551502	1	119.593645040498	186.386216918505	1
CD40LG	1	1	36.7418159057587	1	1	1	1	1	1	60.0049279765483	1	1	1	1	30.5974641925787	1	1	1	1	1	1
CD48	1	262.547694744094	436.053614805866	341.143461100612	432.496999245926	65.0894150774372	101.108822809052	38.4103106948994	406.118629374672	674.566890925338	456.357419091416	201.175496877958	130.773384964369	203.220742561847	238.191001354392	88.4863533999577	1	56.7712701044056	157.362272003381	94.5424625127125	1
CD5	1	1	125.014610574228	1	1	1	1	1	88.4382611842466	79.1223134203205	1	27.8336395502381	1	170.34294597709	99.685227631318	1	1	1	1	1	1
CD52	185.052941786149	518.338721700558	916.538995024671	726.09010410523	1079.18417218864	1	307.379309771741	44.2988523602007	956.06845078789	961.279256212276	929.065831202234	836.79065578262	278.432145842557	782.006183739468	720.694745349476	804.540463089072	1	83.937785911995	281.463321321267	161.890364480559	1
CD6	43.0760611376613	1	282.05158380246	126.277573697492	1	1	1	1	230.35865037842	223.950144894234	29.5316420531303	138.995767625806	41.1667016498436	225.697371989094	310.332281130602	1	1	1	1	23.3390756082144	1
CD68	1	119.593710973606	1	1	1	1	358.216535786077	1	1	1	1	1	36.2298040546093	1	1	352.395410510928	1	1	71.4968586382804	91.7051744322394	52.5302624705232
CD69	1	1	232.513467098056	126.024229977655	503.466479010305	1	19.6058760368308	35.030610656383	242.43313828144	41.8449235141198	253.789438474737	503.574667720521	1219.63415847495	70.2836958248782	275.620582815077	1	1	773.689904217289	26.7797889652004	33.2339030845433	1
CD7	97.4378368358795	1	242.150625178647	626.572356370038	1	1	1	1	384.811507355776	155.693883272233	1	730.188212465487	74.2421391056032	752.170244273929	402.69004912806	1	1	1	1	1	1
CD70	1	1	1	1	1	1	1	1	1	1	32.8221812866597	1	1	1	1	1	1	1	1	1	1
CD72	1	1	1	1	185.008498218639	1	58.5460585959059	1	1	1	31.0089325632169	1	1	1	1	23.1147373750702	1	1	23.5954124447854	20.1789832414495	1
CD74	464.034623564823	5672.98809060606	626.608880487965	486.252848310819	12829.7658764187	291.245728586448	13601.1591403127	1412.22295521088	1408.76568478507	95.3282727403096	9908.14014188308	914.109263336989	2640.55090493275	2145.30362364158	1020.67530120369	5052.35134483749	1566.32106665238	207.427967237666	19277.4579802127	12206.6368794373	1
CD79A	1	1	1	1	1999.74599382919	1	1	1099.15517963852	1	1	1125.10357705276	1	35.5493053019484	102.251539462205	42.7402053100171	1	1	1	1	1	1
CD79B	1	1	1	1	129.147051164335	1	1	28.1357384181458	1	1	64.5302235005729	1	1	27.965975662187	1	1	1	1	1	1	1
CD80	1	1	1	1	1	1	1	1	1	1	1	1	1	1	1	1	1	1	59.4697496038325	59.2069498558876	1
CD83	89.7871599784515	204.010415742667	78.4770628876235	58.4836950894878	1455.79393918549	336.975133429625	963.375761485982	26.1245722535494	88.2636262009454	1	1164.53689547101	293.4365926359	1428.78870736232	423.848292611637	283.084704418976	550.942654496249	59.1771477508895	560.315302781655	982.529937160023	1497.89983235217	1
CD86	1	121.048369800597	1	1	1	1	168.662535804694	1	1	1	57.1851808671756	1	1	1	1	115.725428512621	1	1	281.98431241589	210.658252682222	1
CD8A	88.1473258598433	1	146.102475918401	129.292723032371	1	1	1	1	1035.62521324249	1	1	351.730311383168	53.4853019960011	78.6082898436305	206.28931723993	1	1	1	1	1	1
CD8B	58.282984262218	1	99.2818039605236	1	1	1	1	1	997.091154560264	1	1	131.054647470435	1	1	115.335458612534	1	1	1	1	1	1
CD9	916.401608746342	166.006183888558	1	1	1	1	251.989565466428	49.3816404422201	1	1	1	85.4553953678244	345.810871875192	1	1	717.360508926469	180.02414332221	1095.6117501785	222.592307910416	297.352931736876	1694.90692274841
CD93	1	141.010620119389	1	1	1	181.166762096149	69.204371589655	1	1	1	1	51.7827017412458	50.0429949087135	1	1	44.5812483607815	155.915855827221	1	59.9065846308218	130.718757694612	1
CD96	28.1837418197465	1	155.450248810439	111.784537223403	1	1	1	1	164.934908865443	78.9212530738422	1	263.064600662294	35.6187562568871	197.745672232146	173.545382855658	1	1	1	1	1	1
CD99L2	1	1	1	1	1	1	20.662867910333	1	1	1	1	1	1	1	1	1	1	20.321410634084	1	1	1
CDA	1	91.5223880706219	1	1	1	484.053218814043	1	1	1	1	1	1	1	1	1	22.5399038653107	1	1	1	1	1
CDADC1	1	1	1	21.1083600593323	1	1	1	1	1	1	1	1	1	1	1	1	1	1	1	1	1
CDC14A	1	1	77.6968598248787	1	1	1	1	1	56.7573376508106	30.8973319279326	1	1	29.1546379695861	35.3333269381269	36.3664430150576	1	1	1	1	1	1
CDC20	129.390708933477	1	1	1	1	1	1	1	1	1	1	31.8666384280306	1	1	1	1	1	1	1	1	16.7433299032335
CDC23	23.0932426986263	1	1	1	1	1	1	1	1	1	1	40.9002540191566	1	1	1	1	1	18.6027063895983	1	1	1
CDC34	27.0803129413609	20.0855649210165	1	24.2411647988665	1	37.544393506026	1	1	33.9427453094459	1	1	33.4425803838667	1	1	1	15.7884358359288	41.283804454738	1	23.3257653259961	20.769757345515	1
CDC37L1	24.4874959648299	1	40.9116629060106	1	34.8285493979124	1	1	1	36.9164568268545	16.8996841103803	27.7868701455408	32.876135110804	33.6836123471547	49.315076582728	38.1719452189639	1	1	19.1940340587982	1	1	1
CDC40	28.1461904003738	19.371033897995	1	28.8157947226635	1	1	14.9191455095427	1	1	33.844053592125	32.200106183315	1	1	1	26.3108372328145	18.7657716099977	1	1	1	1	1
CDC42BPA	1	34.0059032423258	1	1	1	1	1	1	1	1	1	1	1	1	1	1	70.9729159921755	19.9253180706807	1	28.4214537115983	29.9845294501611
CDC42EP2	1	32.678190722189	1	1	1	55.4305664832474	1	1	1	1	1	1	1	1	1	1	1	1	1	23.9865476453693	1
CDC42EP4	1	26.5273284735203	1	1	1	1	1	1	1	1	1	1	1	1	1	1	33.4818138874883	23.7528488124482	1	49.036044324963	1
CDC45	42.1497346794752	1	1	1	1	1	1	1	1	1	1	1	1	1	1	1	1	1	1	1	1
CDC6	42.4871917994667	1	1	1	1	1	1	1	1	1	1	1	1	1	1	1	1	1	1	1	1
CDCA3	41.9691068794989	1	1	1	1	1	1	1	1	1	1	1	1	1	1	1	1	1	1	1	1
CDCA4	142.99344091758	1	1	1	1	1	1	1	1	1	1	42.4389119553378	34.1125163440382	1	1	24.6998165323274	1	19.4972216644289	21.8244262956713	1	95.0169408860445
CDCA5	43.568556952459	1	1	1	1	1	1	1	1	1	1	1	1	1	1	1	1	1	1	1	1
CDCA7	40.5030298368235	1	1	1	1	1	1	1	1	1	1	50.3253064748274	1	1	1	1	1	1	1	1	62.777841545495
CDCA7L	81.1304309825049	1	1	1	123.269986693415	1	29.2964185411363	1	1	1	45.2543507657911	1	28.7281812585852	1	1	30.7108735425587	1	53.2618378398702	25.7567789398097	1	60.698149547054
CDCA8	86.6797190701759	1	1	1	1	1	1	1	1	1	1	136.512898056043	1	1	1	1	1	1	1	1	1
CDCP1	30.9853115048522	23.2392119647507	1	1	1	1	36.8895160127072	1	1	1	1	1	1	1	1	47.4110789596341	1	33.4113524733804	39.5570451134961	85.8172325510508	42.0822076738109
CDH1	187.275981354131	134.639843297369	1	1	1	1	1	1	1	1	1	1	1	1	1	91.4114389223616	1	193.390604036689	61.4941314928755	193.752126524551	187.001123678061
CDH11	1	1	1	1	1	1	1	1	1	1	1	1	1	1	1	1	280.183302958971	1	1	1	1
CDH23	1	21.0455377743077	1	1	1	1	1	1	1	1	1	1	1	1	1	1	1	1	1	1	1
CDH3	39.1611756475322	39.3061786440813	38.7912815893168	32.7298402027762	1	1	1	1	42.3787034252619	15.4499258106837	1	1	42.0346851503054	39.6948876931386	31.6550028306814	28.8346070482788	1	57.8090006956776	1	36.9161205979355	1
CDH5	1	1	1	1	1	1	1	1	1	1	1	1	1	1	1	1	131.544417773371	1	1	95.4360839237349	1
CDK1	105.612810787512	1	1	1	1	1	1	1	1	1	1	27.3092269486805	1	1	1	1	1	1	25.0893465049509	1	1
CDK11B	1	1	1	28.2131197674995	1	1	1	1	1	1	1	1	1	1	1	1	1	1	1	1	1
CDK14	1	1	1	1	1	1	1	1	1	1	28.8504539433677	1	1	1	1	1	22.240538583326	1	1	1	1
CDK15	1	1	1	1	1	1	1	1	1	1	1	1	31.4708183394997	1	1	1	1	44.6092787415974	1	1	1
CDK2	64.3053891597759	1	1	1	1	1	1	1	1	1	1	133.996518003261	27.4741551872728	1	1	1	25.1773589832669	22.7029782976706	31.74573656549	1	17.782784224337
CDK2AP1	607.930838263707	160.675448759062	1	1	1	1	107.244822211375	1	1	1	1	1	117.2859070709	35.9782562840286	29.3111846157863	178.789851563636	357.547291601267	265.87403947284	241.408095374475	220.336058899252	810.500642923995
CDK5	23.1668336536172	1	1	1	1	1	1	1	1	1	1	1	1	1	1	1	1	1	1	1	90.7681000526667
CDK5R1	1	1	1	1	93.8173603167942	1	1	1	1	1	32.7191841059155	1	1	1	1	1	1	1	1	1	1
CDK5RAP1	28.2713656101995	1	1	28.4065954195656	28.0308512002838	1	1	1	1	18.362231140672	35.101351914329	29.5560831557516	19.39324749198	1	1	1	1	19.8320317985823	1	1	1
CDK5RAP2	28.5301710623445	1	1	21.9188185302132	1	1	1	1	28.1664526000243	1	1	1	1	1	29.4335996576039	1	1	20.8690440467946	1	1	1
CDK9	1	1	1	1	1	1	1	1	1	1	1	1	33.2641846913621	1	1	1	35.1828719273307	17.3545620027212	1	1	1
CDKAL1	27.2144929126983	1	1	28.5704713523945	1	1	15.7579280150667	1	1	16.8743905076784	1	37.9717184707186	16.6218151400269	61.852706506614	1	18.9478263417566	26.0844438108215	16.6717155471898	1	1	58.550677091355
CDKN1B	76.0205143728567	89.3296094627496	463.509567502971	176.064972236862	247.630686167972	117.695567062319	69.7422337249284	76.3619633679619	323.477012558015	103.16781413048	217.813523345859	230.47038846484	139.879533341003	579.525061414163	387.301674454072	52.9559477696548	27.0824457173529	43.3285019224665	90.3010028585388	84.1435597217844	1
CDKN1C	1	103.152030555583	1	1	1	1	23.2481040356647	1	1	1	1	1	52.7474764667178	1	1	1	109.764607192345	32.2120287613473	1	104.133309777295	1
CDKN2A	235.594136274336	1	1	1	1	1	1	1	1	1	1	26.4943581384844	1	31.5746203821473	32.1088278230073	1	1	84.8440973178653	1	52.0222092759962	297.08342710594
CDKN2B	1	1	1	1	1	1	1	1	1	1	1	1	1	1	1	1	1	22.5330211783997	1	1	1
CDKN2C	21.7393971830421	1	1	1	1	1	1	1	1	1	1	71.670314645192	1	1	1	1	1	1	1	1	1
CDKN2D	18.4963553438942	33.3589457920299	28.9331878975505	118.292549027917	39.5398056409472	302.626025097321	1	1	39.4297183894058	54.7757087762938	46.3738587723083	28.5431827096366	33.4049249805129	1	1	1	1	1	1	1	1
CDKN3	70.239778347189	1	1	1	1	1	1	1	1	1	1	37.7588479662057	1	1	1	1	1	1	1	1	1
CDR2	25.1743092406369	1	81.1311272610329	1	30.8023232190649	1	1	28.8019370092324	65.3001854879409	21.3275674570669	1	20.3989296489318	38.0050757166473	82.5516413864371	86.3251433530258	1	49.6579463992579	22.2590399463799	1	1	1
CDR2L	1	1	1	1	1	1	1	1	1	1	1	1	1	1	1	1	52.7163186823865	1	1	1	1
CDS1	1	25.309225159033	1	1	1	1	1	1	1	1	1	1	1	1	1	1	1	27.959411054198	1	30.5965828989653	1
CDYL2	1	1	1	1	1	1	1	1	1	1	1	37.1622239425023	1	33.8546151211276	52.7250540151694	1	1	1	1	1	1
CEACAM3	1	1	1	1	1	81.6827763856558	1	1	1	18.7904397631327	1	1	1	1	1	1	1	1	1	1	1
CEACAM4	1	1	1	1	1	51.2141279390487	1	1	1	1	1	1	1	1	1	1	1	1	22.2337392979487	1	1
CEACAM5	44.1936585307944	178.77641007999	1	1	1	1	1	1	1	1	1	1	42.897578448134	1	1	1	1	164.403718803623	1	130.670573206178	1
CEACAM6	1	445.854213412853	1	1	1	1	1	1	1	1	1	1	1	1	1	1	1	384.178254076611	1	402.362409675346	1
CEBPA	17.8029215077123	39.1292267640638	1	1	1	1	59.9572770097283	1	1	1	1	1	1	1	1	43.0667289496577	1	1	21.4525887742826	1	35.0576171032875
CEBPB-AS1	1	1	1	30.8078533274995	1	36.4296500424853	1	1	1	16.0547185692818	1	1	23.7826566621997	1	1	1	1	1	1	1	1
CEBPD	279.346666532854	935.731172349659	57.2040054126228	400.408152731671	1	1394.80063666897	619.954784504936	1	69.3881252878849	1	1	323.426823367345	306.625968579637	1	1	369.713620852744	715.461172609749	442.06730056161	750.113708120344	630.112230499833	262.652054298261
CELSR1	52.4194698382892	1	1	1	1	1	1	1	1	1	1	1	1	1	1	28.4729607433275	1	34.6623987334679	1	1	1
CEMIP	1	1	1	1	1	1	1	32.865016531418	1	1	1	1	1	1	1	1	86.8147475284889	37.5924848654635	1	1	1
CENPA	37.6552956360904	1	1	1	1	1	1	1	1	1	1	1	1	1	1	1	1	1	1	1	1
CENPC	1	20.3770964854406	46.1668305320487	50.4171586617068	40.0987370986612	1	1	1	46.7028266818592	49.8699448666241	29.3195592243625	116.839064225712	34.9473751473999	45.4021528861179	42.4894499463481	1	1	1	1	1	1
CENPE	52.6860321698018	1	1	1	1	1	1	1	1	1	1	1	1	1	1	1	1	1	1	1	1
CENPF	103.800857236206	1	1	21.4572333059041	1	1	16.4157981111892	1	1	1	1	85.4819520177694	1	1	46.1526781908226	24.2201213468889	1	26.7391941644644	30.6676240842165	1	1
CENPH	67.5427799423326	1	1	1	1	1	1	1	1	1	1	1	1	1	1	1	1	1	1	1	1
CENPM	90.4215825267476	1	1	1	58.8696515701779	1	1	1	1	1	1	16.4003282900488	1	26.1853510694979	38.100650692597	1	1	1	1	1	1
CENPN	79.7430231195939	1	1	1	1	1	1	1	1	1	1	53.8087423842076	1	1	1	1	1	1	1	1	57.7994669088382
CENPO	29.9547355670167	1	1	1	1	1	1	1	1	1	1	1	1	1	1	1	1	1	1	1	1
CENPS	17.7261018355872	1	1	1	1	1	1	1	1	1	1	48.1371803388171	1	1	1	1	1	1	1	1	1
CENPU	49.6759567365941	1	1	1	1	1	1	1	1	1	1	93.8063772749679	1	1	1	1	1	1	1	1	1
CENPW	161.50112187889	1	1	1	1	1	1	1	1	1	1	32.6864446982735	1	1	1	24.9597602240495	1	1	34.5988640172902	1	37.6106134842271
CEP120	28.9003016155336	1	48.4913309250215	24.0334772318319	43.3344571367431	1	16.6875363569173	1	41.8088128514271	30.6196317336934	39.6918039898422	1	34.3726062683338	109.525349265557	62.7626390707792	1	31.1553030698343	22.9304919095469	1	19.6932670717751	1
CEP126	1	21.473965379421	1	56.4979335268245	1	31.849371328859	18.3546245877369	1	1	36.3154814302365	28.2730677441495	24.0403851134751	1	1	1	14.1369950788393	27.2158568642342	21.9729554155201	1	1	1
CEP128	1	1	1	1	1	1	1	27.5771295542832	1	1	1	1	1	1	1	1	1	1	1	1	1
CEP19	1	22.4106775201869	1	26.6066817723515	1	169.0102965254	1	1	35.7715050782916	24.7387533731068	1	1	40.2290159572441	33.7477813971443	31.6498924543126	15.7566951835308	1	21.5050761251569	1	16.7995579661694	1
CEP192	20.0632339360734	1	1	36.8508802556543	1	1	1	1	1	22.0422781249546	1	1	1	1	1	1	1	1	1	1	1
CEP290	23.9503074628414	1	1	1	33.2263507643659	1	1	1	36.8300981115788	27.0671413986456	1	1	1	1	1	17.7179214192411	23.2243025765074	31.9288970947454	1	1	1
CEP44	1	1	1	1	1	1	1	1	1	23.3573718139543	1	20.4544441660695	1	1	1	1	1	1	1	1	1
CEP55	99.1576466380438	1	1	1	1	1	1	1	1	1	1	32.8585762329131	1	1	1	1	1	1	1	1	1
CEP57L1	1	1	1	1	1	1	1	1	1	1	1	1	24.7247186738574	1	1	1	1	18.4023194331255	1	1	1
CEP63	19.9526691694069	20.5380199967645	1	27.8461127963125	1	103.333409376058	16.1010263710063	1	1	1	1	1	1	1	1	1	1	17.3842822547704	1	1	1
CEP70	34.3546084204909	1	1	1	1	1	1	1	1	1	1	1	1	1	1	1	1	20.8609854856833	1	1	1
CEP78	33.645736814584	23.3867056656348	36.2106748785058	326.462398179178	42.5399470926308	1	21.2675576339577	1	76.8267924711709	35.7529699010053	28.7331901822101	137.037081655485	1	27.425779155376	41.7577811006677	16.7589790507224	19.9768084343231	22.4213687406386	27.7409221568825	1	19.0426428671521
CEP83	1	1	1	1	1	1	1	1	1	29.4793894663369	1	1	1	1	1	1	1	17.3414944283298	27.3453353812222	1	1
CEP85	1	1	1	1	54.8627791288638	1	1	1	1	1	1	1	1	1	1	1	1	1	1	1	1
CEP85L	1	24.6080813493903	47.7375941248619	53.813938149403	1	1	1	1	52.8105422372086	60.853310168328	1	38.6647071113954	1	54.0384282280339	74.3574545626741	1	77.9073875221108	1	1	1	1
CEP95	27.4516403802968	18.7111517602463	1	29.7317668443707	37.9187692553075	1	1	1	1	1	1	1	1	1	24.2602894196694	15.7911290483028	1	21.9632953090685	1	28.9148548624579	20.9726486126056
CEPT1	1	39.1591774238973	1	39.3462378029882	54.9225662221972	1	26.9825492499781	1	1	34.2862100703061	40.7358639022575	19.1196662387508	27.8807158042085	1	1	23.4264251147935	1	22.646721878185	16.6732546678175	17.5873980187311	1
CERCAM	15.4182493717721	21.7671033053244	1	34.1696878593164	1	39.0947439785237	19.1716598747889	32.2655545576926	1	27.7317729930616	1	30.8767405422449	26.7165535075181	1	1	20.7873141690239	76.9628404313016	32.1191841364309	1	1	1
CERS4	1	1	1	1	1	1	1	1	1	1	1	1	1	1	1	1	1	21.4157186219754	1	1	1
CERS5	14.5345182303621	20.5013204642782	1	1	1	33.2248856129212	1	1	1	1	1	1	1	1	26.4471018510314	17.2998709108665	41.485837272625	1	17.195770072274	1	1
CES1	54.6561398560054	23.1815512793494	1	1	1	1	44.5462568188946	1	1	1	1	1	1	1	1	41.832089860839	40.1708046332141	1	1	1	1
CES4A	1	1	1	1	1	1	1	1	1	21.8430913559	1	1	1	1	1	1	1	1	1	1	1
CETN3	24.9714705364166	1	1	1	1	1	1	1	1	1	1	1	1	1	1	1	1	18.1177818225178	1	1	38.8417419780451
CFD	30.5737151590493	164.585579782996	1	1	1	193.338945649226	334.152663238833	1	1	1	1	1	1	1	1	81.9594179717596	113.293845352211	1	1	26.5488312323847	54.6973438044669
CFH	1	1	1	1	1	1	1	1	1	1	1	1	1	1	1	1	244.730107958202	1	1	1	1
CFI	1	1	1	1	1	1	1	1	1	1	1	1	1	1	1	1	60.5141019484796	1	1	1	1
CFL2	29.5726224774655	15.3228719280565	1	1	1	1	1	30.92091614597	1	1	1	1	1	1	1	1	25.155706232689	30.9702450401636	1	34.990975266669	1
CFP	1	196.446508608169	1	1	1	174.123354890207	1	1	1	31.7718486111594	1	1	1	1	1	1	1	1	26.2686133159945	42.2670828294779	1
CGAS	15.6606791533286	27.0605338055595	1	20.3148083539762	1	1	20.7731228047803	19.2270536635306	1	1	1	25.8129365863447	61.3251934590433	1	53.484762187004	23.7403018527015	1	32.5246759396	1	41.9342908935825	1
CGNL1	1	1	1	1	1	1	1	1	1	1	1	1	1	1	1	1	58.2451009148518	1	1	1	1
CH17-340M24.3	1	1	1	1	1	1	22.0152515989612	1	1	1	1	1	1	1	1	25.6596307174509	1	1	35.6013928057847	1	1
CH25H	1	1	1	1	1	1	91.696062036523	1	1	1	1	1	1	1	1	42.0976224957008	91.9830837608445	1	1	1	18.3820611263963
CHAC1	1	1	1	1	1	1	1	48.329462542528	1	1	1	1	1	1	1	1	1	27.9434278792621	1	1	1
CHAF1A	29.1323839349479	1	1	1	1	1	1	1	1	1	1	26.8557840765051	1	1	1	1	1	1	1	1	60.1812903454457
CHAMP1	23.4201698159031	1	1	1	1	1	1	32.1405218071187	1	1	1	1	1	29.3695138067381	1	1	1	14.3906646334312	15.4365362884639	1	1
CHCHD6	1	1	1	1	1	1	30.8223320042156	1	1	1	1	1	1	1	1	1	1	1	1	1	60.7417422960029
CHD6	19.4600176955367	22.147280735448	44.6049148102204	32.0568897622179	1	1	19.2812562489273	1	37.8732737738501	45.0946589647963	25.721784643748	1	1	1	34.4148273376861	1	1	26.2989858254563	27.2660518782187	32.1843187826839	1
CHD7	17.0299555827584	17.2332749013649	36.9659740233048	41.2818384682698	131.963328908265	55.6992156968747	1	1	1	49.068968626022	103.807584121858	1	35.7344638334869	1	37.6040591189721	1	1	37.8158113452952	1	19.3375935903106	1
CHERP	37.1710000008035	16.2106558206883	1	29.2067603391499	1	1	1	1	1	27.0995446089401	34.0207710974705	1	55.2816116159755	32.137021700582	25.1003523064007	1	32.2759102618324	21.1096695907824	1	27.832840203438	33.9319606534661
CHI3L1	1	1	1	1	1	241.443087820705	84.1731279904157	1	1	1	1	1	1	1	1	417.658488987363	145.341394545552	33.4945734603452	1	1	1
CHIC1	1	1	1	1	1	1	1	1	1	19.040937794831	1	1	1	1	1	1	1	1	1	1	41.091112344311
CHIC2	19.2369854064703	1	27.5726750649024	1	1	47.3109810710925	1	1	43.5739848381364	1	1	1	1	32.9047358901969	39.8159836720942	1	20.8088885146735	15.4156191862951	1	1	1
CHID1	1	23.9350879415366	1	1	31.6460953078188	1	51.2731645992871	51.1677106310071	1	29.9493111202227	1	28.2960820438265	1	1	1	31.1665915265614	22.1642759440741	22.0455157338897	25.2852777628936	1	1
CHIT1	1	1	1	1	1	1	352.879221734615	1	1	1	1	1	1	1	1	379.916001884605	1	1	1	1	1
CHKA	18.963185343494	30.6710611273062	1	1	1	1	40.4862609542689	1	1	1	1	1	47.0589426451308	1	1	34.4130635991415	1	63.1464349768775	41.1294811595891	21.2690924028497	1
CHL1	1	1	1	1	1	1	1	1	1	1	1	1	1	1	1	1	1	22.7446207684197	1	1	1
CHM	1	22.949836614548	1	31.887784810057	1	1	22.3230191453848	1	1	28.5140199510375	26.8207774377032	1	1	1	1	25.0679628992797	42.5701720306912	25.4930574681946	1	1	1
CHML	1	1	1	1	39.3747783650044	1	1	1	1	1	1	140.334717709921	1	1	1	20.4453543028729	1	1	21.5126020833845	31.0131252963812	49.752756487275
CHMP4A	1	22.3205982901927	1	27.7910132758948	1	1	1	1	34.9557695406568	22.2156091765266	1	1	19.8892527268484	25.0846172480924	1	20.2929930896691	1	15.2397369765834	16.4658389760256	1	1
CHMP4C	20.0439165818735	1	1	1	1	1	1	1	1	1	1	1	1	1	1	1	1	26.4143593969822	1	1	1
CHMP6	16.8287616423862	1	1	1	1	1	1	1	1	1	1	42.3218054871903	1	1	1	1	1	1	1	1	1
CHMP7	19.335565921489	20.9490612528696	38.9443795950392	22.5221419090177	41.4964814399728	1	1	1	28.1039451671951	79.6129234952553	44.0942241787672	1	1	55.9931857623106	48.1280622019077	18.3926494990218	1	20.0319678962424	1	1	15.322413283354
CHN1	1	1	40.2341217335399	1	1	1	1	1	1	1	1	1	1	56.5772976096091	94.5946293303729	1	137.334083643636	1	1	1	1
CHPF	30.0919365620711	1	1	1	1	1	1	75.9390761037147	1	1	1	1	1	1	1	1	85.9025855631437	27.9541629979397	1	1	1
CHPF2	28.7138545640478	23.3360411694414	1	23.9187150052049	1	1	22.5892166149146	31.8962250388483	1	1	1	13.1002676912731	28.0458187387805	41.558178611902	1	26.8002153609968	41.058929118968	22.8265662873686	1	18.4467578131608	1
CHPT1	1	30.4922718044084	1	1	165.234727269281	38.9903040583533	33.8458297795694	1	1	1	82.5629076021879	1	30.6158426065175	1	1	22.2067721783809	38.264692900762	37.5783473758907	22.4772963925949	28.530622345988	1
CHRDL1	1	1	1	1	1	1	1	1	1	1	1	1	1	1	1	1	61.4342573108606	1	1	1	1
CHRM3-AS2	1	1	1	1	1	1	1	1	1	50.2576564454976	1	64.3936803238733	1	1	1	1	1	1	1	1	1
CHRNA2	1	1	1	1	1	1	1	1	1	26.2848715230064	1	1	1	1	1	1	1	1	1	1	1
CHRNA4	1	1	1	1	1	1	1	22.4383591915942	1	1	1	1	1	1	1	1	1	1	1	1	1
CHRNA6	1	1	1	1	1	1	1	1	1	1	1	1	1	35.4762858501145	1	1	1	1	1	1	1
CHST10	20.1355852972016	1	1	1	1	1	1	1	1	1	1	1	1	1	1	1	88.7241086580683	1	1	1	19.4925772859706
CHST13	1	1	1	1	1	1	18.1807374699322	1	1	1	1	1	1	1	1	1	1	1	1	1	1
CHST15	1	89.0993841682988	1	1	22.6545296427091	243.615506394985	19.9291708991444	57.4882797796248	1	1	27.218777736617	1	42.0909284181427	1	1	29.5275284370708	53.0728577434352	28.6191413089936	1	1	1
CHST2	26.9895984964501	34.7772856806712	1	193.847067010616	1	1	1	138.201105517186	1	1	1	32.0594519404242	26.9058366373406	37.0045147488219	1	1	1	1	36.5743639686897	40.4187211131846	1
CHST3	1	1	1	1	1	1	1	1	1	1	1	1	1	1	1	1	1	1	1	1	53.9619480922057
CHST6	1	21.1740893545715	1	18.048114284075	33.6997841895514	41.3264179398492	1	1	1	20.236119808046	1	1	26.1297432213567	1	1	1	1	16.5099505297885	1	1	1
CHST7	35.3655840039346	1	1	1	1	1	1	1	1	1	1	1	1	1	1	1	1	1	1	1	1
CIART	1	22.2014164635392	1	1	1	50.8948744161025	1	1	1	30.0690434689571	1	66.6541940453624	1	1	1	1	1	30.0148124752905	1	1	1
CIDEB	20.4873000093686	50.8799355079133	1	44.3321612525878	1	1	1	1	1	1	1	75.5246789308781	1	1	1	1	1	29.1765815408238	32.506239159259	1	103.987647280699
CIDEC	1	1	1	1	1	1	1	1	1	1	1	1	1	1	1	1	1	1	1	34.1240791082822	47.1415796449755
CIITA	1	54.4618206309153	1	1	93.3509579365913	1	80.7821647666793	1	1	1	58.1498827469778	1	41.267431269691	1	1	42.9137305248368	1	1	128.439356619878	73.7880999980533	1
CILP	1	1	1	1	1	1	1	1	1	1	1	1	1	1	1	1	58.9198720040676	1	1	1	1
CIP2A	37.5807443700368	1	1	1	1	1	1	1	1	1	1	1	1	1	1	1	1	1	1	1	1
CISH	1	24.6087257500465	32.8940224412329	41.2366970648465	1	1	24.311156528587	1	1	153.536246907668	1	1	1	1	1	19.4688648420526	1	1	18.086821648309	1	1
CIT	35.4268135568434	1	1	1	1	1	1	1	1	1	1	1	1	1	1	1	1	36.6035710659866	1	1	1
CITED4	97.2449121302589	1	1	1	1	1	1	1	1	27.2231296740465	1	1	1	1	1	1	1	36.7647202810794	1	1	38.1588783897425
CKAP2	63.5598928777979	1	29.8011204160836	1	58.5592809627788	1	1	1	46.5758088821507	1	37.818621727441	80.2095170551927	1	36.0133906870564	38.2101992717086	1	1	1	1	1	1
CKAP4	93.3117123105012	135.331840442889	1	1	1	386.226681057921	27.7466691084634	165.191292988358	1	1	1	1	64.9774866024509	1	1	96.2753063118362	254.954960152687	127.656970044949	1	34.1085899936456	38.0619773066527
CKB	80.3824969327963	34.8723546095776	1	1	1	1	1	1	1	1	1	1	1	1	1	1	1	45.3504454227699	1	54.8747562903113	73.8751223904719
CKMT2-AS1	1	1	1	1	1	1	1	1	1	31.067561356555	1	1	1	1	1	1	1	1	1	1	1
CKS1B	418.122499297996	34.9658162728742	1	1	1	1	27.0654076683932	1	1	38.3836896757633	1	198.303451255644	28.828743055419	24.6458931941472	50.8174338635421	55.024828361221	22.1507884276505	76.427209076661	58.5754930460142	48.3052712016159	108.823613207096
CKS2	57.5588140759505	1	1	1	1	1	20.7017904530213	1	1	1	1	1	1	1	33.4256193094831	22.8181724338667	1	29.5911711640064	19.3228986787071	31.1167360969423	1
CLASP1	28.9490025166776	19.9293955352809	1	46.2741370017213	1	1	1	1	39.1110096259963	16.6194389451174	1	1	1	43.4568167169991	34.3093252840346	16.7542316113487	1	33.7473374747071	1	1	1
CLCA2	62.356428506955	1	1	1	1	1	1	1	1	1	1	1	1	1	1	1	1	49.2154690950423	1	1	127.429210536721
CLCC1	26.836436654851	23.5634984199599	1	33.5143160895949	1	1	28.4774195943697	45.7396808811294	1	24.1039763961027	1	1	29.258837688482	1	1	23.6398911759542	1	23.6286458528149	30.8176169597175	1	102.226120060964
CLCN6	1	32.4504193547741	1	34.5455081784061	55.055438337599	33.0792449050982	26.9766716224706	1	28.2738889486726	19.1416712568958	43.9946235386601	43.305691942746	1	1	1	23.5402213287352	57.9072131128637	22.6842469685523	18.2459899594042	1	1
CLCN7	1	37.5068476641107	1	1	20.6848947384348	1	67.9731994129219	1	1	1	1	1	1	1	1	55.2933072328012	1	17.5099234476098	29.2046226459808	26.346343388129	1
CLDN1	40.1589809083685	1	1	1	1	1	1	1	1	1	1	1	1	1	1	1	1	28.6869362439363	109.181271596984	73.8896634669634	1
CLDN10	1	1	1	1	1	1	1	1	1	1	1	1	1	1	1	1	1	51.3713857477387	1	1	1
CLDN16	1	24.1355070949076	1	1	1	57.2710592795425	1	1	1	18.3442233412015	1	1	1	1	1	1	1	1	1	1	1
CLDN18	1	216.405565197714	1	1	1	1	1	1	1	1	1	1	1	1	1	1	1	1	1	606.665672123173	1
CLDN3	1	66.7887749043596	1	1	1	1	1	1	1	1	1	1	1	1	1	1	1	155.003348973571	1	1	1
CLDN4	63.2343936481274	145.848782560986	1	1	1	1	1	1	1	1	1	1	1	1	1	1	1	125.897938268587	1	187.819669990503	19.5888257803903
CLDN5	1	1	1	1	1	1	1	1	1	1	1	1	1	1	1	1	159.72922683869	1	1	1	1
CLDN7	99.4003645662031	98.9610880400718	1	1	1	1	1	1	1	1	1	1	1	1	1	55.903205453355	1	152.2113742831	1	131.544118850228	85.6074111398706
CLEC10A	1	93.8922710372802	1	1	1	1	67.181712103562	1	1	1	1	1	1	1	1	27.5850579910829	1	1	334.170724991509	99.3582712259487	1
CLEC11A	1	1	1	1	1	1	20.3107132617743	1	1	1	1	1	1	1	1	20.0134625431111	37.5610270771627	1	24.4331579112975	1	1
CLEC12A	1	69.2343012260252	1	1	1	63.0256683675785	28.5529770479951	1	1	1	1	1	1	1	1	26.5940872499418	1	1	16.58303787135	1	1
CLEC14A	1	1	1	1	1	1	1	1	1	1	1	1	1	1	1	1	106.943948706073	1	1	1	1
CLEC4A	1	48.1824725374381	1	1	1	121.284524946941	23.3594019202892	1	1	1	1	1	1	1	1	17.0359514245715	1	1	69.3685803103396	1	1
CLEC4D	1	19.0603561943716	1	1	1	62.8547365768074	1	1	1	1	1	1	1	1	1	1	1	1	1	1	1
CLEC4E	1	76.6159614559093	1	1	1	527.192042778831	26.3143115515874	1	1	1	1	1	45.2326310168612	1	1	1	1	1	1	28.66368521725	1
CLEC4M	1	24.5365287906411	1	27.3796470313739	27.3381754271997	32.9123016716308	1	1	1	19.9747242161326	1	1	1	1	1	1	1	1	1	1	1
CLEC5A	1	62.6771061402764	1	1	1	1	31.1658524335523	1	1	1	1	1	1	1	1	151.661225201191	1	1	282.664493373564	107.866462686223	1
CLEC7A	1	241.205225067223	1	1	1	322.573602437248	236.643268801239	1	1	1	1	1	38.3464940059925	1	1	162.832671893669	1	1	232.909512006802	135.774505773368	1
CLEC9A	1	1	1	1	1	1	1	1	1	1	1	1	1	1	1	1	1	1	41.2660078541676	1	1
CLECL1	1	1	1	1	1	1	1	1	1	1	62.3869263669562	75.2182021537928	1	1	1	1	1	1	22.9796797203634	1	1
CLIC2	1	24.2781170243226	1	1	1	1	49.5032222686378	1	1	1	1	1	25.5194094838409	1	1	22.1935173560318	60.4215470500527	1	75.4108140675728	80.7430655395635	1
CLIC3	1	1	1	77.1926222918333	1	1	1	1	1	1	1	1	1	1	1	1	1	1	1	1	1
CLIC4	90.4539449433025	76.7181616307352	1	1	91.2063532354688	1	111.083373652509	166.604945595431	1	1	55.7164223094723	1	81.5711236303506	1	1	106.436328041736	394.502449167957	126.119695232836	109.315611937934	137.940388193878	47.7242124608188
CLIC6	34.2979688682309	1	1	1	1	1	1	1	1	1	1	1	1	1	1	1	31.3300092937507	50.943397734971	1	1	36.9416000844887
CLIP4	1	1	1	24.5123518227008	1	1	26.5809858255388	1	1	1	1	1	1	1	1	35.3152195235031	1	18.6989213885348	1	1	21.9228510321915
CLK2	1	22.6322557564697	1	35.6223878428835	27.5206767420303	1	16.5182729134561	1	1	31.2606713320556	26.0512430251036	33.8306717561778	1	1	1	20.1818558136236	1	21.1436232697912	1	1	1
CLMN	1	45.3430759196928	1	1	85.4562229541636	1	33.1740127345792	1	1	1	1	1	28.6924740113358	1	1	29.2778079780091	1	22.8875364496862	1	50.8660920842328	1
CLMP	1	1	1	1	1	1	1	1	1	1	1	1	1	1	1	1	85.5366175669716	1	1	1	1
CLNK	1	20.411593936134	1	26.6160582807672	1	27.3395618562234	1	1	1	21.6554790358216	36.6711515578228	45.2060731310805	40.716711174136	67.784326399554	48.2546170075547	1	1	56.3940892375088	22.0129920505417	25.5880321326796	1
CLPTM1L	163.559516220845	73.1040532164426	55.7163853015921	73.6144475444694	30.70333435433	1	60.2087049006449	269.817332660243	56.1387133439677	46.4605864666538	44.6815697901577	71.3087590882147	66.0882413616558	90.0114567581489	69.8464000411184	82.7171866495002	83.0618103758099	103.81797003393	48.9439918331473	77.2367060428588	188.205563341113
CLSTN3	22.4971341061964	1	40.823437189628	103.95490877904	1	1	1	1	70.3275138645403	1	1	257.562703624498	1	49.6098799453675	60.258385541175	1	48.5964155224799	1	1	1	1
CLU	22.9130670308538	85.7631110192926	1	1	1	1	1	1	1	1	1	1	188.02042067011	1	1	1	406.740496546875	667.519326833042	1	96.4485874660038	1
CLUAP1	1	17.961432844455	1	1	33.1561105536935	1	1	1	1	24.2882051340875	1	1	1	1	1	1	22.8317745141313	19.8612456585824	1	1	1
CLYBL	1	1	1	1	69.7644484914204	1	1	1	1	1	1	1	1	1	1	1	1	1	1	1	1
CMA1	1	1	1	1	1	1	1	1	1	1	1	1	1	1	1	1	1	52.711569663917	1	1	1
CMC1	21.4315052317705	1	1	131.169084488253	1	1	1	1	117.525601385702	1	1	72.1114685386742	1	1	1	1	1	1	1	1	1
CMKLR1	1	1	1	61.7068283539864	1	1	87.5618045485046	1	1	1	1	1	1	1	1	28.4733254118379	1	1	1	1	1
CMPK2	1	1	1	1	1	1	24.918231714059	1	1	1	1	1	26.8260368337809	1	1	24.7610481236708	20.2842236104468	1	1	45.7068757247566	1
CMSS1	100.495017113206	1	1	1	1	1	1	1	1	21.0387518609022	1	1	1	1	1	23.9837653184616	1	32.0742055039989	1	1	91.5478321789387
CMTM2	1	1	1	1	1	619.969410017146	1	1	1	1	1	1	1	1	1	1	1	1	1	1	1
CMTM8	1	1	1	1	1	1	1	1	1	24.4884125607964	1	1	1	1	1	1	1	1	1	1	1
CMTR2	1	20.4430014918289	1	62.4569251972527	56.7036092173287	1	1	1	1	31.8573978341355	45.3013494898732	58.3584932616257	31.319099969521	29.5432867990707	1	18.993474592352	14.2945849559673	17.7779292740064	1	1	1
CNDP1	1	1	1	26.1380843619139	31.9687368152235	33.6657114714272	1	1	1	22.4449265921598	1	1	27.0271473733832	1	1	1	1	1	1	1	1
CNEP1R1	1	24.7121576211901	1	26.5119124410772	1	1	22.1032123859355	1	1	1	1	1	18.710137257385	25.1319809039248	1	21.338163286831	1	1	1	32.7109492352905	1
CNKSR1	1	1	1	1	1	1	1	21.0742586126489	1	1	1	1	1	1	1	1	1	1	1	1	27.866475783708
CNKSR2	1	1	1	1	30.8168663118356	1	1	1	1	1	1	1	1	1	1	1	1	1	1	1	1
CNN1	1	1	1	1	1	1	1	1	1	1	1	1	1	1	1	1	59.0009215535002	1	1	1	1
CNN3	49.984519288216	41.8103238066332	1	1	1	1	1	1	1	1	1	1	1	1	1	1	434.786757325616	53.8335048214063	1	113.518785042667	1
CNNM4	20.6744578868492	1	1	1	36.2470260286206	1	1	1	42.8807406243896	1	34.7423836304775	18.90539918419	34.3174228165237	1	39.54112551429	1	1	26.8355786408581	1	1	1
CNOT3	30.6392988897025	17.2163637404191	1	24.2898604440811	50.1833468624562	1	1	1	1	1	1	67.3931765000029	1	1	34.0763905906557	1	26.3266033676964	22.9036120431317	1	1	65.7896146804147
CNOT6L	66.7658654924077	38.52499461887	686.30646631157	249.855805830828	284.294508097361	35.0338862553341	40.8387011807195	55.2518692228257	552.895231017738	78.3147281815975	155.041647170427	387.748715924628	188.066702414711	569.791260016051	692.560610055422	38.0712302092425	24.9773355752984	31.7302020790756	55.1601001483228	56.1858436992463	38.1540366075196
CNPY4	1	1	1	1	1	1	1	1	1	1	1	1	1	1	1	1	47.4141109333887	1	1	1	1
CNR1	1	1	1	1	1	1	1	1	1	1	35.6489303023253	1	1	1	1	1	1	1	1	1	1
CNR2	1	1	1	25.3014499363909	38.5569345109287	1	1	1	1	1	43.835267809007	1	1	1	1	1	1	1	1	1	1
CNRIP1	1	1	1	1	1	1	27.1438267890135	1	1	1	1	1	50.3918558312443	1	1	1	50.7476799126331	79.6722040413956	1	1	1
CNST	14.7023716174895	1	37.3101795346999	25.4045747299626	41.2495226607096	1	1	1	1	33.2322853604804	1	1	31.0160157839345	71.2274498441855	27.0800255723417	16.9165448766235	1	46.6781531239876	1	1	1
CNTLN	1	21.9261893052637	1	1	1	1	21.8886993948237	1	1	1	1	1	1	1	1	19.5055132295842	47.7941994695421	1	22.3289975436327	1	1
CNTNAP2	67.4547571306086	1	1	1	1	1	1	26.1274605834472	1	1	1	1	1	1	1	1	1	24.98184978967	1	1	209.617371134573
CNTNAP3B	1	1	1	1	1	60.2413179923193	1	1	1	1	1	1	1	1	1	1	1	1	1	1	1
COA6	165.116456736356	21.7445967831884	1	1	1	1	15.6716457957071	1	1	1	1	1	1	34.8716597113872	1	38.1708210021422	18.2961242179974	56.5201589996427	24.42563260524	1	218.016645895633
COBLL1	82.2554227274117	20.9410625441662	1	1	125.494125051145	1	1	81.3614535878967	1	1	92.3751696763798	1	78.9247780778004	1	1	1	24.3009016066916	86.3185742514216	1	27.2739702187564	46.1769582733131
COCH	36.5799192458163	1	1	1	1	1	1	1	1	1	1	1	1	1	1	1	1	1	1	1	29.2577029747478
COG2	1	17.2781828632679	1	28.3130201104636	1	1	1	1	1	27.7208414871604	1	1	1	33.3131300394244	1	1	20.5931129178547	18.3498784856598	1	1	1
COG5	27.094069196895	20.0486034743311	29.4870399029337	22.5331161337596	1	1	23.1402447511336	1	1	1	1	1	1	1	1	19.428312985096	1	23.2950321768048	1	21.3165581659045	1
COL10A1	1	1	1	1	1	1	1	1	1	1	1	1	1	1	1	1	287.018266081203	1	1	1	1
COL11A1	1	1	1	1	1	1	1	1	1	1	1	1	1	1	1	1	429.043397072619	1	1	1	1
COL12A1	1	1	1	1	1	1	1	1	1	1	1	1	1	1	1	1	562.967770787628	1	1	1	1
COL14A1	1	1	1	1	1	1	1	1	1	1	1	1	1	1	1	1	124.566850398962	1	1	1	1
COL15A1	1	1	1	1	1	1	1	1	1	1	1	1	1	1	1	1	142.036918481046	1	1	1	1
COL16A1	1	1	1	1	1	1	1	1	1	1	1	1	1	1	1	1	83.8176410203443	1	1	1	1
COL17A1	118.110910241493	1	1	1	1	1	1	1	1	1	1	1	1	1	1	82.8165221690501	1	110.651191663377	1	80.6148927897818	54.2742510857474
COL18A1	30.7768611240898	43.5402324780196	1	1	1	82.634816755245	1	1	1	1	1	1	51.3564855875149	1	1	1	374.030959182877	103.9148092107	1	31.6374612707077	44.3123592856257
COL1A1	62.586585860876	510.450236074203	1	25.7121695802746	25.2984031558225	41.74330697533	168.499473453541	70.8256708347313	1	1	1	1	620.782376860077	1	1	350.414683114195	21726.0134382486	834.537718729467	1	608.357218442112	258.040212609575
COL1A2	1	1	1	1	1	1	1	1	1	1	1	1	1	1	1	1	7860.0410373993	350.357810070276	1	278.98690067825	1
COL22A1	1	1	1	1	1	1	1	149.891156496591	1	1	1	1	1	1	1	1	1	1	1	1	1
COL3A1	1	1	1	1	1	1	1	1	1	1	1	1	1	1	1	1	8493.22431147756	1	1	1	1
COL4A1	1	1	1	1	1	1	1	1	1	1	1	1	59.4269170639308	1	1	1	715.808865619191	1	1	181.237793373717	37.2265331861503
COL4A2	27.1297222758048	1	1	1	1	1	1	1	1	1	1	1	67.2812327081442	1	1	1	808.762537966225	54.1749412871968	1	200.093581251517	1
COL4A3	1	1	1	1	1	1	1	1	1	1	35.1778284476718	1	1	1	1	1	1	1	1	1	1
COL5A1	1	1	1	1	1	1	1	1	1	1	1	1	1	1	1	1	832.732270007277	1	1	1	1
COL5A2	1	1	1	1	1	1	1	1	1	1	1	1	1	1	1	1	1022.4213553667	1	1	1	1
COL5A3	1	1	1	1	1	1	1	1	1	1	1	1	1	1	1	1	91.4521471079167	1	1	1	1
COL6A1	1	1	1	1	1	1	58.9691141988732	1	1	1	1	1	1	1	1	96.1256764547649	3183.98617731106	1	1	131.637196306802	1
COL6A2	1	1	1	39.3987489733953	1	1	1	1	1	1	1	1	1	1	1	1	1509.01334299563	1	1	70.8292070712035	1
COL6A3	38.9753850493501	1	1	1	1	1	1	1	1	1	1	22.5053384835068	1	58.2532317404891	84.6576974866445	1	1480.53212140443	1	1	1	1
COL8A1	1	29.6672742474395	1	1	1	1	1	1	1	1	1	1	1	1	1	1	202.055526584257	1	1	1	1
COL8A2	1	1	1	1	1	1	19.5804391476872	1	1	1	1	1	1	1	1	26.3359862575128	47.6234017858252	1	38.1839655122126	1	1
COL9A2	1	1	1	1	1	1	1	1	1	1	1	1	1	49.0219427844309	1	1	1	18.3091413427807	1	23.5520070090798	1
COL9A3	1	1	1	1	1	1	1	1	1	1	44.0573667278776	1	1	1	1	1	1	1	1	1	1
COLCA1	1	1	1	1	1	1	1	1	1	1	1	1	1	1	1	1	1	1	1	1	36.2156876263366
COLCA2	17.9205337543455	1	1	1	1	1	1	1	1	1	1	1	1	1	1	1	1	1	1	1	76.8430678895554
COLEC11	1	1	1	1	1	1	1	1	1	1	1	1	1	1	1	1	1	64.8714608812804	1	1	1
COLGALT1	50.2912925498871	59.6020105214469	1	1	1	1	144.251760499189	1	1	20.6017622355415	1	1	1	1	1	137.117360801387	68.8991137881101	29.6452993982033	60.0602812626639	35.4655943129075	1
COLQ	1	1	1	24.7846628099192	1	1	1	1	1	1	1	1	1	1	1	1	1	1	1	1	1
COMMD10	1	18.3763792201095	1	1	1	1	18.4443660109769	1	1	1	1	1	27.0761001011608	1	1	21.4752381113862	1	1	22.9826723708837	1	82.9163360563556
COMMD3	74.5761533156732	32.2372651347093	1	37.0027271374482	1	1	34.6051262331836	69.5683433019961	27.6842913263829	43.507552548016	1	1	19.5127140330757	55.6060373414139	39.6139707898095	41.8328608720866	43.7214236071829	28.6357458116578	41.6824432833043	37.7877970176075	28.5367551054448
COMMD5	36.5801359363826	31.3023105778122	1	35.6128767569901	1	1	27.2294254089754	1	1	1	42.9452333396193	43.6410577229201	1	1	1	41.0374272613905	51.5033319715191	23.1137766140272	41.7189099609315	34.3415919273382	26.3101775298667
COPG1	31.1365124180713	30.68443828243	1	33.7258606515205	27.3494675768492	1	33.8370701624138	40.7298655138197	1	1	1	43.2602323200508	1	34.8209629229474	30.3109588880479	43.8560158559942	33.0979747246105	35.7097016317767	41.2773623053424	35.8163879458428	1
COPZ2	55.940734180974	1	1	1	1	1	1	1	1	1	1	33.7135697829975	1	1	1	1	27.4441556899288	27.8813672628572	1	1	146.526521097076
COQ10A	1	1	1	1	1	1	1	1	1	18.6432030498384	1	1	1	1	1	1	1	1	1	1	1
COQ2	1	1	1	1	1	1	28.500639498451	1	1	1	1	1	1	1	1	25.4898591117783	1	1	1	1	18.9279806852393
COQ4	50.0742858860273	19.5384763919217	1	1	1	1	1	1	1	1	1	1	1	1	1	17.915533691473	1	22.7055575447883	1	1	71.1298149583095
COQ8A	1	18.576285930986	1	1	1	1	14.7013156375129	1	1	65.7731517831794	1	1	1	32.0920992255251	1	1	1	1	1	1	1
CORO1C	118.03503222469	83.876803383388	1	1	1	80.4637170895308	174.913792700235	19.6096182048118	1	1	38.0305510138168	1	119.857874436702	1	1	257.883502312342	51.8668183452462	84.4759307373696	179.763649406731	106.735556337092	171.536070773476
COX18	25.0408985186828	25.9697199375938	1	42.8724855402171	1	1	20.471000111003	37.0164636440845	1	59.473564484452	1	1	1	25.7521055642555	1	17.1177187569786	1	25.0016882822521	16.0789091494128	1	1
COX7A1	1	1	1	1	1	1	1	1	1	1	1	1	1	1	1	1	135.28662525699	1	1	1	1
CP	1	1	1	1	1	1	1	1	1	1	1	1	1	1	1	1	51.3278557989937	50.5418446177811	1	1	1
CPA3	1	1	1	1	1	1	1	1	1	1	1	1	2597.4358811645	1	1	1	1	5743.41717200472	1	1	1
CPE	45.0603238525412	1	1	1	1	1	1	1	1	1	1	1	1	1	1	1	100.556310670209	165.651263339558	1	1	1
CPEB1-AS1	1	1	1	1	1	1	1	1	1	21.5315139352094	1	1	1	1	1	1	1	1	1	1	1
CPEB2	1	16.9575466988521	1	1	1	1	26.2867543959067	1	1	1	1	1	1	37.1701895971191	1	20.1576786984311	1	31.854835628481	1	1	1
CPEB4	28.7100309448264	74.4524475172376	1	41.7716791233983	1	124.805069914314	102.515460466328	115.868404081512	38.4579766463478	1	1	32.7706949025041	151.093246468732	77.6898530871642	45.0264834157367	92.8350169763548	101.419057825738	181.43745427357	58.0802935064404	94.111439043363	1
CPED1	1	1	1	1	1	1	19.7513580502161	1	1	1	1	1	1	1	1	1	35.186850372605	1	49.8493528419348	1	1
CPNE2	29.3629035832317	36.0150759375411	1	1	1	1	48.6892736571311	1	1	1	1	1	1	1	1	35.0182208050132	57.1783113963812	1	1	1	1
CPNE5	1	1	1	1	1	1	1	152.865749700387	1	1	74.6966069336974	1	1	1	1	1	1	1	1	1	1
CPNE8	1	19.1292132428428	1	1	1	1	22.3063567192807	1	1	1	1	1	1	1	1	16.6308105000959	1	1	1	1	1
CPPED1	20.2042328345657	141.719216831622	1	30.203601620504	1	731.897021632449	55.2337367398656	1	1	1	1	1	78.4127083477902	1	1	55.2767808051423	43.0704254374891	56.474633643652	61.7479066398767	26.8117401061636	1
CPS1	1	1	1	1	1	1	1	1	1	23.5648525850855	1	1	1	1	1	1	1	39.1952731076407	1	1	1
CPT1C	1	20.3310243330968	1	21.0863335957849	1	1	17.790851086257	1	1	1	1	1	23.6515581280995	25.6275150379276	33.8390320727147	1	1	1	1	1	1
CPVL	1	130.859088479237	1	1	1	1	117.665718597499	1	1	1	1	1	1	1	1	46.2454861937096	1	1	149.552882262378	63.8789101141357	1
CPXM2	1	1	1	1	1	1	1	1	1	1	1	1	1	1	1	1	95.863945069613	1	1	1	1
CR1	1	28.5061597468521	1	1	1	95.4941512814022	61.2494208618332	1	1	1	42.4716809746636	1	1	1	1	29.2584341110271	1	1	1	1	1
CR2	1	1	1	1	125.785753971789	1	1	1	1	1	93.8500769748311	1	1	1	1	1	1	1	1	1	1
CR392000.2	1	1	1	1	1	30.5224113238346	1	1	1	1	1	1	1	1	1	1	1	1	1	1	1
CRABP2	1	1	1	1	1	1	1	1	1	1	1	1	1	1	1	1	45.0263890942823	1	1	1	1
CRACR2A	1	1	1	50.4004835049114	1	1	1	1	1	1	1	20.0393895753663	1	1	1	1	1	1	1	1	1
CRACR2B	1	1	1	1	1	1	1	21.6858875060837	1	1	1	32.8724860920847	1	1	1	1	1	1	1	1	1
CRADD	1	1	1	1	1	1	1	1	1	1	1	1	1	66.4955534653134	1	1	1	1	1	1	1
CRAMP1	1	1	1	42.2023748740759	1	1	1	1	1	1	1	1	1	1	1	1	24.5006846902747	1	1	1	1
CRB1	1	1	1	1	1	1	1	1	1	21.4330112525733	1	1	1	1	1	1	1	1	1	1	1
CREB3	1	21.3504187145387	1	1	1	1	20.1786909009451	35.271918568862	1	1	1	34.3631171984976	17.6647794799713	30.3187132839201	1	31.403082082693	19.7991098166736	27.9021187271155	16.7413741874882	30.159691479411	1
CREB3L1	1	34.8182556351074	1	1	1	1	1	1	1	1	1	1	1	1	1	1	120.575304715564	39.3916595066068	1	1	1
CREB3L2	28.2754016164102	48.0087537157297	39.3895950442438	74.69558012762	43.557610646812	1	42.9163896575925	211.299136957672	37.0915543393088	26.2078498078955	1	100.135282642629	84.0901017423828	135.778899275474	70.9634705230686	40.77484608045	171.764468036878	110.483583281695	46.6082352708999	48.7593361659936	1
CREB5	41.1826354834125	81.5901154823272	1	1	1	323.24404343169	28.7204738036973	1	1	1	1	1	1	1	1	32.5891709256035	17.722765139279	45.2648975479533	49.3978707225487	46.4420724092268	1
CREG1	75.5095670731052	86.0926217953178	1	1	1	36.5721364746012	439.605528330248	23.0051092398304	1	1	1	1	38.2839308605091	1	1	258.34159968605	44.8705078778317	71.5152246572895	82.1470371296912	89.790258965585	206.213968789334
CRELD2	69.9693689060212	46.1292256894481	40.1969949776918	83.6005998142571	1	38.0219954543105	41.7785723790625	210.760041413028	50.917920901546	57.3611690889788	30.2864787074974	48.296287401453	47.1773116415381	79.8308230180793	43.3423332984083	65.3126718899695	51.7461989935053	73.3167976272069	55.0363660958874	48.3420806892902	31.9668247798845
CREM	199.206251388911	305.294729304224	1406.86535573905	310.590342062558	565.632836758389	462.042005077959	423.334473410027	98.3422188059182	1079.81622924268	1	698.737142430154	1010.42937522393	1570.793310439	1941.73783144627	1491.36353152266	295.784853004374	68.241222375186	504.12696458555	500.69574781847	486.103784836099	1
CRIM1	44.7559080119764	30.2887053742471	1	39.9537704301211	1	1	1	1	36.2929886155164	1	1	115.41652357783	45.7304330849761	1	1	1	145.639356781903	42.074775369966	1	55.9136021700622	1
CRIP1	1	1	27.3574795358876	21.5394758555241	1	1	1	1	24.1410216422823	1	31.4633584409166	17.5621954739616	1	1	1	1	1	1	1	1	1
CRIP2	40.9829133489138	91.6703645215902	43.6246680538503	1	1	1	1	1	1	46.0711949956962	1	1	39.3374895117384	1	1	1	413.576573905617	83.7281449071324	1	126.892809884376	1
CRISPLD2	1	110.600181807231	1	21.5585693783156	1	289.9991796766	29.4962678838042	1	1	23.3384277025116	1	1	81.9814661281506	1	1	21.4603762232191	288.407741590261	55.8919014808318	1	42.338033482817	1
CRMP1	18.4087932163232	1	1	1	1	1	1	1	1	1	1	1	1	1	1	1	1	1	1	1	45.5749396128671
CRNDE	93.7078831629942	28.2799634605079	1	1	1	1	1	1	1	1	1	1	1	1	1	1	1	60.0917830474036	1	1	140.357469440701
CRNKL1	1	18.6864040574216	27.448047014684	32.9829395634158	1	1	1	1	49.8292153074275	18.9921725313689	1	1	1	31.323261588844	45.2051836356015	1	1	1	1	1	1
CROT	1	1	1	1	1	1	1	1	1	22.3846175075465	1	1	1	1	1	1	1	1	1	1	1
CRTAM	1	1	1	29.5391113866423	1	1	1	1	344.081049434006	1	1	188.013861943963	1	1	83.6925984953162	1	1	1	1	1	1
CRTC1	1	1	1	1	1	1	1	1	1	32.1721610210987	1	1	1	1	1	1	1	1	1	1	1
CRY1	28.015218211344	1	1	36.8546767758868	1	1	1	1	1	1	1	39.0076376135898	1	62.8967263529083	29.3408330210037	1	33.8486923638926	26.9426878125014	1	1	1
CRY2	1	20.6674407375278	1	1	24.2546309670968	1	1	1	1	1	1	23.2098346451856	1	1	24.4623871123271	16.5533216967045	21.0374998917108	18.7990976425203	1	1	1
CRYAB	72.7734599310285	1	1	1	1	1	1	1	1	1	1	1	1	1	1	1	32.6943200503603	133.383919931442	1	1	34.6545128297287
CRYBG1	47.6743991548332	76.368262106357	388.096342496976	99.7172454798538	47.9090646435218	51.6085939287515	55.9061187584775	1	232.695484779473	92.7030578886811	86.9961630061794	102.137779125138	64.7780647796735	296.888197862871	311.454108319414	54.0337112519982	1	1	143.178834467364	77.9702909069859	28.9269688643783
CRYL1	17.5396128246399	40.0074446431903	1	27.8140862177444	1	1	89.0912819188395	21.643017476339	1	1	1	1	1	1	1	41.0044964664561	1	26.4776807353115	43.097085424076	39.5494622544326	1
CSF1	23.346574396405	1	1	1	1	1	1	1	1	1	1	195.487709761145	256.5975635069	49.970402559577	49.5160378757175	37.0574223024634	71.2596713796855	221.894991672514	1	1	1
CSF1R	1	174.472292404775	1	1	1	1	251.276425215589	1	1	1	1	1	1	1	1	143.113456829604	1	1	299.616714974399	134.665231286318	1
CSF2	1	1	1	1	1	1	1	1	1	1	1	1	1	1	1	1	1	41.6936348413851	1	1	1
CSF2RA	1	84.1998012113768	1	25.0193913026804	1	100.818834528183	81.741190440279	1	1	28.5474488799826	1	1	28.4313046458662	1	1	51.4468264036858	1	18.9179125183376	134.41443134685	143.44267267797	1
CSF2RB	1	70.1216369194625	1	1	1	595.603197549601	60.0880447617636	39.9443413919421	1	1	1	1	237.596364769771	59.3462864039373	1	53.5998957781938	39.7736212513277	157.463331819652	71.5738507059756	95.8590213031659	1
CSF3	1	1	1	1	1	1	1	1	1	1	1	1	1	1	1	1	1	25.0321659773389	1	1	1
CSF3R	1	328.639766581537	1	50.0747648977717	1	2731.54076393005	119.654240067649	1	1	47.2124413655408	1	1	131.444976272627	1	1	82.2406261588731	28.4417519597638	27.407338173521	46.9374258083804	61.9013266989989	1
CSGALNACT1	1	1	1	22.6991525491657	1	61.9105456515779	1	1	1	48.6695158551518	1	1	1	40.5023407115024	1	1	1	1	1	1	1
CSMD2	1	17.9498051459333	1	1	1	1	1	1	28.7091879721612	1	1	1	1	1	1	1	1	16.7818224184471	1	1	1
CSNK1G1	24.1422484244974	21.2975348185505	1	34.4094023204132	1	1	1	1	31.0313092246902	19.2484508325222	1	1	1	30.4232267567797	29.8982433025903	18.9358166617962	1	18.4786569837636	23.0108342465944	1	1
CSRNP2	22.1385137913768	1	36.4318389934459	1	40.0181644774262	1	1	1	42.2094712668117	1	1	54.8711185276637	30.7723214630386	38.3667051936191	40.8200520438565	1	1	34.758578133964	1	1	1
CSRP2	145.939111937599	1	1	1	1	1	1	1	1	1	1	1	1	1	1	1	45.0249988909449	44.7504303667094	1	1	211.311495803028
CST3	80.5555111978476	938.221060277424	1	1	1	92.831679478804	1008.89173403857	47.518690247117	1	1	1	1	170.288740987012	1	1	543.955101135635	440.705104686445	256.537360314147	1982.35423034034	1294.58318050154	167.156614945902
CST7	38.8429289949662	28.9544835180149	272.893701024282	1576.97545108816	1	403.960282533193	25.8614521654631	1	1034.15218576205	1	1	779.254170620877	147.97912045184	277.664131353315	263.856235903498	22.499118900563	1	41.0450285818372	315.517090148871	301.032954568565	1
CSTA	168.564678517351	213.910812346951	1	1	1	149.101697508187	58.8556192551369	1	1	1	1	1	1	1	1	101.383318853562	1	90.8962680180687	89.3951378397586	69.4154928222544	506.170004020167
CSTF1	19.4944440532267	1	1	32.8106534213936	1	1	1	1	1	1	1	24.9165235396227	1	1	1	1	1	17.3458540534707	1	1	1
CSTF2T	21.0246042862429	1	1	57.1768847444897	76.2271436376856	1	1	1	33.6713501453805	25.7469251238254	1	1	42.2756432493723	39.4367887275636	1	1	1	18.4332459980127	1	1	29.9882844092658
CTBP1-AS	1	18.1010290199095	1	23.3511288363287	1	39.9820161887738	1	1	1	28.2016317832661	1	1	1	1	1	1	1	1	1	1	1
CTBP1-AS2	23.7655788087366	1	1	38.8633169312641	1	1	1	1	1	19.7055588825224	1	1	1	36.9959554802547	1	1	1	1	1	1	28.5412505055943
CTBS	1	45.8903722378629	1	44.1582017949309	1	213.14535894551	47.5398065559578	52.2416902602384	1	32.062503030341	1	1	37.6630093818714	1	29.2570624574553	43.4485956667456	1	38.8425981868338	23.4824032722033	39.148747501369	1
CTC1	1	1	35.3968962296836	51.8261499323701	1	1	1	1	33.9597440713996	33.7952485596141	30.8521180409335	1	30.7354442299304	26.3922102030597	48.1940228576485	1	1	15.0812482875004	1	1	1
CTF1	1	1	1	1	1	1	1	1	1	1	1	1	1	1	1	1	1	26.8125905971856	1	1	11.9850124907089
CTGF	1	1	1	1	1	1	1	1	1	1	1	1	1	1	1	1	1034.1861685518	1	1	68.3252708214893	1
CTH	1	1	35.2901274531458	1	1	1	1	24.1563690269334	1	1	1	1	1	1	1	1	1	14.6574288035017	1	1	1
CTHRC1	1	1	1	1	1	1	1	1	1	1	1	1	1	1	1	1	698.499615450571	43.967779653434	1	1	1
CTLA4	82.9044575430483	1	76.0762089395152	1	1	1	1	1	1	1	1	82.3210736747971	41.8853225601605	634.384513283064	301.65091098929	1	1	1	1	1	1
CTNNAL1	96.4166559563999	1	1	1	1	1	1	1	1	1	1	1	1	41.1383459484986	1	21.0048822104386	33.1479980497382	32.562659325784	1	27.5662471258585	116.446242343901
CTNND1	149.475414895031	113.152053569163	1	1	33.8148059052116	1	73.702296153341	1	1	1	1	48.3210695106305	46.8547256358694	1	1	102.678426488128	193.291535107726	142.124385713126	165.779161913204	180.811847336472	178.661865704797
CTNS	1	20.7066616646543	1	1	1	1	42.5046353695025	1	1	1	1	1	40.5794753769207	1	1	35.8602550684662	1	17.2227834665573	29.1956178487692	32.9199319438181	1
CTPS1	47.6773856156804	1	1	1	1	1	1	1	1	1	1	57.7916921667226	1	1	1	1	1	1	1	1	25.7701812436292
CTSB	180.706881152417	1040.20369011226	112.135723332132	56.4370952773151	93.1334984812141	134.223011733541	7926.51170903153	118.903048125967	63.7401137871589	65.7657052836723	125.212895726904	83.8430045777071	563.453502504931	174.369875764482	175.799102747253	5952.08691948782	523.483616433514	353.411345794076	1588.65394778313	1698.61608513499	265.308412065278
CTSD	241.815489907952	916.149035279329	168.440025336553	477.91507539915	74.2651592353144	680.85306083239	8439.28165486509	224.056331917988	242.252290512926	71.6635611986786	78.8387227173435	489.571733383528	647.759706606214	278.278700684237	252.174758467942	8093.07171828758	432.81314893013	617.462657445423	1056.0315767093	1390.72365513786	218.270032246054
CTSE	1	139.772004126977	1	1	1	1	1	1	1	1	1	1	1	1	1	1	1	1	1	193.547262879168	1
CTSF	1	1	1	28.0634628428102	1	1	42.0268519994947	1	1	1	1	1	1	1	1	1	122.500839859918	19.577133516104	1	1	1
CTSG	1	1	1	1	1	1	1	1	1	1	1	1	76.9182369980946	1	1	1	1	172.207011452522	1	1	1
CTSH	16.6588075947967	286.833859290037	1	1	64.320667433356	1	330.349438503414	86.5818869321874	1	1	147.121309840664	1	34.6162054321837	37.3777487780301	33.3268101479769	342.064131075062	98.1656255355172	22.5231363480263	429.962144710752	306.274940466948	1
CTSK	1	1	1	1	1	1	101.466400571681	1	1	1	1	1	1	1	1	75.4767063824612	969.229640399746	1	1	1	1
CTSL	23.5087885964434	167.746921686464	1	1	1	1	1801.17897900822	1	1	1	1	1	52.9159236149226	1	30.1399358337953	2011.53086638067	219.961723348192	56.2954525475099	141.449084721627	419.805699167498	1
CTSV	41.3814679494263	1	1	1	1	1	1	1	1	1	1	1	1	1	1	1	1	1	1	1	25.6292087499733
CTSW	1	1	58.636523225334	616.703938537287	1	1	1	1	277.417721746768	24.8424102743498	1	511.015210050673	1	1	82.6610139061276	1	1	1	1	1	1
CTSZ	33.5288808884388	248.566819062873	1	31.0870855640745	91.9612233154303	108.17767043353	1452.75811930884	69.6818927226775	1	1	98.6067920237998	75.3426441570231	83.9251894488337	69.0958459908497	42.3894199140501	796.117991750755	95.7345070697388	37.0535960134068	366.793348652853	366.523770743666	113.086933441563
CTTN	92.4935284211042	49.1868066827396	1	1	1	1	1	1	1	1	1	1	38.3515589120285	1	1	30.1412579903847	72.8938881662464	95.0368714394384	1	53.5129327566139	136.779121786275
CTTNBP2	1	1	1	1	1	1	1	1	1	1	1	1	1	1	1	1	1	37.8748136022659	1	1	1
CTU2	20.9818932376021	1	1	1	1	1	1	1	1	1	1	25.6062119856309	1	1	1	1	1	1	1	1	1
CUBN	1	1	1	1	1	1	1	1	1	29.0731893194916	1	1	1	1	1	1	1	1	1	1	1
CUL9	1	1	1	1	1	1	1	1	1	1	1	1	1	46.7983205402796	1	1	1	1	1	1	1
CUTC	19.2247486785331	15.3618950079841	1	29.164669274646	1	1	1	1	1	38.7701949454634	1	31.9154947966332	1	33.3864191060708	1	1	37.9951591194067	1	1	1	1
CX3CL1	16.9314075094511	32.3248923589949	1	1	1	1	1	1	1	1	1	1	1	1	1	1	163.678683382567	19.4738152284285	1	82.1314871251021	1
CX3CR1	1	123.395133587295	1	1216.66874095872	1	1	1	1	110.982647922806	1	1	68.3785487288159	1	1	1	1	1	1	34.2730211046704	1	1
CXADR	48.0391925918466	31.5910563828806	1	1	1	1	1	1	1	1	1	1	1	1	1	1	1	71.7216892720102	1	42.1106055271423	1
CXCL1	1	62.8560436294354	1	1	1	201.815041837183	91.2449747719793	1	1	1	1	1	46.8079783750453	1	1	61.2930111318576	108.551044532587	134.932396746787	1	101.390782282372	1
CXCL10	1	1	1	1	1	1	52.5991324703052	1	1	1	1	1	1	1	1	1	105.954483002849	1	1	233.568490429096	1
CXCL11	1	1	1	1	1	1	1	1	1	1	1	1	1	1	1	1	1	1	1	49.6747454575813	1
CXCL12	1	1	1	1	1	1	1	1	1	1	1	1	1	1	1	1	399.530236709529	1	1	1	1
CXCL13	115.804567099276	1	1	1	1	1	1	1	1	1	1	96.027510468911	1	97.2195501961127	1372.67016340874	1	1	1	1	1	1
CXCL14	122.92494306223	127.421400808544	1	1	1	1	1	1	1	1	1	1	1	1	1	1	385.353488394865	1	1	101.917827023449	52.1914264242949
CXCL16	34.9461970248897	203.081829555696	32.9308677870368	1	24.0653953082912	282.139280458552	435.67870413134	1	45.7483820834561	1	38.8949730066542	1	151.788634657943	1	1	373.841307553691	1	128.329205395946	405.811320779813	485.977606976826	93.3220839640971
CXCL17	1	97.4815140884726	1	1	1	1	1	1	1	1	1	1	1	1	1	1	1	136.910844531249	1	1	1
CXCL2	1	489.220290555417	1	1	1	123.295150609923	856.695451436227	1	1	1	1	1	228.410522972566	1	1	684.071766159362	447.006640753689	532.463568327627	76.5177149260511	411.633589097995	1
CXCL3	1	206.098916488092	1	1	1	1	719.365340102797	1	1	1	1	1	58.1297195347674	1	1	809.576187842697	63.4124110416959	142.80520321702	55.0044754970577	340.784386849236	1
CXCL5	1	1	1	1	1	1	52.9426229011824	1	1	1	1	1	1	1	1	288.83107967043	1	1	1	54.6401570188575	1
CXCL8	60.9406761997283	775.633193736154	1	1	1	17554.2925029959	1995.98699671032	73.124053658361	1	1	1	1	6679.83897544562	1	1	1880.34045842994	265.233436239157	1276.47185654178	347.858474948831	1262.87839879403	1
CXCL9	1	1	1	1	1	1	236.955958522445	1	1	1	1	1	1	1	1	50.5510263666629	129.544081695455	1	120.12745128455	514.728761469	1
CXCR1	1	1	1	51.2352249398078	1	957.625978872422	1	1	1	1	1	1	1	1	1	1	1	1	1	1	1
CXCR2	1	58.4554674310585	1	194.997630697613	1	3936.94819994922	16.9783747659075	1	31.4551302343209	37.2389987458976	1	31.9178640493053	55.4549925919564	1	1	1	22.0270000263641	21.348159985323	34.3061717017107	43.491771002433	1
CXCR3	1	1	45.9214348506839	23.9140099426393	1	1	1	1	46.0721868949613	1	1	47.9712934014413	65.9374706945254	62.9096535141558	33.5033245685077	1	1	1	1	1	1
CXCR4	290.978879046437	414.519130631917	4725.42981324777	970.62339444255	5065.37060265912	1056.68631846119	463.853381450048	519.098716976451	4752.82638461306	530.353278550004	4446.84793491407	1681.24491927172	2996.50085161483	2362.43426490322	3697.52648169236	290.840866248299	40.8854189138145	102.3118087535	698.17474623873	797.090249606107	1
CXCR5	1	1	33.3425355567579	1	315.565341339198	1	1	1	1	1	349.179022281614	1	40.9862394621328	1	84.5249568068152	1	1	1	1	1	1
CXCR6	48.7796756947672	1	71.275544490986	1	1	1	1	1	90.8690524792749	1	1	144.548798548987	1	467.062625021873	148.90769851885	1	1	1	1	1	1
CXorf21	1	26.6172134566075	1	1	27.461088286418	39.960280218183	1	1	1	24.5308828400859	1	1	23.862959198468	1	1	1	1	1	21.4974565928723	1	1
CXorf36	1	23.7351411231653	1	24.173492324951	1	36.4731125173986	1	1	1	22.9859627969596	1	25.1024405931116	1	1	1	1	94.8522104558135	1	1	1	1
CXorf57	1	1	1	1	1	1	1	1	1	1	1	1	1	1	1	1	1	1	1	1	56.6403626175447
CYB561D1	1	1	1	21.2638010176152	1	1	1	1	1	23.1150039782072	1	1	1	1	1	1	1	1	1	1	1
CYB5D1	1	1	1	1	1	1	29.3850630861043	1	1	1	1	1	27.4289144262425	1	1	23.8734206355995	1	39.7768897733596	1	1	1
CYB5D2	1	19.5989617279703	1	23.152484284061	1	1	1	1	1	35.3121316704442	1	1	1	1	1	1	22.8463365283071	1	1	1	31.8771797302549
CYB5R2	74.8759148016258	1	1	1	1	1	1	1	1	1	1	1	1	1	1	1	1	28.6198560256322	1	1	105.556153045236
CYBB	1	548.526096950318	1	1	198.645500917105	69.2993683517508	608.294888772524	1	1	1	196.269794061302	1	153.496553268995	1	1	646.268704475388	1	1	522.736278728423	297.254352737421	1
CYBRD1	23.0095109185403	43.7356794394047	1	23.3693893069636	1	1	65.9186733138181	1	1	1	1	1	1	1	1	24.4271646200748	166.822973481113	25.564222959149	37.6546841232717	26.7351022283131	1
CYFIP1	45.2589098784022	73.4115403743326	1	1	1	1	173.622726547319	1	1	1	1	1	25.7459914025986	1	1	159.59906973806	52.7444733562391	45.7904991997065	94.1606477148352	93.3081501378947	68.6784365924321
CYFIP2	71.9463258144338	57.962721524179	251.722543170314	524.153577917753	274.921593706677	127.669992034196	1	30.6392851086253	352.543647761223	365.861398927436	263.834113290585	206.568230384084	118.997406955354	299.104680876139	238.932345196176	1	1	21.2719226729963	52.6696941240334	27.4490548113313	1
CYGB	1	1	1	1	1	1	1	1	1	1	1	1	1	1	1	1	174.014406435058	1	1	1	1
CYP1B1	1	167.172152312916	1	1	1	1	75.4419177638466	1	1	1	1	1	1	1	1	95.6578728788549	236.236036684678	1	27.2286846244027	78.0551946713382	1
CYP27A1	1	34.9889275022851	1	1	1	1	169.89746479111	1	1	1	1	1	1	1	1	208.328841980051	28.7650339810147	1	1	24.3005557636847	1
CYP2S1	35.3686189404056	22.9430010018706	1	1	1	1	1	1	1	1	1	1	1	1	1	24.728287755665	1	22.9243680963159	65.1387298470001	45.9092448512869	36.13503234711
CYP3A5	1	66.4611670231806	1	34.774956159561	43.7156714453353	1	1	1	1	26.5858608596246	1	32.2053187871832	48.2607029075838	1	1	1	1	1	1	84.5599714508157	1
CYP4F11	24.5170524596398	1	1	1	1	1	1	1	1	1	1	1	1	1	1	1	1	1	1	1	67.8942783330332
CYP4F3	35.5130258369355	1	1	1	1	478.206917424026	1	1	1	1	1	1	1	1	1	1	1	33.7024967089338	1	1	69.5362495222043
CYR61	1	126.694565759152	1	1	1	1	1	1	1	1	1	1	1	1	1	1	905.166792008857	65.2429881033363	1	92.3996766741917	1
CYTH3	1	1	1	1	1	1	1	1	1	1	1	1	43.1599918953291	1	33.7083927523588	1	43.2133097965774	42.2328560012876	27.8508102889147	26.3788034678413	1
CYTOR	35.4740982016624	19.7656115880588	33.0482591959192	36.7704547503888	1	42.3194859573124	1	94.5769260551217	57.2569182940251	1	1	35.4404626778539	38.7952825299954	110.873291352036	65.6637561886016	18.4784464122186	80.3597781439163	1	22.2503319369516	1	26.5349077312815
DAAM1	32.1658282963479	39.4113835310122	38.465914019499	57.0840988268333	30.8334503786232	1	27.7582628969568	22.8697280592055	38.0365952594436	1	104.566262329953	1	43.7749535213774	73.5119845206801	48.9239430287144	28.9767335658434	97.6591248391104	47.5149204099893	20.8186866504083	71.7836280519732	1
DAB2	1	25.1337873196611	1	42.9195553687941	1	1	444.600800381109	1	1	1	1	1	69.1733199104332	1	1	248.727768998448	75.7065802864216	1	80.2294696836968	46.2694879443046	1
DAGLB	1	33.7727184111322	1	1	1	1	24.6378323024183	1	1	1	1	1	1	1	1	16.6215050831998	1	1	39.2597043365094	26.9274564443111	1
DANCR	108.135367367316	37.6170685157944	70.6143464311258	39.9475837891134	59.3521859537585	1	1	148.80779777994	48.0679495171056	54.0492144007415	72.2628100937025	33.6401351604979	1	26.4509790091906	73.4130048090935	22.2420320473081	50.2187089117892	70.3420572218852	28.041209029099	28.022376871748	59.9534372572273
DAPK1	1	42.6306191134663	1	1	1	1	76.6494359211236	1	1	1	1	1	1	1	1	58.7743340982361	1	42.7577883061642	69.3795332571587	51.8058989708491	23.4597679208845
DAPK3	1	1	1	1	1	1	1	1	1	1	1	39.9940593962761	1	1	1	1	19.0072971902993	1	1	19.7861522636636	1
DAPL1	124.125525110615	1	1	1	1	1	1	1	1	1	1	1	1	1	1	49.273323893587	1	54.5723876988278	1	1	557.157972243979
DAPP1	1	61.2153934016438	27.3343452185365	25.9276282654549	56.1120558775466	126.904973848375	27.8071984734818	46.6896881725081	1	33.7806835176465	86.5882702089104	65.797403425331	28.4061579865836	35.2694285142788	41.7050104891686	21.0456239798853	1	1	59.9389097774289	111.314213818144	1
DARS-AS1	1	25.473416666678	24.481754226053	52.9549305948867	1	29.610630933698	16.9914991001765	1	1	77.5573552114466	1	42.531663334582	22.6927989450264	1	1	19.216967863574	13.962267923276	19.5536662216746	1	1	1
DBF4	51.2700492239369	1	55.8979440367919	35.6312201242893	44.7144555393706	1	1	1	71.7555889996626	35.7568981831476	50.0241931684231	60.5643367796619	31.7603272845637	69.5462657976785	64.1262964480116	21.6891610828011	1	18.8295489893701	27.4238485562454	1	1
DBN1	25.7914579806091	1	1	1	1	1	1	1	1	1	1	80.5697467545025	1	1	1	1	27.1802418739379	22.4465426090585	1	1	1
DBNDD2	27.1365830973538	62.5537979809945	1	1	1	1	84.5651076600539	1	1	1	1	40.2789228833484	31.4694308972384	1	1	72.9050492774031	72.3008337321315	38.9636694668091	136.771992565517	100.164735221947	1
DBR1	25.8726134626966	1	1	1	1	1	1	1	32.4307226890403	1	1	1	1	1	1	17.5469238837501	1	1	1	1	1
DCAF1	31.6632127324773	19.164343681033	33.8696770495048	25.4852428873732	1	1	1	1	32.4931483735001	1	38.4767224591356	24.4117105721271	1	1	51.0042324172344	17.4919370187787	1	17.375018480807	1	19.2371183582219	1
DCAF15	24.3430331815594	18.5616592565908	1	25.9340223191716	1	1	1	1	1	1	1	29.8644977244009	1	1	32.6642774175366	1	1	1	1	1	1
DCAF4	18.5371493849123	1	1	22.7169907794179	1	1	1	1	1	1	1	1	25.9270432221607	1	1	1	1	17.895655598448	1	1	1
DCAKD	41.7182971673322	1	1	1	1	1	1	1	1	1	1	1	1	1	1	1	16.3794838371309	16.9400285045851	1	1	19.537083871315
DCHS1	1	1	1	1	1	1	1	1	1	1	1	1	1	1	1	1	50.5177478478668	1	1	1	1
DCLRE1A	1	1	1	1	1	1	1	1	1	1	1	72.0721424514772	1	1	1	1	1	1	1	1	1
DCLRE1C	1	31.2272519945515	1	75.5208370212552	1	1	1	1	33.9391657579148	55.3461424173206	28.2443492657907	1	1	1	1	1	1	23.5807614522045	21.5707178361927	21.2265065751189	1
DCN	1	1	1	1	1	1	1	1	1	1	1	1	1	1	1	1	4344.19458854327	1	1	109.815864336596	1
DCPS	34.4250230670348	15.7506476031071	1	24.1180727806367	1	1	1	1	1	1	1	19.8494909504751	1	44.0187957348292	1	1	1	18.9151045124268	20.5744768945506	17.4070649164265	23.8931760766948
DCSTAMP	1	1	1	1	1	1	1	1	1	1	1	1	1	1	1	20.6899418287492	1	1	1	1	1
DCTPP1	65.8707568669044	1	1	1	1	1	1	1	1	1	1	1	1	1	1	19.3783722071615	1	20.7627699862419	46.2773698209073	29.2895338961966	1
DCUN1D3	1	44.1526763416973	1	1	1	83.2797640158271	44.6135854171018	1	1	1	1	26.136644928483	81.2233987494695	1	1	52.7276615267924	38.0973087214928	37.2628406188331	32.0112910993214	36.6269907616605	1
DCUN1D5	61.0116156096626	1	1	1	1	1	1	1	1	1	1	37.9910501586141	1	1	1	15.4507009623504	1	26.6867695828436	1	1	85.9331095250372
DDAH1	34.1094608381981	26.8578829900182	1	1	1	1	1	1	1	1	1	1	1	1	1	1	20.4708474143321	18.0122597396043	1	1	1
DDIAS	33.7579542784068	1	1	1	1	1	1	1	1	1	1	1	1	1	1	1	1	1	1	1	1
DDR1	142.805466984463	49.0828655582705	1	1	1	1	1	1	1	1	1	1	1	1	1	57.0373061157019	20.9555590629986	135.592566074114	1	60.712811172464	117.285505411084
DDR2	1	1	1	1	1	1	1	1	1	1	1	1	1	1	1	1	173.707842814539	1	1	1	1
DDX11	21.9442945545125	17.1843747741989	1	25.436612365807	1	1	1	1	1	32.3900065595242	28.0470174564168	52.9579360065638	31.7371870506715	1	1	1	1	1	1	1	1
DDX11-AS1	1	1	1	1	1	1	1	1	1	1	1	1	1	1	1	1	1	1	1	1	46.7596760281222
DDX25	1	1	1	1	1	39.649645178648	1	1	1	1	1	1	1	1	1	1	1	1	1	1	1
DDX28	1	1	1	27.8277715948078	1	1	1	1	1	14.7729194459958	1	1	1	1	1	1	1	1	1	1	1
DDX58	1	1	1	1	1	45.5686161904481	1	1	1	1	1	66.2886285539357	1	1	1	1	1	1	1	1	1
DEF8	29.3887870067962	35.6779903935774	1	1	36.9249331562383	75.7526811144557	27.3856516085051	35.9539631272751	1	17.6005510463045	1	1	1	1	1	33.1862940101426	17.3164737893623	17.6918285730919	20.0750546326637	19.1656801317652	1
DENND1C	1	24.0418567668905	48.3735812623063	81.3054124617791	58.7449475597943	1	16.4930887589456	1	69.6662412979648	53.6839697211847	31.1830122099145	32.2308389951971	1	66.9020955303634	58.4512311349989	1	1	1	19.6530534865149	1	1
DENND2D	26.8627961455278	1	68.4682867840042	245.559844006444	1	1	36.5391992921991	1	89.7837544282244	125.909752850535	29.2635984862407	60.3440059171447	43.3789469639275	49.7400257000993	75.2188231350297	31.5057882731208	1	20.7906116295352	1	1	1
DENND3	1	92.7600699375418	1	81.7757563097076	206.621256645222	326.719277801112	63.7292886736296	34.0013416917673	28.1548638055345	1	153.382821810713	104.322978936451	123.949714738631	30.4975771966082	1	49.0149710996731	1	1	93.9008452553318	78.013011588527	1
DENND5B	1	27.8187755887007	1	24.8666747325501	36.8399671350839	70.8759092450724	26.1174947676444	43.4261800110352	25.5483560657025	1	76.5907422128	1	71.0048300476049	37.5118967634438	26.0502754987955	20.9724664756457	15.496377680116	30.0076666001461	15.8182409870063	34.3626665184372	1
DENND6A	17.2334532613771	28.1422594241912	1	48.6521097731587	1	1	25.1292352778824	1	35.8060413245477	41.1409166892243	1	27.8223349436104	1	1	1	1	1	14.867178457155	19.2756194695951	1	52.8504304876135
DENND6B	1	1	1	1	1	1	1	18.8812147416937	1	1	1	1	1	1	1	1	1	1	1	1	1
DERL3	1	1	1	1	1	1	1	802.384171422452	1	1	37.0484154876585	1	1	1	1	1	33.7261853960244	1	1	1	1
DFFB	1	1	1	1	1	1	1	1	1	19.5956341287064	1	1	1	1	1	1	1	1	1	1	1
DGAT1	1	22.5316451250131	1	1	1	1	1	1	1	1	1	1	1	1	1	17.1816229443558	1	1	20.6382033934877	19.1664861985857	1
DGAT2	1	27.8865532800958	1	1	1	334.907002792446	1	1	1	1	1	1	1	1	1	1	1	1	1	1	1
DGCR8	1	1	1	47.7055985589283	1	1	1	1	1	1	1	1	1	1	1	1	1	1	1	1	1
DGKA	41.668560434673	32.0363371277319	136.118404604142	38.5680221576696	47.6194455252928	1	1	1	89.924403423425	278.917918505451	68.0910905456462	29.9231408531397	28.3061589466964	143.084787909082	155.623340010168	21.2540753078035	26.5427205009636	26.2411623954236	30.7613744308275	38.686008253079	67.8664502689709
DGKB	1	15.8362652898896	1	25.4337113671999	56.0397387438666	1	1	1	1	43.9392900767413	1	36.0886412549874	1	1	1	1	1	15.9020750311979	1	1	1
DGKE	1	1	1	21.1661728186121	1	1	1	1	1	20.8133635424117	1	1	1	54.9951969016718	1	1	1	1	1	1	1
DGKG	1	1	1	1	1	1	1	1	1	1	1	1	1	1	1	1	1	1	1	1	34.3418904486038
DGKQ	1	1	1	39.0125186171179	1	1	1	1	1	1	1	18.7140851068741	1	1	1	1	1	1	1	1	1
DHCR24	106.872089933731	35.9309223985917	1	1	1	1	1	1	1	1	1	1	1	1	1	40.9074154279077	1	81.9384021406685	1	1	102.606095874217
DHCR7	47.0143882517563	1	34.1472480492468	1	1	1	1	1	34.9914663255096	1	1	1	1	1	1	1	1	29.6596453752427	1	1	172.104659421661
DHFR2	38.8466496898506	1	1	30.6390308618981	1	1	1	1	1	24.6482716258988	1	42.0147888609282	1	1	1	1	1	1	1	1	1
DHRS12	1	1	1	1	1	1	1	1	1	23.9012197631995	1	1	27.1366888173846	37.1988304890037	1	1	1	1	1	1	1
DHRS9	1	1	1	1	1	45.1544616405672	43.2361714379946	1	1	1	1	1	35.1262041614907	1	1	20.6895435722831	1	42.3557509903213	51.1020612026507	37.7309758327813	1
DHRSX	1	1	1	1	1	1	20.3414085380965	1	1	1	1	51.1621443852312	1	1	1	17.627430255049	1	1	1	1	33.2121701918367
DHX32	1	16.7441449893621	1	1	1	1	1	1	1	1	1	1	1	1	1	16.843461470852	19.5845563499288	24.697925866571	1	1	96.8602650025348
DHX34	1	1	1	1	1	43.8149348031609	1	1	1	1	1	1	1	1	1	1	1	1	1	1	1
DHX57	25.2970134480265	28.5046679525264	1	24.4741729477341	1	1	1	1	31.1997724250223	29.8639188312938	1	1	1	1	1	1	1	16.2065362319701	1	1	1
DHX58	1	1	1	1	43.8243395816251	1	1	1	1	1	1	1	1	1	1	1	1	1	1	1	1
DIMT1	32.352113742213	15.4859825667986	1	1	1	1	1	1	1	20.8655740892781	29.5426669013819	37.6100732992844	1	1	1	21.4711589614238	21.8049858981851	19.7638359432778	1	1	36.6396925284693
DIO2	1	1	1	1	1	1	1	1	1	1	1	1	1	1	1	1	142.125030965215	1	1	1	1
DIP2C	1	1	1	1	1	1	1	1	1	29.4342513540082	1	1	30.2393921366648	1	1	1	84.5537806309315	67.1238967288244	1	1	1
DIRC2	21.645894954029	27.0314931896672	1	1	61.4421917951368	1	35.3057331715914	1	1	1	1	1	1	1	1	24.88340296249	1	25.1709426317676	19.1520945348297	23.4276896858399	16.9002076650397
DISC1	1	1	1	1	1	1	1	1	1	21.7419954435589	1	1	1	1	1	1	1	1	1	1	1
DIXDC1	18.4819549435659	1	1	1	1	1	1	1	1	1	1	1	1	1	1	21.0089892667683	45.9046903232096	1	1	1	1
DKK3	42.731158001653	1	1	1	1	1	1	1	33.8785817494708	1	1	1	1	1	1	1	207.735322637689	34.3737329137777	1	1	68.5808655901112
DLAT	46.9420967240925	1	1	1	1	1	18.3884366845529	1	1	1	1	1	1	1	1	26.5645929657812	1	20.0477171507709	1	1	1
DLC1	1	49.1854584810211	1	1	1	1	1	1	1	1	1	1	80.0058615947056	1	1	1	173.072130040081	55.1284629428464	1	54.7995212807538	1
DLEU1	1	19.086759295045	1	27.9813984385483	1	44.3373302735818	1	1	1	37.0638171235573	1	1	32.4950023795437	1	27.5706399089674	1	1	24.4528477391549	1	1	1
DLEU2	1	1	1	1	1	1	1	1	1	1	1	1	1	1	42.6923700062835	1	1	1	1	1	1
DLG3	33.4038317500519	1	1	1	1	1	1	1	1	1	1	1	1	33.1206447654063	1	1	1	17.021061447249	1	1	30.1379667609596
DLG4	1	24.0478124029727	1	1	1	1	1	1	1	1	1	1	1	1	1	1	1	1	1	23.6024363971862	1
DLG5	73.2273959758203	1	1	57.1551446566927	1	1	1	1	1	1	1	24.4676162234273	1	1	1	1	29.1930716197019	54.7748001494401	1	1	37.9236132726817
DLG5-AS1	1	1	1	1	1	1	1	1	1	1	1	1	1	1	1	1	1	1	1	1	30.185831620551
DLGAP1-AS1	1	1	1	27.3445224161851	29.3288463826548	34.357842694256	1	1	1	1	1	1	1	35.8357252240701	1	1	1	14.8446977653434	1	1	1
DLGAP5	40.0207079208904	1	1	1	1	1	1	1	1	1	1	1	1	1	1	1	1	1	1	1	1
DLL3	1	1	1	1	1	1	1	1	1	1	1	1	1	1	1	1	1	25.3623870253789	1	1	1
DLX5	46.3315336655561	1	1	1	1	1	1	1	1	1	1	1	1	1	1	1	1	25.6601062850548	1	1	53.9035353714804
DLX6-AS1	1	1	1	1	1	1	1	1	1	1	1	1	1	1	1	1	1	1	1	1	33.0734945911739
DMRT2	60.5621666713875	1	1	1	1	1	1	1	1	1	1	1	1	1	1	1	1	1	1	1	65.0273653938799
DMWD	1	1	1	27.2040971763082	1	1	1	1	1	1	1	1	1	28.1441465003573	1	1	42.0777825647863	20.1082474232634	1	1	1
DMXL1	1	20.3503984000746	1	1	48.6834738980241	1	23.1142269302386	1	1	1	38.5616387333247	1	45.0211874750505	1	1	21.8250111837083	1	17.7928721658675	19.0540016545464	19.9220356577006	21.6056648188354
DMXL2	1	76.9324845240803	1	1	1	72.9634824828721	103.826898106987	1	1	1	1	1	33.9683653945167	1	1	89.1666437460901	1	16.9336616658358	24.3346927537806	45.4865610407273	1
DNAAF1	1	22.2560003409293	1	1	1	1	21.9930382219892	254.160117948534	1	28.227040943919	1	1	1	1	1	18.2215475843887	1	1	1	38.0031866547368	1
DNAAF2	1	1	1	1	1	1	1	1	1	1	1	36.5048554299198	1	1	1	1	1	32.2406567895686	1	1	1
DNAH14	29.0070357193189	1	1	1	1	1	1	1	1	1	1	1	1	1	1	1	1	19.5951144226009	1	1	79.3917954007153
DNAH17	1	1	1	1	1	1	1	1	1	1	1	1	19.5174025573374	1	1	1	1	1	1	1	1
DNAH2	1	20.2241857830105	1	1	31.6436260006642	35.5736907693893	1	1	1	1	1	43.7765703961114	1	1	1	1	1	1	1	1	1
DNAH6	1	1	1	25.5505769855958	1	1	15.8867501690944	1	1	1	1	1	1	1	1	1	1	1	1	1	1
DNAJA4	42.336591747467	48.07685442589	38.0817067194539	1	1	1	137.960539296926	1	44.0574951471474	1	1	70.1217928155654	230.284180425018	26.0790922270648	107.159666577806	104.582911409372	72.6845685788709	120.521076673222	50.6504651772083	125.302100281822	15.1145311526822
DNAJB9	24.3407395645949	74.5854219649042	206.356071328583	49.3859656678093	92.9669777295475	48.4964424575918	71.8399906579071	440.353219863678	154.481632803795	1	88.5683430015179	58.4115922069307	224.389768711945	120.631608167202	143.891001992783	72.6191998439251	56.5290602620111	179.651962102848	110.338490502392	94.2572948310144	1
DNAJC1	29.5816142060711	39.0270950610162	41.6535589302892	76.962638163872	1	1	35.1549277476404	114.261563669155	68.4860110081707	21.4538073372782	1	69.6979244440775	23.67835257844	65.0598622724563	39.7399956986538	30.7552439644599	48.4698084674778	36.0529296314961	36.3488395789133	40.4392351516744	28.3339430640677
DNAJC16	1	17.174146792045	1	23.841349689839	40.389190950043	1	19.480974618676	1	1	23.33802314552	1	1	1	1	1	19.2177228239872	20.3648529074504	15.8361597474311	1	20.3670975943868	1
DNAJC18	1	26.0266047509007	1	1	1	1	1	1	1	1	1	1	29.560600592153	1	1	1	32.4222199040624	18.8569599280602	1	21.391917841771	1
DNAJC22	1	31.3551351875619	1	27.4459882237969	1	58.7458917966696	17.7064673913862	1	1	1	1	95.2112994435155	27.6125736477528	1	1	1	20.532846506563	17.8707534161455	1	21.5542261751982	1
DNAJC27	1	1	1	1	1	1	1	1	1	1	1	17.4740796515134	1	1	32.8643166876962	1	1	1	1	1	1
DNAJC30	32.31017218322	1	1	1	1	1	1	1	1	24.5094259433157	1	1	1	1	1	1	1	1	1	1	1
DNAJC4	1	30.2666566231385	1	1	39.4060649682871	1	21.0505238246393	57.7023891977259	1	27.1312933722552	34.9997884798216	1	1	1	1	1	18.9302729062907	1	26.4646919062253	27.5977864007101	1
DNAJC5B	1	20.7457194718209	1	1	1	49.6956883127513	33.4986587040334	1	1	1	1	1	1	1	1	20.658147880581	1	1	1	1	1
DNAL4	20.9256754396015	1	1	23.8161315579927	1	1	1	1	1	1	1	1	1	1	1	1	23.9275326295662	18.3519293509457	1	1	61.6660981723121
DNASE1L3	1	1	1	1	1	1	1	1	1	1	1	1	1	1	1	1	1	1	50.7590011283123	25.6409676330838	1
DNHD1	1	1	1	1	1	1	1	1	1	29.5195079911548	1	1	1	1	1	1	1	1	1	1	1
DNMBP	1	16.5573594962755	1	1	1	1	1	1	1	1	1	1	1	1	1	1	1	1	1	1	1
DNMBP-AS1	1	17.8292051722328	1	21.1430017785584	1	36.5023053112538	1	1	1	24.5396588612702	1	47.4033299825774	1	1	1	1	1	22.8828206154796	1	1	1
DOC2B	53.0556348372243	1	1	1	19.7969506166772	1	1	1	1	1	1	1	1	1	1	1	28.976959866625	21.5960684571953	1	1	61.8411837079532
DOCK1	1	1	1	1	1	1	1	1	1	1	1	1	1	1	1	1	1	28.1599195962981	1	1	1
DOCK10	1	57.4083391881715	132.761391006763	120.559985691695	42.7655689132902	1	61.3894762191373	1	110.931794437132	76.9866529745087	93.6794871545705	102.271722880615	77.5853339043167	141.717131905247	112.552334146982	64.9218301819984	1	51.1932546362547	128.37432254821	103.905030501042	1
DOCK5	1	55.1998456526008	1	41.3219206683824	27.7347375439257	235.164672702971	24.3576437273909	1	1	1	1	31.1756474426924	33.9359806139629	1	1	26.7171461096017	24.3076529819066	34.9139512707864	42.0106084369741	39.1991551944518	1
DOCK9	29.4422728519373	26.3636309984499	54.8378621588481	29.2884462589602	1	1	1	1	36.9424636781955	50.4751892663269	1	36.173490339138	1	1	39.0421507278309	1	121.009433075733	37.623436966868	1	53.1589223236604	1
DOK1	1	34.3179572168227	1	1	1	33.5596205896504	31.8060099527214	1	1	1	1	27.8929259325712	1	1	1	25.154193496009	1	1	57.8754390254117	19.5115146260834	1
DOK2	1	60.8297815101642	51.814498494121	168.489183934437	1	1	49.3833622175637	1	70.6579923137628	43.8334848278754	1	156.714684071728	1	82.5058758391514	76.8535293688419	45.0190354203496	1	1	48.5032512193009	31.1894246718532	1
DOK3	1	76.9376775895942	1	1	1	424.473916546851	51.6612557096826	1	1	1	35.7896215521202	1	49.8252707321811	1	1	63.3613669422932	1	19.7186495831965	30.568523301347	25.5317677675229	1
DOK6	1	1	1	1	1	1	1	1	1	18.4730089240386	1	1	1	1	1	1	1	1	1	1	1
DOLK	1	1	1	1	1	1	1	1	1	1	1	1	1	1	1	1	1	1	1	1	61.2586505726727
DOPEY1	1	1	1	27.8538352816583	1	1	1	1	1	1	1	33.8284937589899	1	1	1	1	1	1	1	1	1
DPAGT1	1	19.4443384628091	1	1	1	1	24.0934985101867	28.3500575967185	1	1	1	1	1	1	25.3652976851855	26.2149544610686	26.8256358920717	22.6322791384766	27.6288001764098	1	15.4864924764262
DPCR1	1	837.968879880836	1	1	1	1	1	1	1	1	1	1	1	1	1	1	1	1	1	821.945073369578	1
DPEP2	1	36.9915454666899	1	35.4696303301099	1	172.393331464961	47.134238575828	1	1	1	1	1	1	1	1	17.9790086978388	1	1	1	1	1
DPF3	1	1	1	1	1	1	1	1	1	1	1	64.2681332722746	1	1	1	1	1	1	1	1	1
DPH2	55.9940322491222	1	1	1	1	1	1	1	1	1	1	74.2432072698992	1	43.5953263109244	1	26.9368344166917	1	28.6922809933605	1	1	112.139000340696
DPH5	45.7286594229298	1	1	29.3247694676359	32.2108674223462	1	1	1	1	65.7759717632608	1	1	19.9467253881647	1	1	1	1	1	1	1	1
DPH7	1	1	1	1	1	1	1	1	1	17.8147339209528	1	33.1064265732964	1	1	1	1	1	1	1	1	1
DPM2	43.7878850611323	19.9799799513105	1	27.6663176777654	1	1	15.2610875573407	23.1318617286982	1	1	1	1	1	1	1	19.8165390774407	1	18.039741296818	1	1	1
DPP4	1	1	55.0210527408807	1	1	1	30.4142621684582	1	1	40.0957724338479	1	1	1	1	1	1	27.586470612763	24.1548942780946	1	48.8417875699898	1
DPP7	28.4139204588577	37.309223267119	33.1467558195689	34.0811326693322	1	1	71.5654772694559	49.5475023141606	25.6355322526163	44.7452094932328	1	1	1	46.3041327514394	38.0858701639398	58.4348405898685	33.9074998069407	16.8023239199717	31.5509350098914	27.05927847419	1
DPT	1	1	1	1	1	1	1	1	1	1	1	1	1	1	1	1	125.814641550626	1	1	1	1
DPYD	1	88.2042285372184	1	30.875751290436	1	34.2963041918451	59.0023963962623	1	1	22.0617232897897	1	1	1	28.2960728035845	1	40.7495757090211	1	1	40.9665655807367	35.4847142179056	1
DPYSL2	47.2160411207611	155.087398108755	1	38.9371834819622	1	1	161.086675255009	1	1	1	1	60.049161162486	102.524344287279	48.4988579824762	44.3439364833734	105.289329678816	250.363350792229	53.0432450602228	246.82073791447	193.495453718925	31.3583857536913
DPYSL3	92.4143105135162	1	1	1	1	1	1	1	1	1	1	1	1	1	1	1	280.466065982556	99.291966412281	1	33.9971122488734	51.723001095862
DRAM1	1	60.863616691545	1	1	1	1	69.4611529011567	31.2615563674891	1	1	1	1	65.6148189023866	1	1	78.7227391528508	56.7367930431156	66.7327835609743	19.3139394916597	68.5866686382588	1
DRAXIN	1	19.3753923526363	1	49.4831651340062	1	58.4953509295113	1	1	30.0827736669119	1	1	37.2018359663204	21.0987110090347	1	1	1	1	1	1	1	1
DSC2	79.3115632376237	51.1356148526569	1	1	1	90.6811679398891	64.1904673951063	1	1	1	1	1	1	1	1	72.708244152037	1	53.2895833226007	28.741151835486	76.8808834346507	177.354723317693
DSC3	100.664890066565	1	1	1	1	1	1	1	1	1	1	1	1	1	1	1	1	75.4251809823834	1	1	64.3041366843417
DSE	1	86.9250258579486	1	1	1	49.373037026557	99.0712153676464	1	1	1	1	1	62.8192125575866	1	1	114.35315021335	48.9070481125852	1	128.590382617733	110.024071803405	1
DSG3	87.6852014957966	1	1	1	1	1	1	1	1	1	1	1	1	1	1	1	1	48.8359097515106	1	1	95.0842123064224
DSN1	35.1821688844592	1	1	1	1	1	1	1	1	1	1	19.1054243273105	1	1	1	1	1	1	1	1	1
DSP	405.829493632389	103.252362128709	1	1	1	1	1	1	1	1	1	1	1	1	1	155.145347947223	1	469.098340406504	1	114.343953240336	331.328516333567
DST	225.100313313982	58.5728954958714	1	1	1	1	61.6493513333676	1	1	1	1	1	29.3579027858486	1	1	116.654876404262	102.281914935225	243.577216397776	49.785122892185	74.194029654686	388.766569072101
DTHD1	1	1	1	35.709323129724	1	1	1	1	1	1	1	1	1	1	1	1	1	1	1	1	1
DTL	41.7997899009609	1	1	1	1	1	1	1	1	1	1	1	1	1	1	1	1	1	1	1	1
DTX2	24.9393350577256	23.4535161689655	1	1	1	32.7925132646492	33.290112674817	1	1	1	1	1	43.4382596670498	35.4702206935372	1	34.3491664653859	1	1	1	22.8563537146656	1
DTX3	53.7658224827595	1	1	73.9487791842373	1	1	1	90.4816437171521	31.1641745142054	1	1	52.0342401536884	1	34.5415445693225	40.6629964946199	1	25.521311127267	29.0368077086341	1	1	43.0019758292368
DUS2	1	1	1	1	1	1	1	1	1	23.7881109093617	1	1	1	1	1	1	1	1	1	1	1
DUSP14	70.6389017332887	1	1	33.9754507582508	1	1	1	1	1	1	1	1	34.8104166997546	1	1	23.9767834708745	29.9197069429927	99.5698853229065	1	25.1509733694166	99.9943282261226
DUSP16	66.2081035928734	22.599689671343	229.137290751245	1	1	1	30.860527161213	1	120.920572925923	57.6368719744743	1	200.129729145013	56.1893382335885	593.85991211617	243.110571454477	19.5815045333587	84.3521222247121	39.1776166427207	30.1533403954464	41.3225848258992	1
DUSP3	65.1724948606108	83.0278093801277	1	1	25.1858516559493	1	158.373204084857	1	1	1	1	43.9406736436418	62.1175427338522	1	1	129.806261105401	55.1818688773433	96.5455486015579	121.552815549154	95.2369037399967	71.7979800574927
DUSP4	788.714667910216	295.892281579693	1268.50926188256	128.106592349905	91.0172516588909	1	156.981645118806	207.363497888048	1414.53817053369	1	545.243059021182	1570.16578727413	497.852790071925	3850.74566836981	3395.89560200031	347.542853448171	57.6733489383757	261.303614164706	601.462299592237	1118.92954766495	1
DUSP5	49.2392048956984	63.9647562447642	189.280547735213	1	160.779435621078	1	45.2399786872826	675.929496893114	142.782725986427	1	71.7394578334306	185.044931078708	354.498371739609	204.521123960049	271.00348397509	68.8883809615812	80.3085642249688	86.4664684499657	149.868791045529	358.069751874128	1
DUSP6	80.3431079661319	343.195993026768	1	33.7001985304998	1	178.728952681089	35.5197060214361	1	1	1	1	83.6021587881981	325.72151154731	1	65.8656276258326	80.8749630526262	152.816014530281	594.581741184601	25.130834550063	165.706221730945	1
DUSP7	49.6640333859874	41.3208870670994	51.3883587182895	38.7596671507238	1	1	1	1	51.7543507021734	47.4231170790303	1	81.6954488906547	1	1	37.0477638340171	24.2743286472291	44.7064738878766	33.3215992000553	20.0592955494867	43.2403980119855	1
DUSP8	32.5465735217158	19.8905893475662	66.1241635601641	1	1	1	1	1	82.0457675614511	1	36.6477660701756	39.9670100764106	50.9426248851432	51.4621854690872	62.1865308689037	1	1	42.4422590767285	1	43.9628807029228	1
DVL1	23.2588746291784	33.4379165364059	1	1	1	1	1	21.2789016348222	1	1	1	18.9622987896895	1	1	1	27.1936736405985	77.769529951908	33.585047985475	1	25.703276274509	22.1507745682035
DVL2	49.9906491937829	1	1	26.5094156912851	1	1	1	1	1	19.6829963877889	1	1	1	1	34.5489674890483	23.4513212333468	27.7573581600593	32.8422232762917	1	1	40.0319883450918
DWORF	1	14.7570625954204	1	1	1	1	1	1	1	17.9100017244885	1	61.326670762273	1	1	1	1	1	1	1	1	1
DXO	1	1	1	1	56.0805550267187	1	1	1	1	1	1	1	1	1	1	1	1	1	1	1	1
DYNAP	1	1	1	1	1	1	1	1	1	22.1913121183689	1	1	1	1	1	1	1	1	1	1	1
DYNC1I1	1	1	1	1	1	1	1	1	1	1	1	1	1	1	1	1	1	1	1	1	32.9478837652558
DYRK2	22.0374942078212	17.4381299697409	49.1221920330177	93.7764389252434	1	1	17.3262901612618	1	67.8257456999729	81.911169922478	1	1	21.8452669087523	1	41.4524283725032	18.2660314629962	28.0891333477022	26.7812596002756	1	1	1
DYSF	1	43.078744336542	1	1	1	207.693331822442	46.1941655709456	1	1	1	1	1	1	1	1	31.3821217542597	1	1	1	1	1
DZIP1	17.0375595830084	1	1	1	1	1	1	1	1	1	1	1	1	1	1	1	20.0095440212714	1	1	1	44.9497781650038
DZIP3	1	1	1	1	1	1	1	1	28.3819538874104	21.3300755718305	1	1	1	1	1	1	1	1	1	1	1
E2F3	29.4109232807753	35.8475232700853	1	40.9886218521842	1	119.627190169064	22.5789956754777	1	31.4412057225695	1	1	1	1	1	1	29.7802843325064	1	30.0517240086776	1	27.7133449119593	1
E2F5	1	19.7599048121555	1	26.1885739788878	29.9248601177718	28.6002760778409	1	42.1211980870235	1	1	28.9778637204865	27.4313822419473	21.6370982591662	1	1	1	1	32.4517284526327	1	1	1
E2F6	22.6058005986911	20.766436881065	1	1	1	1	20.5458813634745	1	1	1	1	1	1	35.5871695706636	26.66676474976	32.1543623663038	1	30.1918818742339	22.0403855052048	23.4901016187745	1
EAF1-AS1	1	1	1	24.2107287761672	1	1	1	1	1	19.4152115002372	1	1	1	1	1	1	1	1	1	1	1
EAF2	1	1	1	1	49.5859844185965	1	1	29.4075477775071	1	1	1	1	1	1	1	1	1	1	1	1	1
EBAG9	44.8469376816746	30.1196411593634	34.2509060040114	1	49.7424791028714	1	25.3818597741399	45.7880853858167	1	28.8973947839828	32.3069095292272	1	25.3780433527818	29.3334301119859	1	22.4426899376908	21.6433479328668	37.5828254126164	1	1	36.8389080810197
EBF1	1	1	1	1	92.4052884071651	1	1	1	1	1	133.780784612839	1	1	1	1	1	64.2553632716361	1	1	1	1
EBI3	1	1	1	1	1	1	1	1	1	1	1	1	1	1	1	1	1	1	1	37.7752299338662	1
EBLN2	1	1	1	1	1	1	1	1	1	1	1	1	21.7071929765957	1	1	1	1	1	1	1	1
EBNA1BP2	145.079930465322	22.0505478231702	1	30.1163744317861	1	1	18.1290464126941	1	1	1	1	1	1	1	1	34.5441931469531	16.7340130507427	36.8122831190524	26.5297076186226	1	175.229578306309
EBPL	55.8293342318203	25.8410096747515	27.1002955264686	1	1	1	1	1	1	37.7412830683344	1	1	23.5421912566896	1	1	19.6248578904315	43.7574500665096	29.0022952146844	18.5745769019375	1	89.8747014582793
ECD	28.1097692565669	16.0657082255485	1	1	1	1	1	1	1	24.420387717245	24.9763882057395	1	21.3778319080437	34.2976879957281	1	15.2307069394009	1	34.9854755009436	16.5635467693667	1	1
ECE2	33.1332417863697	1	1	1	1	1	1	1	1	1	1	1	1	1	1	1	1	1	1	1	39.9142498819763
ECI2	66.1562057992108	16.3068160909635	1	37.313480353068	1	1	1	1	23.5350559413378	46.8551509059141	1	31.6751668427971	1	1	1	16.1613555029846	14.4243743843618	1	1	1	1
ECM1	1	1	1	1	1	1	19.4584572235637	1	1	1	1	1	1	1	1	18.6217263519745	58.3346573516887	1	1	1	1
ECM2	1	1	1	1	1	1	1	1	1	1	1	1	1	1	1	1	96.7642778360646	1	1	1	1
ECSCR	1	1	1	1	1	1	1	1	1	1	1	1	1	1	1	1	81.177275714171	1	1	1	1
ECT2	141.84066323158	1	1	1	1	1	14.0546979859327	1	1	1	1	21.9817024141602	1	1	1	18.8289702326464	1	27.2276592505582	1	1	77.4689816605185
EDA	1	1	1	1	1	1	1	1	1	19.7891866122253	1	1	1	1	1	1	1	1	1	1	1
EDARADD	19.3160810527621	1	1	1	1	1	1	1	1	1	1	1	1	1	1	1	1	23.8280027511977	1	1	1
EDEM2	1	15.6523258842025	1	1	1	1	29.7974938473343	35.4021914409728	1	1	1	1	1	1	1	32.1740122470989	1	1	1	1	1
EDIL3	1	1	1	1	1	1	1	1	1	1	1	1	1	1	1	1	88.7248552005583	17.5753560890969	1	1	32.8882531308213
EDN1	37.733453513684	1	1	1	1	1	1	1	1	1	1	1	1	1	1	1	212.753557632122	47.1898322301517	1	72.4723688636673	1
EDNRA	1	1	1	1	1	1	1	1	1	1	1	1	1	1	1	1	88.2766851452305	1	1	1	1
EDNRB	1	1	1	1	1	1	1	1	1	1	1	1	1	1	1	1	98.8897571444013	1	1	84.2328515387087	1
EDRF1	1	1	1	41.4740044901462	1	1	1	1	1	39.8066781425361	1	35.0351441227381	1	1	1	1	1	1	1	1	1
EED	30.16916962468	1	1	1	1	1	1	1	1	22.4350986394168	1	1	1	62.8364087923962	26.3690209510804	1	1	1	28.5322803130042	1	1
EEF1G	25.6712242326855	1	1	1	55.7789151131814	1	1	1	1	1	1	1	1	1	1	1	1	1	1	1	1
EEFSEC	20.4468750721485	1	1	1	1	1	1	1	1	1	1	40.3407133199421	1	1	1	1	1	1	1	1	1
EEPD1	1	1	1	1	1	1	25.3395305736721	1	1	1	1	1	1	1	1	22.885930932899	1	1	1	1	1
EFCAB2	1	1	1	1	1	1	1	1	1	1	1	1	1	1	1	1	15.3265209029124	1	1	1	44.3438728650935
EFEMP1	1	1	1	1	1	1	1	1	1	1	1	1	1	1	1	1	218.905239632748	1	1	1	1
EFEMP2	1	1	1	1	1	1	1	1	1	1	1	1	1	1	1	1	142.33665718099	1	1	1	1
EFNA1	151.63985031055	74.9072915822825	1	1	1	1	1	1	1	1	1	1	1	1	1	63.6877366265209	55.2108329713961	415.822936183909	1	120.382836338681	147.315145662569
EFNA5	1	1	1	1	1	1	1	1	1	1	1	1	1	1	1	1	1	27.6813975039542	1	1	1
EFNB1	39.5101062380112	1	1	1	1	1	1	1	1	1	1	1	1	1	1	1	1	25.00171206276	1	56.1927988673394	42.5096425714077
EFNB2	40.9984587532701	31.5790346040521	1	1	1	1	1	1	1	1	1	1	73.1903105383355	1	1	1	86.1230375770429	58.7325390591988	1	78.3697379756777	207.949889618825
EGF	1	1	1	1	1	1	1	87.0013866669779	1	1	1	1	1	1	1	1	1	1	1	1	1
EGFL6	1	1	1	1	1	1	1	1	1	1	1	1	1	1	1	1	221.890121501494	1	1	1	1
EGFL7	1	1	1	1	1	1	1	1	1	1	1	1	1	1	1	1	59.69357477189	1	1	1	1
EGFL8	1	1	1	1	1	1	1	1	1	1	1	56.9615707186435	1	1	1	1	68.4889776754194	1	1	1	1
EGFR	71.7196989654874	27.8938772510225	1	1	1	1	1	1	1	1	1	1	1	1	1	1	34.9296769883362	52.4442011298294	1	50.8480033897533	120.73428139419
EGLN3	28.980166428626	1	1	1	1	1	1	1	1	1	1	1	68.4416831396754	1	1	1	35.2062291122277	70.2813205412466	1	1	37.8926988276244
EGR1	435.834196340463	640.486763023006	51.915125839626	1	1	639.791209596391	900.9367917228	156.070665135761	90.2023533656749	1	83.7989791355593	337.720818198555	1891.85714958149	57.5015880870252	333.92801454922	393.21899793811	1687.05073146247	1512.08699267559	109.640603591583	315.740899247427	117.512941893664
EGR2	41.4759528836368	1	1	1	1	1	75.1695776349102	1	1	1	1	1	77.8240169977814	1	51.325108855076	41.1138059983949	20.7636130673766	63.866248262887	46.3548075032411	38.3432164744696	1
EGR3	39.4469766713445	38.7057816030354	1	1	47.5941569896808	128.963944743517	45.6924481518461	1	1	1	106.052743324667	117.264016519241	399.837742411006	1	66.062792034613	32.0580504632136	161.858463162068	391.29922407899	71.3897123460206	72.7850780296125	1
EHD2	1	1	1	1	1	1	1	1	1	1	1	1	1	1	1	1	116.302039778175	1	1	1	1
EHF	30.9616171025204	1	1	1	1	1	1	1	1	1	1	1	1	1	1	1	1	33.3790522535638	1	1	24.0904559130504
EID2B	1	25.2153370204338	1	40.8341940862559	1	63.3180998815277	1	1	1	25.8809488138675	1	55.099324376704	1	1	1	1	1	15.2632499927437	1	1	1
EIF1AD	38.2118556228051	14.5354435067775	1	23.9909847671742	93.3769844207177	1	1	1	1	20.9799510654623	31.6630694146822	1	1	24.4440673788291	1	15.8811408243242	1	19.4005334818357	1	1	22.4513821849726
EIF1AY	28.0741082503801	20.6421155678844	30.1843424691799	29.5112914566374	1	1	1	23.4526492108439	54.8085428828065	46.0151656766131	1	1	1	45.1965917446341	44.3065074152489	1	1	1	1	1	1
EIF2AK3	18.3244780221325	22.9492932117524	1	1	93.5291137547815	1	32.3801317247361	102.63624174584	1	1	49.0857949420035	41.3464785727971	24.3916393998736	1	1	33.5080785518997	35.9100510849762	38.9017977705572	28.9461995481482	33.9476465459556	30.4775100796726
EIF2AK4	43.2181652088856	40.3595511129921	1	31.2390291786544	43.2387831323645	1	44.9714469801006	70.1806026679884	1	1	1	1	41.2167721917308	49.069544383191	26.7001329915616	38.2601263735881	1	40.2542533936281	34.058854375551	45.1166601403559	37.5765163557129
EIF4E3	14.5108343509161	39.7090954813918	44.2495197429072	42.2594339658931	1	94.0108528060782	1	1	52.0764145439116	57.4650234057188	1	33.3682121951902	1	67.2377469744248	35.9490483514411	1	28.5978744986297	1	1	1	1
EIF4EBP1	157.897451956133	39.7037941986417	1	1	1	1	63.0976307928534	1	1	1	1	1	1	1	1	78.5831071094703	23.0925071181446	37.8604410866946	67.4531130200658	28.6603539572905	75.4024364524201
EIF5A2	42.8369608185539	1	1	38.6362884397942	1	1	1	1	1	1	1	1	1	1	1	1	14.7034616194839	16.1888777969873	1	1	57.0996366277193
ELAC1	1	1	1	1	1	1	1	1	1	1	1	39.9913408431957	1	1	1	1	1	1	1	1	1
ELAVL4	1	15.5769552204663	1	1	1	1	1	1	1	16.0527652880441	1	1	1	1	1	1	1	1	28.8529398367255	20.0014523895273	1
ELF3	99.5954999298338	220.800944035252	1	1	1	34.4699146963244	1	1	1	1	1	1	52.7917818311459	1	1	50.6068401520846	1	326.147160974131	1	264.985325374095	39.0006452849844
ELMO2	17.6162022439024	25.1042624531339	28.6180572456842	53.1924919090793	1	1	18.0146746707519	1	49.2176021705894	27.6222370481059	1	1	1	30.6980045975938	42.0951543491872	24.7698247102792	1	25.9590493504409	1	1	20.1455257029062
ELN	1	20.63270945703	1	1	1	1	1	1	1	22.7049973486253	1	1	1	1	1	1	198.251759752238	26.5206704926298	1	1	1
ELOF1	52.0287349824799	27.9835544629089	1	24.6037987744731	1	1	18.7745060211304	1	1	1	1	1	1	1	39.8883428410636	20.3344281784341	30.0105460176722	18.5254340735108	19.5130764676769	1	1
ELOVL6	1	1	1	35.6384934972504	1	1	1	1	1	1	1	91.7564953533224	1	1	1	1	1	1	1	1	1
ELOVL7	1	1	1	1	1	1	1	1	1	1	1	1	1	1	1	1	1	33.7791297158046	1	1	1
ELP3	1	1	1	36.507880542302	1	1	16.5756575618732	1	1	1	25.9676828404448	1	33.7195470718982	1	1	17.6948316467755	1	26.7187463730098	1	24.7507525480269	1
EMB	68.1718876603225	125.778124097123	307.019311822628	192.899690542386	94.563968564182	127.885878879466	65.3377084661876	33.9881036252724	317.225705326435	178.089746013389	110.155558387907	236.305932861251	162.940105994648	198.198917906102	237.184784102361	31.4435253032729	38.3934515109773	1	50.3464802482286	50.2313724313032	1
EMC2	35.585624719787	18.9919992933165	1	1	1	1	16.5494148506981	1	1	1	1	1	48.4505055237018	1	1	19.4001265623625	31.9462444447778	25.394198508017	1	1	23.595849717477
EMC9	37.4149757119228	1	1	1	1	1	1	1	1	1	1	20.6398929215578	1	1	1	1	1	1	1	1	1
EMCN	1	1	1	1	1	1	1	1	1	1	1	1	1	1	1	1	89.3828479704662	1	1	77.6162744404061	1
EMILIN1	1	1	1	1	1	1	1	1	1	1	1	1	1	1	1	1	263.72757053144	1	1	1	1
EMILIN2	1	147.607367576207	1	1	1	1	181.946368272218	1	1	1	1	1	57.9303844449523	1	1	179.467000134091	1	54.1512868202122	144.815215954937	105.961695394248	1
EML3	1	26.6413616643165	35.7457108330676	30.3894481398255	33.3558239804515	1	17.9015456551992	1	30.8349682380248	23.0184552019125	1	44.766251812505	1	48.350320566684	37.7078617524739	17.064883323631	1	1	19.0784077530073	18.8349361867213	1
EMP1	88.2890741678574	74.1880823366325	1	1	1	1	57.5866390967443	1	1	1	1	1	62.283659184356	1	1	152.39677752987	673.005507245386	124.34698575161	28.7983547313079	166.917135564018	256.145688803895
EMX2OS	1	1	1	20.8871319211327	1	31.0158169164422	1	1	1	1	1	1	26.1303707417089	1	1	1	1	1	1	1	1
ENAH	125.648063106763	46.183901031087	1	1	1	1	1	1	1	21.4018475052345	1	1	23.2126311408786	1	1	33.6449487830056	313.178157711239	164.15760225725	1	68.591244996188	40.4164537973365
ENC1	1	26.7828019696849	58.7492039729085	43.1294722172114	1	1	28.5381552045263	27.1890651422413	208.747319482234	1	1	41.6388598413978	64.0347476178134	1	42.0544171061939	1	61.4293020811051	40.7739166810835	1	1	1
ENDOV	1	20.2127963926387	1	28.7306830926281	1	1	1	1	1	1	1	1	25.2889678321258	20.6830418034052	1	1	1	20.8235660860111	1	1	22.2277498133417
ENG	1	71.2531230305179	1	1	1	1	169.084559300445	1	1	1	1	1	35.2216391302751	1	1	139.963802973602	312.759091691323	1	121.121768937723	165.826667447262	1
ENGASE	1	1	1	25.6278114728824	1	1	1	1	1	40.0993431235487	1	1	31.5619378129099	1	1	1	33.3353123178664	25.2212133021534	1	1	1
ENPP2	1	1	1	1	1	1	161.067502793023	1	1	1	1	1	49.4026953586863	1	1	24.9172765058693	106.91116045742	1	60.2537977912136	93.7469210158418	1
ENPP3	1	1	1	1	1	1	1	1	1	1	1	1	1	1	1	1	1	33.7027646811917	1	1	1
ENPP4	1	19.7252671615436	1	84.192057229066	1	1	35.5318890084947	1	1	1	1	1	57.7346497598191	1	1	37.6881035935682	1	42.7469873987503	21.7308836650597	42.1670410290414	1
ENPP5	1	1	1	32.4643638664329	1	1	1	1	1	1	1	1	1	1	1	1	1	1	1	1	1
ENTPD3-AS1	1	16.7073788588561	1	1	38.4868300586976	1	1	1	1	1	1	1	1	1	1	1	1	1	1	1	1
ENTPD5	1	1	1	1	1	1	1	1	1	1	1	33.0348669879104	1	1	1	1	1	1	1	1	1
EOMES	1	1	1	171.705916078105	1	1	1	1	173.93745630259	1	1	39.5358952086138	1	1	1	1	1	1	1	1	1
EPAS1	23.5003248125971	107.917407436573	1	1	1	1	147.056901512436	1	1	1	1	112.975725920915	339.979584733801	86.6758142312623	42.6021811338267	103.488134724455	1133.62733705488	209.135476684064	39.9955844803991	582.554490817698	1
EPB41	26.215568621136	27.3141854255461	133.730336702327	123.027267336896	31.920866194578	110.795705537139	19.7621071902795	25.7050960310982	121.844001249275	75.5538465694834	71.6002303766098	99.8635462101209	87.4858364918091	86.7209066518738	79.7713761375374	1	1	31.6870785065135	21.4041428468302	24.284812950549	1
EPB41L1	26.6787045898033	1	1	1	1	1	14.3102501118353	1	1	1	1	1	36.3591426773952	1	1	21.3568738036911	27.317946595013	57.9444345494988	1	1	15.8176488958626
EPB41L2	101.258500293081	30.0802836954668	1	1	1	1	97.5868487018862	1	1	1	1	37.2460702474291	46.4296213923693	1	1	59.0228247959776	131.042611936551	51.3196837492142	103.312204824249	82.8170897424811	117.731112607111
EPB41L3	1	116.54655501073	1	1	1	1	149.379937808739	1	1	1	1	1	1	1	1	131.436777947174	45.6848949000562	1	88.3909935195051	110.532815843889	1
EPB42	1	1	1	1	1	37.4368483428962	1	1	1	1	1	29.2829894849167	1	1	1	1	1	1	1	1	1
EPC2	15.8771089041693	17.5857313992913	32.0824165895758	22.6232987201904	46.4405505223984	1	1	1	27.1808477556265	24.1784137555769	1	74.9952768380006	1	34.9341457874549	38.4016247233593	15.3311711751489	1	1	17.833180893514	1	1
EPCAM	198.886565905387	104.781016000408	1	1	1	1	1	1	1	1	1	1	1	1	1	1	1	154.258242797783	1	156.737996256467	274.042885856775
EPHA1	1	1	1	1	1	1	1	1	1	20.8040636462667	1	84.3538009635039	1	1	1	1	1	1	1	1	1
EPHA1-AS1	1	22.5507712719788	1	25.0960989766699	1	31.4179886885949	1	1	1	51.6628066845831	1	1	24.4323975997223	1	1	1	1	25.1813270097775	1	1	1
EPHA2	1	43.7318233445087	1	1	1	1	1	1	1	1	1	1	1	1	1	1	33.6081194029821	46.5445204191234	40.254351842119	67.4592820558931	1
EPHA4	1	1	44.0147960597174	1	1	1	1	1	54.1418826283445	1	1	1	1	1	1	1	1	1	1	1	1
EPHB2	1	1	1	1	1	1	31.8483571119028	1	1	1	1	1	1	1	1	21.131768900901	1	1	1	1	1
EPHB3	1	1	1	1	1	1	1	1	1	1	1	1	1	1	1	1	1	20.0536481478662	33.9974226161859	35.8815417468925	1
EPHB6	1	1	1	1	1	1	1	1	1	23.8319345218529	1	1	1	1	1	1	1	1	1	1	1
EPHX1	92.1214573988726	70.646389850302	1	1	1	1	93.1712777713364	1	1	1	1	1	1	1	1	57.1772971559637	44.8173819506511	98.8144483058578	1	61.4265732147143	154.971529555185
EPHX2	22.6355669738956	1	1	1	1	1	1	1	1	94.1500428279347	1	1	1	64.8376252654347	31.1660481786238	1	1	1	1	1	1
EPN2	43.2115392500596	1	1	1	1	1	1	30.4575110075477	1	1	1	1	1	1	1	1	48.5387848097859	35.8147399358474	1	28.8644656763424	24.1171516519976
EPOP	1	1	1	1	1	1	1	1	1	1	1	1	1	27.1938086636414	1	1	1	1	27.8211510788089	44.9732832425374	1
EPOR	1	1	1	1	1	1	1	1	1	1	1	27.0272880956383	1	1	1	1	1	1	1	1	1
EPS8	44.6933828585973	50.104393206711	1	1	1	1	1	1	1	1	1	1	1	1	1	25.0365486676991	48.2556935670925	38.4835376899771	1	47.9812278349426	79.7129051731869
EPS8L1	1	1	1	1	1	1	1	1	1	1	1	1	1	1	1	1	1	1	1	35.3957248137485	1
EPS8L2	22.6993511701705	1	1	1	1	1	1	1	1	1	1	1	1	1	1	1	1	1	1	27.0667673709827	23.9756127430174
ERAL1	28.8683360052498	1	1	1	1	1	1	1	1	1	1	24.6253525904771	1	1	1	14.6957195474997	1	1	19.8604108976088	1	1
ERC2	1	1	1	1	1	1	1	1	1	1	1	1	1	1	1	1	1	1	1	1	32.1574660011939
ERCC6	1	1	1	28.7693061406459	1	1	1	1	1	1	1	19.4294052969706	1	1	1	1	1	1	1	1	1
ERCC8	1	1	1	1	1	1	21.89874942867	1	1	1	1	1	1	1	1	1	1	1	1	1	23.7397704302307
ERG	1	1	1	1	1	1	1	1	1	1	1	1	1	1	1	1	112.539663298835	37.0353288918717	1	1	1
ERG28	58.5593845640424	1	1	22.3037263050231	1	1	1	1	1	27.8061493709637	1	1	1	30.0031044649593	1	1	1	26.3077492499288	1	1	71.2476835347987
ERI1	1	19.5029011764004	1	1	1	1	23.7794853066027	1	1	1	1	1	1	44.0550270720889	1	26.4684014943671	1	16.6483644199668	20.4616344887421	1	1
ERI2	1	1	1	1	1	1	1	1	1	1	1	1	1	1	1	1	1	1	1	1	89.4571740676818
ERLEC1	41.636377364493	33.1124717136714	1	50.2056167522384	1	1	37.1585061660373	181.166849120458	40.375122761604	1	1	37.0540854802764	33.4354530909577	1	39.2881610585344	37.9952451062568	65.3193388974104	68.4838751500863	23.539530571761	39.7347586042345	84.4605439263171
ERLIN1	29.4568125192068	23.8227440382625	1	1	1	1	27.1599084498278	1	1	1	1	1	1	1	1	31.3008750010206	1	14.4136983752425	1	1	1
ERMARD	1	1	1	1	1	1	1	1	1	1	1	25.1340147194039	1	1	1	1	1	1	1	1	36.3160096179498
ERMP1	24.3099349178694	1	1	42.0004697511788	1	1	1	1	1	1	1	35.1492780271632	1	1	1	16.6869907465773	1	31.492668081377	1	1	1
ERN1	15.2807847143857	55.5378510153713	137.9421419226	124.018427336316	1	70.9252532673141	58.8892281430819	140.540126163338	113.129068306856	37.2834186622107	1	69.6944334153678	198.639009934097	69.9158862434012	66.7480005582073	57.2373519657511	18.6825700009897	40.4732592333789	44.0564538364244	75.7960202298071	1
ERO1B	1	1	1	1	46.9638622062763	1	1	24.7315839206471	36.0343269394667	1	1	58.7092681740025	28.0977038439691	1	35.6192296803435	1	1	37.9624627129097	1	1	1
ERRFI1	50.4134657399806	158.884827195236	1	1	1	1	161.371352610417	1	1	1	1	1	53.9604010309245	43.4058962989263	30.3468474632589	144.567942472501	158.323063261522	194.210861409478	34.4196848496432	134.731283481354	1
ERV3-1	1	16.4068648002239	1	40.1133815485297	67.630931050978	82.6958933972796	1	1	1	29.6219195244246	1	1	1	1	1	17.3892437556362	1	1	1	1	1
ERVK3-1	1	1	1	1	43.0088061941152	1	1	1	1	16.2608593793049	1	1	49.5083959031136	1	1	1	1	17.0761404289395	1	1	1
ERVW-1	1	1	1	1	1	1	24.9650489640846	1	1	18.5713041710449	1	46.4024958203875	1	1	1	1	31.5322863871477	1	1	1	1
ESAM	1	1	1	1	1	1	1	1	1	1	1	1	1	1	1	1	187.669089718256	1	1	71.1646978839793	1
ESCO1	20.2810801783629	1	1	1	1	1	1	1	1	1	1	1	1	34.6486031238769	1	1	1	12.9652431014477	1	1	1
ESF1	37.7143716549468	19.7707020031219	1	21.913264042663	1	1	23.6155762630055	1	1	28.0079176278157	26.1059386720426	1	1	1	1	24.7282433571513	30.084598127174	28.7253202915818	24.1189405280952	1	1
ESPL1	30.1814274640194	1	1	1	1	1	1	1	1	1	1	1	1	1	1	1	1	1	1	1	1
ESR2	1	1	1	21.1910979864497	1	38.7337915247911	1	1	1	1	1	31.8862560396064	27.3518880066234	1	1	1	1	1	1	1	1
ESRG	52.0426290479165	1	1	1	1	1	1	1	1	1	1	1	1	1	1	1	1	1	1	1	34.4298922513105
ESRP1	83.6239321027935	1	1	1	1	1	1	1	1	1	1	1	1	1	1	1	1	52.8129851531446	1	1	76.8625445853385
ESRRG	1	40.4566617829486	1	37.9673947233545	1	148.641830875536	33.3520186251583	1	1	34.3251790287063	1	1	63.9966272122237	1	1	32.6922601264175	1	22.8303579377374	1	1	1
ESS2	1	1	1	1	1	1	1	1	1	29.8306950330576	1	1	1	1	1	1	1	1	1	1	1
ETFRF1	1	16.0060411973433	1	1	1	1	1	1	1	18.248415025199	1	1	1	1	1	17.5167742203819	1	17.9974226348506	25.5373669818971	1	19.1523903329166
ETS1	183.986519852918	41.3430257073558	1299.52982568615	1105.18186849014	382.188357374963	1	28.646491554809	126.001594518973	954.122246608881	994.04812788086	217.511110619765	1030.91425612416	309.391599212366	1596.44305941239	1067.73406139539	23.6998593979321	240.366367133351	38.4395650064339	29.7845437430533	121.057353783811	1
ETV1	14.7911659568768	1	1	1	1	1	1	1	1	1	1	39.1261111379928	1	1	1	1	73.2332352409257	1	1	1	48.4859452706135
ETV5	34.3922411561308	1	1	1	1	1	36.5642758561848	1	1	1	1	1	1	1	1	27.4956180325007	1	36.5059833546058	66.2107371749199	22.7689113940994	34.6974623175787
ETV7	1	1	1	1	1	1	1	1	1	1	1	1	1	35.4660364466937	1	1	1	1	1	1	1
EVA1B	1	18.8948337391496	1	1	1	1	38.9846977339979	1	1	1	1	1	1	39.9159651154415	1	20.5242594382797	57.3034472952273	23.6592044744565	1	41.5006905576536	27.3694845095678
EVC2	1	1	1	1	1	1	1	1	1	1	1	52.1659239491664	1	1	1	1	1	1	1	1	1
EVPL	20.6867943076814	1	1	1	1	1	1	1	1	1	1	1	36.2322025742443	1	1	1	1	24.9333294378668	1	1	16.7842120017344
EXO1	38.3093389940241	1	1	1	1	1	1	1	1	1	1	1	1	1	1	1	1	1	1	1	1
EXOC1	1	28.8124570029624	1	40.5315358886469	1	41.3296097260586	28.7490293084838	1	1	1	1	1	54.6872621276469	34.1689336398076	1	30.4466110626396	1	23.2166595731534	1	38.384686631302	1
EXOC3-AS1	1	24.4755022317097	1	31.3043910983464	50.634358874462	47.8374778971408	1	1	1	24.9274142127018	1	36.524429809802	29.3058553829231	1	1	1	1	22.6612429033566	1	1	26.2825151881291
EXOC3L2	1	1	1	1	1	1	1	1	1	1	1	1	1	1	1	1	40.3101306006144	1	1	1	1
EXOSC2	42.3310214771097	18.0795992227328	1	29.3482169490447	1	1	1	1	1	19.6912128378823	25.2138632038307	1	26.1585330080261	1	1	17.2024647384081	1	1	1	22.4500930900056	8.64765541833443
EXOSC3	40.1638060481049	1	1	26.0657352308067	1	1	1	1	31.5451798505106	1	28.5107906070933	1	1	1	1	21.6230461674782	1	26.812429436533	1	1	140.177362889194
EXOSC4	58.4537341188681	1	1	1	1	1	1	1	1	1	1	1	1	1	1	23.2858493669291	18.5856755964692	26.7501266231587	1	1	94.7837344051106
EXOSC5	24.3610525385365	1	1	1	1	1	1	1	1	1	1	1	1	1	1	15.1767978042525	1	1	1	1	56.6923306326633
EXOSC7	23.6959978440651	17.8793136288609	1	1	1	1	1	1	1	1	1	1	1	1	1	25.2536001419749	1	22.8621211650268	1	1	1
EXOSC9	60.1459541723542	17.3257804863904	1	47.5946314460497	1	1	1	1	33.3054160899974	1	1	1	1	1	30.6968031963737	1	1	19.8409427621152	18.4893038385264	1	56.2117716849492
EXTL3-AS1	1	20.2715075467086	1	1	1	36.3360143535252	1	1	1	20.0776350470507	1	1	1	1	1	1	1	1	1	1	1
EYA3	1	16.2835581628285	1	26.7502787089384	1	1	1	1	1	1	1	34.231904256237	1	1	1	1	1	1	26.5578745703711	1	1
EZH2	83.5264570905456	1	1	1	1	1	1	1	1	1	1	62.9266415162072	1	1	39.8716192305122	20.1511469949639	1	29.3541848097681	1	26.1530204858596	1
EZR	192.714501524982	236.700788823113	649.643066784525	118.30241284184	820.274008791733	1	116.440396927161	223.361934007344	483.811095733909	56.5148312045933	1030.51138816634	422.563856901793	449.105407914694	489.618021443148	541.080820944383	151.175214752633	56.114421298905	195.625032963171	328.225811397165	318.2546635418	93.4611887036359
F12	15.914019204097	1	1	1	1	1	1	1	1	1	1	1	1	1	1	1	1	1	1	1	41.9600876162364
F13A1	1	140.869701821972	1	1	1	1	709.130856283144	1	1	1	1	1	1	1	1	69.0839653737629	15.6735808672136	1	158.32799287382	91.8869205210952	1
F2R	17.862638314682	25.2890643957945	46.8855679102197	145.358041801093	1	31.1323166309782	1	1	113.760643147288	1	1	32.3068224149163	35.9047716419009	1	46.4623077983305	18.4980907501947	130.430226397581	33.5736546889846	1	1	24.1394496347574
F2RL3	1	1	1	1	1	1	1	1	1	24.5259941790931	1	1	1	1	1	1	37.4327389313217	1	1	1	1
F3	39.8980467816707	62.930417887759	1	1	1	1	1	1	1	1	1	1	1	1	1	1	49.9345092616914	74.2836221248333	1	91.8737931566421	1
F5	1	22.9472984860608	1	1	1	43.9497680255051	1	1	1	35.8467110453781	1	1	1	90.5274054584012	52.102137081393	1	1	1	1	1	1
FABP3	1	1	1	1	1	1	27.8855564847978	1	1	1	1	1	1	1	1	21.3790220074425	1	1	1	1	1
FABP5	289.914341865078	68.6504217060169	40.8763521991284	1	1	1	298.958528310659	1	68.9244896516564	1	48.0894283167394	94.935970153241	34.5251202841453	39.1297469227836	102.729389563944	589.34795468725	27.2434243200382	68.7065499560026	166.104809044962	176.973611168502	123.850350755389
FADD	26.9708292563805	26.8002019402311	30.7742812524804	53.1893505663893	1	46.1830232036796	1	1	31.5744639067817	38.0105164886144	1	127.380758640315	1	55.9380268867987	1	22.0101675034853	16.884310744378	1	1	1	1
FADS2	44.3417588519086	15.572550950235	1	28.8192306955866	1	1	1	1	1	1	1	1	1	1	1	1	24.1925549637708	59.7840310303243	23.1301623720593	1	22.9953133521272
FADS3	1	26.2471219236989	27.5701491571822	21.5415491249139	67.6253564845916	29.7963333183667	19.4048568596336	19.5136188134806	1	1	71.5948814214775	56.7257532913285	37.8872864239686	1	1	30.8210779022461	79.2414284973759	34.147966721098	22.7106002222816	51.9492507017443	22.3126412668669
FAH	36.5060094146761	1	1	1	1	1	44.1430424768171	1	1	1	1	1	1	1	1	41.0521787398039	1	20.0608540936707	25.5413724759835	1	32.1028185922452
FAIM	23.4866062892182	1	1	1	1	1	1	1	1	1	1	1	1	1	1	20.6300024302504	1	22.9867177543544	1	1	1
FAM102A	73.590931617068	27.4423926086578	236.604032781207	1	106.955015959187	1	1	25.990287827435	224.170778617543	203.201677158435	253.589288215345	63.7661754248953	117.704837804585	170.423337024028	184.739373051525	1	44.65758593802	59.9220374550864	1	30.648110753424	69.7209214867011
FAM102B	1	30.82802052397	1	24.9393742254911	1	1	38.4369315419594	1	28.5142122006759	1	1	73.0793003150752	1	1	27.6690800095761	38.782474308696	33.2929282160137	1	52.4362276701184	1	1
FAM104B	42.5139491652544	17.7750368703816	1	1	1	1	1	1	1	1	1	1	1	1	1	19.3207191798801	1	32.7264241920206	1	1	67.4271220090439
FAM105A	1	42.6775209327585	1	25.3335210368274	1	1	52.876086287725	1	39.4398181521985	1	1	36.1072408866596	23.9675199811467	1	25.0780021650443	26.9633188339527	1	17.2690655837624	62.6504288639422	33.320898516205	1
FAM107A	1	1	1	1	1	1	1	1	1	1	1	1	1	1	1	1	485.54451139962	1	1	126.419582596723	1
FAM109A	1	1	1	1	1	1	1	1	1	1	1	1	1	1	1	1	1	1	26.106558508947	1	1
FAM110A	1	23.4202753257319	1	1	1	1	1	1	1	1	1	43.03595441657	1	1	1	1	1	1	35.08601786758	30.0507383556265	1
FAM110C	25.3657448493579	1	1	1	1	1	1	1	1	1	1	1	1	1	1	1	1	30.1824298237021	1	1	38.6255326128811
FAM111B	35.8320351269775	1	1	1	1	1	1	1	1	1	1	22.0494895877883	1	1	1	1	1	1	1	1	1
FAM117A	1	16.1109144211881	53.1475428005187	93.5184630051034	1	1	1	34.1125418491812	60.9395814807869	65.4974372381348	27.3023920869867	69.8225116776433	1	66.4210725003272	56.0717237994122	1	1	22.136066491971	1	1	1
FAM117B	48.6842876317726	1	1	1	45.6848393714273	1	1	1	1	21.3205848668629	33.6685246469613	1	1	1	1	1	1	25.2427600416508	1	1	95.4915894380937
FAM118A	25.8554560608792	15.9187572930637	61.1795709903524	1	1	1	1	1	57.5639908363823	32.3194742405024	1	89.615449152995	1	75.0222235732929	99.9050563650048	1	1	1	24.7984803867502	24.9034375649039	1
FAM118B	1	1	1	1	1	1	1	1	1	1	1	1	1	1	1	1	52.5115398206226	1	1	1	43.0130677461316
FAM120B	24.7127643817009	17.0514218157442	1	37.6276132132215	1	1	1	1	36.6638486756954	1	1	1	38.1609192476765	37.9816529625515	1	15.7220517989667	29.5421422557154	30.0343787187113	1	1	26.7074243958434
FAM122A	28.2631617507603	1	1	35.3674601015227	1	1	1	1	1	22.8417293935419	1	1	1	37.5390300593317	1	1	21.57506215157	1	1	1	1
FAM122C	1	16.0434418454227	1	1	1	1	1	1	1	23.1436003283855	1	1	39.4442725595396	26.2997289526208	1	1	1	1	1	1	1
FAM124A	1	1	1	1	1	1	1	1	1	1	1	1	1	1	1	19.1475033251686	1	1	1	1	1
FAM129A	80.2128630017899	112.495594492552	304.354865222495	129.662569593303	1	884.91780712539	94.5082588851394	45.5849997390746	190.36347865743	1	1	263.849284247616	118.305446482277	485.538442804902	219.993716959082	86.3799064001298	46.4670964756374	40.9423099719067	166.519621726006	162.050945403124	1
FAM129B	159.534790126818	155.719009203615	1	1	1	1	66.6086661956673	1	1	1	1	1	62.601769770542	1	1	160.938952069161	189.048644364262	204.820870893726	135.170690691471	159.427265935736	292.345557156242
FAM129C	1	19.5937984607566	1	19.0545094793106	110.47533476519	1	1	1	1	1	55.0242169492061	1	71.5929363818934	1	1	1	1	1	1	1	1
FAM13B	1	18.0927918994345	31.7246557486004	45.4306042851664	43.6458133449982	1	1	1	43.3719911426548	1	50.7734523466958	22.9176097604823	26.7319021212077	59.3163107841658	49.4987183237761	1	1	30.8214607164406	1	1	1
FAM153A	1	1	1	1	1	1	1	1	1	1	1	1	1	1	1	1	1	1	1	1	41.091112344311
FAM153B	1	1	1	1	1	1	1	1	1	24.3896700007094	1	1	1	1	1	1	1	1	1	1	1
FAM157C	1	18.213649591306	1	1	1	47.4959212275373	1	1	1	1	1	1	1	1	1	1	1	1	1	1	1
FAM159A	1	25.5659597612022	34.4095041058305	35.8148631698426	117.179751317587	73.7072034422033	16.7628215437763	1	32.216502768211	39.9928985222567	52.3408543956091	1	51.4526689142577	27.9853575044375	1	24.1536575143114	1	1	19.5379355063942	23.6111129211807	1
FAM160B1	1	18.1369760446452	48.7606224970581	1	1	52.619672829506	1	1	53.0068553590264	1	1	32.6180280452397	38.1178897869238	50.9144123709151	47.5620603557464	1	1	1	1	1	1
FAM160B2	1	1	1	32.4788886603096	1	1	1	1	1	29.4724167376862	1	1	1	1	1	1	1	1	1	1	1
FAM161A	1	1	1	1	1	1	1	1	1	18.3377056409401	1	26.5405494421659	1	1	1	1	1	1	1	1	1
FAM168A	1	22.9702952049615	1	32.4853026665074	1	1	24.9797054205502	1	1	1	1	1	1	33.272498383507	1	26.8894047074182	87.1856524768107	27.1462527982515	1	30.0550012717505	27.5262639599479
FAM172A	16.4271088394299	1	1	46.4646749261663	31.9692021127898	1	1	1	33.8992944551976	29.7571860132351	1	33.9675654633896	1	1	37.9886737001129	1	22.4896947370229	27.6058364185623	1	1	52.0730448528678
FAM173B	1	1	1	1	1	1	1	1	1	1	1	1	1	1	1	1	1	1	1	1	43.0620120043288
FAM174A	15.7312559327102	1	1	1	1	52.6244850770498	1	27.0794526753265	1	1	1	1	1	1	1	16.6615715132825	1	48.5052795958932	1	1	15.1038527797448
FAM174B	1	1	1	1	1	1	1	1	1	1	1	1	1	1	32.2170705594466	1	1	17.6171553867994	1	1	1
FAM177B	1	1	1	1	35.4347853919298	1	1	1	1	1	31.0238726897233	1	1	1	1	1	1	1	1	1	1
FAM198B	1	108.545731124213	1	1	1	1	87.2806653451374	1	1	1	1	1	1	1	1	79.1097733650271	64.4899038152192	1	42.8766842226496	35.0001392177808	1
FAM206A	35.9651818074386	1	1	1	1	1	1	1	1	1	1	1	1	1	1	15.6826187170142	1	15.9993359571746	1	1	1
FAM208B	25.4067565517178	1	1	27.063066409183	1	1	1	1	1	52.7863830758315	1	1	1	31.5729439793652	1	1	17.4825812548315	25.929835682384	1	1	11.9466621362819
FAM20A	1	34.207303448002	1	1	1	1	86.7580751836761	1	1	1	1	1	1	1	1	45.6089701261676	68.026159349764	1	1	49.5304511077269	1
FAM20C	1	18.5177440590721	1	1	1	1	87.9857123790096	1	1	1	1	1	1	1	1	104.582257894052	82.2080144047587	1	23.0356314590268	29.2506233552413	1
FAM210A	27.0731807937215	19.7116778198152	1	1	1	1	34.4239290894148	1	1	1	26.1736096250298	58.7734960900652	35.0022957699061	1	1	31.2690605782264	1	18.4972405906405	28.8739043497033	37.2138896583081	1
FAM212B	1	24.4450988327166	1	1	1	155.522146819884	1	1	1	1	1	1	1	1	1	1	1	1	1	1	1
FAM214A	1	20.018596916578	44.4041913468848	36.914204499296	70.9646170203015	1	1	59.3494922281029	57.6253216025686	1	70.6119227872196	39.780599409886	36.31418700397	45.423159773514	30.4693135637658	1	1	14.6722271465049	1	1	1
FAM214B	1	28.8425867949272	1	1	1	84.7281759700893	20.4136977563788	1	1	1	1	1	1	1	1	29.8686993488042	1	1	19.4334360545941	25.9751912168971	1
FAM215B	1	1	1	26.8318840585318	1	1	1	1	1	19.9242645238754	1	1	1	1	1	1	1	1	1	1	1
FAM219A	16.3332343273772	1	1	1	1	1	1	1	1	1	1	1	1	1	1	1	23.84279777392	17.7525499565371	1	29.6283575353338	1
FAM221B	1	20.5673693603164	1	1	1	39.8263130352174	1	1	1	1	1	1	1	1	1	1	1	1	1	1	1
FAM222A	1	1	1	1	1	1	1	1	1	1	1	75.6552234829861	1	1	1	1	1	1	1	1	1
FAM227B	1	1	1	1	1	1	1	1	1	1	1	1	1	1	1	1	1	1	1	1	35.6831063190259
FAM241B	31.5419827969599	1	1	1	1	1	1	1	1	1	1	1	1	1	1	1	1	1	1	1	20.750918948892
FAM24B	15.0952185035513	1	1	1	1	1	1	1	1	27.7806865102714	1	43.1559283098177	1	1	1	1	1	1	1	1	1
FAM30A	1	1	1	1	73.8145096752889	1	1	135.136204770596	1	1	68.5824814987007	1	1	1	1	1	1	1	1	1	1
FAM3A	32.7615406828938	21.3405652856681	1	26.8953584408952	1	1	17.1834637619617	24.3747156488722	1	38.4721783890511	1	1	1	28.203497236312	1	22.5029071950117	1	20.0327442707297	1	16.9653423935012	1
FAM3B	1	1	1	1	1	1	1	1	1	1	1	1	1	1	1	1	1	26.9584233794377	1	1	22.3496443857412
FAM46A	1	56.4722565933966	1	44.5877865335531	1	1	38.1512654892236	1	1	1	1	47.3203589961991	107.402064534102	1	1	43.6240263224264	41.2343256198227	112.607292732178	22.3531693542364	52.7774018028184	1
FAM46C	29.726807934691	1	341.421311241283	55.3963132894824	253.866938669065	1	1	397.826996411306	345.483378464422	1	220.428870991822	264.195119175995	125.718071887119	402.967794121919	329.528573412115	1	1	20.4889897316859	1	1	1
FAM49A	1	146.394521592023	1	63.8704898935958	78.4858425512923	131.314990327168	112.091230021216	66.627663327123	1	1	154.019795476078	17.1304065869085	42.2625168745989	1	1	99.3117351103482	1	1	77.6534378038653	184.933055714362	1
FAM53B	44.094440007151	47.7134899414869	79.959716446141	176.703345359923	187.705689953179	1	43.6027549070575	1	85.2441855144656	46.3628117731677	101.606857921144	72.2305246434134	96.9795689609026	330.73051609958	174.161759542047	41.3860521788771	1	35.7527615896225	35.5233282669335	61.3527378848195	33.0376564541658
FAM57A	41.5286389130092	1	1	1	1	1	1	1	1	1	1	1	1	1	1	1	1	37.2101949609664	1	1	40.8507143727551
FAM69A	1	1	1	1	1	1	1	22.1427817579656	1	32.4088846601352	1	14.633521865625	1	1	1	1	1	1	1	1	1
FAM76A	1	16.8838608822756	1	25.350089146982	40.0458274965561	1	1	1	1	20.6513279104337	1	1	23.4289375783492	1	1	1	47.3721665088326	18.166816315992	1	1	1
FAM76B	34.5519150961437	25.2033728873954	36.5831401121643	36.7404527263164	75.5395726061394	1	1	1	29.6883389131217	1	64.1251152713838	1	31.6830199885788	25.7407110262917	42.9449655722016	16.0627376892787	25.3976180968221	25.9354375253795	19.0876566980679	1	1
FAM78A	1	22.6857563759267	1	59.9730907879507	1	1	20.6007470368288	1	30.932196150328	36.6449541998729	1	1	1	58.1511745210078	1	20.7918289422373	1	1	1	1	1
FAM83A	1	1	1	1	1	1	1	111.885152891573	1	1	1	1	1	1	1	1	1	42.4579672933244	1	1	1
FAM83C	25.6950129484281	1	1	1	1	1	1	1	1	1	1	1	1	1	1	1	1	1	1	1	40.591014307907
FAM83D	84.3410907589927	1	1	1	1	1	1	1	1	1	1	50.894878747232	1	1	1	1	1	32.6410001618958	1	1	35.0082273686355
FAM83H	130.706174008794	1	1	1	1	1	1	1	1	1	1	1	1	1	1	1	1	53.6112816662594	1	1	90.1396589242652
FAM84A	90.8894792212271	1	1	1	1	1	1	1	1	1	1	1	1	1	1	1	1	110.656145457474	1	1	94.8831517933202
FAM84B	25.1818973572795	1	1	1	1	1	1	1	1	1	1	1	1	1	1	1	1	42.7659231937496	1	1	1
FAM8A1	1	23.7821609176773	1	63.956210935613	1	139.313079897275	17.4070547084908	24.0903580343076	1	18.3658256026387	1	39.5908465215714	1	1	1	1	71.7752608226741	28.1328216602514	1	1	1
FAM92A	47.0266874762839	1	1	1	1	1	1	1	1	1	1	1	1	1	1	1	1	19.3055712177677	1	1	48.1700352794144
FAM92B	1	1	1	1	1	1	1	23.0635971389406	1	1	1	1	1	1	1	1	1	1	1	1	1
FAM98A	36.3976840586107	1	1	20.4366092876847	23.4303636868618	1	1	30.8784460127206	1	1	1	1	1	1	1	20.5561383950914	15.9244376786573	23.3808764128616	1	1	1
FAM9B	1	14.5561083497298	1	24.9700903036946	1	1	1	1	1	16.3255424497152	1	38.1364346820501	18.6711656289173	1	1	1	1	1	1	1	1
FAN1	1	1	1	1	1	1	1	1	1	27.7257943269014	1	1	1	1	1	1	27.6397853413897	19.3601036084034	1	1	1
FANCA	48.2698362121696	1	1	24.1790370327865	1	1	1	1	30.0584976519014	1	1	23.8461375730801	1	1	1	1	1	1	1	1	1
FANCD2	24.7015950871624	14.6381827726079	1	1	1	41.0886393418933	1	1	1	20.3938257716489	1	65.1952981924343	1	1	1	1	1	1	1	1	1
FANCF	1	1	1	22.5711350680114	1	1	1	1	1	1	1	1	1	1	1	1	1	1	1	1	104.470405248577
FANCG	43.2366470370152	1	1	1	1	1	1	1	1	1	1	72.4987588476794	1	1	1	1	1	1	1	1	1
FANCI	84.6489758413749	1	1	1	1	1	1	1	1	1	1	21.0671005022413	1	1	1	1	1	1	1	1	1
FANCM	1	1	1	1	1	1	1	1	1	1	1	27.2966429728299	1	1	1	1	1	1	1	1	1
FANK1	1	1	1	1	1	1	1	1	1	1	1	1	1	66.3475588405422	1	1	1	1	1	1	1
FAP	1	1	1	1	1	1	1	1	1	1	1	1	1	1	1	1	181.352895349323	1	1	1	1
FAR2	1	27.1169645204288	1	1	1	1	23.0608837815889	1	1	1	1	1	1	1	1	25.2466502274591	1	1	28.1178483208172	26.5595559555811	1
FARP2	28.1510113525448	32.9556874114822	1	1	37.8496700134438	1	29.3681161844661	28.1674918504194	1	1	68.2201224781771	52.3035610898433	51.3528845951385	1	1	31.5000041734366	1	57.36428350046	24.9574320902268	40.3706098056419	30.6303646055706
FARS2	16.0721402919325	1	1	1	1	1	1	1	1	1	1	1	1	22.6766829182484	1	1	1	1	1	1	1
FAS	1	19.4606159206539	84.3348979689926	26.3603969296973	1	71.660596198854	1	1	46.4628246235922	1	1	40.2058977703557	1	175.80613832394	100.600464644559	1	67.9138275677318	1	1	1	1
FASLG	1	1	1	102.927333453573	1	1	1	1	40.5475171174186	1	1	162.862282178786	1	1	35.9108541242315	1	1	1	1	1	1
FASTKD5	17.0714264132429	1	1	1	1	1	1	1	1	41.9489815470686	1	1	1	30.1175094116065	1	19.9841266851244	1	25.1895881756117	20.9718668291382	1	1
FAT1	1	1	1	1	1	1	1	1	1	1	1	1	1	1	1	1	72.1127642772331	66.9751115745295	1	1	1
FBLN1	43.9016758843891	1	1	1	1	1	1	1	1	1	1	1	1	1	1	1	1338.14801293287	64.1053902764145	1	1	41.9966576625107
FBLN2	1	1	1	1	1	1	1	1	1	1	1	1	1	1	1	1	226.750780174867	1	1	1	1
FBLN5	1	1	1	1	1	1	1	1	1	26.1748918834245	1	1	1	1	1	1	270.505816701214	1	1	1	1
FBLN7	1	1	1	1	1	1	1	1	1	1	1	1	1	34.8655690947527	50.2035925082568	1	1	1	1	1	1
FBN1	1	1	1	1	1	1	1	1	1	1	1	1	1	1	1	1	249.44064754564	1	1	1	1
FBN2	65.5402385215404	1	1	1	1	1	1	1	1	1	1	1	1	1	1	1	1	27.6848716354117	1	1	48.1419159275673
FBP1	1	107.457868803476	1	1	1	1	151.308643502687	1	1	1	1	1	25.1059576821729	1	1	528.664085184682	1	30.3730643526689	158.172798357379	97.551015671654	1
FBXL14	1	1	1	1	1	1	1	1	1	1	1	1	1	1	1	1	1	1	1	1	28.8201813087724
FBXL15	1	17.8289769094185	1	24.5181819383277	1	1	1	1	1	1	1	1	1	1	1	27.0105134453251	1	16.2473578637943	1	1	1
FBXL16	1	1	1	1	1	1	1	1	1	33.7739730496107	1	1	1	1	1	1	1	1	1	1	1
FBXL6	1	1	1	1	1	1	1	1	1	1	1	43.3958049977008	1	1	1	1	1	1	1	1	1
FBXO17	18.6789846285108	1	1	1	1	1	1	1	1	1	1	1	1	1	1	1	98.5722321307705	1	1	1	27.9947424787561
FBXO2	1	1	1	1	1	1	1	1	1	1	1	58.8600729392599	1	1	1	1	1	1	1	1	1
FBXO27	42.8759891399169	24.15178558881	1	25.2138827329126	1	34.4147299340251	1	1	1	1	1	1	1	1	33.0294131304547	19.0659970674548	1	25.2631623746366	1	19.5954338542386	41.4463926114219
FBXO28	26.2380980781773	19.7242316309426	1	23.5932898219245	1	1	1	1	1	17.1203272993307	1	34.4766071279323	1	60.8212900902293	38.057411536402	20.4264202949913	1	28.0185753059657	19.3857571720463	24.680268048054	21.7585672742046
FBXO31	1	1	1	1	1	1	1	1	1	16.7633512452908	1	1	1	23.095365852609	1	1	1	1	1	1	1
FBXO32	20.0130393306421	1	42.5886229381845	49.2140855441665	1	1	1	33.6266072481829	59.6883221654746	75.0194921542259	1	1	1	41.7300980209454	54.2888080125322	1	37.1581784175818	36.9901166098127	1	1	22.379065010156
FBXO4	30.0687884517709	1	1	1	1	1	1	1	1	1	1	1	1	1	1	1	1	1	1	1	1
FBXO43	1	1	1	1	1	36.3047987658469	1	1	1	1	1	1	1	1	1	1	1	1	1	1	1
FBXO44	1	1	1	21.4127452743433	1	1	1	1	1	1	1	1	1	1	1	1	1	1	1	1	1
FBXO45	59.5432634165592	1	30.2390706645631	1	1	1	1	1	1	1	1	42.086760634844	1	71.4970223874792	41.925094218712	1	1	29.6465268169639	1	26.5234407737538	21.4438079390061
FBXO46	29.8077664105063	1	1	27.1240762573295	1	1	1	1	1	27.6981172708979	1	50.7963778656246	1	31.9990082903698	1	1	1	23.8830068501779	1	1	1
FBXO5	22.4757093142354	1	1	1	1	1	1	1	1	1	1	38.7515963938632	1	1	1	1	1	1	1	1	1
FBXO8	1	1	1	1	1	1	1	1	1	1	1	1	1	34.579411365167	1	1	1	1	1	1	1
FBXW7	1	30.8131551499186	27.1646195164	40.9979683747254	1	1	1	85.7401342394332	33.4213066023117	27.9433476148388	1	72.4347551919071	33.4620797507198	34.698480836393	31.9420723978005	16.2014821442523	1	27.9224216665872	21.8602314462266	26.8312297369343	1
FCAR	1	1	1	1	1	37.8336414392653	1	1	1	1	1	1	1	1	1	1	1	1	1	1	1
FCER1A	1	1	1	1	1	1	1	1	1	1	1	1	86.0495385827746	1	1	1	1	55.4049488622188	241.717435108085	1	1
FCER1G	1	725.751740442512	1	539.932476265732	1	580.780297240348	1050.1864390128	1	45.3788037499245	1	1	424.220640005479	359.669624450244	1	1	1123.57632930095	81.0816399729723	207.558826647797	939.851763305368	618.789937159778	42.9272171400854
FCER2	1	1	1	1	147.209302932634	1	1	1	1	1	1	1	1	1	1	1	1	1	1	1	1
FCGBP	1	1	1	1	1	1	1	1	1	1	1	1	1	1	1	1	1	1	457.655966831772	1	1
FCGR2A	1	369.28192340031	1	50.1211382979202	1	954.34951572449	656.408211682654	1	1	1	1	1	86.2291985933181	1	1	405.439972734379	1	38.2307774606255	471.232425406492	330.549636042296	1
FCGR2B	1	70.6242597558735	1	1	97.4233835586238	57.4529330705279	195.484339345383	76.4397471123035	1	1	111.344147144064	1	1	1	1	157.537502103483	27.6682767740549	1	340.082571597464	163.593199226607	1
FCGR3A	1	315.549228645606	1	1031.00273904438	1	2008.59046818748	748.708218905854	1	59.6010869659806	1	1	306.337082098798	113.77415410717	1	1	409.00765419774	1	1	155.211303412818	271.26628573251	1
FCGR3B	1	25.5964697095105	1	78.0092026061651	1	2218.18881688695	29.3875891679106	1	1	1	1	1	1	1	1	18.9163573499812	1	1	1	1	1
FCGRT	32.5835089166658	350.56694264689	1	1	1	378.26582747222	1124.67788027607	62.6123122416948	1	21.3409662321176	28.3460102919783	1	82.4573528505947	1	1	521.876195982272	232.608908499321	53.6971324855014	292.186169638329	205.297285236691	60.9327885958661
FCHO1	1	22.0298301746222	1	20.0771595913578	56.4001719329748	63.0176626530034	1	1	1	30.5999528210581	1	1	34.6379638079295	1	29.4974603052159	1	1	1	1	1	1
FCHO2	1	27.5167906781049	1	1	1	46.3424333107797	90.2121385185474	1	1	1	1	1	1	1	1	45.3519676270646	1	20.9230215608141	1	30.5881794224046	1
FCHSD1	1	1	1	1	1	1	1	1	1	1	1	41.715528987414	1	1	1	1	1	1	1	1	1
FCMR	1	1	259.033169589977	288.243239684088	940.202338694825	1	1	1	219.161268608852	458.754148430214	500.830139471851	84.1712780029522	74.9102320965382	328.132985479316	210.212890443103	1	1	1	1	1	1
FCN1	1	1583.85061878304	1	23.197165619994	1	283.86001183993	45.9224107676016	1	1	19.3013760577187	1	1	32.9164612596634	1	1	133.003994676412	1	1	51.9736690043944	93.3723347731049	1
FCN3	1	1	1	1	1	1	1	1	1	1	1	1	1	1	1	1	519.600220049708	1	1	286.593886859945	1
FCRL1	1	1	1	1	262.419743079416	1	1	1	1	1	63.6927498093696	1	1	1	1	1	1	1	1	1	1
FCRL2	1	16.7396051288726	1	1	93.9816794623227	41.0116605306089	1	1	1	26.6649757062017	56.8507953602769	1	20.8277075561307	1	1	1	28.9342770499398	1	1	1	1
FCRL3	1	1	1	82.5144734825837	52.0081645186549	1	1	1	47.5896580421388	1	41.5169017509523	58.61613719637	1	65.4388310917347	1	1	1	1	1	1	1
FCRL5	1	1	1	1	96.6600754678321	1	1	209.813451499945	1	1	37.8495415801196	1	1	1	1	1	1	1	1	1	1
FCRL6	1	1	1	303.947823470759	1	1	1	1	95.3777243877391	1	1	60.5318081898562	1	1	1	1	1	1	1	1	1
FCRLA	1	1	1	1	95.2403996219777	1	1	26.2936224048946	1	1	130.114669986247	1	1	1	1	1	1	1	1	1	1
FDCSP	1	1	1	1	1	1	1	1	1	1	1	1	1	1	1	1	109.373465390902	1	1	1	1
FDX2	1	1	1	1	1	1	1	1	1	1	1	1	1	1	1	1	1	1	1	1	59.1703110903121
FDXR	1	1	1	1	1	1	1	1	1	1	1	1	1	1	1	1	1	1	1	1	41.4034630309181
FECH	43.2790651321358	1	1	1	1	1	40.1709771046836	1	1	1	1	1	1	1	1	29.2429197174594	1	37.0606281155894	1	1	37.74558292116
FEN1	80.4074563265302	1	1	1	1	1	1	1	1	1	1	35.3529067119404	1	1	1	17.7207788666373	1	20.0535246518315	21.5607361968219	1	1
FENDRR	1	1	1	1	1	1	1	1	1	1	1	1	1	1	1	1	38.0340621117703	1	1	1	1
FER	1	20.880399488123	1	26.9259629434951	45.0748639698811	1	16.6173573718367	1	1	37.8969392408438	1	1	46.050680487789	1	1	1	1	60.2105760609077	1	17.9245711402539	1
FER1L5	1	14.553982444342	1	1	35.6447381831411	1	1	1	1	1	1	1	1	1	1	1	1	1	1	1	1
FERMT1	38.5895504675737	1	1	1	1	1	1	1	1	1	1	1	1	1	1	1	1	1	1	1	18.7867359125129
FETUB	1	1	1	1	1	1	1	1	1	1	1	1	1	1	1	1	1	1	1	1	37.9402022514907
FEZ1	38.2078104145591	1	1	50.8846136735108	1	1	1	1	1	1	1	1	1	1	1	1	21.5968863877841	1	1	1	44.4045533312258
FFAR2	1	29.9413891300475	1	28.2963294316318	32.2110693538405	675.684068976607	1	1	1	1	1	46.3073610213283	48.8838721361277	1	1	18.167546434091	1	15.3204724545916	1	1	1
FFAR4	1	16.7946375884218	1	23.6071686176967	1	35.2615973129214	22.8244460354863	1	1	1	1	1	1	1	1	1	1	14.8304622928064	26.1516838558744	1	1
FGA	1	1	1	1	1	1	1	1	1	1	1	1	1	1	1	1	1	52.3630147203242	1	1	1
FGB	1	1	1	1	1	1	1	1	1	1	1	1	1	1	1	1	1	194.962831441987	1	1	1
FGD3	1	1	30.3052460822891	49.611997709057	1	94.1590908689076	1	1	33.8297200025101	37.8961394028594	1	25.2999770112286	1	42.1094804258734	22.8416487991509	1	1	1	1	1	1
FGF12	1	1	1	1	1	1	1	1	1	1	1	1	1	1	1	1	1	1	1	1	52.2266548347436
FGF13	1	1	1	1	1	1	1	1	1	23.1583873870604	1	1	1	1	1	1	1	1	1	1	1
FGF22	1	16.6462782623083	1	19.9009165365222	1	48.7698085343312	15.834436358944	1	1	1	1	1	1	1	1	1	1	1	1	1	1
FGFBP1	34.0385386303901	1	1	1	1	1	1	1	1	1	1	1	1	1	1	1	1	25.9576180479398	1	1	1
FGFBP2	1	1	1	985.254607814025	1	1	1	1	66.4703890542342	1	1	160.179779416164	1	1	1	1	1	1	1	1	1
FGFRL1	1	1	1	1	1	1	1	1	1	1	1	26.1015003106608	1	1	1	1	1	1	1	1	1
FGG	1	1	1	1	1	1	1	1	1	1	1	1	1	1	1	1	1	405.127529295938	1	1	1
FGGY	1	1	1	1	1	1	1	1	1	23.1161720711134	1	1	1	1	1	1	1	1	1	1	49.5841750530874
FGL1	1	1	1	1	1	1	1	1	1	1	1	1	1	1	1	1	1	128.465915870949	1	1	1
FGL2	1	453.74042827556	1	50.2211160733791	1	333.105963112417	250.858894701018	59.205653140132	1	1	1	47.0792375143667	45.1522798905144	31.6932453000689	1	73.8590818716116	1	50.8143531791714	392.433053482929	200.211161468059	1
FGR	1	267.726205572372	1	218.564490573934	1	627.296942307157	61.1751360631188	1	43.2435328188862	1	1	59.2224063346622	37.0201834493238	1	1	129.667760770599	30.1744521863892	1	103.631948773687	55.0795023620485	1
FHIT	1	1	1	1	1	1	1	1	1	80.3202024467719	1	1	1	1	1	1	1	1	1	1	1
FHL2	27.9902857979408	23.7225867017987	1	1	1	1	1	1	1	1	1	1	1	1	1	1	49.2975409492125	72.9275092104247	1	40.4777279161671	1
FHOD1	1	34.9374347252594	1	28.4775474316206	1	1	26.4159915969316	1	1	1	1	71.6279365433868	66.2510392691334	1	27.3722589781448	34.7578382660051	1	61.7718359309644	43.2507928883747	27.4441472966367	1
FICD	1	1	1	1	1	1	1	36.8580117156736	1	1	1	1	1	1	1	1	1	15.253191265043	1	1	1
FIG4	1	19.2483840728602	1	23.9378036337021	1	1	32.658041979156	1	1	1	1	1	1	1	1	29.2562768521103	1	1	16.6304123644355	1	1
FILIP1L	1	1	1	1	1	1	33.8406252781341	1	1	1	1	1	57.9784546300049	1	1	1	87.6477254987798	31.3706223052179	66.3283777683293	64.904788415464	1
FITM2	1	23.6889399566669	1	41.1707344490232	1	29.6368230964637	1	1	27.3268056186622	22.7914719267581	1	34.4285298396155	1	1	1	1	1	1	1	1	1
FIZ1	1	1	1	1	1	1	1	1	1	1	1	19.991428894449	1	1	1	1	1	1	1	1	1
FKBP10	1	22.1734217893792	1	1	1	45.647627298816	1	1	1	1	1	1	1	1	1	1	149.140107113572	23.2925629999043	1	1	28.2768790386414
FKBP11	21.7231335643487	23.893838667	41.351200183038	72.9118722681471	1	37.2145728753294	1	377.389379348311	38.843380368803	1	1	35.1340603005118	40.9981584899138	1	1	1	20.0984594063234	29.9787027998287	1	21.7827753877152	1
FKBP14	22.8604534440902	17.733479650676	1	27.5249629376013	22.262007357798	35.2137536336017	1	24.3329621844916	1	20.3750151389132	1	1	1	1	1	16.618086631213	40.4851529998218	34.5683836690831	1	21.5171900234044	1
FKBP2	69.2175967474705	57.0293777380551	28.3572243829482	58.5818460972269	1	1	56.2284545125762	255.69347930344	36.5338746628223	24.0679372419409	1	84.5321493120898	58.6135941171137	1	32.8839697282518	82.0332416459868	66.1942513507716	74.6096561893586	57.5083917403674	93.1949869897736	32.6716879505898
FKBP7	1	1	1	1	1	1	1	1	1	1	1	1	1	1	1	1	49.7606088280262	1	1	1	1
FKBP9	101.254318598035	27.5682525385578	1	1	1	1	22.8920513094023	1	1	1	1	1	1	1	1	38.0198493265538	220.378224438587	108.922325836611	1	53.590774289084	103.977810760518
FLJ21408	1	1	1	1	1	1	1	1	1	1	1	1	1	1	1	1	1	31.6721507454687	1	1	1
FLJ31104	1	1	1	1	24.6610403451355	1	1	1	1	1	1	1	1	1	1	1	1	1	1	1	1
FLJ37453	1	1	1	26.2871025100463	1	1	1	1	1	15.1762641961214	1	1	1	1	1	1	1	1	1	1	1
FLT1	1	49.4379302225006	1	1	1	33.3487493720429	1	1	1	1	1	1	52.6437729767124	1	1	43.2426590222453	154.032476521968	1	136.591342248665	118.195860154077	1
FLT3	1	1	1	1	1	1	1	1	1	1	1	1	1	1	1	1	1	1	19.9053805425201	32.4866286481551	1
FLT3LG	1	17.1290918545044	36.1795464210395	24.7354287862356	1	64.4999337885956	1	1	1	37.6391141442753	1	38.5992176779841	1	1	1	1	1	1	1	1	1
FLVCR2	1	34.6502610447585	1	1	1	1	77.5579720698074	1	1	1	1	1	1	1	1	65.8515601674758	1	1	23.7084230094191	26.2905428307759	1
FLYWCH1	29.0074321984233	17.1171408316948	1	28.6582508272148	1	1	1	1	1	18.6986168859594	1	1	1	1	33.0920329391623	1	24.8675883265375	23.4339765641819	1	31.1934871755994	1
FMN1	1	20.8180422591501	1	1	1	1	40.1687513528573	1	1	1	1	1	1	1	1	30.9113916052897	1	17.8735278902581	23.2571904916966	17.9954190308352	1
FMNL2	1	1	1	1	1	1	54.459857695831	1	1	1	1	1	1	1	1	44.1588393906444	1	16.5655225142515	19.2514366167464	37.5711846906741	1
FMNL3	1	1	37.1611264432785	39.7674325512011	51.257925973362	1	24.2930363934593	1	41.722397200711	1	61.7771193946138	20.3021436146077	43.0179167587035	52.8909167869919	54.8268111232125	1	19.4626537173009	43.8528981622409	37.8659666311027	33.0833211919332	1
FMO2	1	1	1	1	1	1	1	1	1	1	1	1	1	1	1	1	120.805999702947	1	1	1	1
FMO3	1	1	1	1	1	1	1	1	1	1	1	1	1	1	1	1	76.7584072024513	1	1	1	1
FMO5	1	50.351125777298	1	24.1524520696842	1	1	1	1	1	1	1	1	22.0463670345883	1	1	1	1	21.4081651861388	1	1	1
FMOD	1	1	1	1	1	1	1	1	1	1	1	1	1	1	1	1	133.737135805676	1	1	1	1
FN1	1	215.116768038095	1	1	1	1	643.982160834113	1	1	1	1	1	125.516119032677	1	1	781.199347327409	2493.5693213782	188.661018651339	212.275227685778	466.157064852859	1
FN3K	1	32.1753791318107	1	42.2869858048835	40.8910384170937	48.2075324959499	18.5998400355283	1	1	27.7917298987046	29.0003560800423	27.1575803356929	17.6841437952681	1	1	17.9000907536891	1	24.6089136168949	1	1	1
FNBP1L	17.0528518281858	1	1	1	1	1	1	1	1	1	1	1	1	1	1	1	82.4546420891312	22.8190144107589	1	32.7037361403783	1
FNDC1	1	1	1	1	1	1	1	1	1	1	1	1	1	1	1	1	371.883318239947	1	1	1	1
FNTB	27.1256652732741	1	1	1	1	1	1	1	1	1	1	1	1	1	1	1	1	1	1	1	1
FOCAD	20.356932409147	1	1	1	1	1	1	1	1	1	1	22.5026953578223	1	1	26.0645566437475	23.9773169199885	26.9273268190973	19.8642320326365	1	1	75.8576556307
FOLR1	1	60.0301744309912	1	1	1	1	1	1	1	1	1	1	1	1	1	1	1	1	1	1	1
FOLR2	1	1	1	1	1	1	426.626915664925	1	1	1	1	1	1	1	1	34.8380212614415	1	1	1	1	1
FOLR3	1	1	1	1	1	105.40144731092	1	1	1	1	1	1	1	1	1	1	1	1	1	1	1
FOSL1	29.2847648483376	1	1	1	1	1	1	1	1	1	1	1	1	1	1	24.4209642487248	1	38.3025613744567	1	27.1300704978754	1
FOXA1	74.364388631586	1	1	1	1	1	1	1	1	1	1	1	53.3003124226446	1	1	1	1	165.215081631021	1	1	1
FOXD1	67.3507124934696	1	1	1	1	1	1	1	1	1	1	1	1	1	1	1	1	59.2087913619898	1	1	37.9976952848936
FOXE1	63.9195608507884	1	1	1	1	1	1	1	1	1	1	1	1	1	1	1	1	38.7423825471937	1	1	73.5919559845927
FOXF1	1	1	1	1	1	1	1	1	1	1	1	1	1	1	1	1	55.190215961147	1	1	1	1
FOXO4	1	1	1	22.4876974387319	1	1	1	1	1	1	1	1	1	1	1	1	31.4497589006472	1	1	1	1
FOXP3	1	1	1	1	1	1	1	1	1	1	1	1	1	518.779997418361	79.6826754759582	1	1	1	1	1	1
FOXRED1	27.4240208746707	21.770801372791	1	25.1730393284023	1	1	18.7461511404219	18.1958990347732	1	1	1	40.4213344671734	1	1	1	24.1428101101204	1	19.8439072210654	1	1	1
FOXRED2	32.4170454306469	15.4279420513455	1	1	1	1	26.3226554163449	1	1	1	1	1	1	1	1	1	1	17.356726683999	1	1	1
FP325332.1	1	1	1	1	1	1	1	1	1	1	1	33.5461042155054	1	1	1	1	1	1	1	1	1
FP565260.3	1	1	1	1	30.3877219432354	1	1	1	1	1	1	1	1	1	1	1	1	1	1	1	1
FPR1	1	238.013943946316	1	30.8427030803927	1	1709.96487793498	78.6063777882748	1	1	1	1	52.3210819331553	68.8112367970421	1	1	75.1944000134477	1	1	91.0182988668243	62.8356559097026	1
FPR2	1	42.2509243599517	1	1	1	289.946562879233	1	1	1	1	1	1	1	1	1	1	1	1	1	1	1
FPR3	1	88.4339209002147	1	1	1	1	314.723070754828	1	1	1	1	1	1	1	1	213.522064328761	1	1	428.938485680782	208.7141713782	1
FRA10AC1	36.9899237120873	23.8023652515322	30.6310094846451	38.581821428596	36.5449906567653	1	16.9921296314989	1	1	68.074246501534	27.5829167187896	1	1	1	1	18.2060955761659	28.8365103934381	29.2554101679996	1	1	18.7660263456529
FRAT1	1	37.367340733244	1	1	1	153.031653626642	20.4505102189608	1	1	1	1	1	1	1	1	1	1	1	15.5210085555821	1	1
FRAT2	34.9264105425129	55.1999551488215	33.837626678243	39.4782302571087	1	478.461798678576	19.1255319777611	1	33.7414136736358	1	1	58.6604364005327	1	47.3493527802321	59.9437843834767	22.4947483297646	1	21.8602103440734	24.5150693819561	21.1897059404155	23.2268989459708
FRK	25.2787594263451	1	1	1	1	1	1	1	1	1	1	1	1	1	1	1	1	21.8652055734107	1	1	103.246421627575
FRMD4A	1	29.7741519718737	1	21.6992237139147	1	43.9178564140435	106.452163434051	1	1	1	1	57.5828942748314	1	1	1	55.9850549211373	12.2120312121186	20.474413121003	26.9648300138641	39.0801908197264	1
FRMD4B	43.9501719553599	42.4717742816957	75.2883822527619	1	1	175.257139204787	70.4447220403143	1	52.3165854546835	1	1	43.0977300473833	65.7536471813602	246.214665926438	82.9160720359325	41.7055304208955	1	22.3105711088801	46.1261127266757	35.6858155431695	1
FRMD6	46.761349034975	1	1	1	1	1	1	1	1	1	1	1	1	1	1	1	62.4123740964631	32.6607887620281	1	1	86.2406519414291
FRMPD1	1	16.5295564137733	1	28.4239226015359	1	34.0884746315718	1	1	1	63.0263182890499	1	1	19.2916841735746	1	1	1	29.7470148434637	1	1	1	1
FRRS1L	1	23.1295231979699	1	28.3417011856268	1	38.8705343977211	1	1	1	1	1	1	1	24.5377717503924	1	1	44.8489160072141	1	1	1	1
FRY	1	41.6440910793269	1	1	1	71.6371188177027	1	1	1	1	1	1	1	1	1	1	36.3898966999637	1	1	43.7129184067137	1
FRZB	1	1	1	1	1	1	1	1	1	1	1	1	1	1	1	1	99.3712369647929	1	1	1	1
FSCN1	302.157105494722	35.6593421687694	1	1	1	1	25.9575056458758	1	1	1	1	1	1	1	1	102.865137775832	163.848200039533	215.339769304059	76.2237511142005	541.304437811042	461.565722651674
FST	85.4987261415396	1	1	1	1	1	1	1	1	1	1	1	1	1	1	1	1	62.4276803552435	1	1	70.9370771886848
FSTL1	1	1	1	1	1	1	1	1	1	1	1	1	1	1	1	1	833.438362690142	1	1	58.4324210371756	1
FSTL3	1	1	1	1	1	1	1	1	1	1	1	1	1	1	1	1	60.0806171744267	1	1	39.9096981997343	1
FTL	2845.41823256207	3708.43114616312	592.02569410015	677.378281745612	753.577392312205	6471.86399275645	26954.4627938353	1238.218322603	634.392664111676	647.617071394145	782.790569909217	462.277156612211	2979.785906504	706.279963498438	541.877703550131	20055.8391280764	1625.98668360144	1627.30287922269	3904.59894637671	4087.09385354112	5179.87070230147
FTSJ1	41.8592485993222	19.3532361625025	1	36.5239604936871	1	1	1	28.8228639781683	35.6720294235768	18.9402697779237	1	34.7596062551568	1	1	27.1666692579727	22.1434967545712	12.4308082460625	18.6599350019589	1	1	45.2431169733963
FTSJ3	44.0817500588935	22.304647994841	1	24.351598246757	1	1	18.2023900148176	1	1	1	1	19.2375804735447	1	1	35.9637533041654	25.4076093872894	1	15.2956384637013	23.6732096093208	17.3363203238737	1
FUCA1	1	46.8351707400162	1	1	1	1	544.927151765504	1	1	1	1	1	1	1	1	77.9086072507952	1	1	41.7070108876018	36.7595223363363	1
FUCA2	41.6518521434612	76.7163267113725	1	27.1394802459468	1	1	146.937340709347	107.193318177743	1	1	1	39.3555557764913	39.5886926129375	33.5450649975881	30.5587279208704	130.245897660422	88.0336643720281	90.2612325264732	94.7011843434655	71.8763073822634	34.01768001958
FUK	1	1	1	1	1	1	1	1	1	23.7693825794221	1	1	1	1	1	1	1	1	1	1	1
FUNDC1	35.4647274706004	1	1	1	1	1	1	1	1	1	1	1	1	1	1	1	1	21.7522527936182	1	1	50.6041037866788
FUOM	1	1	1	1	1	1	33.0543576388307	1	1	1	1	1	1	1	1	32.9269814481399	1	1	27.9580114331944	18.6846056187325	73.6949548897597
FUT2	1	20.7068790085653	1	18.1567148645834	1	1	1	1	1	31.7419379498909	1	1	24.4974013769004	1	1	1	1	1	1	1	1
FUT4	1	1	1	1	1	1	18.0985452904094	1	1	1	1	1	1	1	1	1	1	1	1	1	1
FUT7	1	1	1	1	1	58.9175614524282	1	1	1	1	1	1	1	1	1	1	1	1	19.6345213137061	1	1
FUT8	32.9526618538714	26.0613643841791	28.0362990082921	1	1	1	1	68.3240042426664	1	20.6844034968477	39.0585826515744	27.2990722480574	1	29.5031982720903	71.5410685590205	23.0334650669201	54.6846684344646	27.2286447284909	30.5914121012722	20.9935405002347	1
FXYD3	380.692916522692	84.083481792685	1	1	1	1	1	1	1	1	1	1	1	1	1	73.6019970279119	1	134.084696887579	1	82.8678375860201	883.300769144197
FXYD6	32.4774901922404	29.5014996107715	1	1	1	1	47.2502185431568	1	1	1	1	1	1	1	1	48.198912030167	201.035170052783	1	1	53.6582879479883	76.5622874631208
FYB1	68.6896114952765	431.654137440197	744.591045573229	405.21165152829	1	1047.59098350336	327.687981116516	1	524.868513137093	772.941472320675	1	331.156999760273	236.838724724965	605.266489235569	801.717206087611	193.511324695652	41.6566061179768	28.340019917234	231.888593633217	176.101861108528	1
FYCO1	1	21.6877390326518	37.1747426711705	28.0370383384685	1	1	1	1	53.957108298613	1	1	1	1	86.7191453387221	45.732286124012	1	60.0229161194677	26.3716210385407	1	1	1
FYN	166.940219844857	157.12950146111	1098.17429635711	1009.54739937752	99.9559525459842	1	24.7490916319918	1	1140.60480686383	366.401285528293	75.6344386031404	874.518262593476	298.451057201511	1259.17223352694	1090.18346986954	34.5210322416694	157.565401546264	87.4285907956915	68.2441108344924	110.134874555163	1
FZD1	1	20.0238573331828	1	1	1	1	1	1	1	1	1	1	1	1	1	1	125.286950202498	15.9234075258766	25.7930519138011	20.9292051093482	1
FZD4	1	1	1	1	1	1	1	1	1	1	1	1	1	1	1	1	102.057585305698	1	1	1	1
FZD5	21.8430043314557	1	1	1	41.7357591361492	1	1	1	1	1	1	1	1	1	1	1	1	30.7663147834174	1	1	1
FZD6	50.7018860150455	1	1	1	1	1	1	1	1	1	1	1	1	1	1	1	1	37.0634939490743	1	1	81.6037433632953
FZD7	46.9065412613641	1	1	1	1	1	1	1	1	1	1	1	1	1	1	1	50.9096429700355	36.2773029772935	1	1	1
G0S2	1	596.076527147885	1	1	1	4406.97198990707	297.435046594895	1	1	1	1	1	1228.69294717896	1	76.6663793229483	835.253909420475	134.392068868188	70.1613572423835	414.909916181574	1054.94885648242	1
G2E3	32.8619219011746	16.7002811239534	1	34.7426429570132	34.6067584099613	1	1	1	1	18.1081793080619	1	1	20.7799184314947	1	1	14.6859894702893	1	28.8967768530117	1	1	1
GAA	1	65.9590420682771	1	1	1	1	154.306130503452	1	1	1	1	1	1	1	1	80.366789821888	20.0804877392329	1	40.408416830687	35.1689866683811	1
GAB1	17.0746904958937	19.6656302877913	1	1	38.4433230898599	1	1	45.9102581089323	1	1	1	1	1	1	1	1	1	1	1	1	1
GAB2	1	58.2706393406042	1	1	1	141.84996968359	49.9249727915659	1	1	1	1	1	28.3025448878086	1	1	39.5401938165424	1	27.7095876801501	39.3880948525378	34.9979128829998	1
GAB3	1	20.9439532585418	1	78.1350146902967	1	1	19.2080383043855	1	1	1	1	1	1	1	1	1	1	1	1	1	1
GABRB1	1	1	1	1	1	1	1	18.4753930838262	1	1	1	1	1	1	1	1	1	1	1	1	1
GABRD	1	18.7542556430946	1	1	1	1	1	1	1	1	1	1	1	1	1	1	1	1	1	1	1
GABRG2	1	1	1	1	1	1	1	1	1	19.9344504176058	1	1	1	1	1	1	1	1	1	1	1
GABRG3	1	1	1	1	1	1	1	1	1	1	1	1	1	1	1	1	1	1	1	1	32.4526556802039
GADD45A	121.497060814614	65.8219237181105	159.758599012507	31.9795915095945	44.2562433665583	1	36.7580110982473	257.279534501131	93.85458080007	1	66.5890587906478	83.4172695160051	157.111270112254	259.332727900811	183.664699916558	57.9836948166422	175.4634271265	176.228201391166	93.3536933463996	264.497759863113	80.0691714679349
GADD45G	20.1014806724766	1	1	1	1	1	61.4089568469074	1	1	1	1	1	34.1536660294316	1	51.8144438367394	27.9382572769169	1	28.1663163706604	1	1	75.3917089007881
GAL3ST4	1	1	1	1	1	1	125.273721299334	1	1	1	1	1	1	1	1	45.1085293860523	1	1	1	1	140.877870975973
GALC	1	52.3739404274893	36.5059312802979	89.6084750424766	1	49.8778334549843	95.9611013661796	1	33.5008240249974	47.9829660555733	1	60.1798168378191	481.570357567382	59.8717541064582	30.8713366659805	61.46616183719	31.5226785000172	376.237461101956	42.6293871418628	38.4807696868667	1
GALK1	1	19.5724109856095	1	1	1	1	1	1	1	1	1	1	1	1	1	23.2889045684722	18.9229348218224	1	21.9166080766541	23.09923700344	1
GALNT14	33.2826371230869	1	1	1	1	1	1	1	1	1	1	1	1	1	1	1	1	1	1	1	1
GALNT3	1	1	1	1	35.0532598915158	1	1	1	1	1	1	32.9514187539687	24.3221051399046	1	1	1	1	37.9893821840417	1	1	9.04985138350499
GALNT7	1	26.0673198130978	1	1	1	1	19.9110905187908	1	1	1	1	1	38.4407435354631	1	1	17.9690216506137	1	32.5607225662629	21.0713246848315	1	1
GALNT9	1	1	1	1	1	1	1	1	1	1	1	1	1	1	1	1	1	30.2108733527762	1	1	1
GALT	14.7352209625476	23.1521530972731	40.5526165967212	56.6414042084533	1	1	1	1	29.7981124014758	103.943513006187	28.8935936433334	28.5861053335441	1	1	1	1	1	21.2923745583564	1	19.5992970772293	1
GANC	1	27.2256605636372	1	1	1	1	17.5016242789853	1	1	1	1	1	1	1	1	17.4564226168723	1	1	1	1	1
GAPLINC	1	1	1	1	1	1	16.7470130048931	1	1	1	1	1	1	1	1	25.1795541709293	1	1	1	1	1
GAPT	1	54.9281993971262	1	1	127.212796301521	114.752866571447	1	1	1	1	67.0290135332999	1	25.2317796583902	1	1	1	1	1	29.861613614631	1	1
GAREM1	1	1	1	1	1	1	1	1	1	1	1	1	1	1	1	1	1	1	1	1	39.192676157579
GAS1	1	1	1	1	1	1	1	1	1	1	1	1	1	1	1	1	74.5784113980016	1	1	1	1
GAS2L3	1	1	1	1	1	1	24.0267993540304	1	1	1	1	1	1	1	1	22.8877033343323	1	1	20.6561531004612	1	1
GAS6	1	22.826341392981	1	1	1	1	39.2363667635591	44.1624919902034	1	1	1	1	1	1	1	1	79.688001823644	1	21.2098284961705	41.8998178081327	1
GAS6-AS1	1	1	1	1	1	1	1	1	1	1	26.2989818824414	1	1	1	1	1	1	1	1	1	1
GAS8-AS1	1	1	1	1	1	1	1	1	1	1	1	1	1	1	1	1	1	1	1	1	111.524402844053
GATA2	1	1	1	1	1	1	1	1	1	1	1	1	633.953081935977	1	1	1	1	1144.06308509951	1	1	1
GATA3	50.0065362807829	1	205.304412869355	147.282953612067	1	1	1	1	162.817783806591	103.005666146227	1	301.64139345724	1	388.359550568256	228.053554948043	1	1	1	1	1	1
GATM	25.9194843601388	1	1	1	1	1	66.1108004390895	1	1	1	1	1	1	1	1	19.8292971405443	1	1	55.855194727402	44.1917484878728	14.5619610073632
GBA	1	22.9669859237448	1	1	1	36.4791748217058	45.2980080728071	1	1	1	1	1	1	1	1	48.3649287707488	1	1	1	25.646604916909	1
GBGT1	1	18.6943269318505	1	1	1	1	37.7194839516586	1	1	1	1	1	1	1	1	25.2744653526453	1	1	20.2199197331453	1	1
GBP2	50.206982184411	92.5101553062306	117.180931210167	201.822007048393	44.5030387678692	265.059301257314	79.406853122174	1	127.195449646816	68.3613458811185	1	227.517845582548	44.2359924990421	445.778287882456	177.17745250425	50.7390375611273	64.371496829038	19.0651028032891	54.524728153546	121.68177830947	1
GBP3	1	1	1	44.2148622289538	1	1	1	1	28.9946633528802	36.3206572926616	1	1	1	1	1	1	38.1503314604641	1	1	27.0091028585124	1
GBP5	1	21.9030183495089	63.4236855407719	133.911635294343	1	86.1910124637075	32.0456024530145	1	82.4674507487922	40.3620100998224	1	135.567445709147	36.6169100786357	212.375317901523	95.6064557642992	21.4648514786729	29.2031198222022	1	18.543725842824	55.2702355986138	1
GBP6	106.393759501163	1	1	1	1	1	1	1	1	1	1	1	1	1	1	1	1	47.6080892621899	1	1	355.908752285261
GCA	18.4149416945809	194.109482816316	1	1	56.7391472343865	1394.58141080522	72.6275545503001	1	1	1	41.4751547150646	1	68.7572741576719	1	1	71.5889362415453	1	31.8362743767146	98.6585562796384	54.2995584722941	59.8149623319093
GCAT	32.4161618398715	1	1	1	1	1	1	1	1	1	1	1	1	1	1	1	1	1	1	1	56.1165351523598
GCC1	1	16.3065858908413	1	1	1	1	1	1	30.7972645686711	1	30.4710289009058	1	32.1194510659691	22.3684132368308	1	1	1	21.7396215404583	1	1	1
GCFC2	30.0342686711211	1	1	1	1	1	1	1	1	1	1	1	1	1	1	1	1	1	1	1	1
GCHFR	1	21.8293220687348	1	22.4717262500204	1	1	126.652837331383	1	36.7838556944359	1	1	1	1	30.9453979269959	30.0899021995314	200.155755882321	1	1	1	1	1
GCNT1	1	1	1	27.2518991552636	1	1	19.8929816090958	1	1	1	1	92.6481631019557	1	80.576156314941	1	1	1	23.3761605400224	1	1	1
GCNT4	1	1	45.6712499582441	1	1	1	1	1	1	28.4031089561923	1	1	1	1	1	1	1	35.433849824014	1	1	1
GCSAM	1	1	1	1	1	1	1	1	1	29.2163103649998	1	1	1	1	1	1	1	1	1	1	1
GCSAML	1	1	1	1	1	1	1	1	1	1	1	1	65.0206290457714	1	1	1	1	112.147286781497	1	1	1
GCSH	98.7837518220621	1	1	1	1	1	1	1	1	1	1	1	1	1	1	27.758800951509	20.080541510195	41.9795535651446	1	1	85.9573007183476
GDF11	37.5773069115637	1	33.4613762212474	42.9875880254098	1	1	1	1	30.8553205269567	23.8526205260646	1	1	1	1	1	1	1	1	1	1	1
GDF15	1	50.9757469261397	1	1	1	1	1	1	1	1	1	1	1	1	1	37.046517639837	1	67.8890014677795	1	1	1
GDNF	1	1	1	1	1	1	1	1	1	1	1	67.1019371068992	1	1	1	1	1	1	1	1	1
GEM	82.4630167440735	75.2807454084166	53.3544661514118	1	1	1	59.8067513790914	1	55.4662199978894	1	1	238.574123194943	144.950830832841	200.471462737116	294.290037844071	99.7901582892129	310.510536203852	163.115043391055	80.4177860369034	82.1751027149574	1
GET4	28.4911834439836	1	1	1	1	1	1	63.8350600042623	1	1	1	1	1	1	1	1	1	1	1	1	1
GFI1	1	1	1	47.1690102504436	1	1	1	1	1	1	1	63.1264836170579	1	1	1	1	1	1	1	1	1
GFI1B	1	1	1	20.6101038934989	1	1	1	1	1	1	1	1	30.3268469540962	1	1	1	1	16.4177789516034	1	1	1
GFM2	18.3141924330063	1	1	1	1	1	1	1	1	1	1	1	1	1	30.5322991186699	1	1	25.8751997464087	1	1	1
GFOD1	1	22.5349282610957	1	172.625958581311	33.2013776856627	1	21.8844336100979	1	36.6382403203638	1	1	110.558072897741	21.452493820789	1	45.4960024518309	24.5500879404849	41.3671231824981	1	1	26.7142942157243	1
GFPT2	1	1	1	1	1	1	1	1	1	1	1	1	1	1	1	1	101.280207444028	1	1	1	1
GFRA3	1	1	1	1	1	1	1	1	1	1	1	1	1	1	1	1	1	128.326357162251	1	1	1
GGCT	336.859675167116	45.0703190461525	1	30.2029939358693	1	1	36.0613757260169	1	1	21.4719421412286	1	45.1724318590684	1	1	1	79.2979282009967	25.4843248565655	101.626294090922	51.6149159278992	34.7151407190897	176.228660177422
GGH	52.9638978122378	1	1	1	1	1	1	28.7414279615017	1	1	1	59.7995335858494	1	1	1	1	1	25.7920477527065	1	1	34.3097257288845
GGT5	1	20.506497275685	1	1	1	1	1	1	1	1	1	1	1	1	1	1	152.12077082536	1	1	1	1
GHET1	1	1	1	20.210134584814	39.5873288272354	1	1	1	1	1	1	1	1	1	1	1	1	14.967310813801	1	1	1
GID4	24.445558579304	20.9386593217626	1	1	27.0101343881107	34.1438235771672	15.4973071946072	1	1	21.4722574769455	31.5936746564203	26.8682890401303	22.4509820014679	1	1	1	1	17.0132424254211	1	1	49.4195819588268
GIMAP1	1	86.6817049165773	70.8689069109881	170.841873750872	1	1	23.3893867561738	1	95.6806693676158	229.741237683955	1	1	27.723931660325	30.2663073295613	43.3141150109996	1	1	1	1	1	1
GIMAP2	1	42.6729008798747	56.1927763479128	97.6892362588605	1	1	24.6935417330314	1	53.2118257912273	149.663069159901	1	1	1	1	28.9338874018041	1	1	1	1	1	1
GIMAP4	1	162.190224073352	159.697388627738	422.429890123937	1	262.081506788866	87.6892147979099	1	243.296598518998	501.077320581233	1	77.3693824239327	47.0960134424602	31.6252205132767	113.666417595013	46.5529164803377	59.0366847361687	1	39.1559691275531	59.9133998529352	1
GIMAP5	1	32.4413428397472	127.402908140763	184.28568440585	1	1	51.8571905471451	1	141.780458049402	352.799614123575	1	90.9274385606854	41.6740111783826	39.0924813120013	77.7106213160209	1	142.337043477435	1	1	52.0419654037872	1
GIMAP6	1	42.2636718155521	51.332961264974	238.815079648571	1	1	26.8341277298483	1	86.5186686156034	127.551848376215	1	114.02973195439	32.9905210896327	1	33.8999460311333	1	1	1	1	1	1
GIMAP7	1	73.5815776447374	163.684542971057	349.119234084992	1	1	1	1	175.572967312038	583.717289322916	1	117.617521633022	31.2469754883301	37.1924519311071	71.4897274123524	1	1	1	1	1	1
GIMAP8	1	56.4700529702754	1	36.231762827969	1	1	19.9172524793397	1	1	40.7547350154165	1	1	1	1	1	1	42.0872578535934	1	1	1	1
GINS1	38.0808280824557	1	1	1	1	1	1	1	1	1	1	1	1	1	1	1	1	1	1	1	17.7104356675723
GINS2	54.83768926566	1	1	1	1	1	1	1	1	1	1	37.4300276547175	1	1	1	1	1	1	1	1	1
GJA1	35.9396591483448	1	1	1	1	1	1	1	1	1	1	1	1	1	1	1	142.814056809344	65.4736818746955	1	38.515610854604	95.805289886589
GJA4	1	1	1	1	1	1	1	1	1	1	1	1	1	1	1	1	45.6770542561382	1	1	1	1
GJA5	1	1	1	1	1	1	1	1	1	1	1	1	1	1	1	1	136.317914678105	1	1	1	1
GJB2	1	1	1	1	1	1	1	1	1	1	1	1	1	1	1	1	137.973608515319	1	1	1	1
GJB3	51.3364325721699	1	1	1	1	1	1	1	1	1	1	1	1	1	1	1	1	34.7861162891133	1	1	30.0910231988262
GJB5	19.2474825725041	1	1	1	1	1	1	1	1	1	1	1	1	1	1	1	1	1	1	1	61.6038129361038
GJB6	23.3048488376738	1	1	1	1	1	1	1	1	1	1	1	1	1	1	1	1	1	1	1	53.3374186483746
GK	28.1364308894766	173.221471976876	1	1	1	291.771372957318	183.567026572735	1	1	1	1	1	115.501007600742	187.915074685292	97.4694487152617	226.826235936726	1	48.9030241950846	160.558749072653	176.861351298041	1
GKAP1	1	1	1	1	1	1	1	1	1	23.2738759192435	30.9167073755268	1	1	1	1	1	1	1	1	1	1
GLCCI1	45.3609831545973	38.6879668463175	144.409663560319	145.129444434502	100.384954544937	40.9233472626545	1	185.433002563166	163.571740451211	105.321629067834	58.5560945049939	173.456618429472	50.3603067924823	392.676293869951	354.183967149077	1	1	1	1	25.1025418502274	1
GLI3	1	1	1	1	1	1	1	1	1	1	1	1	1	1	1	1	62.4288251960707	1	1	1	1
GLIPR1	1	229.748962311423	260.637284770964	139.90703454253	188.298007347074	208.723901296672	154.142911976466	47.0048350332016	179.749753223932	1	215.352706637762	142.60231595712	95.8299997461772	159.915314803067	155.544654694384	109.013896070575	93.2025614246523	1	203.706412303473	95.1623984296885	1
GLIS2	1	1	1	1	1	1	1	1	1	1	1	1	1	1	1	1	54.6348661803385	1	1	1	1
GLMP	26.3188126218297	52.5423668406744	1	36.0015718503837	1	1	214.554397477008	23.1315984477638	1	1	1	25.9858191165115	23.9859946902958	35.3787147099842	1	163.487510997538	41.4498483001945	48.103467270014	42.1928296306296	51.8945957768656	22.8429172050419
GLT1D1	1	29.8129518471759	1	1	1	179.68871677577	1	1	1	1	1	1	1	1	1	1	1	1	1	1	1
GLT8D1	18.4208785211751	16.9653438181707	1	36.6871396004857	1	1	1	22.2882585212287	1	1	1	1	1	1	1	1	43.631519146177	15.3491609285303	1	1	15.140031699333
GLT8D2	1	1	1	1	1	1	1	1	1	1	1	1	1	1	1	1	77.7172868578392	1	1	1	1
GM2A	39.4434383759466	143.835359376757	1	24.6993614881884	70.4788538124136	1	955.121836463572	114.83030087215	1	1	114.001511492509	1	96.4843714137694	81.0885709463109	36.6828820811579	823.323651213876	101.090721098832	143.23779631502	283.877241294032	219.157515384905	44.6540999984626
GMDS	34.7953030489116	26.0278994383002	1	1	1	1	1	42.7279423778046	1	20.1270230974017	1	37.1999136421326	1	36.9731191572665	26.6407902036627	1	22.4327854717159	39.5408189729419	18.15696861876	1	29.2079114315313
GMEB2	16.7904286949938	18.6738756930216	1	1	1	1	1	1	1	36.7185030385122	1	1	1	1	1	1	1	1	1	21.6992538016218	65.7454529826336
GMNN	59.8840842768939	1	1	1	1	1	1	1	1	1	1	1	1	1	1	1	1	1	1	1	1
GMPPB	1	1	1	1	1	1	1	48.7263178170141	1	1	1	1	1	1	31.2923970707791	21.9867172217956	31.4940523027377	1	20.3360241403604	22.7415064748754	1
GMPR	1	1	1	1	1	1	21.6757259404547	1	1	1	1	1	1	1	1	24.9286947353929	1	56.2633484022023	1	1	1
GNA11	92.3480165260418	36.237993712566	1	1	1	1	19.4463678481382	1	1	1	1	1	39.6119724449708	1	1	26.9575483478001	75.2772077193916	54.7348036007975	1	75.8609823406892	47.8795337601798
GNA12	26.0972360825447	35.3448912824448	1	1	86.1241103953169	1	49.0739917968584	1	1	1	63.063966643989	1	48.8563678569526	39.8355514670576	33.0287888345168	62.0460650495997	25.2264378795394	37.6796297932205	48.3543158905647	57.9503601559653	1
GNA15	33.0450007307217	75.7769280199104	30.1339117896076	1	1	1	60.6271962493807	1	1	1	1	41.6962335755783	75.2631899314532	62.07971329272	39.0339702309122	81.8898102686339	1	36.2997492573487	169.545794977047	76.5775642925276	1
GNAL	1	1	1	25.5043825519925	1	1	1	1	1	1	1	1	1	1	1	1	1	1	1	1	1
GNAO1	1	1	1	1	1	1	1	1	1	1	1	1	1	1	1	1	1	1	32.4479198518441	1	1
GNB4	1	63.1518223489689	1	1	35.8682235219319	63.5697084473543	196.366135640725	1	1	15.4247494041737	1	33.6107749576703	52.0645987440473	1	1	152.243829295851	64.6369748217544	27.6568422780048	104.295876192431	77.9351845682127	64.4003957554743
GNG12	44.6527624378328	1	1	1	1	1	1	1	1	1	1	1	1	1	1	1	95.0085909791115	33.6300132382464	1	26.1375756312211	128.663622679835
GNG2	43.6520758831441	56.6408759307643	171.618630278152	453.869664531643	50.6041162385908	188.039908822407	1	1	235.915465443663	56.4197591318703	65.621068753307	245.436083066414	155.611892947937	275.695458586105	170.073037653511	1	1	36.4148524106658	43.9128492769046	24.6017565900841	1
GNG4	28.5385738548497	1	1	1	1	1	1	1	1	1	1	44.7312703146579	1	1	112.767120366319	1	1	1	1	1	1
GNG7	1	1	1	1	125.097914404746	1	1	51.0065140880507	1	1	101.434277567362	1	37.0087143556127	1	1	1	1	1	1	1	1
GNGT2	1	1	1	25.8634586351904	1	1	1	1	1	1	1	43.8022233362899	1	1	1	1	1	1	28.4199627654653	1	1
GNLY	1	1	1	3812.97851562109	1	1	1	1	557.237848456342	1	1	5291.3100565097	77.0246423340186	1	1	1	1	1	1	1	1
GNPDA2	1	1	1	1	1	1	1	1	1	23.2543550527719	1	1	1	1	1	1	1	1	1	1	1
GOLGA1	1	1	1	1	1	1	1	1	1	1	1	1	1	1	1	1	1	22.0912248152981	1	1	1
GOLGA5	42.1062871347236	30.5157189038342	1	34.6756191638431	1	1	22.744046756301	26.7875437886682	1	39.6997508116353	1	1	1	1	1	35.5126286067259	49.5664972085201	32.5894948456253	1	21.3471221630369	20.2593594604121
GOLGA6L1	1	1	1	28.2233931030106	1	1	1	1	1	1	1	1	1	1	1	1	1	1	1	1	1
GOLGA8A	1	1	1	24.0677394665399	1	1	1	1	1	27.4931270312929	1	1	31.9824194419149	25.1875833249127	1	1	19.4377354581988	1	1	1	1
GOLGA8B	1	1	29.2230049171876	28.7374082057331	43.2269132004705	1	1	1	1	24.1120488878011	1	27.0033185791608	1	44.4995757445803	1	1	1	1	1	1	1
GOLGA8N	1	1	1	36.7498503881596	1	1	1	1	1	1	1	20.9748172188893	1	1	1	1	1	1	25.9313900651674	1	1
GOLM1	45.2331558688773	87.5295594618542	1	39.0475981353482	1	1	1	1	1	1	1	1	1	1	1	27.0579029878818	180.70587231181	158.998539496249	1	104.291060203997	1
GOLPH3L	22.6027736135296	1	1	1	1	1	1	1	1	26.8233136595915	1	1	1	1	1	1	1	20.9797548857047	1	1	1
GOT1	88.6771737931915	1	1	1	94.3229367768334	1	14.6404202534774	1	1	1	55.0038350284385	23.1738253791154	44.8813728310078	1	1	21.0587008991855	1	106.633138209745	32.6775527345447	1	39.9820036987616
GP6	1	19.686796493163	1	29.807487649778	1	1	1	1	1	39.0002097956006	1	1	1	1	1	1	16.5420077711482	16.234291490736	1	1	1
GPAT3	1	55.2656259662475	1	1	1	84.504393500275	1	1	1	1	1	1	62.2749123647281	1	1	26.2819866342199	1	48.0426121024117	160.44323724555	57.7817651781798	1
GPATCH2	23.2189733504215	1	1	1	1	1	1	1	1	1	1	1	1	36.2377273132696	1	1	1	24.0865396906326	1	1	1
GPATCH4	101.959493624587	20.1560777147776	1	34.4530947022883	29.6736051919102	1	17.0087264827521	1	31.4933873073284	62.3072005904364	56.8907864639763	38.3679502451525	1	1	30.762592086744	35.0441567257068	1	31.0722267849198	22.5527065277694	1	70.342297303516
GPC1	107.206234260276	1	1	1	1	1	1	1	1	1	1	1	1	1	1	1	94.2275575994201	48.2842301315815	1	1	191.022566554476
GPC2	1	1	1	1	1	1	1	1	1	21.5313298911528	1	1	1	1	1	1	1	1	1	1	1
GPC3	261.617198235606	1	1	1	1	1	1	1	1	1	1	1	1	1	1	1	119.752298107768	83.3305930308466	1	1	260.134941328321
GPC4	31.2720227590007	35.1582796611603	1	1	1	1	1	1	1	1	1	1	1	1	1	1	25.0521877361311	35.0400650395462	1	29.3592118702201	1
GPC6	1	1	1	1	1	1	1	1	1	1	1	1	1	1	1	1	45.6678753234762	1	1	1	1
GPD1L	20.2230072314384	21.2919317093165	1	1	1	1	1	1	1	1	1	1	59.7854302561646	1	1	1	1	30.3812711602236	1	1	1
GPIHBP1	1	1	1	1	1	1	1	1	1	1	1	1	1	1	1	1	77.9461235503447	1	1	1	1
GPKOW	1	1	1	28.8400569693532	1	1	1	1	1	1	1	1	1	1	1	1	1	1	1	1	50.9545667839098
GPLD1	1	1	1	1	27.5340468712247	1	1	1	1	1	1	1	1	1	1	1	1	1	1	1	1
GPM6B	1	1	1	1	1	1	1	1	1	1	1	1	1	1	1	1	46.1717187898553	1	1	1	1
GPNMB	112.637898772705	112.420140023112	1	28.5508869705747	1	45.6304117132902	3386.2198097783	1	23.265543433842	19.5386147107869	1	1	97.9599145978738	1	1	2260.10015540667	145.751903147202	242.072828789722	262.779375362449	365.419113381014	156.225312032888
GPR132	1	30.8681709604067	81.0935427516811	1	36.3872838995882	1	29.483888797473	1	62.3622388873063	1	34.8995594880456	1	1	69.6033340171907	27.8843850136464	24.7288843566802	1	1	28.3885515359401	53.5814751005034	1
GPR137B	24.8234067419003	27.1864760356108	1	1	1	1	120.846414158423	1	1	1	1	60.112001508556	30.4727441062343	67.2673159527202	51.480178790889	100.88731722776	1	37.1308529242306	92.7749906791866	120.214692150538	1
GPR137C	1	22.0694769346897	1	1	1	40.8380380757951	1	1	1	26.0524319137038	1	1	28.1719747913672	1	1	1	18.66999860349	23.4361889661951	1	1	1
GPR153	1	1	1	1	1	1	1	1	1	1	1	1	1	1	1	1	1	1	1	25.8203530685941	1
GPR157	1	36.7870410148215	1	1	1	1	19.598404125548	1	1	1	1	1	30.0599886458813	1	1	33.6642857064177	1	25.0673201810276	111.119077957801	242.43995021661	1
GPR160	22.9755856703982	29.32450546428	1	1	104.267236807927	69.1810085563929	20.297851307193	24.606500903779	1	1	1	1	1	1	1	27.1707086659829	1	20.2928082086154	29.622892205662	1	24.1817382633736
GPR171	1	1	271.39106489103	44.8424677329313	1	1	1	1	166.899228755258	65.5742555280516	1	149.888417936127	48.8856513704221	145.214329985357	125.51442505993	1	1	1	1	1	1
GPR176	1	1	1	1	1	1	1	1	1	1	1	1	1	1	1	1	41.5791307685343	1	1	1	1
GPR18	1	1	32.6427527286574	28.5026315873493	187.823687137719	1	1	1	35.0159600240383	1	57.8566372605555	43.6996773449011	1	1	44.627130663023	1	1	1	1	1	1
GPR180	1	1	1	1	1	1	1	1	1	24.1593157270432	1	1	1	1	1	1	35.6758645832967	1	1	1	1
GPR183	37.1903782965013	386.466224933787	571.043620051725	1	306.271485487121	1	668.229293576288	53.5115182669216	255.658630363488	115.442776021624	925.711206232137	224.986309213622	2635.1575756601	269.1933277447	197.739603103672	349.234785846235	34.3227785490284	34.9215301752195	1538.93292872597	1458.43460749658	1
GPR27	1	1	1	1	1	56.6339077833259	1	1	1	1	1	1	1	1	1	1	1	1	1	1	1
GPR34	1	1	1	1	1	1	83.3730889957601	1	1	1	1	1	1	1	1	24.0983089015599	1	26.2194082930127	34.1468658543368	1	1
GPR68	1	1	1	47.7133437597972	1	1	1	1	36.8795373142786	1	1	39.3358127677095	1	1	26.6776968949442	1	1	1	1	1	1
GPR84	1	1	1	1	1	87.1735176412363	29.6029589763751	1	1	1	1	1	42.3274344905916	1	1	45.0198568235868	1	1	34.4236331341934	39.0643867254831	1
GPRASP1	1	1	1	1	1	1	1	1	1	30.5651165748494	1	1	1	1	1	1	1	1	1	1	1
GPRC5A	31.6094595049765	168.422422249539	1	1	1	1	1	1	1	1	1	1	1	1	1	45.8899389889868	40.3831451111194	73.8751858273094	1	243.041972820409	11.4344361760649
GPRIN3	32.2879829093943	45.679260403603	150.273041924499	84.6430671410193	1	1	60.4017958808429	1	107.79629545767	66.0701983925483	1	124.963848565111	44.4201872349908	151.267166621091	179.90933499412	63.4972426085145	1	32.3440145554666	100.374066420395	51.6193254371075	1
GPT2	16.6401068933262	21.0872301070408	1	1	1	34.2097166130748	1	23.7122917150013	1	16.2564140600922	1	28.9233760664742	36.8889067791996	1	30.2584640159927	1	1	47.6758048445287	1	1	1
GPX2	492.748686024028	1	1	1	1	1	1	1	1	1	1	1	1	1	1	124.468481533002	1	221.436350919432	1	1	1280.4576055172
GPX3	1	40.0329004100738	1	1	1	1	95.2570144272011	1	1	1	1	1	1	1	1	39.7888667725057	331.366194293663	1	76.273563537501	201.458056512546	1
GRAMD1B	1	1	1	1	1	1	19.5387426884772	1	1	1	1	1	40.1444523881251	1	35.2197716662175	1	1	1	1	1	1
GRAMD2B	19.9295772002232	1	1	1	1	1	1	1	1	1	1	54.355156872402	1	56.2166136727221	41.2806616289374	1	14.2883360014159	53.9748131465035	1	42.5654113873683	1
GRAP	1	1	1	1	22.921250431674	1	1	1	1	45.9025554745653	42.2323132936384	1	1	1	1	1	1	1	1	1	1
GRAP2	1	1	34.506753752684	48.7252773466082	1	1	1	1	43.6427595374899	59.0084431623002	1	1	52.9175911685441	1	32.7760088062694	1	1	76.5425125706769	1	1	1
GRASP	1	112.577178714036	41.9869843057742	61.3960417044503	434.862421086971	1	99.322737436254	1	35.8531117147485	1	264.877386938841	99.1544741670499	330.394348208763	1	26.539921675108	67.9906456925154	93.812055098247	113.036737768138	315.37841410866	277.535424416077	1
GRB7	46.7606062030065	1	1	1	1	1	1	1	1	1	1	1	1	1	1	1	1	23.4090643762147	1	1	133.795176088034
GREM2	1	1	1	1	1	1	1	1	1	51.9660580243554	1	1	1	1	1	1	1	1	1	1	1
GRK3	24.7374285243309	57.4233521014305	1	1	80.6795769088584	1	59.0623352730601	1	1	1	69.7983968223225	1	31.5023671461115	29.7962301079552	1	50.453347332061	1	28.79475228029	51.6568403369406	55.8205783196669	26.1310378642127
GRK5	1	1	28.7094668416004	47.1422098029191	1	1	1	1	31.7023050284986	28.136839144795	32.6670629294333	1	1	32.1329075449955	37.4760817066275	1	133.033114812651	25.1917820933778	1	1	1
GRM4	1	1	1	1	1	1	1	42.1778699998556	1	15.8756405310634	1	1	1	1	1	1	1	1	1	1	1
GRM7	1	22.1947284370481	1	22.255111364745	1	51.3275007592816	1	1	1	16.6978790786363	1	1	1	1	1	1	1	1	1	1	1
GRN	96.9257092438204	1265.57211357158	46.3139105502566	66.2848248006551	62.2194729759263	542.086599790117	3515.02851505407	227.484196259813	38.3194178402534	34.9935192176823	217.72517711005	48.1734309514288	415.887004432145	118.230220130705	37.7130455981696	2395.64475504828	424.139581404594	300.596618157616	1683.32557258351	1129.44772142185	160.850666349529
GRPEL2	19.819946639572	1	1	1	1	1	1	1	1	22.9471636052683	1	1	1	31.1329931301229	1	1	29.8273391923125	1	1	32.566383358179	1
GRWD1	34.1502344374598	1	1	1	1	1	1	1	1	1	29.1069762913634	1	1	1	1	1	1	20.6124776602845	1	1	1
GSAP	1	35.660093865873	1	197.445490316692	75.8287081977684	1	38.1243555270756	1	1	23.7878488407384	54.162994525931	20.9965181716354	43.3642540972003	1	1	32.6023581872136	1	1	41.6939908402739	1	1
GSDMB	1	25.6299895772317	1	37.7322585052934	46.6634920047007	1	16.1327706772696	1	1	1	1	35.1385411309748	45.5088069354161	1	1	1	1	22.9440338633132	1	22.7097266217143	1
GSDMC	54.2486086382215	1	1	1	1	1	1	1	1	1	1	1	1	1	1	1	1	1	1	1	179.642410300436
GSDME	1	1	1	1	1	1	43.4841753945175	1	1	1	1	1	1	1	1	66.7754226471119	1	1	1	1	1
GSKIP	31.7107439992194	1	1	1	24.8081870631045	1	1	1	1	14.2486722701679	1	1	1	1	1	14.6863865031811	1	34.8546450022062	1	1	63.3460599580194
GSN	309.996576256482	392.846007355873	1	126.418123412235	1	211.033166861899	478.050852246372	1	1	1	49.8378397426378	78.367539866929	153.626145873861	37.1028488507131	1	779.952967872005	616.599381362613	352.775358316404	1757.69227245534	1002.07155225486	585.839060915606
GSTA1	322.502200489155	1	1	1	1	1	1	1	1	1	1	1	1	1	1	1	1	76.6459512407273	1	1	668.120789961021
GSTA2	1	1	1	1	1	1	1	1	1	1	1	1	1	1	1	1	1	53.9995617978059	1	1	1
GSTA4	110.617431542281	1	1	1	1	1	1	1	1	1	1	1	1	1	1	1	1	35.4765670766321	1	1	379.664463281644
GSTM3	321.69351798613	24.0913459974544	1	27.661815077371	1	1	1	1	1	24.9024003266985	1	43.4400171066591	36.8513376279521	1	1	49.324497577563	73.2588292699929	80.6957547942349	1	24.9800660875547	477.350063156087
GSTM4	78.1324652799908	1	1	1	1	1	1	1	1	1	1	1	1	1	1	20.6718930957251	1	21.5595483700844	21.7147546696739	1	101.102644327247
GSTM5	1	1	1	1	1	1	1	1	1	1	1	1	1	1	1	1	57.8726068527742	1	1	1	1
GTF2H4	17.0324076815652	1	1	1	1	1	1	1	1	1	1	1	1	1	1	1	1	1	1	1	44.5326661478799
GTPBP10	1	22.7703408644321	1	38.4405733870162	48.5768038854362	46.7325929289111	1	1	1	50.7864400200296	1	1	1	1	1	15.3735357722768	1	23.0204481843778	1	23.9282811613453	1
GTPBP3	38.6281725067018	1	1	1	1	1	1	1	1	25.5096283969133	1	1	1	1	1	1	1	1	1	1	1
GTPBP8	31.5443590937071	1	1	25.9725607454986	1	1	1	1	33.1415494103936	1	1	25.6115323670619	1	1	1	1	1	1	1	1	18.6321746099088
GUCY1A2	1	1	1	1	1	1	1	1	1	1	1	1	1	1	1	1	44.5003352230376	1	1	1	1
GUCY1A3	1	1	1	1	1	1	1	1	1	1	1	1	1	1	1	1	90.3784193547983	1	1	1	1
GUF1	1	1	1	1	1	1	1	1	1	1	1	1	23.2686522959273	1	1	17.7759525060852	1	1	1	1	1
GUSBP11	1	1	1	1	1	1	1	492.1619338184	1	1	1	1	1	1	1	1	1	1	1	1	1
GXYLT1	1	18.8122189989973	1	44.2368245504372	50.6826140591813	1	16.883697551251	1	36.8245538238557	1	1	16.9794447153569	20.5126378170144	30.7976163835164	1	17.2706902452992	1	22.457421916723	15.6240482326348	1	1
GZF1	1	21.4241474137479	1	1	23.3921811376594	1	33.8869018214274	1	1	1	29.9412046146851	87.1253966602195	63.2961004225858	1	1	1	1	1	79.6285935380673	45.7515772888696	1
GZMA	71.4443777452335	1	138.315279842653	937.085472464833	1	1	1	1	619.682828941055	1	1	2715.43166156558	1	75.3564468643881	89.3804541922343	1	1	1	1	1	1
GZMB	166.917370863999	1	1	1456.5063716129	1	1	1	1	332.329190912986	1	1	1698.52759860551	748.433506068433	87.8188603833541	91.5921857001015	1	1	1	1	1	1
GZMH	1	1	1	360.557353008109	1	1	1	1	244.873326271282	1	1	298.9427728431	1	1	1	1	1	1	1	1	1
GZMK	1	1	277.905872040112	52.6856333171646	1	1	1	1	1057.84985027621	1	1	198.228115176542	1	1	105.921066517903	1	1	1	1	1	1
GZMM	1	1	80.2420610793399	305.38773070577	1	1	1	1	217.174667441603	48.6396494278454	1	171.014256927822	1	35.1834728092536	84.7953419484824	1	1	1	1	1	1
H2AFY2	21.0334803538849	1	1	1	1	1	1	1	1	1	1	1	1	1	1	1	1	1	1	1	33.0208949791905
HAAO	1	1	1	1	1	1	18.4174212463518	1	1	1	1	1	1	1	1	1	1	1	1	1	1
HABP4	1	1	36.8607870691827	1	1	1	1	1	1	1	1	1	1	1	38.5549463169646	1	1	1	1	1	1
HACL1	16.3452677952669	1	1	25.2817108878725	1	1	1	1	1	28.0639944073919	1	1	1	30.3590043055566	1	1	1	16.9514729669742	1	1	35.8311506203141
HAGLROS	1	1	1	1	1	1	1	1	1	1	1	1	1	1	1	1	1	1	1	1	103.539160768278
HAL	1	1	1	1	1	88.510046394076	1	1	1	1	1	1	1	1	1	1	1	1	1	1	1
HAMP	1	1	1	1	1	1	57.10129882912	1	1	1	1	1	1	1	1	94.1773176956761	1	1	1	39.71418847181	1
HAND2-AS1	1	18.2943124915438	1	23.7992080044393	1	47.9514081754516	1	1	1	1	1	1	19.9969771390336	1	1	1	1	1	1	1	1
HAPLN3	1	1	1	1	1	1	1	1	1	1	1	1	1	34.8759174526929	1	1	47.7462159696307	1	15.9522006464147	20.5205444146795	1
HAS1	1	1	1	1	1	1	1	1	1	1	1	1	1	1	1	1	76.6576441350493	1	1	1	1
HAS3	53.9318367799632	1	1	1	1	1	1	1	1	1	1	1	1	1	1	1	1	34.9187232184648	1	1	81.2881197224332
HAUS1	23.3550285293629	1	1	1	1	1	1	1	1	21.1942442860679	1	1	1	1	1	1	1	1	1	1	1
HAUS3	16.363794846489	17.3140349453333	43.3288157355599	32.3166652365516	1	33.3991869976137	1	1	39.6506094507177	38.055034828245	1	1	39.1340966980625	43.9804026591007	36.5653536699708	1	1	1	1	1	1
HAUS5	1	1	1	1	1	1	1	1	1	34.8077288924008	1	31.0128191361784	1	1	1	1	1	1	1	1	1
HAUS7	30.9678778045501	1	1	23.9580349296863	1	1	1	1	1	1	1	1	1	1	1	1	20.6252437656386	1	22.115502497726	1	24.0361053938877
HAVCR2	1	79.8428677288767	1	158.588549363782	1	1	206.975956141558	1	59.1037774057555	1	1	201.855131804952	73.8415200494574	89.3839242240851	76.7258459733014	168.065579237464	1	52.4319176322201	271.855908348634	171.211973764886	1
HBB	1	57.3721231674048	1	553.326418502895	893.862736359075	9423.72716059925	1	1	40.9526495961355	95.3149649656073	1	1	375.469188269296	1	1	1	1	1	1	1	1
HBEGF	59.2056985438236	377.722251019994	1	1	1	194.262023211683	439.517328145529	1	1	1	1	1	160.402545478178	1	1	333.455722412494	77.1995798115771	92.5989660437859	430.657324662256	355.84043022933	1
HBS1L	44.2233891528928	17.2031015710837	31.0194957890295	35.500156655176	1	1	16.5040092282467	1	27.3873811326642	22.0126943899823	1	1	1	32.2759874610633	44.3168935523952	18.0325196541248	13.8712906049916	31.23654985196	1	1	1
HCAR2	1	1	1	1	1	161.018537806104	30.736688327951	1	1	1	1	1	34.658573385025	1	1	26.058613202446	1	1	22.8093576109401	22.8164844388155	1
HCAR3	1	1	1	1	1	149.933193614087	1	1	1	1	1	1	47.6692739428657	1	1	1	1	1	1	1	1
HCCS	42.9049834120514	17.6125974051196	1	1	38.5775349302408	1	1	1	1	1	1	1	1	1	1	16.2045737415231	1	16.9037605048475	1	1	1
HCFC1R1	1	1	1	1	1	1	1	1	1	1	1	1	1	1	1	25.9912802643627	54.9376745455826	1	1	1	1
HCG27	1	1	1	1	1	34.354373625577	1	1	1	1	1	1	1	1	1	1	1	1	1	1	1
HCK	27.3126983824823	496.488601787875	1	1	1	941.604535385888	289.737672832342	1	1	1	1	1	101.168743406231	1	1	321.901002249776	40.1259643774399	1	423.532077358148	222.560816621656	82.4177105037662
HCST	42.1049321211903	154.653409665499	228.01164969024	682.392893629809	1	53.3301641817588	114.929300178772	1	490.013099847875	208.998364524142	36.9706383338448	384.869074289027	104.801761418456	228.225486457213	208.444713493344	185.599257691952	1	32.6660541380704	153.415697895975	82.026803208461	1
HDAC4	1	25.3952413391078	1	35.6631239774173	1	1	1	1	1	1	1	40.1541126362187	39.1376086282217	33.6085748492748	29.6072749158924	1	1	27.9168230410258	1	1	1
HDAC9	1	23.7319012980903	1	22.4655719588966	30.2096958437062	1	1	1	1	1	40.333950935058	56.9507779092007	1	36.2057562032465	1	1	25.3976448659919	1	22.1443363421092	45.7857289001568	1
HDC	1	1	1	1	1	1	1	1	1	1	1	1	213.687722610486	1	1	1	1	374.792727692662	1	1	1
HDHD2	1	20.4848298828737	1	28.1286522428944	1	1	20.5806695044506	1	1	1	1	32.4531104003038	1	1	1	1	1	17.6949924841031	27.1935552122269	1	1
HEATR1	31.8823220264431	1	1	22.8871463113366	33.3571559139629	1	1	1	1	24.9880084808069	1	1	38.9881309833634	1	1	15.5887359508838	1	30.0356467120417	1	1	1
HEATR5B	1	16.5751665368406	1	32.9268575222962	42.754257342406	1	14.7838877396189	1	1	15.1677588693753	1	1	1	1	1	1	1	15.9963206276764	1	1	1
HEIH	1	50.0579777101849	1	21.1444924722315	31.0220295913218	1	40.0881918521155	27.4133035499975	1	1	1	1	32.4782673268581	1	1	42.3734912130896	49.161615970659	1	39.145337556448	51.0329811474391	21.6215797603084
HELLS	72.7820865512835	1	1	1	1	1	1	1	1	19.42090415123	1	72.2358329598799	1	1	27.4316366925401	1	1	1	1	1	1
HELQ	1	1	1	1	35.954997602837	1	1	1	1	30.6968381243194	1	30.588863450941	1	1	1	1	1	1	1	1	1
HENMT1	1	1	1	60.1696524715808	1	1	1	1	1	1	1	56.0835212359544	1	1	1	1	1	1	1	1	1
HERC3	1	18.0384064311636	1	1	27.1058277056354	1	1	1	1	1	1	1	1	1	1	1	1	1	20.2606312418856	1	24.5251932302316
HERC5	1	1	1	1	1	1	16.0319275939223	1	1	1	1	1	36.8940213478764	39.7824437140377	1	1	1	1	1	1	1
HERC6	1	15.4244798173115	1	1	1	1	1	1	1	32.759252370186	1	1	38.3568838757479	1	1	1	11.9218378024014	1	1	1	1
HERPUD1	169.681391592632	436.029593059881	305.064656507037	144.30866355041	1015.18342665246	130.673939899116	659.009508972727	3393.86869427668	352.009001404128	44.5050674802269	968.505990396185	321.534205642074	994.599035997981	565.189649976682	395.755888499874	371.533012919469	233.184536566785	330.880529183748	572.992923000034	621.230284801103	1
HES1	232.071150288402	170.17522491709	1	1	34.039859212649	1	182.544930192048	1	1	1	56.1031202397992	39.1141584052713	252.699494428867	1	1	130.331100499273	305.363622075856	324.924787037254	34.2762485150869	202.294154580556	117.574531811862
HEY1	79.1603957510237	1	1	1	1	1	1	1	1	1	1	1	32.5126381184915	1	1	1	1	75.5350278009639	1	1	226.819745392923
HFE	1	17.4212137358828	1	1	1	1	22.5477063830078	1	1	1	1	1	1	1	1	1	1	1	1	1	20.0172976973977
HGF	1	1	1	1	1	1	18.6184836016531	1	1	1	1	1	1	1	1	1	66.3362662121327	1	1	1	1
HHAT	1	1	1	1	33.3228001200234	1	1	1	1	1	1	1	1	1	1	1	1	1	1	1	1
HHEX	1	35.0418175249102	1	1	40.5740036499756	36.4891029993369	1	1	1	1	33.680120018913	1	1	1	1	1	1	1	1	1	1
HIC1	1	40.2379828282659	41.9015768936295	38.0914068138095	1	1	22.4196965544253	1	62.8949617144134	1	1	92.9714535403417	124.99785576503	1	43.9062549052616	30.8882434358274	113.122147413736	1	170.479362456006	95.8628829982528	1
HIC2	1	1	1	1	1	1	1	1	1	1	1	1	1	1	1	22.8270679144643	1	17.3864532722664	1	1	1
HID1	1	1	1	1	1	1	1	54.167901879792	1	1	1	1	1	1	1	1	1	23.9526638760383	1	1	1
HINT2	52.1703018613567	18.2300561154627	1	30.1799648121071	1	1	1	1	1	1	1	1	1	1	1	1	1	17.303331384577	1	1	46.3871295258908
HIP1R	1	1	1	1	133.435508680583	1	1	1	1	1	38.9002951796696	1	1	1	1	1	1	21.3742288972885	1	1	1
HIST1H1C	1	1	1	1	1	64.2064394240087	1	48.9181057279358	1	1	1	1	1	1	1	1	1	17.7425522360494	1	1	23.389835726933
HIST1H2AC	1	22.8600755430979	1	1	1	256.175903397767	1	48.1377229288176	1	1	1	1	1	1	1	1	1	27.8483032820742	1	1	1
HIST1H2BC	1	1	1	1	1	64.0944800727419	1	1	1	1	1	1	1	1	1	1	1	1	1	1	1
HIST1H2BD	19.7401613269275	1	1	1	1	1	1	70.1799342876222	1	1	1	1	39.4232482865075	1	1	1	1	37.7221856617238	1	28.4973770885644	34.3041769857277
HIST1H2BG	1	1	1	1	1	34.63433402881	1	70.9204209675758	1	1	1	1	27.6231909678872	1	1	1	1	1	1	1	1
HIST1H2BJ	1	1	1	1	1	1	1	19.9387565668037	1	1	1	1	1	1	1	1	1	1	1	1	1
HIST1H2BN	1	21.8538040057524	1	34.2523174384576	36.4378612682501	53.5526297232318	1	1	1	19.496470569247	1	1	31.5464897526494	1	27.196456292322	1	1	18.7247981217857	1	1	1
HIST2H2BE	1	1	1	1	1	66.4609666215333	1	1	1	1	1	1	32.9269856988622	1	1	1	1	1	1	1	1
HIST3H2A	74.3718566189568	1	1	1	1	1	1	1	1	1	1	42.6668343694524	1	1	1	1	1	22.2337250861508	1	1	28.2086876702032
HIVEP2	1	1	69.54573684763	25.3482142192974	1	42.713112156372	1	1	47.8351347946208	91.4649436933573	24.750308945833	41.7013379381324	43.5744909605711	44.4280267815725	62.9735522901737	1	37.8552705210328	16.4475593503012	24.0057015289072	30.5072677439898	1
HIVEP3	18.4606024822555	17.8201315020573	1	56.2380970803461	1	1	1	1	36.1677566080376	1	1	58.8474640477273	26.4860538621971	80.2635194754664	64.1534494911162	1	25.7764548788602	1	25.8895656090181	22.2861974026983	1
HJURP	34.4647721467381	1	1	1	1	1	1	1	1	1	1	1	1	1	1	1	1	1	1	1	1
HK2	155.936548733717	119.147302950405	1	1	1	72.228743602702	93.507903491324	1	1	1	1	1	142.022780383516	1	1	245.79436176368	1	194.070319256621	115.88710198671	150.729630786001	89.7551780739717
HK3	1	102.323516330267	1	1	1	63.851668489858	57.6631996676896	1	1	1	1	1	1	1	1	103.953372492471	1	1	1	1	1
HKR1	1	1	1	35.6951146579141	1	1	1	1	1	1	1	1	1	1	1	1	1	15.040108034672	1	1	1
HLA-DMA	1	125.388154868718	1	1	274.257994814029	1	378.873700664472	32.4746441807382	36.1917113408908	1	164.533126996156	1	55.2059696378978	52.3123891751204	30.2238150037135	171.878621601532	29.8775230424205	1	329.314675515832	182.364861591508	1
HLA-DMB	1	183.086300855561	1	1	280.021875347917	1	554.681457036727	1	1	1	166.247324134545	1	72.7354591666506	1	1	230.796000255991	1	1	537.807100935574	260.990573058983	1
HLA-DOA	1	48.260554470337	1	1	269.04544220232	1	222.716294121954	1	1	1	151.078477659114	1	59.1444321331984	1	1	50.3939921180245	1	1	215.879998219906	131.741149806568	1
HLA-DOB	1	1	1	1	321.697633971617	1	1	136.782906649928	1	1	164.81233139853	1	1	1	1	1	1	1	89.8403976058945	55.105404781253	1
HLA-DPA1	94.2062974083591	1368.40882873725	98.9019234422844	131.893672638377	2177.47209114174	1	3253.80193131734	114.143107651384	306.524823835324	1	1730.7287147816	189.009674583224	498.22615740917	371.757667237463	146.053939084837	1225.17378699564	218.364799399198	42.1210190574152	6243.34320940663	3621.10570296693	1
HLA-DPB1	58.6487668828027	1004.31772165535	110.990589496804	122.481446642166	1507.30119276743	1	2545.71034883836	49.4740348115439	343.382700036044	30.146170310904	1543.22952800319	147.653542918525	357.64180444153	279.463573505738	146.383220630391	868.517486368146	163.219443281339	36.1303707855147	5036.86495495359	2798.86422209194	1
HLA-DQA1	1	267.680998760986	1	1	1275.68520676888	1	898.641531869291	1	46.282966300785	1	894.556654276552	1	86.3996185303759	85.3361038304952	37.6646328234048	233.639965789413	65.5899503479202	1	2068.22784852997	978.883049212428	1
HLA-DQA2	1	1	1	1	95.0020266724025	1	78.7652666505554	1	1	1	53.7476615450629	1	1	1	1	1	1	1	408.136505608205	149.93275126394	1
HLA-DQB1	26.984801187637	529.421442043896	40.330984622446	1	1358.79911561316	1	1593.2831116713	75.9551819319502	62.3868719335379	1	1136.66708162627	32.8356396124795	231.344943726576	169.382005584115	65.8297755269413	470.111161395669	123.269589641537	1	2959.71334885388	1468.29246604902	1
HLA-DQB2	1	1	1	1	1	1	72.5459890469087	1	1	1	1	1	1	1	1	1	1	1	841.828977051556	156.196110581522	1
HLA-DRA	211.432397256577	4499.38370463182	103.083504687489	60.0156529947613	7727.89076777671	127.265761735926	10589.5826201493	155.040527868092	419.471743695098	1	6879.89400489168	363.669247890809	1468.25664411327	581.859081145775	240.194552680081	4619.43263824648	582.24141788688	127.646801231638	16552.9706830182	10122.0465278088	17.5391470088278
HLA-DRB1	204.30595329295	3300.95714237183	181.452481846341	92.1543601881312	3492.16466806276	1	8565.62521901103	153.933371104327	643.381990739649	1	2957.05289114368	430.498530851827	922.233970894888	955.061701329431	302.814464895979	3734.28951917725	719.668479089444	68.3814792666822	11444.5846285035	6912.40850730257	1
HLA-DRB5	1	389.677340232755	1	1	370.206585759498	1	884.782363823902	43.2634364138917	108.863373007976	1	398.335824411495	32.6242537171761	120.36863447899	105.524062343305	51.7152927378765	348.893768025926	84.3794209924102	1	1412.64596048484	772.975873604975	1
HLA-F-AS1	1	1	1	1	1	1	1	1	1	36.992938539811	1	1	1	1	1	1	1	1	1	1	1
HLCS	1	1	1	26.1475543843285	1	1	1	1	1	1	1	1	1	1	1	1	1	1	1	1	1
HLF	24.8322332038335	1	1	1	1	1	1	1	1	1	1	1	1	155.484339667521	1	1	1	1	1	1	55.8355347972506
HLTF	30.5080148025111	1	1	1	1	1	1	1	1	1	1	1	18.020592909404	1	1	1	1	48.7881088376737	1	1	1
HLX	1	23.8724350305649	1	1	1	124.486366956278	18.4496537968517	1	1	1	1	1	1	1	1	1	45.2055595701606	1	1	1	1
HMBS	34.8697245010507	1	1	1	1	1	1	1	1	1	1	62.0504778351724	1	1	1	18.0747123330619	1	27.1534269403267	1	1	10.544412905543
HMCN1	1	1	1	1	1	1	1	1	1	1	1	1	1	1	1	1	53.104434089528	1	1	1	1
HMGB3	215.495716016269	41.2997476304817	1	1	1	1	1	1	1	1	1	67.0112306679049	1	1	1	37.7130842540373	1	223.995406782592	19.3117102321473	31.7092070475536	105.48764143073
HMGCL	1	31.8237193628701	1	38.8953569149759	1	1	31.8043147174409	17.2539115654517	1	22.8280402906076	1	1	23.6381895083019	1	1	25.0960530382704	27.3974290350792	20.2629650887431	26.6615934421557	1	1
HMGN5	38.6904410304689	1	1	1	1	1	1	1	1	1	1	1	1	1	1	1	1	1	1	1	68.0589320114978
HMGXB3	1	18.1296823545703	1	1	1	1	21.4016079198077	1	1	1	1	41.7721546397265	1	40.3981660844293	1	32.2233004662936	35.9144212067146	33.6855694485366	25.1462722751659	22.6443033187052	1
HMMR	29.9109968802057	1	1	1	1	1	1	1	1	1	1	1	1	1	1	1	1	1	1	1	1
HMOX1	68.9477514559729	191.365890641957	1	1	1	49.0702595542142	493.084799729388	1	1	1	1	50.0809049120225	93.3343722606827	31.0127002812136	1	307.707028895893	49.2944024100742	54.4517660966318	116.76349390006	151.078848945152	31.1696193280394
HNMT	1	74.0709054909946	1	1	1	1	144.905008472969	1	1	1	1	1	1	1	1	102.529571480651	51.9598874858467	1	59.3783328374659	62.4869014925843	1
HNRNPA1L2	1	1	1	1	1	1	1	1	1	1	1	1	1	41.1618167682562	1	1	1	1	1	1	1
HNRNPLL	55.9087862683994	22.2532443007595	67.2653103903999	1	1	1	21.1326271965163	1	62.4924087047419	17.3689063728646	1	52.2700433768625	1	89.0681515690584	76.305783346107	29.7415270607219	31.1225326209829	23.411143705382	33.4771564535681	41.975718211889	25.6572955448851
HOMER1	29.3448699371713	34.301376550051	1	1	1	1	47.9735354950316	24.6448111266024	1	1	33.2611497305376	18.6606263253193	37.6047978455519	1	1	54.8222026418903	1	59.1550974447443	68.1440035077263	39.5419619788354	1
HOMER2	1	21.8794011878498	1	22.2588012842809	53.0640946092302	42.1030972139599	1	1	1	1	1	1	1	1	1	16.3644323942824	1	30.2162565888389	20.1617992686642	28.9622311263191	16.9484536887342
HOMER3	38.6197726961099	31.2138670994368	1	1	1	1	48.3385130461872	1	1	1	1	1	1	1	1	46.5558528542102	20.2922253414165	28.94222318434	1	1	80.9655118305707
HOPX	123.84223656654	222.996396789287	74.1239562377871	504.02225436323	1	1	1	1	135.165262593093	1	53.5496588532203	394.075248588745	1	36.4694995720762	49.9100219784637	67.9078661138711	104.940612054175	93.1586300133796	1	112.525492010919	11.727318122524
HOTAIRM1	1	32.7161498765493	1	36.0661689794427	1	162.988569151797	1	1	1	1	1	1	1	1	1	1	35.3015204195086	1	1	1	1
HOXA11	1	1	1	1	1	1	1	1	1	1	1	1	1	1	1	1	1	1	1	1	48.0503864604633
HOXA5	1	1	1	1	1	1	1	1	1	1	1	101.961787431519	1	1	1	1	34.5980784095629	1	1	1	1
HOXA7	31.0910063940865	1	1	1	1	1	1	1	1	1	1	1	1	1	1	1	1	1	1	1	27.5957422314191
HOXB2	130.652164375377	1	1	64.0727422143786	1	1	1	1	1	36.6862911082306	1	64.6050435763461	1	30.6938701617755	1	1	99.2423427339439	84.9266672135373	1	1	139.244454887777
HOXB-AS1	34.0364949153132	1	1	31.4463790736336	1	1	1	1	1	19.8097016805194	1	1	1	1	1	1	1	24.0361872978082	1	1	95.6811064229404
HOXB4	27.8324775726303	1	1	35.3672005788975	1	1	1	1	1	1	1	1	1	1	1	1	22.6913967898138	16.6983428727948	1	1	1
HOXB7	45.3591123512821	1	1	1	1	1	1	1	1	1	1	1	1	1	1	1	1	46.1172305756174	1	1	38.296669623251
HOXB8	1	1	1	1	1	1	1	1	1	1	1	1	1	1	1	1	1	22.7455570118839	1	1	1
HPF1	1	1	1	1	1	1	1	1	1	1	1	54.2849243017973	1	1	1	1	1	1	1	1	1
HPGD	1	74.8271353201169	1	1	1	1	1	1	1	1	1	60.7573145441624	225.599729853458	123.678901727332	1	31.6217468765717	43.2831804487648	654.624836508414	1	95.8652829872935	1
HPGDS	1	1	1	1	1	1	1	1	1	1	1	1	146.958451448027	1	1	1	1	279.82209184971	25.0182723549135	1	1
HPN	1	1	1	1	1	1	1	1	1	1	1	1	1	1	1	1	1	25.7756298828956	1	1	1
HPS6	1	1	1	28.2223850593944	1	1	1	1	1	1	1	1	1	1	1	1	1	1	1	1	1
HRAS	126.169528293818	1	1	1	1	1	1	1	1	1	1	1	1	1	1	34.422165890492	1	40.6793762058622	20.6849147067598	26.8692720328516	50.5439393667649
HRASLS2	1	1	1	1	1	1	1	1	1	1	1	1	1	1	1	1	1	1	1	1	58.4545870987376
HRH2	1	57.7260709484053	1	1	1	104.179605447405	38.2214548890187	1	1	1	1	1	1	1	1	19.5645494468829	1	1	19.1159833946036	1	1
HRK	1	1	1	1	33.1057976343129	1	1	1	1	1	1	1	1	1	1	1	1	1	1	1	1
HS1BP3	1	20.2627230952326	1	1	1	1	22.1659227477011	1	1	1	1	1	1	1	1	25.5564592519668	1	1	1	1	60.1318685741203
HS3ST1	1	33.7145693440856	1	1	54.9743816994697	1	50.2113223484566	1	1	1	1	1	55.6694728903421	1	1	49.045536265447	1	56.2558841913665	31.2174082664414	55.6533527285038	1
HS3ST2	1	1	1	1	1	1	123.212048950647	1	1	1	1	1	1	1	1	47.5902062054711	1	1	1	1	1
HS3ST3B1	1	1	31.9946070304236	24.3042672195398	1	1	1	1	1	1	1	1	1	102.142770663087	60.3854160985768	1	1	1	19.6559540561808	23.0470786134811	1
HS6ST1	38.9824629393192	1	1	1	1	1	1	1	1	1	1	1	47.9483590543437	1	1	17.8191526178229	17.035962771224	102.223794122511	1	1	95.5879141667255
HSD17B14	1	1	1	1	1	1	53.8393813005322	1	1	1	1	1	1	1	1	36.9966640289872	1	1	1	1	1
HSD17B8	1	1	1	1	1	1	1	28.2395423606598	1	1	1	1	1	1	1	1	1	1	1	1	1
HSD3B7	1	19.1737280488431	1	1	1	1	69.8339090542013	1	1	1	1	1	1	1	1	110.145513261801	1	1	23.4544873708895	27.1249002656912	1
HSDL2	29.4901344913271	27.0244782051893	1	1	1	140.630449415234	30.4919964135043	1	1	1	1	1	1	1	1	26.7123173278334	1	20.9164900679225	20.7678738918657	1	29.7628545865746
HSF2	25.1164916155346	1	1	1	34.6891093053271	1	1	1	1	35.1316261667784	1	34.9598309045129	1	1	1	1	1	19.5822403711163	1	1	18.9422361306657
HSP90B1	362.352607492417	293.25662340743	184.523039484539	307.518246090353	139.426191418221	44.5742389727631	467.913677904026	1673.41713709002	218.591009809051	165.937990617283	147.343505129619	489.002406601177	560.619259089794	262.885791945556	223.918914405383	562.934324992572	611.801163638851	1066.38173607603	418.368807638625	401.877904910353	128.36407919839
HSPA12B	1	1	1	1	1	1	1	1	1	1	1	1	1	1	1	1	50.2379309076713	1	1	1	1
HSPA13	19.2902411707138	22.1366333657771	47.2357014850472	36.568586179272	40.0722053813067	1	32.8418345768232	151.516670082232	57.0255105826097	16.587496165913	38.8515001716381	45.6386646136269	36.0679690915191	44.1201188182898	31.3678869868997	41.6430475579227	35.6932487569577	58.7359610397257	30.0495114616447	36.4336798055563	1
HSPA14	30.4800228600538	1	1	1	1	1	1	1	1	1	1	21.5443061992472	1	1	1	1	1	1	1	1	1
HSPA1B	454.006051903095	569.974874662978	251.029677773603	1	104.950042227387	164.009719256364	1098.30238495721	1583.10567331295	193.026112435973	1	245.796799841145	1212.24176107904	4683.15267884628	364.165597842582	2277.99333791427	838.478239084082	1800.54643593465	1448.28392595411	512.053801527014	1353.73547888289	230.755029495402
HSPA1L	1	1	1	1	1	1	1	1	1	19.0703189220283	1	1	24.8719270106855	1	1	1	1	1	1	1	1
HSPA2	24.5616455850622	1	1	1	1	1	1	1	1	1	1	1	43.5325737000725	1	1	1	55.1141966593407	32.0792926124758	1	1	1
HSPA6	1	171.891047928547	1	44.1369004737384	1	200.198946778884	131.643594004926	165.652450358079	1	1	1	268.655472050501	782.525148955626	1	156.497900898892	134.857731690939	422.791079337066	207.843770437141	149.107042187709	211.136517876398	1
HSPB8	1	1	1	1	1	1	1	1	1	1	1	1	1	1	1	1	140.15047910412	25.2758107974472	1	1	1
HSPBAP1	1	23.1279508150113	1	1	26.9617504131333	59.6118901255073	17.1006404208534	1	1	1	1	1	1	1	1	1	1	1	21.0242430912897	1	1
HSPG2	1	37.0113985790078	1	1	1	1	1	1	1	1	1	1	1	1	1	1	339.176210188182	32.6239334019077	1	76.9114721197322	1
HTR3B	1	1	1	1	1	1	1	1	1	27.9832791426467	1	1	27.5064073820084	1	1	1	1	1	1	1	1
HTRA1	45.9838359221306	1	1	1	1	1	1	1	1	1	1	67.0521355222805	1	41.9102281323619	69.5622725353801	34.2849926952339	304.684375539543	1	1	1	36.3279843484994
HTRA3	1	1	1	1	1	1	1	1	1	1	1	1	1	1	1	1	126.256867797157	1	1	1	1
HTRA4	1	1	1	1	1	1	33.3164038921246	1	1	1	1	1	1	1	1	19.9419732803309	1	1	1	1	1
HVCN1	1	76.3185063320357	1	35.4398539131321	416.347513607618	93.0733462897862	87.4061514415897	1	1	1	159.2558910688	36.8962785563755	126.045694936523	1	1	55.1350820932821	1	1	87.9743215118204	65.9051882409847	1
HYAL2	31.0077432492241	28.5833351812447	1	1	1	1	21.904913857426	1	1	1	1	1	1	1	1	18.0976782133028	311.799835800993	1	1	152.496489960743	12.8530023588082
HYI	1	1	1	1	1	1	1	1	1	1	1	1	1	1	1	1	1	14.2510332448943	1	1	66.5712714048082
HYOU1	101.4839675108	57.882815151248	54.5649952084136	86.9482970753834	35.5437439283054	1	58.1348640825762	159.822089052777	67.0378125354853	25.632716810426	1	114.223263905008	69.885009672936	77.3796691301782	54.6013074933277	111.997618822436	66.8534156129395	166.827651660326	97.3818392659372	92.0490620688984	1
ICA1	1	1	1	1	1	1	1	1	1	1	1	1	1	124.961921144789	82.4729261342757	1	1	40.424270432448	1	1	1
ICAM2	1	30.510386319295	59.0071164622739	73.9279884730096	1	1	1	49.0478587584241	40.4571774853738	57.6446406284538	1	37.1093908565056	1	53.4293623947488	1	1	98.4278731929014	1	1	1	1
ICAM3	1	66.5328372956457	93.0542098526351	115.163845403437	73.4929433713277	524.528834798653	1	68.3582609245824	74.917196660879	102.575773503262	64.3152846757986	32.2412949536702	25.295943875961	110.566099456864	65.2356474833719	1	1	1	24.063850865403	1	1
ICAM4	1	23.7011041228731	1	1	1	1	68.6463361529033	1	1	1	1	1	1	1	1	20.8801440729708	40.1915589865645	26.059867185128	1	27.1183232706098	1
ICK	125.204236959288	1	1	24.1173736621965	1	1	1	1	1	1	1	103.60122103642	20.5761630965287	1	1	1	1	74.453082939597	1	1	253.149829609536
ICOS	63.7208144960259	1	279.096239935698	1	1	1	1	1	98.1366590839137	26.9841923134443	1	93.4344779338737	67.4053501924947	686.521248032034	513.131452728565	1	1	1	1	1	1
ID1	71.1991239339598	48.0320348000469	1	1	1	1	1	1	1	1	1	1	1	1	1	1	178.142379040013	76.1435827310006	1	89.6114842556976	31.9787622546039
ID4	1	1	1	1	1	1	1	1	1	1	1	1	1	1	1	1	121.318023409141	42.7563336056202	1	1	20.9751137967172
IDE	27.3140975733057	21.8130975918027	1	1	1	1	18.7255314505676	1	1	1	1	1	1	27.1436373487009	1	23.6892560467659	1	31.0419756810682	1	1	1
IDH1	165.611441491862	70.2771445130947	1	1	1	1	310.104466764628	1	1	1	1	1	28.3399032180244	1	26.6029143528781	221.720586256033	65.2521733211987	90.2381954253524	66.5982060993135	76.5022329583034	353.010301910018
IDO1	1	1	1	1	1	1	1	1	1	1	1	1	1	1	1	1	1	22.4855390881136	78.0702206481344	264.642300194382	1
IER3	313.976383518623	597.005718078353	1	1	1	1976.97903286122	1317.77534157609	56.5922528464018	1	1	1	62.1957525870529	714.028476622194	1	1	867.483384039184	686.572142720627	842.772618021049	221.137115150241	883.728132412783	263.129105856389
IER5L	1	27.3894155889336	34.451223713522	1	1	1	29.8058072163513	1	48.04834850067	1	1	1	33.361816588525	1	44.95091257149	20.7970806691019	44.9647347956672	19.6935603874507	1	18.3252903381871	1
IFFO1	1	21.9565480155092	1	1	1	1	30.2769426372531	1	1	1	1	1	1	1	1	15.0137937471461	1	1	1	1	1
IFFO2	1	1	58.9956314879532	70.9592427802548	1	1	1	21.6723748931839	57.7807149166806	24.5022237133057	29.0817604997725	135.505807918569	51.4389991072778	70.0938205511124	67.1887215038978	1	1	39.8541579219032	1	24.6355631847141	1
IFI27	168.892710679493	224.190614309664	1	1	1	1	239.802801710372	1	1	1	1	1	83.3795243571483	1	1	171.135743453413	785.76388898999	90.0920304694352	90.1075330629984	598.037659793017	324.076585080651
IFI30	1	50.3319700031294	1	1	1	1	37.6097663418561	1	1	1	1	1	74.982733146334	1	1	34.2904538435025	1	1	66.4045977810789	44.2599119211681	1
IFI44	1	32.9261253804347	1	1	1	1	25.9547925570498	1	1	1	1	26.7810411098781	1	33.4180018581846	1	23.6208234509674	30.982477512858	1	36.7574414759661	31.9652241110116	1
IFI44L	1	76.6267973086642	29.6677010152015	29.2377995588414	36.9149719900397	1	104.091343292974	1	1	1	36.6653180665828	94.3988613019901	173.197557488035	50.8720441510687	1	52.4476515085331	174.957062159849	1	35.6919425247699	138.260217273243	1
IFIT1	1	22.1754197614302	1	1	1	103.747444033306	38.7909792982851	1	1	1	1	1	1	1	1	25.6036410878801	15.43299385643	1	1	45.639420094908	1
IFIT2	1	1	1	1	1	275.368670010429	36.7483525487742	1	1	1	1	37.2114388634258	1	1	1	1	1	1	1	40.5923059252169	1
IFITM1	1	1	61.7809849906483	135.320232093756	1	124.875857684144	1	1	73.0964820706104	42.7671383783523	1	71.2023044999516	25.3667796667677	1	55.8173927627481	1	99.2080273265844	18.7923362859962	1	27.9040278252409	1
IFITM10	1	1	1	1	1	1	25.3286050007669	1	1	1	1	51.969967433457	1	1	1	23.9352313703874	1	1	1	1	1
IFITM2	115.733216887138	693.51697862187	485.335674219387	1582.16286537235	372.648974246604	17517.6418714984	220.193650707378	68.0847080036402	672.708894857773	484.281371334544	389.506842579273	1290.16830191408	1043.77736716378	471.351566848972	456.777305770774	152.317098732547	1229.84533348801	632.5671656265	267.087025689137	441.743946798671	75.2574808068291
IFITM3	411.757127135003	535.488005225705	1	82.9715505611571	1	665.698754187117	391.560217526185	1	1	1	1	85.2213357259222	289.549944632239	1	1	313.458674767179	2681.07406617447	460.308529784015	350.634599933389	956.203288236806	821.252779218874
IFNG	1	1	1	29.3025876029423	1	1	1	1	85.0947588461716	1	1	154.839391891269	1	1	79.2122827261289	1	1	1	1	1	1
IFNLR1	1	1	1	1	34.4531732536783	1	1	1	1	1	1	1	1	1	1	1	1	1	1	1	1
IFT172	15.9504019703022	26.7171516959453	1	31.7293114081731	1	1	15.4478354806137	1	1	1	29.9776567742068	27.2377559031497	1	1	1	17.6026488381606	27.6033445906816	32.1189366756863	1	28.7819682980338	1
IFT27	22.024542062662	15.9239331632415	1	1	1	1	1	1	1	25.1496060410778	1	27.2254651074576	1	1	34.3622519157946	1	23.9505289005913	18.1833810140583	1	1	27.5864892007611
IFT43	49.0711381203405	1	1	1	1	1	1	1	1	1	1	1	1	1	1	1	1	25.2882282363124	1	1	73.2959672415552
IFT57	63.6435394771217	38.4873443770711	34.2501409015212	22.5607281481395	148.202889269979	1	1	26.2263444489537	1	38.3558165919077	120.076485856684	1	30.4595630678902	1	31.6508051889033	22.4530590611278	44.4552741150482	30.9567575562947	17.5248327459893	1	19.8568186520374
IFT74	1	1	1	1	1	1	1	1	1	33.8125737583136	1	1	20.0077259085446	1	1	1	21.7893684108117	1	1	1	73.9676265160606
IFT81	1	16.3500844854741	1	1	38.8810520688001	29.2820515973995	1	1	1	1	1	1	36.7445278710306	1	1	1	1	27.4078205428851	1	1	1
IGF1	1	1	1	1	1	1	35.5743110156839	41.8023587989262	1	1	1	1	1	1	1	1	43.6692464947985	1	1	1	1
IGF2	1	1	1	1	1	1	1	1	1	1	1	1	1	1	1	1	152.36475685987	1	1	1	1
IGF2BP2	125.718007259792	36.4908330215359	1	1	1	1	1	1	1	1	1	1	1	1	1	40.0151270680881	77.3257647936334	56.9388884656793	25.4087571552501	36.0628019308688	96.9634827877027
IGF2BP3	82.5057713932326	1	1	1	1	1	1	1	1	1	1	1	1	1	1	1	1	59.7998597254463	1	1	112.623650408321
IGFBP2	329.253847627684	1	1	1	1	1	1	1	1	1	1	1	1	1	1	190.614434758861	52.8090508575652	327.643248669522	1	1	439.337179168313
IGFBP3	113.814526408643	1	1	1	1	1	1	1	1	1	1	1	33.4364878631938	1	1	62.1639986539319	290.312812609923	165.072606172487	1	97.6801460466235	199.484234427749
IGFBP4	59.7629032001943	80.6110123250672	1	1	1	1	47.4920027408449	1	1	1	1	1	1	1	51.5245525475898	1	927.719090340886	75.4234192525998	1	180.968090774161	37.9606218474631
IGFBP5	48.5873149598357	1	1	1	1	1	1	1	1	1	1	1	1	1	1	1	637.358507599271	106.781732617416	1	1	304.133343076251
IGFBP7	1	178.255006494832	1	155.930983823525	1	1	99.5453104594181	1	1	1	1	31.8217075892471	87.02237196199	1	1	47.8277070322297	3345.35845111747	1	80.9690783267732	251.722973750579	1
IGFL2	1	1	1	1	1	1	1	1	1	1	1	1	1	1	67.0076227793545	1	1	1	1	1	1
IGFLR1	1	1	1	1	1	1	26.6068670547051	1	1	1	1	50.1806275869094	1	53.817591543115	54.8727465472469	1	1	1	33.3797357502716	1	1
IGHA1	1	1	1	1	36.6130887174071	1	1	18511.8639020239	1	1	77.0283337851304	1	1	1	1	1	1	1	1	1	1
IGHA2	1	1	1	1	1	1	1	607.659633795335	1	1	50.5500013889814	1	1	1	1	1	1	1	1	1	1
IGHD	1	1	1	1	781.525029794484	1	1	1108.7095111441	1	1	48.3267305779712	1	1	1	1	1	1	1	1	1	1
IGHG1	1	1	1	1	1	1	1	4332.26666405564	1	1	48.9281331699858	1	1	1	1	1	1	1	1	1	1
IGHG2	1	1	1	1	51.0690679001658	1	1	18316.2477726511	1	1	70.0473837462562	1	1	1	1	1	1	1	1	1	1
IGHG3	1	1	1	1	1	1	1	9288.94767483257	1	1	1	1	1	1	1	1	1	1	1	1	1
IGHG4	1	1	1	1	1	1	1	2582.16905939939	1	1	1	1	1	1	1	1	1	1	1	1	1
IGHM	1	1	1	1	3717.25242109132	1	1	12525.9462294077	1	1	904.516313137059	1	101.671023099337	33.5257442892085	1	1	1	1	1	1	1
IGHMBP2	1	1	1	25.7584485452942	1	1	1	1	1	15.9769140634683	1	1	1	1	1	1	1	1	1	1	1
IGKC	119.720636676817	142.792504108929	166.48220983938	1	2098.98217378658	91.8385498916249	320.005109791072	367662.747697164	485.616665989829	1	2443.82453401634	42.0390639632032	404.469884095967	139.056550901357	224.653746478749	236.390514014767	235.579338594357	201.486714973253	156.862129375152	310.53817074794	40.2066952139026
IGLC1	1	1	1	1	1	1	1	8740.86090689049	1	1	1	1	1	1	1	1	1	1	1	1	1
IGLC2	1	1	1	1	160.15904144267	1	1	33225.5938321987	1	1	183.116708815951	1	1	1	1	1	1	1	1	1	1
IGLC3	1	1	1	1	121.065208326485	1	1	20552.80671758	1	1	86.4554014407147	1	1	1	1	1	1	1	1	1	1
IGLC7	1	1	1	1	1	1	1	1039.67348911098	1	1	1	1	1	1	1	1	1	1	1	1	1
IGLL1	1	1	1	1	1	1	1	406.086842863141	1	1	1	1	1	1	1	1	1	1	1	1	1
IGLL5	1	1	1	1	1	1	1	650.11552085822	1	1	1	1	1	1	1	1	1	1	1	1	1
IGLON5	1	1	1	1	1	1	1	1	1	1	1	1	1	1	1	1	1	1	19.0453666601121	1	1
IGLV3-1	1	1	1	1	1	1	1	63.7978445683517	1	1	1	1	1	1	1	1	1	1	1	1	1
IGLV6-57	1	1	1	1	1	1	1	113.55575381323	1	1	1	1	1	1	1	1	1	1	1	1	1
IGSF3	31.4419565432294	1	1	1	1	1	1	1	1	1	1	1	1	1	1	1	1	30.5773140971571	1	1	73.2204419014006
IGSF6	1	144.433504953721	1	1	1	427.251411535754	270.950268771665	1	1	26.6705612470006	1	1	67.1896186131049	1	1	243.928982971632	1	1	244.681700428593	144.686027387552	1
IKBKE	1	1	1	1	1	1	1	1	1	1	1	1	1	1	31.6477542839792	1	1	1	1	1	1
IKZF2	1	1	37.9676209985691	58.2015336919763	1	1	1	1	42.2745424243832	1	1	65.8120809011197	1	205.655144057568	60.7827997027586	1	1	1	1	1	1
IKZF4	1	1	1	1	1	1	1	1	1	1	1	60.0850159515325	1	182.771504262802	56.0626718171955	1	1	1	1	1	1
IKZF5	1	1	1	1	39.1487559287376	1	1	1	1	26.2619749269268	29.4137032223949	53.272199773853	1	31.5648479878761	1	1	1	1	1	1	1
IL10RA	1	66.675821972794	114.394521850728	106.842003610351	26.5465973009624	1	61.1097825259125	71.5923816297786	115.037133293961	32.0402826819855	47.2616450837441	89.489054775424	60.61074622187	108.790707092153	75.0854584373088	44.4236333054086	1	1	41.1677146527648	92.9175435198926	1
IL10RB-AS1	1	1	1	1	1	1	1	1	1	1	1	1	1	1	1	16.9871044921434	1	1	1	1	1
IL11RA	1	1	1	1	1	1	1	1	1	27.9536800767525	1	1	1	1	1	1	1	1	1	1	1
IL12RB1	23.4010633753367	1	30.5478940058154	75.9215818897355	1	1	20.8627297912438	1	44.553385226802	18.3452575093968	1	23.5116966111697	1	67.2007167154706	38.3469243556912	1	1	1	15.0973814038247	1	1
IL12RB2	1	1	1	1	1	1	1	1	1	1	1	19.5678368407937	33.8072730681041	82.926833014443	1	1	1	1	1	1	1
IL13	1	1	1	1	1	1	1	1	1	1	1	1	1	1	1	1	1	57.8655655188574	1	1	1
IL13RA1	39.8278290218701	131.766032953257	1	1	46.399644585296	207.028551806812	159.130176012523	1	1	1	48.2315512909552	1	51.1892137807047	1	1	99.5782839512156	71.1280378970662	37.1054355592364	187.482741651435	172.529752853331	56.7474855941054
IL15	1	1	1	1	1	1	1	1	1	1	1	1	1	1	1	1	1	1	1	29.8253938300244	1
IL15RA	1	21.4050220407228	1	1	1	1	23.0298462750261	1	1	1	1	1	1	1	1	1	82.0779826443088	1	1	37.459836987682	1
IL16	1	37.8957094621122	53.7452161032219	145.966608336201	121.575079821576	112.53035790413	17.5625359230821	1	80.3906445723107	174.108182618928	100.584861355877	111.675181275123	37.4035944931868	1	39.0453019484146	1	1	1	16.7012396592663	1	1
IL17C	1	1	1	1	1	1	1	1	1	1	1	1	1	1	1	1	1	83.7957494046857	1	1	1
IL17RD	1	1	1	1	1	32.1754412622919	1	1	1	1	1	1	1	1	1	1	1	1	1	1	1
IL18	19.4976411884908	30.681194344442	1	1	1	1	78.8776714348627	1	1	1	1	1	33.0332082425921	1	1	35.4945531097585	1	37.0983453769074	94.4530135368659	42.8497217945284	25.7761202928142
IL18BP	1	22.5990886788079	1	1	1	1	72.9512680763869	1	1	1	30.0252207896242	1	1	1	1	61.2863766636692	25.8579070242407	1	61.1766337094149	68.8943485278685	1
IL18R1	1	1	1	25.663935799482	1	52.5126638776453	1	1	1	1	1	1	129.104755923829	40.5814373166642	29.3442649408724	1	1	157.212418263931	1	1	1
IL18RAP	1	1	1	112.576235130455	1	208.229919615717	1	1	1	1	1	26.9604829956425	1	1	1	1	1	1	1	1	1
IL1A	1	1	1	1	1	1	50.0394434934573	1	1	1	1	1	1	1	1	31.9391687212505	1	1	1	53.7681176390148	1
IL1B	1	1192.77529133945	1	1	1	1575.59914656214	1154.94142042299	1	1	1	1	32.1635436801819	653.773711504741	1	1	1014.02111001027	83.7700162310681	367.54234436982	599.746585824263	1879.31401049266	1
IL1R1	39.6814219546005	54.9566724278316	1	21.2512704025822	1	85.3142761713386	35.1131767084535	1	1	14.2010042379336	1	1	51.6545852592532	208.936042751836	40.9344666102863	45.0638824930502	320.433359874916	58.0447637068615	60.0339686768972	76.0882765359461	1
IL1R2	1	39.8423790662981	1	1	1	603.814531028149	1	1	1	1	1	1	1	110.338209112807	1	1	1	1	74.7007299192343	1	1
IL1RAP	33.1176827364448	44.8331005583451	1	29.8652972276042	1	131.470629072292	27.8676800167243	1	1	1	1	1	37.5554729163992	1	1	33.5991624329389	1	27.9264964832011	75.0622562528743	48.6224952996573	25.4790067389759
IL1RL1	1	1	1	1	1	1	1	1	1	1	1	1	342.427136951596	1	1	1	1	386.383213160817	1	1	1
IL1RN	1	251.397577326152	1	1	1	1882.82118006209	262.802519980232	1	1	1	1	1	644.896939236053	32.2051562814419	1	910.661165028255	39.2261200854204	1	407.652288482946	543.797015488708	1
IL21R	42.6637224555658	18.4774223136888	69.7746007537479	64.5097189980358	45.6496939910447	1	15.2288527173765	23.7129808839884	89.2975302630318	27.3325841687479	1	160.98801171916	39.5840048192047	229.412232522505	108.424879951518	1	1	1	18.6202800619566	28.9088354401086	1
IL22RA2	1	1	1	1	1	1	1	1	1	1	1	1	1	1	1	1	1	1	61.8886299169541	1	1
IL2RA	57.1244924518736	1	41.1908916320875	1	1	1	141.512453345264	1	1	19.4229059538017	1	79.9924541423973	33.442235107874	587.074589104734	71.4949634991412	1	1	1	1	29.8336266345785	1
IL2RB	78.1796420146225	1	217.767885694369	1218.37018540884	1	1	1	1	446.823036865446	27.5961697020004	1	1192.8785496549	113.622969227316	762.670099593902	324.72884400003	1	1	1	1	1	1
IL32	167.758261097531	41.3693783368829	743.409002982025	493.633020214002	1	1	38.6424954142807	1	859.474325578354	405.899646068348	1	1057.38042850986	197.572790739808	2521.28836377692	697.326795232879	26.9404214694032	368.194170801808	48.0869106375919	25.1659981888027	219.988162784212	1
IL33	1	1	1	1	1	1	1	1	1	1	1	1	1	1	1	1	88.2451180716573	1	1	1	1
IL3RA	1	1	1	1	1	1	43.7116142134907	1	1	1	1	1	144.254134152281	1	1	99.8864300638895	44.2781486268911	1	28.6645007324492	59.5929098207248	1
IL4I1	1	1	1	1	1	1	76.1421074778538	1	1	1	1	1	1	1	1	89.4871606184548	33.592601761446	1	93.5623897990388	126.839883173169	1
IL6	1	1	1	1	1	1	87.3385133834479	1	1	1	1	1	1	1	1	50.5130685183223	226.309561017316	107.066933043983	1	62.211935780498	1
IL7R	41.694001524553	46.4413121605897	1887.29770881858	58.5995970646798	1	1	166.648577262794	1	648.841395180911	1113.19784656254	1	31.947123823786	255.488466322105	709.20531938081	750.915069937829	220.921087579652	123.263433615247	20.3124955805083	300.127169574434	364.962528899946	28.517877098195
ILKAP	1	16.8071768562072	1	52.5247158697218	1	1	1	1	1	26.4228775155359	1	1	1	1	1	18.3185556317747	1	18.7952200737902	1	1	1
ILVBL	1	1	1	1	1	1	1	1	1	1	1	1	1	1	1	24.9292236189234	16.626615969434	1	17.9736281105535	1	1
IMMP1L	27.0403539673718	15.1882904347991	1	24.2510568238867	33.6595738037608	1	1	1	1	1	1	1	1	1	1	1	1	28.3264386056008	1	1	18.8346231311235
IMPA1	14.6812115303708	1	1	24.2227898881494	1	1	16.7218265913243	1	28.2649513043437	1	27.5636125464866	90.2971552507993	1	1	25.923466294536	25.7070049870056	1	32.8171087549115	18.1309842287535	1	1
IMPA2	154.066758142144	82.3255399465319	1	1	1	157.999400381413	29.7660041828698	1	1	1	1	1	1	1	1	45.7352593784295	1	91.4114608029398	54.0788866168667	21.1248539575809	91.1011959209137
INAFM2	1	33.6651866460009	1	1	1	1	49.3151258053407	1	1	1	1	1	37.6476887274894	1	1	40.8752057298925	1	1	47.7423268970291	26.8445867020973	1
INE2	1	25.1684403093901	1	31.7423101202216	39.4674439502319	62.4687098649318	18.5485361411519	1	1	24.8891145504355	1	1	44.4576831887323	1	1	14.464009023735	1	1	1	1	1
INF2	1	28.4578483167658	1	1	1	1	39.4094195929496	1	1	1	29.7209033005357	1	32.2478431078442	1	1	42.5775246096901	23.1589264339441	1	39.666900972286	57.0915161135231	1
ING2	21.5900130754328	18.6569542865813	1	1	1	1	1	1	1	1	1	1	1	1	1	18.2185026214389	1	25.4751735717142	21.2064609713329	1	1
ING4	1	1	1	35.2854813280686	1	1	1	1	1	27.9562185567762	1	1	1	1	1	1	1	1	1	1	1
INHBA	1	89.186600821084	1	1	1	1	143.614216529048	1	1	1	1	1	94.7844005956462	1	1	395.053539701014	297.539856695644	1	124.225211112953	488.010323206269	1
INHBB	1	1	1	1	1	1	1	1	1	1	1	1	1	1	1	1	50.7638171276495	1	1	1	1
INMT	1	1	1	1	1	1	1	1	1	1	1	1	1	1	1	1	86.447761051053	1	1	1	1
INO80	19.1343523965482	19.7966178072559	1	21.2175876030319	1	1	1	1	28.3760304832155	29.4777571449177	1	33.1633084338406	1	1	34.4730805162519	18.9765446150006	1	24.6564465757489	1	32.3346388306102	1
INO80B	1	15.6475990133327	1	1	1	1	1	1	1	1	1	1	1	1	1	1	1	1	1	1	60.8004936204908
INO80E	26.6617539508884	20.9925230104772	1	31.946626634486	1	1	1	1	1	15.3375015953799	1	1	1	35.1383950684912	1	22.8534113954613	13.3401441735312	15.3883793994294	1	18.7496275220717	1
INPP1	35.9479725663374	26.5773718114071	1	1	1	1	1	1	1	1	1	50.0290357173497	33.5967193141659	1	36.805426574823	17.2984540142595	27.0146167364452	22.4404115306104	24.5515532114516	43.7731018668465	1
INPP4B	1	1	109.288538597163	1	1	1	1	1	60.1998181639337	226.371605130335	1	1	36.5859622677363	46.4281323990304	94.987462329387	1	18.3763625786431	1	1	1	1
INPP5D	1	93.344985793283	125.848021509797	273.13038695318	281.122368069537	159.672706494552	76.6183327713412	22.3241303595321	158.910950463423	89.2795339174411	286.160505226408	162.482388563762	137.241314982712	164.519173261151	94.0551987930609	42.6462763346667	1	43.5564394932075	88.0418903072092	84.4837051434567	1
INPP5E	1	1	1	1	1	1	1	1	1	1	1	1	1	1	1	1	1	22.8783530155064	1	1	1
INPP5F	24.3929862043838	1	1	1	1	1	1	1	1	1	32.1815841343463	1	1	40.5837886947476	39.101730072665	1	21.914195667711	1	21.1153313548171	25.5745261723803	1
INSIG2	1	1	1	1	27.42996752499	1	1	1	1	1	1	1	36.790602568895	1	1	20.512043138475	1	1	1	1	1
INSR	14.935914955633	81.5454449089662	1	1	98.8697478741402	1	32.5514079799644	49.7417308321234	1	1	1	1	26.3139667508431	1	1	29.7865957081803	93.7037050926309	60.7645499723869	43.6208075228808	101.297595346356	1
INTS13	43.0023927943646	1	1	1	1	1	21.9928868104859	1	1	26.7588073735301	1	1	1	1	1	26.3537611736657	1	25.5466214602524	1	20.0861284415427	145.261107328268
INTS5	19.8602538801149	1	1	1	35.2807318256543	1	1	1	1	1	1	1	1	1	1	1	1	1	1	1	61.1011744281717
INTS6L	1	1	1	1	1	1	1	1	1	1	1	1	1	1	1	1	1	32.3983340893614	1	1	1
INTS9	1	1	1	25.1493763281373	1	1	1	1	1	1	1	1	25.1426681288653	1	1	1	1	1	1	1	1
IP6K1	1	18.4912200423808	29.599484012967	35.6352357443925	1	56.7184122294761	14.4938319455281	1	29.8987589671463	1	1	36.8173070721146	1	49.2976666106145	39.7246821759165	16.073746616687	26.693111557492	18.4720944104592	1	1	1
IPCEF1	1	1	86.9700898554106	76.3993928868242	1	36.7382979543525	1	1	51.444696023009	146.004163550268	1	34.9243503255286	1	84.4914130949091	99.9630590056944	1	1	1	1	1	1
IPP	1	1	1	24.0344191919462	1	1	1	1	1	1	1	25.5306477380114	1	1	1	1	1	1	1	1	1
IPPK	1	1	1	1	1	1	1	1	1	1	1	1	1	1	1	1	1	15.5115564688271	1	1	77.4111709573113
IQANK1	50.3916523878207	1	1	1	1	1	1	1	1	1	1	1	1	1	1	1	1	21.9315544531344	1	1	38.5309591182284
IQCB1	36.5817547777836	16.3533431085508	1	23.1595101635326	1	1	1	1	1	1	32.2082573632862	1	1	29.8245913542393	30.6109237364037	19.7407906102455	1	19.0404644263853	1	1	16.3940539449908
IQCG	1	1	1	1	1	1	33.869280596149	1	1	1	1	1	1	1	1	1	1	1	1	1	1
IQGAP2	1	90.1333554826306	130.344264962161	186.850693378845	1	111.253261325453	211.403773922765	1	127.974650887704	46.3743849075759	1	58.9719866737959	74.0732862156152	82.1633918515705	94.5784905571894	106.050704040184	1	57.2250844709912	52.0391314630341	52.1966692825294	1
IQSEC2	1	19.6929875844832	1	1	1	1	22.086637307021	1	1	1	1	1	1	1	1	20.2795770454519	1	1	1	1	1
IRAK3	1	100.444970518178	1	1	1	143.661367606268	55.0465827450632	1	1	1	1	1	53.1641736878332	1	1	63.4639034371449	47.565127891362	25.8795092124111	43.0767138529904	43.2771614937945	1
IRF4	45.4835668215697	33.805791126296	69.6167913753565	41.3083014788458	100.205506242831	1	1	68.7969174831108	105.841441197067	1	90.3362928362233	413.274194793386	451.538843086	218.48666207007	164.149136406782	1	1	1	152.989846452525	163.320349377191	1
IRF5	1	59.6149945262434	1	1	1	1	56.5450054548727	1	1	1	1	1	1	26.0882055956416	1	49.420869341956	1	1	27.2110548797227	29.5326586881466	1
IRF6	145.776611416155	1	1	1	1	1	1	1	1	1	1	1	1	1	1	1	1	112.243204355762	1	68.6904204966485	94.4785788726179
IRF8	1	77.9397582713224	1	49.7126955344624	359.321926608994	1	132.240267590747	1	1	1	363.659406498879	55.7608154496712	207.136439979597	1	27.6646249936391	94.9864402544899	31.5799145304723	1	97.4809828142667	148.014502022451	1
IRS1	1	1	1	1	1	1	1	1	1	1	1	1	1	1	1	1	47.4395163224527	1	1	1	1
IRX2	38.9032386744549	38.2136192383181	1	1	1	1	1	1	1	1	1	1	1	1	1	1	1	65.3254953095623	1	1	1
IRX3	43.02736512187	40.6777987752566	1	1	1	1	1	1	1	1	1	1	1	1	1	1	1	57.3540624376475	1	1	28.9069319784815
ISLR	1	1	1	1	1	1	1	1	1	1	1	1	1	1	1	1	248.121844263921	1	1	1	1
ISM1	1	1	1	1	1	1	1	1	1	1	1	1	1	1	1	1	45.816043689055	1	1	1	1
ISOC2	46.2374481421626	1	1	1	1	1	1	1	1	1	1	24.933772141268	1	1	1	22.2342879769019	1	1	1	1	1
ISYNA1	1	1	1	1	1	1	1	1	1	1	1	1	1	1	1	1	1	23.8222095700443	1	1	1
ITCH	1	17.4190445652667	1	32.4900586194661	43.6853719244397	1	1	1	1	20.5201777623495	1	44.6326068013661	1	1	1	16.7162144210028	1	1	1	22.9180382255137	1
ITFG2	1	18.4860722512512	1	27.1541313111063	1	1	1	1	25.5155394577795	22.4981261031517	1	1	1	1	1	1	20.3448949560871	1	1	1	1
ITGA1	33.2190488530777	43.481433573928	55.5592915011492	31.2085459710823	28.6482033007763	35.9243546902822	1	24.0778900349169	131.410993578088	1	1	190.213861939892	72.3043665605955	75.4654828246327	83.2062557222877	1	291.983184828106	29.3693985999567	1	80.3007378910959	1
ITGA10	1	18.1238730120734	1	18.9953903440701	1	1	15.2655304939001	1	1	1	1	1	1	1	1	1	23.7759328280868	1	1	35.4701560897344	1
ITGA11	1	1	1	1	1	1	1	1	1	22.2831557107239	1	1	1	1	1	1	123.071900602567	1	1	1	1
ITGA2	68.0408108054008	45.5698743333154	1	1	1	1	1	1	1	1	1	1	1	1	1	43.9023170165852	29.9623715652144	76.050666708996	1	77.4888977643405	145.078316988329
ITGA4	1	19.4867230261529	32.2518228975101	58.1048845395848	1	1	1	1	39.397421472783	1	1	67.0535943536786	1	1	36.2202808333089	1	1	1	31.9460811319769	1	1
ITGA6	154.273821261506	46.1393178091842	55.1186175035981	44.006471387094	1	1	18.8185686056222	157.711507909175	1	128.898489363306	1	1	1	1	1	69.4728726729916	149.088927892377	80.5304534618129	1	71.2319735503086	137.395042903915
ITGA7	1	1	1	1	1	1	1	1	1	1	1	1	1	1	1	1	56.8392297835209	1	1	1	1
ITGA9	1	1	1	1	1	1	1	1	1	1	1	1	1	1	1	1	1	38.8151338879691	1	1	1
ITGAE	97.2183888510751	25.6811220396246	41.3839172310047	53.2537587990319	1	1	19.8773214197219	18.6229283259733	86.5541912294932	1	1	261.179118476543	42.4741982403534	74.9695992110121	121.534321036762	32.8219340709449	17.5357141039831	27.6939631442183	1	1	136.494793695704
ITGAM	1	168.409631712723	1	258.238682663032	1	231.813540439272	131.274078171227	1	1	1	1	42.0565948292267	70.1262262316335	1	1	153.611072342956	1	75.4464168196147	93.5955905010016	66.7335710188079	1
ITGAV	29.121704025857	33.8851582022042	1	1	1	1	46.3401967193363	1	1	1	1	1	1	1	1	43.7981942864658	98.5515884432807	63.5943986002897	17.6449305023909	70.0077860181102	1
ITGAX	1	248.698820131582	1	133.992193381911	1	427.085883315658	316.962775752107	1	1	1	1	49.7862511492872	164.2646244121	1	1	326.022873351106	1	64.5927710519069	264.699139948676	192.440210105485	1
ITGB2-AS1	1	39.5461459219356	1	34.4680182221817	1	62.0213738051802	1	1	1	37.0429668825598	1	1	1	1	1	1	1	1	24.4604877612147	24.4938651521764	1
ITGB3BP	26.8558758312693	1	1	1	1	1	1	1	1	31.6332495853873	1	1	1	27.3901498974242	1	1	17.7056635972574	17.7067411234748	1	1	1
ITGB4	74.6607403827764	32.8879080778429	1	1	1	1	1	1	1	1	1	1	1	1	1	1	1	38.7543982533744	1	1	56.7498540886361
ITGB5	37.9994794429268	22.0400300027339	1	1	1	1	51.0748074662446	1	1	1	1	1	1	1	1	46.9462369410119	213.18932946289	37.7066101385265	30.3376952635781	25.3398189679402	39.9029626446959
ITGB6	1	33.8802728538619	1	1	1	1	1	1	1	1	1	1	1	1	1	1	1	20.0440960878481	1	50.68754678603	1
ITGB7	1	1	58.1650407083948	182.915923973937	1	1	1	62.9729591145494	90.4293184361949	85.1175714302375	51.8015270993212	104.447332310845	1	35.4725283017566	1	24.7146759363238	1	1	52.0088955255887	1	1
ITGB8	34.7273359256284	1	1	1	1	1	1	1	1	1	1	1	1	1	1	26.0356679680511	1	43.1616041025437	1	32.3543692063222	51.4858150500305
ITK	27.4295263418983	1	283.946792769234	119.843610286783	1	1	1	1	159.232055879432	203.608088721112	1	279.827081593299	88.2719413553521	274.462296811364	303.210955002676	1	30.2437539452213	71.5549131133082	1	1	1
ITM2A	79.7150177900553	1	328.519891915631	91.7436565361727	1	1	1	40.2834543184319	301.197877798163	105.555576786983	1	291.284497602077	111.646957242538	429.357293233495	620.896901259297	1	107.935639930282	114.897307377885	1	108.520792566757	1
ITM2C	1	1	32.0554570565831	1	1	1	1	287.646816075605	93.8720469028612	1	1	50.7188618715767	152.723574483432	33.1440312679855	32.6271823713996	1	55.9429117790506	47.8511401957934	1	1	1
ITPKC	1	1	1	1	1	1	1	1	1	1	1	1	1	1	1	1	41.825421581733	42.5478418435881	1	1	1
ITPRIPL1	1	17.1604906919036	1	33.8119907901323	1	1	1	1	27.6657660926544	1	1	1	1	1	30.7953083086503	1	1	1	1	1	1
ITPRIPL2	32.7453369369061	51.7149606278369	1	1	1	1	48.8413101788184	24.4090112633273	1	1	1	1	1	1	1	47.6079487019307	95.6697376956171	27.0644268526778	62.1533591501637	57.8021398419393	24.3365023313793
IWS1	39.2001106187888	24.8482700297106	30.6779782185985	26.6959480051543	1	1	15.052097301006	1	31.9646521764865	1	1	1	1	35.3078312628466	51.5476644171992	18.6756424572086	45.3396598744351	20.6605968488041	1	1	27.740404070953
IYD	1	18.5419949092199	1	20.283983771119	1	1	1	1	1	1	1	1	1	1	1	1	1	1	1	1	1
JADE3	1	1	1	1	40.6177157513295	1	1	1	1	1	45.2109441009903	1	1	1	1	1	1	1	1	1	1
JAG1	25.2015282388378	1	1	1	1	1	19.2531659833256	1	1	1	1	29.0782208533597	1	1	1	20.6921084467457	73.1778689701232	30.557419335787	1	54.7715864299731	1
JAG2	42.1079245349866	1	1	1	1	1	1	1	1	1	1	60.1785256884997	1	1	1	1	1	35.2499702222987	1	1	1
JAGN1	25.2730788140707	17.1262464404211	1	23.1485644084688	34.7862923883651	1	1	1	1	16.3404212116319	1	25.6729759470175	1	1	1	1	1	1	1	1	1
JAK2	1	41.826855768075	1	1	1	46.7972893283971	22.4827557853335	1	1	1	1	1	23.8256612028486	1	1	1	1	1	31.668778846022	38.4833098892671	1
JAK3	1	31.7922829894464	94.6179761280084	54.2288838164016	60.1824270245832	58.3205798085956	18.4171596977658	1	104.953664955577	95.0405582550256	48.1152172107483	69.3244282587824	26.0599244289944	166.252433393532	109.163679126783	1	24.8926934623601	1	26.2431271006643	30.875638822541	1
JAKMIP1	1	1	1	28.934497143819	1	1	1	1	1	1	1	1	1	22.5315146952907	1	1	1	1	1	1	1
JAKMIP2	20.0019608533095	1	1	42.6030090218714	1	1	1	1	32.3110053654217	1	1	21.6682794049992	1	1	1	27.1123356407593	1	27.03805527335	1	1	73.9138277791008
JAM2	1	1	1	1	1	1	1	1	1	1	1	1	1	1	1	1	49.9682425550331	1	1	1	1
JAM3	1	1	1	1	1	1	1	1	1	1	25.8973656997665	1	1	1	1	1	35.4105145642811	1	1	1	1
JAML	33.192447803497	269.821452252201	82.3736557434824	1	1	850.241287562528	91.4101074058561	1	108.136730706645	50.3152142128404	1	38.5695899359292	90.4600174329344	81.3556931109599	139.562696925449	51.9555700602521	1	1	298.207799343869	117.833254950258	1
JCAD	1	1	1	1	1	1	1	1	1	1	1	1	1	1	1	1	50.609871270536	1	1	1	1
JCHAIN	1	1	1	1	59.8365342374087	1	1	15993.5713188615	1	1	100.894151958556	1	551.382907440577	1	1	1	1	1	1	1	1
JHDM1D-AS1	1	1	1	1	1	1	1	1	1	1	1	1	1	1	1	1	1	21.0053030632047	25.4762373569716	1	1
JRK	1	1	1	25.438921727637	44.9476714861552	1	1	1	1	17.9554289932363	1	1	1	1	1	1	1	1	1	1	1
JSRP1	1	1	1	1	1	1	1	33.8342118494998	1	1	1	1	1	1	1	1	1	1	1	1	1
JUP	278.221359700041	79.807204021615	1	1	30.7807838539594	1	18.5095345651993	1	1	1	25.6058209314466	1	30.7520939471049	1	1	101.917130968632	40.6096838988784	253.023529437449	34.8030039262185	120.114059206628	328.344785059561
KALRN	1	1	1	1	1	1	1	1	1	1	1	1	1	1	1	1	51.8378021955308	1	1	1	1
KANK3	1	1	1	1	1	1	1	1	1	1	1	1	1	1	1	1	100.795907255522	1	1	1	1
KANSL1-AS1	1	1	34.3521400152911	23.2634282350739	1	1	1	1	37.6950175815829	50.2924236573813	1	1	1	1	1	1	1	1	1	1	1
KANSL1L	1	1	1	1	1	1	1	1	1	1	1	1	21.1566209637975	1	1	1	1	1	1	1	1
KAT2B	1	17.7820190142671	46.3956858272215	39.8974053999149	1	1	1	1	29.7551699315852	1	1	48.2998655450626	66.0399428395025	71.5147125442677	45.7717569882793	1	1	1	36.1412041974236	19.9523615734373	1
KAT5	41.890928897916	23.5608808942067	1	26.1429015634926	39.4686359950198	1	22.7716911307066	1	1	28.5459077896963	35.9353024367603	1	53.8769495342673	1	1	34.863620956219	1	31.9329272408433	17.5397264400468	29.6631991538208	1
KAT8	29.0849946760689	25.6642225137338	1	22.0344155842882	75.6255561242097	55.9428532725816	17.8026492108679	1	1	29.8396052212287	1	1	40.0370550031144	1	1	25.0734959348631	23.7715984176939	15.6601963281227	16.8275370342061	19.6716002815789	1
KATNA1	19.5423650748331	1	1	21.0703884413551	1	1	1	1	29.137439225353	1	1	1	28.912296514493	1	1	1	1	23.5327386329446	1	1	1
KATNAL1	1	1	1	1	1	1	1	1	1	1	1	30.9427633578018	1	1	1	1	1	1	1	1	1
KATNB1	1	16.1515252462562	1	22.2218896172382	1	1	1	1	1	1	1	1	1	32.4137723203335	1	17.8991346558638	1	1	1	1	1
KBTBD11	1	36.0152553848922	1	1	1	1	1	1	1	1	1	1	1	1	1	1	1	1	1	1	1
KBTBD6	1	15.9791774698728	1	27.0190744376889	1	32.6492071223249	1	1	1	20.4053549208944	1	1	38.0399228424849	1	1	1	1	15.2462960248398	1	1	1
KBTBD7	1	1	1	1	1	51.1478166945762	1	1	1	23.0206943378054	1	1	1	1	1	1	1	20.1766840029316	1	1	1
KBTBD8	1	1	1	1	26.2232191403204	1	1	1	1	1	1	1	1	1	1	1	1	1	34.9883547137027	1	1
KCNB1	1	20.3511136657526	1	29.1642443688407	1	40.1182977930981	1	1	27.8917832034995	1	1	1	26.7521759121941	31.7320217541318	1	1	1	16.6644137227066	1	1	1
KCNC4	1	1	1	1	1	1	1	1	1	25.5598877804411	1	21.236798574909	1	1	1	1	1	1	1	24.0389369441015	1
KCNE1	1	21.9722928139524	1	1	1	52.9004574375606	16.0254541073616	1	1	1	1	1	1	1	1	17.840394715811	1	1	1	1	1
KCNE3	28.3581873404438	106.531858921563	1	1	1	140.497928853765	48.6260242468226	1	1	1	1	1	29.5189377371183	1	1	37.366591182608	1	25.5768541396061	17.3006472371543	1	16.8484199838603
KCNE4	1	21.705278472312	1	17.9591326774035	1	1	1	1	1	20.2011816508644	1	1	57.5309774902394	1	1	1	40.8938058566001	54.0083257240244	1	1	1
KCNG1	1	1	1	1	35.995016674717	1	1	1	1	1	1	1	1	1	1	1	1	1	1	1	1
KCNH2	1	1	1	1	1	1	1	1	1	1	1	1	62.9523571113981	1	1	1	1	92.2178006669064	1	1	1
KCNJ11	1	18.1319799276715	1	1	1	73.6470275143743	26.4888934842459	1	1	1	1	1	1	1	1	1	1	1	1	25.7957120126466	1
KCNJ14	1	1	1	1	1	1	1	1	1	36.561898898204	1	1	1	1	1	1	1	1	1	1	1
KCNJ15	1	23.67076464578	1	1	1	238.37488920443	1	1	1	1	1	1	1	1	1	1	1	15.0434368741123	1	1	1
KCNJ2	1	1	1	1	1	108.158197015169	1	1	1	1	1	1	1	1	1	1	1	1	1	1	1
KCNJ3	1	1	1	17.460039485786	1	38.0579828924082	1	1	1	1	1	1	1	1	1	1	1	19.5016482036799	1	1	1
KCNJ5	1	1	1	1	1	1	44.1438238037919	1	1	1	1	1	1	1	1	18.2709269375515	1	1	1	1	1
KCNJ6	1	1	1	1	1	1	1	1	1	22.044187927665	1	1	1	1	1	1	1	1	1	1	1
KCNJ8	1	1	1	1	1	1	1	1	1	1	1	1	1	1	1	1	127.239068081162	1	1	1	1
KCNK1	43.4249120120063	1	1	1	1	1	1	1	1	1	1	1	1	1	1	1	1	42.953251535208	1	50.5406342345962	71.2259950292439
KCNK3	1	20.591611867417	1	1	1	35.6196583889542	1	1	1	1	1	1	1	1	1	1	1	1	1	1	1
KCNK5	1	1	1	1	1	1	1	1	1	1	1	1	1	1	44.4406366698902	1	1	1	1	1	1
KCNMA1	1	1	1	1	1	1	140.919811495526	1	1	1	1	1	1	1	1	61.8315535216135	1	1	1	1	40.4182063356253
KCNMB4	1	1	1	1	1	1	1	1	1	1	1	1	1	1	1	1	51.3970992588172	40.5627717159776	1	1	1
KCNN3	1	1	1	1	1	1	1	84.566147966928	1	1	1	1	1	1	1	1	1	1	1	1	1
KCNN4	1	20.8822168667896	1	1	1	1	1	1	1	26.0580819062101	26.2756898385109	1	1	1	1	25.0897380352947	1	1	24.0425492195653	24.5850789243589	1
KCNQ1	1	44.9239181712709	1	1	1	1	24.9742377436654	1	1	1	1	1	1	1	1	19.6658444318836	1	21.6305274936073	25.0456455546065	1	1
KCP	1	17.3618980418043	1	31.4672279124074	1	1	1	1	24.9513006987925	21.4929701564801	1	1	1	1	1	1	20.4708095558331	1	1	1	1
KCTD1	83.0229696352595	18.6426699910071	1	1	1	1	1	1	1	1	1	1	1	1	1	1	19.1352232437476	54.6492466005052	1	1	31.3307011480851
KCTD11	1	1	1	1	1	1	1	1	1	1	1	1	1	1	1	1	23.1847000928812	26.0708107533646	1	1	55.6620193202152
KCTD12	53.466426692728	245.056428988952	1	1	1	44.9089205317711	323.045296017313	1	1	1	1	1	52.1169662824984	1	1	227.324914812252	141.398839130091	27.0374878791455	186.431585591844	138.825554522596	17.3732661341306
KCTD13	1	1	1	20.3155566837526	1	1	1	1	1	1	1	1	1	1	1	1	1	1	1	1	1
KCTD15	55.4821289697312	1	1	1	1	1	1	1	1	1	1	1	1	1	1	1	46.0646407940154	26.7180906335534	1	1	52.9285796033288
KCTD17	1	1	1	1	1	1	1	1	1	1	1	1	1	1	1	1	1	1	20.8364893789683	1	1
KCTD2	1	1	1	1	1	1	1	1	1	1	1	1	1	27.1894339708068	1	1	1	15.9579961291951	1	1	1
KCTD21	1	1	1	1	1	1	1	1	1	1	1	28.3191143757401	1	1	1	1	1	1	1	1	1
KCTD7	1	1	1	34.19934852688	1	1	1	1	1	34.4905973442567	1	34.5225835971252	1	1	1	21.3958388651618	1	1	1	1	1
KDELR3	30.3292599374334	1	1	1	1	1	1	21.0335512880396	1	1	1	1	1	1	1	1	77.7575626456979	1	1	1	1
KDM1B	1	45.5485564751606	1	1	1	47.9234141318401	21.2335516537562	1	1	1	1	1	1	1	1	18.9648811671237	1	20.0086284516591	27.7993577922933	1	1
KDM4C	1	16.2859588799402	1	32.3320410413258	1	1	1	1	1	41.0748975948788	30.5146696636127	53.8238179178155	1	1	1	1	29.7298367723619	19.1767007471983	1	1	1
KDR	1	1	1	1	1	1	1	1	1	1	1	1	1	1	1	1	86.7374020012163	1	1	1	1
KHDRBS3	19.1430984067911	1	1	1	1	1	1	1	1	1	1	1	1	1	1	1	23.270819530659	54.0903715545155	1	30.5129504346071	1
KIAA0408	1	1	1	1	1	1	1	1	1	22.2207542250521	1	1	1	1	1	1	1	1	1	1	1
KIAA0513	1	60.3169881080222	1	1	1	82.6367685488398	26.8311182791449	1	1	1	1	1	1	1	1	23.8147014134663	1	1	1	20.5274370519469	1
KIAA0895L	1	1	1	1	1	1	1	1	1	1	1	1	1	1	1	1	27.7379195249224	1	1	1	55.3756894958815
KIAA1024L	1	16.7924496954128	1	1	1	40.7961336803908	1	1	1	15.571485433411	1	1	1	1	1	1	1	1	1	1	1
KIAA1217	1	1	1	1	1	1	1	1	1	1	1	1	1	1	1	1	56.2073232355082	24.4953469648034	1	35.2621468433109	63.4827410465595
KIAA1456	1	1	1	23.4862660421123	1	1	1	1	1	1	1	1	1	1	1	1	1	1	1	1	1
KIAA1522	92.21507713907	40.3284469546719	1	1	1	1	1	1	1	1	1	1	60.0168161924092	1	1	36.8735905523981	1	169.210574443264	21.7128689905315	40.596615577506	157.593623821474
KIAA1549	29.4366071304713	1	1	1	1	1	1	1	1	18.2629373978954	1	1	65.5392507038796	1	1	1	1	72.0457567979071	1	1	1
KIAA1671	102.072751796002	1	1	28.4067765566455	1	1	1	1	51.2190317889366	1	1	96.2323315762122	1	1	40.3572984270618	1	1	39.8251121978627	1	1	64.1312235594573
KIF16B	1	1	1	1	1	1	25.9916221976134	1	1	1	1	1	1	1	1	21.2076988827354	1	1	1	1	1
KIF19	1	1	1	1	53.9211131201252	1	1	1	1	1	1	1	1	1	1	1	1	1	1	1	1
KIF20A	52.0131725299259	1	1	1	1	1	1	1	1	1	1	1	1	1	1	1	1	1	1	1	1
KIF20B	58.1780475913907	1	1	28.5635122038706	62.2568054150109	1	1	1	1	24.0109108672569	1	38.4841496979745	1	52.0403531734602	34.2908190284805	1	1	15.952894646535	1	1	1
KIF21A	99.9561803862768	1	38.7746881369556	55.718119776528	1	1	1	24.5785670689164	46.0457111222002	1	1	110.224298576166	1	37.4466065073844	54.3778813169512	1	1	42.4204869837792	1	1	52.6419940161003
KIF21B	1	16.8560700874159	85.8917910938767	149.566172132961	1	59.4809963020504	1	1	132.431028564266	72.2954284562593	36.3981329881034	127.204357043927	41.132845974457	55.4514927230053	73.6299920302074	1	1	20.5465748975844	1	1	1
KIF22	57.0225241227001	28.922399358755	1	24.5652843711099	1	1	1	1	27.7561434564953	22.7547781937075	1	24.9053725154699	1	1	36.0824665831124	20.3773416557662	1	1	22.5942538399835	1	1
KIF23	30.1320659339108	1	1	1	1	1	1	1	1	1	1	1	1	1	1	1	1	1	1	1	1
KIF26B	1	1	1	1	1	1	1	1	1	1	1	1	1	1	1	1	67.0918629793305	34.0192569388211	1	1	1
KIF2C	45.730615539415	1	1	1	1	1	1	1	1	1	1	1	1	1	1	1	1	1	1	1	1
KIF3A	1	1	32.2578363225011	35.7212007068781	1	1	1	1	34.0885989255568	21.9227008179441	1	53.7692367867092	1	35.7554139276623	30.2526767865297	16.5535823811723	14.1565415787157	30.8653395460987	1	1	1
KIF3B	32.4444542292617	21.4993927105566	26.6030663278857	25.9485774996777	1	1	1	1	1	1	1	1	1	32.3698624212042	1	1	35.4022953097643	28.4152844374772	1	1	37.2678299658373
KIF4A	25.8834333120094	1	1	1	1	1	1	1	1	1	1	1	1	1	1	1	1	1	1	1	1
KIF5C	1	1	1	1	1	1	1	1	1	1	1	28.416471070044	1	40.7093963149968	1	1	1	1	1	1	1
KIF9	1	1	1	1	1	1	1	1	1	1	1	1	1	1	1	1	1	31.0909946683545	1	1	1
KIFC1	126.622685454121	1	1	1	1	1	1	1	1	1	1	57.8824687762588	1	1	1	17.7140821072961	1	22.7188665627551	54.0614251774232	42.5984577526744	1
KIN	1	22.0619185086916	1	33.7930734676556	1	1	1	1	1	1	1	1	1	1	1	1	1	17.1952412074631	1	1	35.816469401597
KIR2DL1	1	1	1	39.3082056817574	1	1	1	1	1	1	1	1	1	1	1	1	1	1	1	1	1
KIR2DL3	1	1	1	134.164783139554	1	1	1	1	1	1	1	32.0400608591779	1	1	1	1	1	1	1	1	1
KIR2DL4	1	1	1	57.5717472268019	1	1	1	1	1	1	1	186.026210538494	1	1	1	1	1	1	1	1	1
KIR3DL1	1	1	1	57.6540084511615	1	1	1	1	1	1	1	1	1	1	1	1	1	1	1	1	1
KIR3DL2	1	1	1	87.5633957727979	1	1	1	1	1	1	1	1	1	1	1	1	1	1	1	1	1
KIRREL1	1	1	1	1	1	1	1	1	1	1	1	1	1	1	1	1	55.6557248992972	1	1	1	44.7166023930776
KIT	1	1	1	1	1	1	1	1	1	1	1	22.043656320279	1149.29724103484	1	1	1	1	1625.73887750236	1	1	1
KITLG	27.7737562370651	1	1	1	1	1	1	1	1	1	1	1	1	1	1	1	37.3912622442494	38.1945767975964	1	1	40.2877557344888
KIZ	1	1	1	1	59.0868327320962	1	1	1	1	21.2100378890707	1	1	1	1	1	1	10.5096480128292	1	1	1	1
KLC4	1	25.8588277216228	1	1	1	1	1	1	1	17.6747198112775	27.1727824516183	57.270789803209	1	1	1	15.3088203577795	1	19.2009823950929	1	16.9283363920743	1
KLF11	33.7625037057733	32.7591627653474	34.4099949840655	22.5021475586873	1	1	34.934491815097	1	1	1	1	63.6834905879783	25.8001780431528	1	1	37.3617346491142	1	37.9296004413685	19.6666138629881	53.1535244840795	1
KLF12	1	1	39.7525914024323	69.7835804569658	1	1	1	1	51.4465696347174	33.2429355517856	29.174776066598	1	1	32.6484951329304	46.8864299725613	1	1	1	1	1	1
KLF16	28.6405874838042	1	31.6659131737402	1	1	1	14.4376853640212	1	37.7433773270239	1	30.9744098278384	1	1	1	1	19.6584838968946	1	23.5799738093256	21.1630977577604	18.6945635550482	1
KLF3-AS1	1	1	1	23.0941340093683	1	1	1	1	1	18.9903906181022	1	1	1	1	1	1	1	1	1	1	1
KLF4	66.2172689538645	374.382015527754	1	1	27.2932769426393	1	704.574531068316	1	1	1	1	1	303.487120344601	1	1	411.820181539532	351.276719409783	232.48860474851	409.615724377648	533.509287675669	114.028319596566
KLF5	193.984000873815	43.8911203565246	1	1	1	1	1	1	1	1	1	1	1	1	1	42.5869492555827	1	122.553160487372	1	42.3649704844735	168.961352316739
KLF8	1	1	1	1	1	1	1	21.6966324990138	1	1	1	1	1	1	1	1	1	1	1	1	1
KLHDC4	25.038958183451	1	1	90.7519706728306	1	1	1	1	1	25.6185726898786	1	81.7255599325473	34.4738021594181	1	24.5658824484274	1	1	1	1	1	19.1712623518025
KLHDC8B	1	1	1	1	1	1	44.6232001957777	1	1	1	1	1	1	1	1	34.0431087413443	26.1395981919946	1	1	1	9.78054327091914
KLHL2	1	26.5847663683904	1	1	1	107.052098300295	1	1	1	1	1	1	1	44.3104906582568	35.628545017672	20.0862797058713	36.7342542097602	17.5386210072143	29.2680176059074	28.9565381919118	1
KLHL22	1	1	1	1	1	1	1	1	1	1	1	1	1	32.7570060886035	1	1	16.7236295388569	1	1	1	1
KLHL23	1	1	1	1	1	1	1	1	1	17.0243675120636	1	79.9696713254869	1	1	1	1	20.2892169870927	29.6252463378323	1	1	1
KLHL35	1	1	1	1	1	1	1	1	1	25.9171726156717	1	1	1	1	1	1	1	1	1	1	1
KLHL40	1	1	1	1	1	1	1	26.6617945161585	1	1	1	1	1	1	1	1	1	1	1	1	1
KLHL6	1	50.2792013418464	56.5867761399301	56.9187765991286	53.6988890889641	50.6963153827988	81.3461909058277	99.5933715968726	51.8329516763424	36.8188979800661	167.195136352715	25.3283585262902	145.421584544313	72.5799114921534	60.5628512994185	57.4401902697068	1	70.7661043320975	42.1823110243216	59.7409985212184	1
KLHL9	1	17.5808526951561	1	35.2696481480383	1	1	1	1	1	1	1	58.7026327755878	1	1	1	1	1	39.009642554928	1	1	1
KLK10	1	1	1	1	1	1	1	1	1	1	1	1	1	1	1	1	1	1	1	51.8320870560841	1
KLLN	1	1	1	1	1	1	1	1	1	1	1	1	1	1	1	1	1	1	1	1	34.9105477357288
KLRB1	1	1	313.205573521888	569.839558464098	1	1	1	1	137.543258139188	24.4301677640789	1	336.666131645266	27.653017585646	101.501882614059	287.721580717583	1	1	1	1	1	1
KLRC1	1	1	1	116.649576266651	1	1	1	1	41.4468205496095	1	1	142.323111413714	1	1	1	1	1	1	1	1	1
KLRC2	1	1	1	1	1	1	1	1	1	1	1	42.5234990229769	1	1	1	1	1	1	1	1	1
KLRD1	29.6194645016465	29.3144004204609	44.5817356184074	1699.30602738136	1	58.9876704816341	19.9918991050457	1	369.275948486506	19.005616368909	1	862.259829822897	79.9837652704422	49.8964235907301	57.4460321688295	17.1837753939575	10.2159645662939	17.5041784121492	1	1	1
KLRF1	1	1	1	928.642718198676	1	1	1	1	96.2351633226247	1	1	225.030908897401	1	1	1	1	1	1	1	1	1
KLRG1	1	1	31.2995739006348	95.1643196221195	1	1	1	1	162.844326815868	1	1	97.3960715225424	31.3789128383967	1	1	1	1	50.9855967497861	1	1	1
KLRK1	49.9239713862536	1	66.7555568021083	429.646099103784	1	1	1	1	389.6466904789	1	1	438.105828856227	1	1	89.2230924269286	1	1	1	1	1	1
KMO	1	20.8186691300069	1	1	1	1	44.9918671016372	1	1	1	1	1	1	1	1	52.4825797763691	1	1	1	31.8006809937078	1
KNSTRN	63.7681363853693	1	1	1	1	1	1	1	1	1	1	1	1	1	1	1	1	22.7843097926394	1	1	49.770593512715
KRBOX4	1	1	1	1	1	1	1	1	1	23.5772162141395	1	1	1	1	1	1	1	1	1	1	1
KRT1	1	1	1	1	1	1	1	1	1	1	1	1	1	1	1	1	1	74.5834253706387	1	1	1
KRT13	253.397248400644	1	1	1	1	1	1	1	1	1	1	1	1	1	1	1	1	120.741390322584	1	1	692.99511658058
KRT14	1051.66144459943	1	1	1	1	1	1	1	1	1	1	1	1	1	1	135.953335477416	1	318.436239488779	1	1	1184.77800878276
KRT15	725.066159024007	43.6110378064379	1	1	1	1	1	1	1	1	1	1	1	1	1	123.493628500474	21.0544116270177	288.200926118143	1	45.2770633507138	1028.31205070206
KRT16	36.2260388638338	1	1	1	1	1	1	1	1	1	1	1	1	1	1	1	1	1	1	1	60.7065355247942
KRT17	3079.38473555744	1	1	1	1	1	1	1	1	1	1	1	1	1	1	631.699824773598	41.99215161866	1360.14366712865	1	233.637635810978	8871.88985911203
KRT18	411.824913550621	141.555076342142	1	1	1	1	1	1	1	1	1	30.9918547186226	1	1	1	65.1485566979607	1	232.660327481	1	110.35335217698	442.972496291005
KRT19	1805.50265971571	295.487786336162	1	1	1	1	1	1	1	1	1	1	29.8642212706984	1	1	438.281934086212	1	946.867219354544	1	360.218516520391	4395.55770912111
KRT23	1	1	1	1	1	104.35121168066	1	1	1	1	1	1	1	1	1	1	1	1	1	1	1
KRT5	2719.46956168883	1	1	1	1	1	1	1	1	1	1	1	95.9871792137395	1	1	436.791857100983	1	861.494729496607	1	1	5387.99553880316
KRT6A	2505.5716009401	1	1	1	1	1	1	1	1	1	1	1	1	1	1	587.024330410895	1	1248.13584191994	1	1	3590.62175004458
KRT6B	345.319524336021	1	1	1	1	1	1	1	1	1	1	1	1	1	1	1	1	204.539219072348	1	1	409.641997076312
KRT6C	1	1	1	1	1	1	1	1	1	1	1	1	1	1	1	1	1	1	1	1	41.4882804796494
KRT7	1	104.499193916282	1	1	1	1	1	1	1	1	1	1	1	1	1	1	1	75.6201941775233	1	207.85573662892	1
KRT72	1	1	1	28.1922206248403	1	1	1	1	1	45.0600525405022	1	1	1	1	1	1	1	1	1	1	1
KRT8	872.44887563954	327.195698006615	1	27.9572960353295	45.3547564524393	53.1842292802572	24.1909092242771	1	1	19.2989588645931	1	74.8188154756225	61.1025630259565	1	1	195.789134855912	41.8338120080175	545.275699617976	82.9695320178552	282.436827451732	1219.19172621724
KRT81	1	1	1	1	1	1	1	1	1	1	1	136.306175534507	1	1	1	1	1	1	1	1	1
KRT86	34.1050508465958	1	1	1	1	1	1	1	80.5312418278687	1	1	358.463470538301	1	86.4006809116341	143.754736430784	1	1	1	1	1	1
KRTCAP2	16.8180330187093	19.2386975615314	1	1	1	1	1	48.2394016488575	1	20.4026105215015	1	57.662817470495	32.1734602247566	1	1	15.7064069543817	1	18.8606193542188	20.4463066328491	1	21.299227299774
KRTCAP3	61.8583741215511	1	1	1	1	1	1	1	1	1	1	1	1	1	1	1	1	51.9449114905707	1	1	373.811082620182
KSR1	27.2532073742926	28.6271807412722	1	21.4726224234513	1	1	16.0740809088845	1	1	1	1	50.4974283609033	21.7695109784928	34.490680358164	1	1	1	34.6905193065912	1	1	1
KTI12	1	1	1	1	1	1	1	1	1	1	1	42.8383202101376	1	1	1	1	1	16.7737122138401	1	1	1
KYNU	1	64.6864873786525	1	1	1	1	62.1812202184658	1	1	1	53.3566198073277	1	36.3031657950673	1	1	61.9687265553154	1	1	57.8338362328507	87.9053984730888	1
L1TD1	1	22.5741985457144	42.3932999516585	47.0873442866609	1	31.1862810748924	15.5669320398237	1	39.427050641024	28.0553517917619	1	39.4576670777615	1	37.8915047683885	40.8615808378142	18.1654133626307	27.3054699554123	24.2428582489881	1	1	1
L3HYPDH	1	1	1	1	1	1	1	1	1	21.9442160308813	1	1	1	1	1	1	52.3365414575599	1	1	1	1
L3MBTL1	1	1	1	1	1	1	1	1	1	29.2407255997966	1	1	1	1	1	1	1	1	1	1	1
L3MBTL2	23.6461098856266	20.8338695437724	1	28.6632709506027	1	1	1	1	1	17.5506733314799	1	1	28.9892989098643	32.4779222333003	32.7219420605184	16.9853836546306	1	24.7660667258854	1	1	1
L3MBTL3	1	1	1	24.1584650202389	1	1	1	1	1	1	1	1	1	1	1	1	1	1	1	1	97.7014913135935
LACC1	1	1	1	1	1	1	39.0137190976508	1	1	1	1	1	1	1	1	18.8312542938226	25.5791919172954	1	1	1	1
LAD1	319.595589360772	73.2877844731468	1	1	1	1	1	1	1	1	1	1	1	1	1	63.7336468203793	1	115.916983927322	1	174.409983829428	229.272813052555
LAG3	28.2815305041358	1	1	25.2649440412066	1	1	1	1	55.8513059408719	1	1	126.605125216239	1	52.2456539350066	56.3340527822531	1	1	1	1	1	1
LAIR2	1	1	1	41.8968603894266	1	1	1	1	1	1	1	1	1	47.7830116513508	1	1	1	1	1	1	1
LAMA2	1	1	1	1	1	1	1	1	1	1	1	1	1	1	1	1	146.267350073717	1	1	1	1
LAMA4	1	17.0145612180107	1	1	1	1	1	1	1	15.4100246056013	1	1	1	1	1	1	161.765546776809	1	1	1	1
LAMA5	16.6302366074942	27.050484650504	1	1	1	1	1	1	1	1	1	1	1	1	1	1	51.2982984701794	36.089547042718	1	69.5530635978766	1
LAMB1	1	1	1	1	1	1	1	1	1	1	1	1	1	1	1	1	256.109456562946	1	1	43.5107409943342	18.9734526884147
LAMB2	1	21.1818122539805	1	1	1	1	24.27245147564	1	1	1	1	1	1	1	1	1	238.776724031589	1	1	42.7542695041345	1
LAMB3	45.0230761282305	82.5274970703655	1	1	1	1	1	1	1	1	1	1	1	1	1	28.7000643605297	1	34.4454666085309	1	151.790619472726	1
LAMC1	44.6718839355706	27.8224599337264	1	1	56.7614666172658	1	31.3011265337796	1	1	1	1	1	1	1	1	44.5265079878652	183.5276910416	60.2111912338803	1	49.0612430450125	61.135993258886
LAMC2	20.1760306089936	57.3519767456246	1	1	1	1	1	1	1	20.9773641626261	1	1	37.4262439534205	1	1	1	1	32.0222542401511	1	135.571561698244	1
LAMP3	1	1	1	1	1	1	1	1	1	1	1	1	1	1	1	1	1	1	45.3735415162444	300.488313539577	1
LAMTOR5-AS1	1	1	1	1	1	1	1	1	1	22.3698007928514	1	1	1	1	1	1	1	1	1	1	1
LANCL1	24.2810254906767	1	1	36.2488954467138	1	1	1	1	1	45.1751999427666	1	78.311417861055	1	1	26.933287573655	1	14.3942248863067	24.8913347198012	1	1	54.4549759454888
LANCL2	33.285134253092	1	1	1	1	1	1	1	1	1	1	1	1	1	1	1	1	21.8962304408335	1	1	51.2174123629576
LAPTM4B	335.357529704083	85.779856393178	1	1	1	31.7077820602252	29.3114163818026	1	1	21.0464609377725	1	75.4089562686913	41.8923528152851	116.202282371105	52.6755164974442	75.2257485298004	37.7526737992524	367.604672907803	1	88.2822640906837	361.256615474169
LARP1B	28.6162895917718	1	1	1	1	1	1	51.2718473380355	1	25.0759794619809	1	1	38.416845412143	1	1	1	35.3365349850131	27.0313601041068	1	1	36.0751281557116
LARS2	1	1	1	1	1	1	1	1	1	1	1	33.6032854551871	1	1	1	1	1	1	1	1	1
LAT	1	18.784781237082	34.0275883286267	58.7751412786761	1	1	1	1	37.5535684029994	49.7613590223253	1	29.2556441460319	1	53.8067959366624	26.615385476386	19.1153232363798	1	28.7041536056645	1	1	1
LAT2	1	81.2372689402017	1	111.303170397158	58.7772942568565	207.424916608921	38.3078783523513	1	1	1	67.4005607418599	125.209740604574	107.25678715495	1	1	34.7788998249601	1	72.0801956949511	85.0590836734106	34.1146127667611	1
LAX1	1	1	37.4533003938559	53.1955862971838	1	1	1	72.3301009765971	38.5495565645174	37.5166820203371	1	1	34.5902904024378	63.0479986983782	49.6185400332611	1	1	60.6930558260881	1	1	1
LAYN	54.4500216075249	1	1	1	1	1	1	1	1	1	1	68.4499877635524	1	239.153137708508	79.7969475539416	1	34.5981835527994	1	1	1	1
LBH	96.4786599462802	1	213.470695858763	177.956429489569	233.889080063749	1	1	1	287.536595189252	151.895070841517	145.71012071358	53.6413839339336	82.1941397258527	297.316704480727	355.662194366655	1	149.471962608489	54.7259624967073	1	49.1636165794605	54.0537586513767
LCA10	1	1	1	1	1	41.911723034803	1	1	1	1	1	1	24.7023972064903	1	1	1	1	1	1	1	1
LCK	64.9965001462679	1	208.025113619081	249.099927571128	44.0507855268663	1	1	1	290.526857915514	271.241940844521	32.4868875864443	362.667888730133	68.5936691365846	312.354704577218	288.320146277122	1	1	1	1	1	1
LCMT2	20.9502949543181	1	1	26.4669198373953	26.6477486491853	1	1	1	1	28.9201791987424	1	41.8104131868742	1	1	1	1	1	1	1	1	1
LCN2	1	1	1	1	1	1	1	1	1	1	1	1	1	1	1	1	1	1	1	144.013507827572	1
LCORL	1	22.0334627535687	1	31.5159491531066	1	1	23.816269701286	22.6790968606469	1	1	1	1	45.788855822151	1	1	23.3668025589101	1	19.181680456705	1	1	1
LCTL	1	16.2620147885746	1	1	1	1	1	1	1	1	1	1	1	1	1	1	1	1	1	1	1
LDB1	1	1	1	1	41.5491523386847	1	17.7238349969947	1	1	1	1	1	23.255015550135	30.5637567880445	37.9254189604123	1	1	23.7023082376482	18.2119246038241	1	1
LDB2	1	1	1	1	1	1	1	1	1	1	1	1	1	1	1	1	105.752261047042	1	1	1	1
LDLRAD3	1	24.0476224638216	1	1	1	1	16.8622730902669	1	1	1	1	1	1	1	1	26.4602260215939	1	1	1	1	1
LDLRAD4	55.7432557685481	46.8807202841068	111.434176300361	48.1272805064574	74.9845652223923	1	39.8159158477249	1	147.613390287213	1	244.145269514332	313.259279535452	362.298093287823	113.349533728876	153.31539062822	35.9586512300386	18.3274628403194	1	133.996388835563	85.7137072923826	1
LDLRAP1	1	22.0501618134682	85.2047450953983	45.8739082791625	1	1	1	21.4562823110509	61.5109306733949	221.936796410782	1	1	1	41.1848829219004	47.1696702152091	20.3056133869862	27.275584967224	1	1	22.4229346263766	1
LDOC1	1	1	1	1	1	1	1	1	1	1	1	23.863455021247	1	1	1	1	1	1	1	1	1
LEF1	28.0299282054994	1	117.892525970814	1	1	1	1	1	45.4079447171384	308.356809809692	1	1	1	67.0101982950248	82.937891130732	1	38.1353035749618	1	1	1	1
LEKR1	1	1	1	1	1	1	1	1	1	24.3038856080834	1	1	1	1	1	1	1	1	1	1	1
LENG1	1	16.0093027075491	1	25.7270400808407	36.2183513717527	1	1	1	1	37.9596127788415	1	1	1	1	1	1	1	1	1	1	1
LENG8	1	20.7623066458451	1	33.1275447260923	1	1	16.5871633228118	1	1	28.1767796839399	1	1	21.5219514805522	39.0758303804476	1	1	1	17.5167217758818	1	22.6668721961275	1
LEPROTL1	58.8185543633443	58.1925349229258	522.189230314358	123.782475961451	59.6041118472085	84.5980881628294	81.4938103500045	28.3109436931757	398.899768087168	217.964413504093	48.6327841782805	188.643585730372	139.379702679785	401.455809207121	316.093005869617	71.6587639898018	82.2988967303915	57.9708844248804	57.6496593192704	69.4991851462469	1
LETM2	1	1	1	1	1	1	1	1	31.8936175607776	1	1	1	1	1	22.4384592196733	1	1	19.3567641827727	1	1	1
LGALS2	1	135.803599956393	1	1	1	1	1	1	1	1	1	1	1	1	1	1	1	1	119.49970587781	91.9982150279122	1
LGALS4	1	92.4478911380548	1	26.1740540107118	1	54.2991066710842	15.8953117325493	1	1	15.4498317997864	1	18.800220918098	24.3559842837784	1	1	20.3101513124879	1	16.8004255761274	88.187852900828	105.566515262715	1
LGALS7B	1	1	1	1	1	1	1	1	1	1	1	1	1	1	1	1	1	1	1	1	58.2710399186273
LGALSL	51.9339381431911	1	1	1	1	1	1	1	1	1	1	1	1	1	1	1	1	39.5596668601201	1	1	65.6489728132815
LGMN	40.525132335686	63.5796790608429	1	1	1	1	1118.22532425252	38.0452961558138	1	1	73.5138579832375	1	40.1959080717353	34.5439470696773	1	407.156007880188	106.972022118241	76.0852230192215	115.15061698735	166.024553980083	31.6650153574466
LGR6	1	1	1	23.8090953814647	1	1	1	1	1	1	1	1	1	1	1	1	1	1	1	1	1
LHFPL2	1	61.0028314342807	1	28.215614749799	1	72.1212577112741	208.54435177573	1	1	18.5166792716566	36.83385276844	15.9739841446026	65.0970678068302	22.8829203658665	1	167.328288305643	70.3958879516482	54.4034536790644	60.1604726162603	99.4820347342072	1
LHFPL3-AS1	1	1	1	1	1	1	1	20.6826469313552	1	1	1	1	1	1	1	1	1	1	1	1	1
LHFPL6	1	1	1	1	1	1	1	1	1	1	1	1	1	1	52.86991220585	1	185.941038209783	1	1	47.6434355778168	1
LHPP	1	20.0877202597478	1	1	64.6849789587174	1	20.3040152214953	1	1	1	39.0646780809964	1	1	1	1	20.6264410295802	1	33.6978940148668	29.7629606673552	1	1
LIF	1	1	1	1	1	1	1	1	1	1	1	53.9012426833907	126.774012944256	1	1	1	1	346.254839769095	1	1	1
LIFR	1	21.0456198746767	1	1	1	1	1	1	1	1	1	1	1	1	1	1	96.7878412242639	45.1160894219136	1	65.0347235887982	1
LIG1	46.7378139051914	1	1	24.7466991120442	1	1	1	1	1	20.6981092393983	1	62.9836291562007	1	31.8424540453648	1	1	1	1	1	1	1
LIG3	29.2107142033866	1	1	1	1	1	1	1	1	38.8230142767256	1	1	1	1	1	16.3618352631049	1	27.1397180360922	1	1	33.0968649763324
LILRA1	1	84.0294365302651	1	1	1	64.2995530249264	1	1	1	1	1	1	1	1	1	1	1	1	1	1	1
LILRA2	19.7853612616831	85.8467359409168	1	26.1707411678717	1	299.104755598397	19.0126138915281	1	1	35.4961984960853	1	1	21.0728452353957	1	1	28.5079870654628	28.1330692348902	16.9635264550134	23.8499144643569	33.1044260335936	1
LILRA4	1	1	1	1	1	1	1	1	1	1	1	1	162.462555311779	1	1	1	1	1	1	1	1
LILRA5	1	20.5920254072085	1	1	1	1	1	1	1	1	1	1	1	1	1	1	1	1	1	1	1
LILRA6	1	42.5803966022627	1	1	1	39.8193416913984	32.796620582611	1	1	1	1	1	1	1	1	27.5869041197918	1	1	1	1	1
LILRB1	1	71.490753837033	1	29.1437579340425	1	34.8756249782336	36.6903139612343	1	1	16.5078766494736	30.82513384508	1	28.6469718213059	1	1	30.8788161966021	1	1	28.3455655769813	43.7570570883947	1
LILRB2	1	208.957174438235	1	1	1	166.798536067836	72.2469976338018	1	1	1	1	1	44.8435609109654	1	1	57.3362356745725	1	1	42.0352914664881	45.6561792998818	1
LILRB3	1	143.109975151885	1	40.2506993956608	1	537.47099213665	64.4380934849286	1	1	17.021425245013	1	1	45.9861724709668	1	1	69.7898813592813	1	16.9369379883545	35.3263178821948	32.7973438841379	1
LILRB4	1	85.2741473864769	1	1	1	1	256.912077169925	1	1	1	1	1	73.8822222789079	1	1	254.929971430429	1	1	105.154762287136	139.196865995067	1
LILRB5	1	1	1	1	1	1	54.5331850187738	1	1	1	1	1	1	1	1	1	1	1	1	1	1
LIMCH1	19.0280507648493	27.4628087419199	1	1	1	1	1	1	1	1	1	1	1	1	1	1	53.5146301714011	60.1930704069957	1	48.7842349509585	1
LIMD1	18.4592687238912	28.9086313176944	1	42.6159544234636	32.7657588498749	1	26.0220371872255	1	1	17.2425896554449	34.3185270496129	1	24.4534632463679	1	1	20.0531892435696	1	24.2407971379336	21.5332871725084	34.1510885958446	1
LIMK2	38.8880174180983	26.3331272747208	1	1	1	220.195497175514	28.2345997228707	1	1	1	1	1	44.9272478804067	1	1	25.9262166732885	54.3443575838661	35.4499919488664	21.1187139176013	30.4943699770573	47.4425409203573
LIMS2	1	1	1	1	1	1	1	1	1	1	1	1	1	1	1	1	136.375437581176	1	1	1	1
LIN28A	1	15.4066803118202	1	1	1	55.2236759521312	1	1	1	20.4754430001589	1	1	23.0968023600094	1	1	1	1	1	1	1	1
LIN28B-AS1	1	1	1	1	1	32.6427561700165	1	1	1	1	1	1	1	1	1	1	1	1	1	1	1
LIN54	17.4756875359379	1	1	1	1	1	1	1	1	1	1	1	31.4127427082736	1	1	1	1	1	16.8159842205563	1	1
LIN7A	1	1	1	1	1	55.1853749001575	1	1	1	1	1	1	1	1	1	1	1	1	1	1	1
LIN9	1	1	1	1	1	1	1	1	1	1	1	1	1	1	1	1	1	1	1	1	34.9288463966163
LINC00092	1	1	1	1	1	1	1	1	1	1	1	48.9345909480552	1	1	1	1	1	1	1	1	1
LINC00173	1	1	1	1	1	67.6415154123752	1	1	1	1	1	1	1	1	1	1	1	1	1	1	1
LINC00235	28.7290331988409	1	28.5146254379019	1	31.8645039097705	1	1	1	1	57.3400543854278	30.1031486519824	1	1	1	1	1	1	1	1	1	1
LINC00243	1	1	1	18.8556929182271	1	1	1	1	1	36.9034792598713	1	1	1	1	1	1	1	1	1	1	1
LINC002481	1	1	1	130.051392189803	1	1	1	1	43.6992664948911	1	1	1	1	1	1	1	1	1	1	1	1
LINC00294	1	1	1	20.1904757656233	1	1	1	1	1	1	1	1	1	1	1	1	1	1	1	1	1
LINC00299	1	1	1	1	1	1	1	1	1	1	1	34.7129496551687	1	1	1	1	1	1	1	1	1
LINC00392	35.6789642258711	1	1	1	1	1	1	1	1	1	1	1	1	1	1	1	1	1	1	1	101.415851828599
LINC00426	1	1	1	22.7301213509999	1	1	1	20.3151322963736	1	1	39.1782599507088	1	1	1	1	1	1	1	1	1	1
LINC00449	1	1	1	1	1	53.1459865035639	1	1	1	19.5269765872899	1	1	1	1	1	1	1	1	1	1	1
LINC00483	1	16.2743643742392	1	1	1	41.3804899293198	1	1	1	16.4652078532636	1	42.4498181206976	1	1	1	1	1	1	1	1	1
LINC00506	1	1	1	1	1	1	1	1	1	21.7343329043761	1	1	1	1	1	1	1	16.0260343267006	1	1	1
LINC00511	27.5096485149202	20.0710217985487	1	22.9654986310049	44.9033910083319	38.88985695933	1	1	1	1	1	1	30.3454161311315	1	1	1	1	31.6921953576856	1	20.0368554659593	54.6867612887882
LINC00626	1	1	1	1	1	1	1	1	1	1	1	1	1	1	1	1	1	1	1	1	36.1256754640563
LINC00649	21.6342153053107	1	1	1	1	1	1	1	1	37.6750869744834	1	1	1	31.8655650456379	29.1447964936007	1	1	1	1	1	1
LINC00662	1	1	1	1	1	1	1	1	1	1	1	23.7804767773121	1	1	1	1	1	1	1	1	1
LINC00670	1	1	1	1	28.0468864804657	1	1	1	1	1	1	1	1	1	1	1	1	1	1	1	1
LINC00672	1	22.1087853019464	1	41.8464407599344	1	48.5107755076483	1	1	1	1	1	1	1	1	1	1	1	21.0684888241241	1	1	1
LINC00683	1	20.1189275871157	1	1	1	50.088970143143	1	1	1	1	1	21.195536082396	33.4043152011917	1	1	1	1	21.1528836253542	1	1	1
LINC00694	1	1	1	1	1	78.9520575518418	1	1	1	1	1	1	1	1	1	1	1	1	1	1	1
LINC00707	1	46.5646807962688	1	1	1	1	77.7522131738774	1	1	1	1	1	28.3158315277915	1	1	45.8375227435096	1	27.1412465781071	36.9069130618558	60.001484781137	1
LINC00839	1	1	1	22.9853718716322	1	1	1	1	1	1	1	1	1	1	1	1	39.6354717827759	1	1	1	1
LINC00847	1	1	1	1	1	1	37.3526803755215	1	1	35.2836280135924	1	1	1	1	1	39.548885507348	1	1	1	1	1
LINC00861	1	1	32.3662880650364	107.196904358956	1	1	1	1	39.5402573656823	152.375380976265	1	18.1359549562444	1	1	1	1	1	1	1	1	1
LINC00869	1	17.4169978655209	54.1177026034266	149.05433927316	1	37.5866286443094	1	1	80.9203384185319	58.4107161822436	25.9451106330627	1	22.0694902247346	1	29.2577837261175	1	17.781056321754	19.5549309596473	1	1	42.2416449293141
LINC00885	1	1	1	1	1	1	1	1	1	1	1	1	1	1	1	1	1	1	1	1	30.5171069317159
LINC00887	1	1	1	1	1	35.6728249696906	1	1	1	18.7129713935312	1	38.3333231813547	1	1	1	1	1	1	1	1	1
LINC00891	1	1	1	1	1	1	1	1	1	53.0364894927707	1	1	1	1	1	1	1	1	1	1	1
LINC00909	1	1	1	24.3498465203619	30.959994909616	1	1	1	1	1	1	1	1	1	1	1	1	1	1	1	1
LINC00910	1	1	1	1	1	1	1	1	1	18.9632901707964	1	1	1	1	1	1	1	1	1	1	1
LINC00926	1	1	1	1	125.87029990798	1	1	1	1	1	46.7096329557844	1	1	1	1	1	1	1	1	1	1
LINC00937	1	36.7816693237123	1	1	1	51.7980652285029	1	1	1	1	1	1	1	1	1	1	1	1	1	1	1
LINC00954	1	24.5920241967018	1	35.5167660620035	1	44.88896395438	16.9225735691058	1	37.917906597409	41.2014712305702	1	152.721695905154	27.9776049903385	1	1	1	1	17.9018420877964	1	1	1
LINC00976	1	44.3642554168308	1	41.5960646537933	92.9024065909082	1	18.218583991874	24.8836876895656	1	63.1448754454832	38.6358565220772	1	40.0169919849977	1	1	15.3980066744962	23.5384949052507	34.5995279519703	22.2640355960519	38.8930307397286	1
LINC00996	1	1	1	1	1	1	1	1	1	1	1	55.1542428230686	1	1	1	1	1	1	1	1	1
LINC01020	1	1	1	1	1	1	1	1	1	1	1	23.0239156924309	1	1	1	1	1	1	1	1	1
LINC01089	1	1	1	1	1	1	1	1	1	45.2366825876507	1	1	1	34.4349035867331	1	1	1	1	1	1	1
LINC01094	1	1	1	1	1	1	44.9608717518669	1	1	1	1	1	1	1	1	30.5225237116184	1	1	1	1	1
LINC01121	1	15.0447399409591	1	1	1	1	1	1	1	1	1	40.8069301896059	1	1	1	1	1	1	1	1	1
LINC01122	1	1	1	21.2054952205223	1	1	1	1	1	23.5595537939012	1	1	1	1	1	1	1	1	1	1	1
LINC01128	1	1	1	1	1	1	1	1	1	1	1	1	1	1	1	17.8271096934747	1	1	43.4501775265633	26.1299808312377	107.400416867935
LINC01133	77.5563367677255	1	1	1	1	1	1	1	1	1	1	1	1	1	1	1	1	29.9273217436689	1	1	144.63517548949
LINC01134	1	19.0927687691309	1	1	1	49.8101593490918	17.0404507062428	1	1	20.4322781893166	1	33.3453114694528	1	1	1	1	1	1	1	1	1
LINC01138	1	1	1	24.7214945112593	1	1	1	1	1	1	1	1	1	1	1	1	1	1	1	1	1
LINC01206	53.1472429980951	1	1	1	1	1	1	1	1	1	1	1	1	1	1	53.6442357523179	1	48.2473155271957	1	1	134.731377678967
LINC01215	1	1	1	1	65.8257801275441	1	1	1	1	23.6984716854896	27.7299560031726	1	1	1	1	1	1	1	1	1	1
LINC01232	1	1	1	54.4583510742749	1	1	1	1	1	1	1	48.2680850736176	1	1	1	1	1	14.2839086045113	1	1	42.7802622530097
LINC01234	1	16.0429829095157	1	1	1	32.3049011829055	1	1	1	1	1	1	22.3980742892501	1	1	1	1	1	1	1	1
LINC01254	1	1	1	1	1	31.758307380748	1	1	1	1	1	1	48.2677936054178	1	1	1	1	1	1	1	1
LINC01278	1	1	1	41.716156200835	1	1	1	1	1	24.4261770672891	1	1	1	1	1	1	1	1	1	1	1
LINC01281	1	1	1	1	1	1	1	1	1	1	1	1	1	41.4569638401519	35.928809370006	1	1	1	1	1	1
LINC01285	1	21.4838128191886	1	32.796978797171	1	51.4953900464535	1	1	24.4819160185947	21.8906893947279	1	68.3534412634258	1	1	1	1	1	1	1	1	1
LINC01299	1	1	1	22.9249607047523	1	28.8628799608792	1	1	1	1	1	1	1	1	1	1	1	1	1	1	1
LINC01411	1	20.0433947352513	1	25.2881785283059	1	49.4836438290654	1	1	1	15.1219608616562	1	1	1	1	1	1	1	1	1	1	1
LINC01419	1	1	1	1	1	1	1	1	1	1	1	1	1	1	1	1	1	33.0575870305895	1	1	1
LINC01460	1	1	1	20.2956064298586	83.9949874592646	1	1	1	1	16.1681336485317	29.6067389056387	1	1	1	1	1	1	1	1	1	1
LINC01481	1	1	1	1	1	1	1	1	1	1	1	1	1	1	1	1	1	1	1	1	56.6403626175447
LINC01506	1	1	1	1	1	186.107043472033	1	1	1	1	1	1	1	1	1	1	1	1	1	1	1
LINC01513	1	1	1	1	1	37.656400745471	1	1	1	1	1	1	1	1	1	1	1	1	1	1	1
LINC01521	1	17.506751075692	1	21.2532336316367	1	34.617555854283	1	1	1	22.4814779038893	1	87.3151702505907	1	1	1	1	1	1	1	1	1
LINC01567	1	1	1	1	1	1	1	1	1	17.5970330994937	1	44.527748615164	1	1	1	1	1	1	1	1	1
LINC01684	1	1	1	32.3428914299247	1	1	1	1	1	27.2621993224964	1	1	1	1	1	1	1	1	1	1	1
LINC01703	1	1	1	1	1	1	1	1	1	1	1	1	1	1	1	1	1	1	1	1	28.8201813087724
LINC01764	1	1	1	38.7876501397662	1	1	1	1	37.9921731370128	1	1	1	1	1	1	1	1	1	1	1	1
LINC01772	1	1	1	1	1	1	1	1	1	22.6135780273181	1	1	1	1	1	1	1	1	1	1	1
LINC01781	1	1	1	1	1	1	1	1	1	1	137.230695137193	1	1	1	1	1	1	1	1	1	1
LINC01806	1	1	1	1	1	1	1	1	1	1	1	1	1	1	1	1	1	1	1	1	66.0511990311643
LINC01814	1	24.9682863416937	1	28.1779085368028	33.8872506448501	34.8605629090093	1	1	1	30.5939495879325	1	40.543995991029	1	1	1	1	1	1	1	27.5026135875226	13.888668784671
LINC01856	1	1	1	1	1	1	1	1	1	28.0320620479113	1	1	1	1	1	1	1	1	1	1	1
LINC01857	1	1	1	1	43.712387162894	1	1	1	1	1	46.3852580739806	1	1	1	1	1	1	1	1	1	1
LINC01871	31.7452291081194	1	33.7722467182175	38.321543660965	1	1	1	1	77.8128148752901	1	1	101.190788295431	1	1	58.5644194895537	1	1	1	1	1	1
LINC01902	1	17.3594328264602	1	1	1	31.3806679408222	1	1	1	37.3051006657388	1	27.8046067739538	1	1	1	1	1	1	1	1	1
LINC01934	1	1	1	1	1	1	1	1	25.7422164879546	1	1	1	1	1	39.9432452037182	1	1	1	1	1	1
LINC01943	1	1	1	1	1	1	1	1	1	1	1	1	1	101.810554357806	30.3653421839829	1	1	1	1	1	1
LINC01949	1	1	1	30.3984383325388	1	1	1	1	1	14.7170053938329	1	1	1	1	1	1	1	1	1	1	1
LINC01981	1	1	1	1	1	1	1	39.341815608964	1	1	1	1	1	1	1	1	1	1	1	1	1
LINC01993	1	23.6646451848829	1	24.2854847692443	1	50.8728192660043	1	1	1	1	1	19.7677846991119	37.7067119439107	1	1	1	1	29.0718293503593	1	1	1
LINC02023	1	1	1	1	1	1	1	1	1	16.3372901076939	1	1	18.6665874215284	1	1	1	1	1	1	1	1
LINC02084	1	1	1	19.8718390706291	1	1	1	1	1	1	1	1	1	1	1	1	1	1	1	1	1
LINC02099	1	1	1	1	1	1	1	1	1	16.3364479157854	1	1	1	45.2448982094754	1	1	1	1	1	1	1
LINC02142	1	25.6739048961485	1	44.1720869105005	1	49.4692500686256	1	1	1	48.3309981767971	1	52.7156636502901	26.0401896007023	1	1	1	1	1	1	1	1
LINC02177	1	1	1	1	1	35.9094774651463	1	1	1	1	1	1	32.4142104697574	1	1	1	1	14.4187173314276	1	1	1
LINC02195	1	1	1	1	1	1	1	1	1	1	1	92.8779642522047	1	72.2358209956931	1	1	1	1	1	1	1
LINC02207	1	1	1	1	1	75.0150166820321	1	1	1	1	1	1	28.4727748837743	1	1	1	1	1	1	1	1
LINC02245	1	15.88813028192	1	1	1	42.5224021108864	1	1	1	1	1	1	1	1	1	1	1	1	1	1	1
LINC02271	1	18.91744550213	1	1	30.8597845968078	47.1004477731241	1	1	1	1	1	21.3281270984499	1	1	1	1	1	19.9124879740635	16.2061998543414	25.300816208057	1
LINC02273	1	1	43.0637506385726	1	1	1	1	1	1	56.6412609197975	1	1	1	1	1	1	1	1	1	1	1
LINC02345	1	1	1	1	1	1	1	1	1	1	1	1	1	1	1	24.8926793394382	1	1	1	1	1
LINC02361	1	1	1	1	1	1	1	1	1	28.7746344526168	1	1	1	1	1	1	1	1	1	1	1
LINC02362	1	1	1	1	1	1	1	54.2867273732761	1	1	1	1	1	1	1	1	1	1	1	1	1
LINC02363	1	14.679117054399	1	1	1	30.7492608626579	1	1	1	1	1	1	1	1	1	1	1	1	1	1	1
LINC02384	1	1	1	21.9510916386674	1	1	1	44.8667805448603	1	1	1	1	1	1	1	1	1	1	1	1	1
LINC02397	1	1	1	1	106.095362477536	1	1	1	1	1	71.5453333808365	1	1	1	1	1	1	1	1	1	1
LINC02408	1	1	1	1	1	34.1706575901512	1	1	1	1	1	1	1	1	1	1	1	1	1	1	1
LINC02452	1	1	1	1	1	1	1	1	1	25.4652314726184	1	1	1	1	1	1	22.1177663541239	1	1	1	1
LINC02503	26.9864456338016	15.2693301517172	1	20.37055547119	31.3323497666446	1	1	1	1	81.2162817274922	1	1	27.9690287512067	1	1	1	58.1963346629144	25.9467152978444	1	1	56.7963434557066
LINC-PINT	1	1	34.427672063114	1	1	1	1	38.4392127889278	1	52.1819562850806	36.8309601055786	1	28.1662447958417	1	26.9928075201433	1	1	1	1	26.383577804161	1
LINS1	13.9731033312139	18.9252998588477	74.4605658024951	54.6526288829398	1	1	15.2382052142505	1	68.3067127026202	138.627944308539	27.7461097353884	35.2579722957597	29.1702926065436	66.8701412543928	45.0096754579386	17.958130304116	1	23.0816559019866	1	1	16.6816219055413
LIPA	1	111.178721887261	42.6826497698666	71.7944364109346	47.8684762697453	1	873.166084349489	1	44.8019966145031	48.155790543041	37.1335817439574	70.1744842125511	21.2320777190558	41.3444080871867	45.5864363966349	657.104572087366	34.9335655180321	49.701729531755	130.098203632667	110.702947146057	47.2132129963529
LIPC	1	15.2424066546763	1	1	1	42.8515827144063	21.0801286135381	1	1	1	1	1	1	1	1	1	1	1	1	1	1
LIPG	1	1	1	21.7476298045538	1	1	1	1	1	1	1	1	1	1	1	1	1	1	1	1	1
LIPH	1	1	1	1	1	1	1	1	1	1	1	1	1	1	1	1	1	1	1	49.834818001327	1
LL22NC03-63E9.3	1	1	1	1	24.7128971948069	1	1	1	1	19.4026521705752	1	1	1	1	1	1	1	1	1	1	1
LLGL2	34.4133222041149	59.675372933305	1	115.389335668098	1	1	1	1	49.8384941032831	1	1	54.1349101864336	1	1	33.7818910351951	1	1	56.6495628263048	1	87.1597233948319	1
LMAN1	69.7712521386924	37.6787885120769	51.5448213699452	54.3940285831635	1	1	57.5889934810488	215.265954600952	47.4198260973548	33.1154507669917	33.9322062103753	1	47.9298337815759	105.702954428149	60.3988224675836	85.2627790066629	85.8346108273508	108.631238787022	40.8611082755345	56.2684284151552	1
LMAN2L	1	1	1	1	1	1	1	1	1	1	1	1	1	1	1	1	53.621250439834	1	1	1	1
LMBRD2	1	1	1	22.8608193676452	1	1	22.913004326768	1	1	23.2490310470084	1	1	32.0173970473208	1	1	17.8135697427741	1	20.5389609274994	1	1	1
LMCD1	26.1184474161662	1	1	1	1	1	1	1	1	1	1	1	1	49.5759341275652	23.9204525791055	1	248.090850516668	23.4228603190397	1	40.5220957295969	1
LMF1	1	1	1	1	1	1	1	1	1	30.2959057579778	1	1	1	1	1	1	1	1	1	1	1
LMNB2	109.382478345171	1	1	1	1	1	1	1	1	1	1	1	1	1	1	28.1783399003783	68.0811180091149	25.781699686911	1	21.1693147681193	40.8929887345472
LMO2	1	101.596294096675	1	1	1	57.4660254001251	38.1253597872047	1	1	1	1	1	1	1	1	31.075344638112	33.4873469627812	1	38.2791454558712	48.7861538445618	1
LMO3	1	44.6268056267274	1	1	1	1	1	1	1	1	1	1	1	1	1	1	1	1	1	1	1
LMO7	34.0503889736032	84.173041911388	1	1	37.0932563879009	1	1	1	1	28.2168900330535	1	1	1	1	1	1	28.2498437488526	63.520841152511	1	219.237971258887	31.1850016513099
LMOD1	1	1	1	1	1	1	1	25.115382107391	1	1	1	1	1	1	1	1	31.5915828536889	1	1	1	1
LMTK2	1	1	1	21.6566505762271	1	33.8292661196951	1	1	1	20.3556533975041	1	1	1	23.5409249793417	1	1	1	14.5798021592228	1	1	1
LNX2	1	1	1	1	1	1	1	1	1	1	1	1	1	1	1	1	1	21.2595961844735	1	1	1
LOH12CR2	1	27.5961432487121	1	27.039308668743	1	39.3468132075627	1	1	1	18.6852401367793	1	17.7940089617199	38.2913036282058	1	1	1	1	27.703351028863	1	1	1
LONP1	47.3677479319433	21.5181078377936	1	1	1	1	25.6103366343205	1	1	18.8622591682373	25.5115457576385	1	1	1	1	40.0464152446853	1	28.4898665200825	19.5117484095785	25.0533740105635	1
LONRF1	31.8107657828124	1	1	1	1	1	1	1	1	1	27.9692625352176	1	1	1	1	22.4145328623951	29.72162958248	21.3493499173238	27.066988761628	39.4284104278763	1
LONRF3	1	1	1	1	1	1	1	1	1	1	1	1	1	1	1	16.5753158177909	1	1	1	1	1
LOX	1	1	1	1	1	1	1	1	1	1	1	1	1	1	1	1	126.002035836271	1	1	1	1
LOXL1	1	1	1	1	1	1	1	1	1	1	1	1	1	1	1	1	304.568693458829	1	1	1	40.4870788949202
LOXL1-AS1	1	1	1	1	1	1	1	1	1	1	1	1	1	1	1	1	1	1	1	1	74.1796770188977
LOXL2	1	1	1	1	1	1	1	1	1	1	1	1	1	1	1	1	65.3315332203207	1	1	1	1
LOXL3	1	19.5368441841244	1	1	1	1	28.8658040624476	1	1	1	1	1	1	1	1	21.1433056780316	1	1	33.6835010330111	1	1
LPAR1	1	1	1	1	1	1	19.7609431258686	1	1	1	1	1	1	1	1	20.7616686184545	110.851201699413	1	1	1	1
LPAR2	1	1	1	1	1	41.8275274192815	1	1	1	1	1	1	1	1	1	1	1	1	1	1	1
LPAR5	1	1	1	23.7727766867085	28.4596146337405	1	1	1	1	1	1	1	1	1	1	1	1	1	1	1	1
LPAR6	1	29.5842573092228	37.6221729923154	44.4784782832531	1	1	33.9669190384373	1	1	95.8533159261852	1	1	1	1	1	1	1	1	18.8646184487158	24.9819120385811	47.2388891333352
LPCAT2	26.1007948847742	59.7349295629252	1	1	1	95.8316590600072	54.1537453055993	1	1	1	1	1	111.109152102691	1	1	72.130229375532	1	116.632690967229	143.103811277591	57.6180343878625	64.8464616643937
LPL	1	1	1	1	1	1	65.1905149775893	1	1	1	1	1	1	1	1	209.587901820615	1	37.2855881778766	1	1	1
LPO	1	19.863615874067	1	24.5469132978488	1	38.1987113198769	1	1	1	24.1282712587604	1	45.7537694215136	1	1	1	1	1	1	1	1	1
LRAT	1	22.0533772710483	1	43.654191620522	1	50.2711581540368	1	1	1	17.8285720174091	1	1	1	22.641009956396	1	1	1	1	1	1	1
LRG1	1	38.6904495895019	1	20.6524147663522	1	319.888694140048	1	1	1	1	1	1	41.7903670840425	1	1	1	1	15.5965576117518	1	25.6261245112315	1
LRIG1	43.996985454259	1	68.0464618035807	1	1	1	1	1	38.6542357050467	28.5869610066923	1	36.2438549109904	37.1762538005025	38.3424993458302	40.186584990778	1	24.0977280438701	38.5943413501518	1	27.9469176140404	24.1005801009768
LRMP	1	26.624760556218	1	70.8819157827274	35.5132742824663	128.888470266113	1	1	32.1201158475595	18.6996695532018	60.7072033327689	1	30.8638491723652	1	37.743285258921	1	1	1	1	1	1
LRP1	1	191.202779170912	1	1	1	1	278.021161726043	1	1	1	1	1	1	1	1	200.090681982054	372.112322265246	33.7926529311252	53.7052219800965	59.2994358020044	1
LRP11	44.6786915157705	1	1	1	1	1	1	1	1	1	1	1	1	1	1	1	22.6223975000888	37.5864985332335	1	1	1
LRP2BP	1	1	1	1	1	1	1	1	1	19.7864550828357	1	1	1	1	1	1	1	1	1	1	1
LRP5	1	1	1	1	1	1	1	1	1	1	1	1	1	1	1	1	1	39.68150035573	1	1	37.4656356568831
LRR1	29.2619221905771	1	1	1	1	1	1	1	1	1	1	1	1	1	1	1	1	1	1	1	1
LRRC15	1	1	1	1	1	1	1	1	1	1	1	1	1	1	1	1	117.714028516045	1	1	1	1
LRRC25	1	138.062718315837	1	1	1	388.153992862411	69.9921751196773	1	1	1	1	1	35.2824561103533	1	1	48.2241931844138	1	1	31.8880824636406	1	1
LRRC27	1	1	1	24.7842157065996	1	1	1	1	1	1	1	1	1	1	1	1	51.3497219766405	1	1	1	1
LRRC28	1	20.1876313428235	1	40.3914170533787	1	1	15.5498340312662	1	26.1224501414692	21.0869522504174	1	1	1	1	26.5927145778039	19.0197791193923	1	20.7647697302888	1	1	1
LRRC32	1	1	1	1	1	1	1	1	1	1	1	1	1	48.1497845105968	1	1	234.921123795573	1	1	1	1
LRRC37B	1	15.8070452231768	1	37.7004007143857	1	1	1	1	1	36.1649659442282	1	16.4756026263406	1	1	1	1	1	1	1	1	1
LRRC4	96.6893281616807	1	1	1	1	86.8276943829529	1	1	1	1	1	1	1	1	1	1	1	64.5668335771282	1	1	1
LRRC40	30.9101278945428	1	1	36.494787477788	1	1	1	1	1	1	1	34.193499425793	1	1	1	1	1	19.4147404327827	1	1	14.3954078156518
LRRC42	46.4842395277748	1	1	1	1	1	1	1	1	1	1	1	1	1	1	21.110680332102	1	28.0893504527733	1	1	33.0644608960179
LRRC45	1	1	1	1	1	1	1	1	1	1	1	62.3757476355374	1	1	1	1	1	1	1	1	1
LRRC59	74.8965802014424	40.8207146429314	1	22.9952315709982	1	1	35.1685146778947	49.8872231564309	1	1	1	37.3472410172371	35.1058664858365	1	1	58.3068266896691	45.6515644845195	79.6213123669317	41.628172590656	52.9304958923242	89.1502706911152
LRRC75A	30.5592299768612	1	1	1	1	1	1	1	1	1	1	1	1	1	1	1	1	19.802802450169	1	1	1
LRRC8C	1	40.556172090629	134.677257288995	61.857698357463	1	1	41.2476753037282	37.1801590814377	100.168143222745	67.5507786784982	31.3972961698337	89.4945976350293	28.7604924956922	117.732598106691	118.925325119839	31.3916056199541	17.224888772929	1	52.1604080054861	38.4307787447183	1
LRRC8D	26.9087724260526	35.0932364195038	37.3907087135843	31.4366482449275	1	1	31.8347057591265	1	1	37.9208603402122	1	31.1283430148205	1	1	73.4373488986495	32.0871035208769	1	18.3446268402495	1	1	101.703748557068
LRRCC1	23.8739472271221	1	1	1	1	1	1	1	1	1	1	1	1	1	1	1	1	1	18.946641158049	1	1
LRRD1	1	16.4915023825579	1	1	1	36.3714404930226	1	1	1	1	1	1	1	1	1	1	1	18.5029512501208	1	1	1
LRRIQ1	1	1	1	1	1	1	1	50.4100376124762	1	1	1	1	1	1	1	1	1	1	1	1	1
LRRK1	1	22.8277560862555	1	1	45.0477924566659	65.9446345681898	27.2066253370705	28.196901092295	1	1	40.1671284126201	1	25.9796502020323	1	1	15.554792296327	1	1	34.7718709696982	55.2441792455433	1
LRRK2	1	205.972325621254	1	1	1	632.65782399352	30.0715900458595	1	1	1	40.1475569374589	1	1	1	1	21.9612073728476	22.0261478998748	1	50.5852528457459	47.6088794785631	1
LRRN3	1	1	1	1	1	1	1	1	1	26.4725601184423	1	1	1	1	1	1	1	1	1	1	1
LSAMP	1	1	1	1	1	1	17.8637690152838	1	1	26.5313140580215	1	1	1	1	1	1	62.548358062463	1	1	1	1
LSMEM1	1	1	1	1	1	1	18.6345787528389	1	1	1	1	1	1	1	1	1	1	1	1	1	1
LSR	26.4351563639071	1	1	1	1	1	1	1	1	1	1	1	1	1	1	1	1	23.9329926958429	1	36.5433040625349	25.3308710291306
LST1	1	632.746988504755	1	47.8623486206295	1	1396.9635642777	216.945729434063	1	1	26.4467299008913	1	39.3274069468552	240.775899467579	1	1	212.347225523599	34.6564839493766	1	720.709647171143	225.136967604058	1
LTA	1	1	1	1	1	1	1	1	1	24.4774733242743	1	28.948485820514	1	1	1	1	1	1	1	1	1
LTB	81.4522747499935	49.3269419866501	984.975334328251	68.0540123238399	523.067877251914	564.210262318779	1	1	275.148289256689	1942.50841179086	595.222247895892	199.716251540654	275.563262807571	1416.53107865279	504.384584214484	1	1	1	353.091938064253	96.2472469063352	1
LTB4R	1	41.9378426489475	1	31.6922879522495	1	128.756722990427	1	34.8218563290184	1	1	1	23.2097381767706	1	1	1	22.3994796739371	1	1	1	1	1
LTBP1	29.9337822661492	1	1	1	1	1	1	1	1	1	1	1	1	1	1	1	175.359156130795	43.2254850991047	1	1	52.1273057278139
LTBP2	1	1	1	1	1	1	1	1	1	1	1	1	1	1	1	1	321.166950120518	1	1	1	1
LTC4S	1	1	1	1	1	1	1	1	1	1	1	1	26.1383232444524	1	1	1	1	87.5385396388534	1	1	1
LUADT1	1	1	1	1	1	1	1	1	1	1	1	1	33.5075654296907	1	1	1	1	17.1889881417327	1	1	1
LUC7L	21.0787441833996	25.6477817982346	30.8438537947582	22.9795176917241	1	1	1	1	1	30.0721739857173	32.5802672254915	1	33.7709726174497	1	30.5421101295831	19.407345990659	26.5292131219891	22.5651139541507	1	33.8573136776789	1
LUCAT1	1	1	1	1	1	56.7956584656255	1	1	1	1	1	1	1	1	1	1	1	1	1	1	1
LUM	1	1	1	1	1	1	1	1	1	1	1	1	1	1	1	1	4242.59058565339	1	1	1	94.0367860553143
LURAP1L	1	1	1	1	1	1	1	1	1	1	1	1	1	1	1	1	1	31.1197796640682	1	1	1
LUZP1	1	17.3468196296345	37.2090703963553	1	1	1	1	1	40.6189048272047	1	1	1	27.039144333788	46.0709953256413	34.7421511451144	19.4322453004751	24.4783120428341	25.4670485329872	23.4610686824254	25.9622791210864	53.7751347658042
LY6K	56.3450673509701	1	1	1	1	1	1	1	1	1	1	1	1	1	1	1	1	28.2519619229882	1	1	67.09753780494
LY75	1	25.1909788959479	45.8554276361315	71.9327376264308	1	1	23.8680210657748	1	58.6869790592443	56.2475508154573	33.9391744980111	1	1	74.1832865871407	27.8717383774118	1	1	19.7749068199345	34.4211557558942	67.0029985222751	1
LY86	1	145.276675363113	1	1	209.412902762791	1	171.955122202902	1	1	1	253.499394116102	1	1	1	1	105.305495301429	1	1	149.645962454794	63.1378741970768	1
LY9	1	24.9873793564836	61.2063366237607	51.2140077558561	849.117557224903	1	23.253513633324	173.095426390854	95.0312947249629	53.6589477366257	884.914499834909	39.7719689824138	151.917984670812	56.2095412094592	80.7938347798128	27.6422615125705	1	1	1	21.2371132272544	1
LY96	1	24.5826659297611	1	1	1	116.661206921095	59.1898725079289	1	1	1	1	1	1	1	1	36.5238294189677	17.197848227041	1	19.7476082312921	22.184733281914	1
LYAR	42.1289066806515	21.3963329796141	72.0653657666993	164.129829622308	1	1	17.6624270983398	1	171.325598279328	1	1	59.4312988979747	29.0680954106467	45.1072920723123	46.5294268263489	29.826883523427	1	23.2682719892493	23.8283288167384	23.9013597894373	35.3272157648232
LYL1	1	32.5085033786015	1	1	28.1556172106793	38.6180486011899	26.1323732978934	1	1	1	30.9038270165578	1	1	1	1	1	1	1	1	1	1
LYPD3	1	44.1656857294344	28.5910490454535	1	1	1	27.7845373131329	1	1	1	1	1	1	1	1	41.4607817402394	1	31.314012793796	1	52.1157225899042	1
LYRM1	1	1	1	1	1	40.5821139262319	1	1	1	1	1	1	32.2088890097191	1	1	1	1	1	1	1	1
LYRM9	1	1	1	1	1	1	1	1	1	24.681005750145	1	1	1	1	1	1	22.4000077162999	1	1	1	1
LYVE1	1	1	1	1	1	1	1	1	1	1	1	1	1	1	1	1	50.7581514393922	1	1	1	1
LYZ	39.2085936760192	10308.7174435915	59.6743071515432	230.416196691304	55.8869601751708	688.326002851158	5319.38337484208	89.1938248974444	79.8587200474391	167.612085058189	46.5899842383289	57.4342069665785	325.471361859412	79.9163816279501	46.4146455284884	4034.80955214163	183.32158899654	63.4769765647498	4488.84278249649	3146.81495952581	37.6394075309017
LZTFL1	1	14.3768612590463	1	25.23892065979	1	1	1	1	1	1	1	24.692448702118	27.2306096426844	1	1	1	1	1	1	1	1
LZTR1	20.9462145618063	18.0975878579912	1	23.8696493933913	1	1	22.1153927156166	1	24.8112460910849	1	1	22.8299835243357	1	1	1	18.0913984848124	52.8923459518113	1	1	1	1
MAB21L3	1	1	1	1	1	1	1	1	1	1	1	1	1	1	1	1	1	1	1	1	61.610448240592
MACC1	1	24.3658432531422	1	1	1	1	1	1	1	1	1	1	1	1	1	17.9358513771239	1	36.1586886247571	29.629502584424	52.9558937539653	1
MAD1L1	1	27.9783865986727	35.5128257510193	50.8844997946084	1	1	32.0570008797626	1	45.0095702719364	73.6650735910428	1	1	1	24.9438684213918	1	41.0438495734238	1	21.8930040368389	38.9579367441418	29.4228036034791	1
MAD2L1	91.0104138882183	1	1	1	1	1	1	1	1	1	1	45.2365922753182	1	1	1	1	1	1	1	1	96.4088190764041
MAD2L1BP	37.6607811862388	15.8639532187309	1	1	1	1	1	1	1	1	1	1	17.2696494143508	33.6972905299358	1	15.6037439432338	40.7104231446221	42.1816062951079	1	1	1
MAD2L2	42.9223654122511	25.9753984306396	1	36.9230611098821	1	1	16.3072198717017	25.8283657006508	1	1	1	73.2844235983989	1	1	26.2263566464996	23.9666814444802	12.2043652145723	1	36.5568310308797	33.491072472426	17.952300675325
MAF	92.2727298820145	39.5135919535947	331.367259817286	142.101222230398	1	1	214.339229688798	1	129.162601572726	45.7496855049959	1	90.7257155396237	98.9964077015334	703.04977663777	581.219409133223	115.083730639277	53.8553433657983	63.8474004434334	23.1966082766894	48.0176260770599	150.444054466989
MAFB	33.1675670027037	288.53053431936	1	1	1	1	779.988043002318	1	1	1	1	1	116.44795267631	1	1	362.62386779542	247.018371625022	67.7280900045059	215.261454902629	203.428373291154	154.823733376615
MAGEA4	263.336964336159	1	1	1	1	1	1	1	1	1	1	1	1	1	1	1	1	100.515501081516	1	1	193.835525655495
MAGEF1	100.733999258606	1	1	24.448583176132	1	1	1	1	1	38.4086571661893	1	1	1	1	1	1	28.0105609112174	59.8542519520781	1	1	158.041324077938
MAGEH1	28.7416957540239	1	1	1	1	1	1	25.5640459381767	1	56.7489267740631	1	1	1	253.902244328603	110.815477036846	1	64.5370125720406	1	1	1	1
MAGI2	26.5341608099464	1	1	1	1	1	1	1	1	27.1137731881511	1	1	1	1	1	1	48.9324491531649	1	1	1	1
MAGI2-AS3	1	1	1	1	1	1	1	1	1	1	1	1	1	1	1	1	59.774441523504	48.4925140894622	1	1	1
MAIP1	28.2067009595331	1	1	1	1	1	1	1	1	1	1	1	1	1	1	1	1	14.8775178039983	1	1	60.2681910720137
MAK16	15.9479458899316	1	1	1	1	1	1	1	1	21.2713872369855	27.8742158143197	1	1	1	1	1	1	19.5790405046109	1	1	1
MAL	1	1	85.4808972171876	1	1	1	1	1	1	253.628744784802	1	1	1	103.182035037687	58.4545752855832	1	1	1	1	1	1
MAL2	178.131130699746	112.520207162138	1	1	1	1	1	1	1	1	1	1	1	1	1	69.1796128231415	1	193.613061579119	1	211.323800360425	300.847550390388
MALL	62.1002622308189	72.5868880557682	1	1	1	1	1	1	1	1	1	1	1	1	1	1	36.2845868934865	100.052516682045	1	44.7677685882781	1
MAML3	1	19.8811226629634	1	1	1	1	1	1	1	1	1	1	1	1	1	1	1	22.4527356687791	1	1	1
MAN1A1	19.2376956489407	33.8367608463982	1	72.6759625808468	1	49.3973789478756	95.3259140343909	103.647790684452	1	1	1	45.9148670638529	38.0870264305359	31.2348626742299	42.1296722325259	55.2901230390297	37.7892703146849	17.145148217016	48.1639410891582	40.5396907431846	1
MAN1C1	1	23.5413700141861	51.477275062212	1	1	1	74.157421677806	1	58.9355899662938	107.767051693441	1	47.585363905408	1	38.1081012289325	69.6843692025517	21.8198978856038	31.7054557385053	1	1	1	1
MAN2C1	1	25.9707565325726	1	36.9603591958125	1	1	17.8695447575104	26.155742006757	1	51.3995447157598	1	1	25.9666291047499	31.8873398518658	1	23.0920300238791	1	13.2902651316561	17.6490616142352	27.9642870847108	1
MANBAL	28.0420026316858	1	1	1	1	1	1	21.9819618349655	1	1	1	1	1	1	1	1	1	17.5779327531182	1	1	1
MANEA	1	1	1	1	1	1	1	66.274559062313	1	1	1	1	1	1	1	1	1	1	1	1	28.0174813517461
MANF	57.0748426530117	55.6115649843391	71.9602922992929	81.4647098542255	1	1	52.9343659494649	284.609556975068	89.2009773646728	21.8587786260069	41.9512930025131	133.379396956498	72.7242392774868	69.2318953192209	78.2975033280018	93.2858379268949	66.7634685556935	109.239434299914	97.6019879225162	44.296421596884	40.5925559695389
MANSC1	1	28.0129563733641	1	25.3833755912107	1	135.633484860321	15.2042337619386	1	1	22.9247455106407	1	1	26.9720120538541	1	1	17.9982657526697	40.3624939146893	29.5532809202364	1	20.3943463341218	1
MAOA	42.3945075634441	36.0164352653957	1	1	1	1	1	1	1	1	1	1	1	1	1	1	49.9384020116289	63.2607967791688	1	35.2136750922175	48.3472824956381
MAOB	1	1	1	1	1	1	1	1	1	1	1	1	114.649904607554	1	1	1	39.0876829448171	250.837730376044	1	1	1
MAP1A	1	1	1	1	1	1	1	1	1	1	1	1	58.4869404457508	1	1	1	36.2394726323785	21.4367927225523	1	1	1
MAP1B	160.345808378279	1	1	1	1	1	1	1	1	1	1	1	1	1	1	1	79.7688910667044	122.539244155454	1	1	248.64440480669
MAP2K5	18.6706145464756	1	1	1	1	1	1	1	1	24.7861884285344	1	1	1	1	1	1	1	1	1	1	1
MAP3K21	27.0098784049575	1	1	1	1	1	1	1	1	1	1	1	1	1	1	1	1	1	1	1	1
MAP3K4	24.1031746290118	1	37.1254729081409	29.8670451099548	1	1	19.7631986171887	1	31.3411681435711	1	1	27.0656781056537	1	1	1	16.4651846177292	1	18.1703350449002	1	1	1
MAP3K6	1	20.7557134924459	1	1	1	1	1	1	1	1	1	1	1	1	1	1	86.9472339432468	1	1	65.5460244484128	1
MAP3K9	1	18.3211947742322	1	1	1	1	1	21.7563478050172	1	24.0698551621627	1	1	1	1	1	1	1	16.5640159808184	1	1	1
MAP4K1	23.8312478945181	1	45.309968703207	41.5953579234206	34.0366237035643	1	1	23.8738120995291	75.7943697526275	56.8702428450552	61.1909907774971	44.4551841146028	26.5675934545517	80.6490227642744	71.6079033320673	1	1	1	32.0274814769839	1	1
MAP7	50.1313470043143	1	1	1	1	1	1	1	1	1	1	1	1	1	1	1	1	53.8288317647228	1	1	72.015839288216
MAP9	1	1	1	1	1	1	1	1	1	27.0835835337725	1	34.2509551694163	1	1	1	1	40.083263124751	1	1	1	1
MAPK10	16.4869639494725	29.3144801479714	1	44.0174862437551	80.0062849332017	1	1	1	26.008662004001	24.3870682638827	66.8843555115023	1	42.2064959636294	1	1	17.2353002703347	25.1844270497722	26.0396786686497	1	1	1
MAPK7	1	37.781153302302	1	39.3367219529523	1	1	1	1	1	1	1	1	1	1	1	23.0867411299648	1	16.9127601189768	1	1	1
MAPRE3	1	1	1	1	1	1	1	42.5016783163327	1	1	1	1	1	1	1	1	1	1	1	1	1
MAPT	1	16.1427685172582	1	1	1	1	1	1	1	20.1090782748024	1	18.9005613460365	75.7688019224766	1	1	1	1	141.087705060584	1	1	1
MARC1	1	21.1214478169463	1	1	1	67.3855886256754	1	1	1	1	1	1	1	1	1	1	1	1	1	1	1
MARCH1	1	157.077029841737	1	1	225.594660460528	1	94.1077799127468	1	1	1	171.055696229016	1	30.9279251556814	1	1	59.2712027499104	1	1	100.353049456895	55.5194180649199	1
MARCH2	20.1191961900317	48.3652552005324	1	24.6607716943169	1	1	75.5085962222279	1	1	1	1	25.4347643093132	1	1	1	65.186902868782	1	30.4207019871057	46.3004358023995	24.6321314578593	1
MARCH3	1	1	1	1	27.3822856677955	1	1	1	1	1	1	1	41.3921828552861	1	1	1	1	19.271728780341	1	1	1
MARCH9	25.6060998320985	19.4404609898941	33.6606319822442	37.9144101855823	38.8960453334177	1	1	1	36.0486494596316	46.8082983444036	38.8757667874168	1	27.3452571458471	40.9781845061127	1	16.2659949773352	1	25.401713854055	1	20.7995636398176	1
MARCKS	329.445489100881	213.92203891305	1	1	64.0584654492641	948.973511250725	645.558382318092	155.965166200023	1	1	227.024263715692	1	273.691869452608	1	1	401.620651904573	376.221015131842	183.295768089006	138.096491898849	447.320434751149	526.548409811626
MARCO	1	67.5974663425208	1	1	1	1	511.511315887641	1	1	1	1	1	1	1	1	627.172458812611	1	1	1	1	1
MARK1	27.685795377006	1	1	1	1	1	1	1	1	1	1	1	1	1	1	1	1	1	1	1	60.8214538010511
MARVELD1	34.5665561321349	39.2135501487268	1	1	1	1	58.4391738881062	1	1	1	1	1	1	1	1	68.0176791046837	107.063074436405	38.8457956584589	50.9461212979509	26.972077875576	27.9106501923384
MAST3	1	24.6710840357833	1	77.1267065897309	23.8082607456302	165.004344704919	1	1	29.0746252418293	1	27.212072693289	29.6695355378497	1	1	1	1	1	1	1	1	1
MAST4	74.7735227353254	45.9119813451809	79.5031621493245	38.8352842125812	1	35.294974941304	17.9488391774265	1	34.2780246328458	98.6285539481417	74.2708981251353	163.128996298462	126.472627057844	301.08754583702	141.142834494182	29.80760753432	151.100681835845	211.114714568672	1	100.650719637166	1
MASTL	1	1	1	1	38.5023508586337	1	1	1	1	1	1	1	44.8251125222279	1	25.9981486606866	20.804688143412	1	1	15.993830966664	20.0174913061362	1
MATK	1	1	1	125.328091653198	1	1	1	1	44.5669633296799	1	1	63.6997116710934	1	1	1	23.0413070178804	1	1	1	1	1
MATN1-AS1	1	1	1	1	1	1	1	1	1	73.8593602788604	1	1	1	1	1	1	1	1	1	1	1
MB21D2	1	22.8530593470317	1	1	1	1	24.5175610609576	1	1	1	1	1	1	1	1	21.4745016290986	1	1	42.3500691556055	44.9332102882073	1
MBIP	36.2008114155998	1	1	1	1	1	1	1	1	39.6319394657431	1	1	1	30.1464691310392	1	1	1	58.7018242926799	1	1	20.688972563118
MBNL1-AS1	40.9572332152739	1	1	1	1	1	1	1	1	1	1	1	1	1	1	1	1	1	1	1	79.9160576887263
MBNL2	1	25.5824643855375	1	1	1	1	24.6813306158252	84.8905855932451	34.4034115188912	19.6989989064122	1	1	21.2426645705594	1	29.912514349266	19.8332640627006	47.0187968375946	30.6516029167342	21.6736262517614	19.5071162991195	1
MBNL3	25.1411282414752	21.9131322424393	39.9098945626429	57.0781701856428	87.6805438246575	1	17.4179849907556	20.5920262238745	34.2121408601457	1	59.2768023248815	27.2837350176491	37.9684925380331	1	27.3588150641333	19.7304676838777	1	25.5045743077022	1	1	14.2363006843105
MBOAT2	17.9469365840425	34.1339953777944	1	1	1	81.1073913501134	1	1	1	1	1	1	1	1	1	1	1	1	1	40.2851342331475	13.8577913318472
MBOAT7	45.3526736446846	111.938918833953	1	26.0730923069051	1	796.000412428492	42.6850238510019	1	1	1	1	41.1085178053514	84.604491811726	57.6097567548209	46.5814439036467	56.1961937052047	22.9053156640817	98.5673993422684	89.9466240891503	48.1953672481033	1
MBTD1	1	21.2804666375682	1	37.1742813935497	1	32.5760691315264	1	1	1	25.1370065031707	1	1	31.9193467177775	1	1	1	1	20.0426151820778	1	1	1
MCAT	36.3879157471942	1	1	1	1	1	1	1	1	1	1	1	1	1	1	1	16.6515996807043	1	1	1	34.8260764337768
MCCC1	26.915444338334	20.129788038033	1	1	1	1	1	1	1	1	1	1	1	31.6175252761226	1	19.5556274505528	1	23.7231953411772	21.6381716097159	1	52.8000178387982
MCEMP1	1	81.3206463349277	1	1	1	173.887347518261	31.0700753451713	1	1	1	1	1	27.8071638608231	1	1	214.488814479699	1	1	1	26.5127343336653	1
MCF2L	17.8924058873936	1	1	1	1	1	1	1	1	21.603695308384	1	1	1	1	1	1	22.1322689749732	36.9748066063854	1	1	1
MCF2L2	1	31.4532885670227	1	21.5359985273729	1	1	17.0019251667674	1	1	20.2277733418436	1	1	1	1	1	1	1	1	1	1	1
MCHR2	1	1	1	1	1	1	1	1	1	1	1	35.6372740104767	1	1	1	1	1	1	1	1	1
MCM2	124.768347651937	1	1	1	1	1	1	1	1	1	1	85.9536062488792	1	1	34.3546023696274	21.8624049225616	1	23.7831822668965	29.7733065270108	1	49.1503672336804
MCM5	98.1833229280313	23.4225953429827	1	27.2079300454964	42.9827622566891	1	25.7868546265795	1	1	1	62.939877123553	187.042414520388	1	53.0060949105941	46.6597331950269	29.8430413930916	1	16.3043231982992	55.4876664689502	30.7141752006305	43.2350244104155
MCM9	1	1	1	1	1	1	1	1	1	31.726066008944	1	1	1	1	1	1	1	1	1	1	1
MCOLN1	1	47.4751079056156	1	33.6890685866301	1	127.853468937922	84.6770733666842	1	1	32.8179713857863	1	32.1367088498968	98.4696345613936	1	1	55.5287788620856	1	20.2052040366204	28.2386611736344	42.8428949824239	1
MCOLN2	1	1	1	1	1	1	1	1	39.3241963203533	1	53.1355319883128	65.7583614218151	40.0555008079449	1	27.3816597098853	1	1	1	54.1449074339035	55.5951406783282	1
MCPH1	1	1	1	49.9395684264269	1	1	1	1	36.8206169924611	49.8181419200559	1	1	1	1	1	1	1	1	1	1	24.2563291700218
MCRIP2	30.9989439682001	1	1	1	1	1	20.9912793656823	1	1	1	1	1	1	1	1	42.9435914010097	1	23.8980212728687	1	1	60.350657979168
MCTP2	17.9225422208021	26.9419207582982	1	239.397197647136	46.1884910772253	122.995290332333	1	23.4307543387618	49.9564898477683	29.6187148686307	29.3814719001945	110.008377762487	55.734691702786	1	1	1	44.6875452663801	70.0984583142627	1	1	1
MCUB	23.7221735845705	60.6599810351338	86.7275412301629	50.1898057045856	34.2678558994429	1	43.4392656954716	1	90.5518821903548	185.459347233115	35.9348343980234	39.440971668442	45.6501765673987	44.8058693602199	59.7974965704772	56.3505738229647	1	1	50.0693093888323	30.6078615047896	1
MCUR1	112.038321682849	29.7147504014179	1	24.2283894779778	1	1	26.7498131280341	38.946202838173	1	1	1	52.9337016857316	1	37.378354931802	1	40.2069680423905	25.1360032013812	57.257615984205	47.7147677563934	35.0340787677785	76.0268895917581
MDK	180.994202382726	78.9353373863149	1	1	1	1	1	25.8187068866207	1	1	1	1	1	1	1	38.0988593035234	206.035464163535	116.379960982847	1	147.637481518288	291.742170169321
MDN1	17.3887054185479	1	36.7967625932639	30.6622806330778	38.609707951975	1	1	1	27.8626440772828	39.7302589031052	35.4402109328198	96.489377436329	60.6133127537927	34.3100867936231	40.2058752446271	1	1	20.7461899685331	1	1	1
ME1	120.733954905178	1	1	1	1	1	30.4200946087598	1	1	1	1	1	1	1	1	26.2289245738472	1	43.9187658586801	1	1	130.241094125683
MECR	1	1	1	1	1	1	1	1	1	16.5085920628861	1	28.3191143757401	1	1	1	1	15.3416515078238	1	1	1	1
MED16	1	1	1	1	1	1	1	1	1	28.8444281177016	1	1	1	1	1	1	1	1	1	1	1
MED19	39.9077422516422	18.4437126827437	31.2920703540934	26.143991055415	52.9474660443113	1	1	1	1	1	53.4106830494063	23.4532360575183	24.7574995992594	1	1	16.0781329776522	42.6233206779161	33.8506417208279	25.8409835553994	1	1
MED21	31.4977045856562	1	1	1	1	1	1	1	32.0572906793879	1	1	36.53741026209	1	1	36.1154948798008	1	1	21.5220394434268	1	1	22.2722276643818
MED22	1	19.4414318453589	1	32.9436629715061	28.5488959308572	1	1	1	1	19.9643813090772	1	53.1643903241091	1	1	1	1	1	1	1	1	1
MED23	1	16.4217673465125	27.554015981707	34.8954222832354	22.6588239091729	1	1	1	32.9231087497554	31.8014248703676	1	1	28.5654051974477	52.0039486227166	1	1	1	28.3939396050787	1	1	1
MED25	1	1	1	22.5654988700718	1	72.5979726239323	1	1	1	1	1	1	1	1	1	1	1	1	1	1	1
MED26	24.4263656732099	19.9364229130417	32.87978034459	1	1	1	16.962241796476	1	1	1	31.7517624097557	1	40.8313922030762	20.6306701168047	31.6166882327837	20.1669444610768	1	16.1106800419248	1	1	1
MED30	41.2720718871834	16.7350942500616	27.9646402541686	24.0372310327736	40.7289114025274	1	1	1	32.666756039583	1	36.4003348343361	33.2973555409085	22.6498185206535	1	36.6488140441344	1	1	16.5025658140815	1	1	1
MED31	27.1570601452807	1	29.6945960427163	1	1	1	1	25.9311134506826	32.7741773977817	1	33.9135817338958	1	24.2357327503464	1	29.4869725291707	19.5360007919001	1	19.8866921450797	1	1	22.3389150716055
MED8	62.8625277069765	25.986290276367	1	20.1680273698889	1	1	20.5506028784214	32.1587821198714	1	1	1	55.8378341682607	1	1	1	37.4503793166078	1	32.1374456010079	31.1423343408974	24.1423524996498	131.737026107211
MED9	1	30.0380737491272	1	1	1	1	56.6964683327397	1	1	16.6129235032337	1	31.7350947409846	1	1	1	47.4351543067343	1	24.374039065672	34.3780150002306	27.0026665003024	1
MEF2C	1	75.0965505485768	1	1	319.390401616213	1	56.8700114270209	63.9453273345184	1	1	282.208564228809	1	48.5435329978672	1	1	17.2770055366769	61.7233881503343	1	84.4244970620776	55.9591038000103	1
MEF2C-AS1	1	1	1	1	31.0467886962794	1	1	1	1	1	1	1	1	1	1	1	1	1	1	1	1
MEFV	1	38.2199140909249	1	1	1	139.148456101773	1	1	1	1	1	1	1	1	1	1	1	1	1	1	1
MEG3	1	1	1	1	1	1	1	1	1	1	1	1	36.7144084323866	1	1	1	121.359794836632	37.7981392616641	1	1	1
MEG8	1	14.8917170402843	1	1	1	38.8176006048218	1	1	1	1	1	1	52.8242567943076	1	1	1	23.4299712491336	19.9786396919498	1	1	1
MEGF9	59.705618618508	122.368184154969	1	47.4162198356577	1	476.0433961136	34.1420460147617	1	38.294605848625	1	1	24.9544742426873	35.0439218654998	1	1	37.8660833090546	22.6117902821045	50.5646378992041	42.0737256630656	26.619249932181	27.2493787837545
MEI1	1	1	35.6082822279224	56.9917080209348	1	1	1	133.039234480966	39.9434823449728	41.3845619441578	1	29.7124738552074	1	52.3389175784549	37.2900712041864	1	1	1	1	1	1
MEIOC	1	1	1	1	31.3203596991226	1	1	1	1	23.4085266699635	1	1	1	1	1	1	1	1	1	1	1
MEIS2	28.5713758267475	1	1	1	1	1	1	1	1	1	1	1	33.9604093131966	1	1	1	32.48416514869	46.3806819153224	1	33.2557088764719	1
MELK	52.8242353550466	1	1	1	1	1	1	1	1	1	1	1	1	1	1	1	1	1	1	1	1
MEMO1	1	27.9803159688109	1	34.3321606382719	32.702512063133	1	15.9796773422175	1	1	24.4441930349233	1	1	1	1	1	16.9082213939798	1	23.1218983523387	17.5988680610722	1	1
MERTK	1	1	1	1	1	1	73.9620225192682	1	1	1	1	1	1	1	1	34.9825109084324	1	1	1	1	1
MEST	77.1669896163569	1	1	1	1	1	1	1	1	1	1	1	1	1	1	1	92.1780027201431	38.7726580036122	1	1	80.5659494580452
METRN	1	1	1	1	1	1	1	26.9977773593167	1	1	1	31.2531552415901	1	1	1	1	1	1	1	1	1
METTL18	1	1	1	1	25.8596487633776	1	1	1	1	20.6226433840111	1	1	1	1	1	1	1	1	1	1	1
METTL3	1	1	1	27.8053181733894	1	1	1	1	1	1	1	1	1	1	1	1	1	1	1	1	44.3143142745476
METTL7A	18.3845808038502	134.236902817746	1	99.1955008341177	65.4326947729222	1	120.900179948675	178.563824180662	1	1	77.6919086248841	50.0142053511727	174.349400469978	109.519202392638	1	40.4717874312255	181.950162500345	53.3136778392117	106.383849065209	63.2332956957031	1
MFAP1	24.5372807692053	16.63381001254	1	1	32.645034334148	1	1	1	1	1	1	1	1	37.9928721418589	33.3629230049712	17.0901591388146	1	16.523351868545	1	19.793249203592	1
MFAP2	1	1	1	1	1	1	1	1	1	1	1	1	1	1	1	1	214.080018119102	31.939849053081	1	1	18.6328213290216
MFAP4	1	1	1	1	1	1	1	1	1	1	1	1	1	1	1	1	414.686523820886	1	1	1	1
MFAP5	1	1	1	1	1	1	1	1	1	1	1	1	1	1	1	1	107.136065138819	1	1	1	1
MFN1	58.8419416223036	23.562276246339	1	25.5578737826193	37.621177293163	1	24.2092455810786	1	1	1	31.169177365941	1	1	45.2394332848828	1	25.828610067143	1	44.092476071555	1	35.950273921172	56.8959658239742
MFNG	1	32.3930785872044	49.6883360542071	69.893587688466	28.4354007204894	1	23.6564644560052	1	45.0987133257586	47.67335294255	1	37.3394499073054	23.6422232370054	41.6087688474845	32.2072398888489	24.9823839402225	1	1	40.5714485381468	18.5138545303345	1
MFSD1	32.7130464476297	120.300451219982	1	31.2378728425729	1	49.2559602877454	429.368840745384	26.2440276666676	1	23.936218309536	32.6902362302495	26.9408716346222	48.5188223099548	1	1	235.34199597994	30.8141462090493	52.9058678793174	191.546984947253	129.911398095905	128.050153483787
MFSD12	28.7915721711008	48.7538163818023	1	1	1	1	93.2996726903336	1	1	49.8271283587072	1	26.7424717955126	64.4228031917287	1	29.8845779757592	122.252004872668	29.5579002187897	15.9581876627083	64.0983373167257	47.8811485324586	1
MFSD14C	1	18.6019739954135	1	22.6793719680067	1	1	1	1	1	19.4415599321089	1	1	30.6563399660552	1	1	1	1	15.0767768151191	1	1	1
MFSD2A	35.4813846027763	24.3972845290228	1	1	1	1	1	1	1	1	1	1	1	1	1	34.2714200811739	1	33.1761468994396	1	1	1
MFSD2B	70.1302760821637	1	1	1	1	1	1	1	1	1	1	1	1	1	1	18.7819079401838	1	25.0459646069508	19.6393878998484	1	91.9353586110127
MFSD6	29.7938110240406	22.9542653091358	29.9321101774566	1	1	1	18.0624122370315	1	60.8629767866107	28.4663954776561	1	22.0298371223141	18.4773293411462	43.5295675056739	66.2898412854963	19.0694762109287	1	33.6145665462107	1	20.7429478884861	1
MFSD7	1	1	1	1	1	1	20.9238886887556	1	1	1	1	1	1	1	1	18.451239166123	1	1	1	1	1
MFSD8	1	23.693374937504	1	30.4275868803437	1	1	15.2618550009101	1	32.2858889244487	44.7581159907026	1	33.2832933568669	34.0608420023011	1	30.1683391436393	1	1	15.9665441966656	1	1	1
MGAM	1	1	1	23.8450305317855	1	275.165087792697	1	1	1	1	1	1	1	1	1	1	1	1	1	1	1
MGAT5	29.2507325585981	28.5798106685894	93.2732845681494	44.0537401224122	323.831439228748	1	65.0212474065526	1	86.1971861417021	58.2346875158454	254.742752828755	88.7789456529322	63.3439016913278	39.406403440193	91.325762916951	47.585791360166	91.8381326803262	51.7631919121218	42.5328076804834	44.7474904001381	101.728691273263
MGC16275	1	1	1	1	1	1	1	1	1	1	1	20.165496282512	1	1	1	1	1	1	1	21.2658860901332	1
MGMT	17.627952598831	1	1	1	1	1	1	24.7693127790773	1	1	27.9050763738926	26.1647244704793	1	1	1	1	1	1	17.077848816742	1	17.3170053700807
MGP	1	1	1	1	1	1	1	1	1	1	1	1	1	1	1	1	2503.81781145264	1	1	129.046763937055	1
MGST1	94.97047794612	143.264494517863	1	1	1	1	1	1	1	1	1	1	1	1	1	72.9896438768125	1	98.6796573941632	1	70.8775941158634	138.384636689325
MGST2	35.7965095552225	47.5829659731817	1	25.6599663691304	1	1	70.0543768989985	1	1	1	1	1	1	1	1	42.7803925592323	70.0403845847578	19.7159076136296	64.5520088033363	34.1491815197582	39.8051056713825
MHENCR	1	1	1	20.7001236453376	1	1	1	1	1	40.813499317768	1	1	1	1	1	1	1	1	1	1	1
MIAT	96.4016522198763	1	235.603123698347	178.992498272471	1	1	1	101.021659421943	330.146522534465	41.0213488647045	84.4967503181749	101.518515959496	155.591698474958	307.59839344232	194.599992048657	101.348353333216	28.2363383058632	133.562839359742	1	1	72.7438407738177
MICALL1	67.7733620601475	1	1	1	1	1	1	1	1	1	1	17.5003216238451	1	1	1	16.2436020261655	60.9406045122565	24.7010905963034	1	1	42.5119221154182
MIER2	1	1	1	1	1	1	1	1	1	1	1	1	1	1	1	1	1	1	1	22.6807526074915	1
MIER3	17.2614279948368	1	1	1	1	1	1	1	1	1	1	34.4707637895314	1	1	1	1	1	18.4329002453209	1	1	1
MINDY1	1	1	1	1	1	46.2364327566008	1	1	1	1	1	1	1	1	1	1	1	1	1	1	1
MINDY3	1	1	1	1	1	1	1	1	1	1	1	28.7861482365733	1	1	1	1	1	1	1	1	53.6879270638942
MIOS	1	1	1	1	1	1	1	1	1	17.6517680974248	31.310451274727	1	1	1	1	18.2668348624424	1	1	1	1	1
MIR155HG	1	1	1	1	1	1	21.6478109503536	62.9205039099653	1	1	1	74.6357261028017	40.5635336412588	35.1244510136341	37.8055951963865	26.1465266054175	1	1	1	38.6959890251043	1
MIR205HG	579.422337794428	1	1	1	1	1	1	1	1	1	1	1	1	1	1	251.800601488762	1	410.668939931299	1	1	1033.48930687133
MIR210HG	1	1	1	1	1	1	1	1	1	1	1	1	1	1	1	19.9231502887645	1	22.6017530290318	1	1	1
MIR222HG	1	1	1	1	1	1	1	1	1	1	1	1	1	1	1	1	24.869477528504	29.3350393830439	1	1	1
MIR3945HG	1	1	1	1	1	69.4477445754946	17.6296572849818	1	1	1	1	1	35.7116718388556	1	1	23.5783442856571	1	1	1	1	1
MIR4458HG	28.009957124265	1	1	1	1	1	1	1	1	1	1	1	1	1	1	1	1	16.0901847393272	1	1	97.009163424703
MIR5689HG	1	1	1	1	1	1	1	1	1	22.1463929082199	1	1	1	1	1	1	1	1	1	1	1
MIS18A	37.4707153753361	1	1	1	1	1	1	1	1	1	1	1	1	1	1	1	1	1	1	1	1
MITF	1	36.1193230464828	1	1	1	1	158.981990529032	1	1	1	1	1	55.588370148166	1	1	154.184839337499	46.238459450475	100.274832975703	79.7742099752418	91.7499664900045	1
MKI67	135.458071586822	1	1	1	1	1	1	1	1	1	1	111.007243429549	1	1	30.9523740538615	1	1	1	38.5160897332212	1	1
MKLN1-AS	1	1	1	1	33.3415251050392	26.8721331546026	1	1	1	1	1	1	1	1	1	1	1	1	1	1	1
MKRN2	1	1	1	34.7970021848862	1	1	1	1	35.6185071666653	1	1	40.7480162088082	1	1	1	1	1	21.1821643739031	1	1	1
MLC1	1	1	1	135.317871297387	1	1	1	1	1	1	1	1	1	1	1	1	1	1	1	1	73.4995477830913
MLH1	24.5515873653262	18.6657483664131	1	20.9127745971906	1	1	16.5282795961034	1	1	1	1	101.800502113685	1	31.7236281963597	27.2351129946927	17.4206069637656	1	1	15.771076424309	1	1
MLLT3	22.2790039662661	1	42.0144577745237	28.0077793287072	1	1	1	1	41.8991722844551	55.5464359748539	1	29.2419791016446	29.2008457908946	43.1774219002377	44.5545511470749	1	1	21.6275675005776	1	1	17.4278156177558
MLPH	1	52.2169491727455	1	1	1	1	1	1	1	1	1	1	90.5265827077491	1	1	1	1	112.908023786737	1	44.3852350962605	1
MLST8	28.5585589538923	1	1	1	1	1	1	1	1	1	1	1	1	1	1	16.1965772372542	1	1	1	1	77.4728478410077
MLYCD	1	19.0675086103779	1	40.8812663029953	1	1	1	1	1	78.3670889600892	1	1	1	1	1	1	1	1	1	1	31.6760127433555
MMAA	1	1	1	1	1	1	1	1	1	29.7293387648028	1	1	1	1	1	1	1	1	1	1	1
MMAB	24.2029403671165	16.5263875305087	1	43.2165530639636	1	1	1	1	1	25.1523755578667	1	1	1	1	1	1	24.5220903648422	21.5335490435295	1	1	1
MMD	1	1	1	1	1	1	34.5404530331428	1	1	1	1	1	1	1	1	28.2010592489806	1	1	1	1	1
MME	1	1	1	1	1	620.063583110715	1	1	1	1	1	1	1	1	1	1	44.5667033353465	1	1	1	1
MMGT1	27.3664327452572	34.1839614810727	1	25.9818282339142	1	1	30.1672010005755	26.9475959062698	35.5317910484352	1	1	81.321359271894	1	1	1	30.7481429453467	1	28.466482758203	28.9867267047933	1	55.3076448702826
MMP1	1	1	1	1	1	1	1	1	1	1	1	1	1	1	1	1	557.570448716841	1	1	1	1
MMP11	22.3980317407817	1	1	1	1	1	1	1	1	1	1	1	1	1	1	1	1268.7483021856	1	1	1	1
MMP12	1	1	1	1	1	1	111.704998843934	1	1	1	1	1	1	1	1	486.989836459435	1	1	381.560189405831	174.773376895411	1
MMP13	1	1	1	1	1	1	1	1	1	1	1	1	1	1	1	1	435.944389979151	1	1	1	1
MMP14	67.1845813061227	73.9421227948732	1	1	1	1	333.716683621437	1	1	1	1	1	87.0463231470173	1	1	284.619173496496	616.538271170455	86.5386786259569	208.324541015987	182.007382740515	31.9788616785314
MMP19	1	75.3662997462855	1	1	1	1	225.33212833527	1	1	1	1	1	1	1	1	236.452404495271	62.1502760902758	1	25.8251676636544	89.6991564711349	1
MMP2	1	1	1	1	1	1	52.373457756545	1	1	1	1	1	1	1	1	27.4431658693308	1512.00558461414	1	1	1	1
MMP23B	1	1	1	21.954912830384	1	1	1	1	1	1	1	1	1	1	1	1	1	1	1	1	1
MMP25	1	1	1	1	1	716.596898229578	1	1	1	1	1	1	1	1	1	1	1	1	1	1	1
MMP25-AS1	1	1	1	48.3209771072934	1	1	1	1	1	19.3433625217787	1	1	1	1	1	1	1	1	1	1	1
MMP3	1	1	1	1	1	1	1	1	1	1	1	1	1	1	1	1	180.659105859553	1	1	1	1
MMP7	1	1	1	1	1	1	1	1	1	1	1	1	1	1	1	119.189031442109	1	1	1	1	1
MMP8	1	1	1	1	1	1	1	1	1	1	1	1	1	1	1	40.5408967519952	1	1	1	1	1
MMP9	1	57.9557826130196	1	1	1	640.075466597528	274.257394852196	1	1	1	1	1	32.9065793162767	1	1	509.615808975341	33.8200363771343	1	181.360250729379	121.827759021693	1
MMRN2	1	1	1	1	1	1	1	1	1	1	1	1	1	1	1	1	88.9243336718229	1	1	1	1
MNAT1	61.6989562182571	1	1	31.8371848137399	1	1	1	1	1	1	1	34.9307477772514	1	1	1	1	1	31.7672607828864	1	1	142.831867239123
MNDA	1	234.598779202422	1	1	1	1669.73695335878	82.5415261095174	1	1	1	1	1	29.1226097442685	1	1	59.7557699096173	1	1	127.879993554564	66.8515724978207	1
MOAP1	1	1	1	42.7806253748349	1	1	1	1	1	33.1492367455783	1	1	1	1	1	21.1468450417196	1	1	1	1	57.4318794418757
MOB1B	1	31.6987602038128	1	1	1	1	34.6660464105105	1	1	1	1	1	33.5770345012348	1	24.8878921300598	39.3552951193704	1	33.5848896218254	51.1228618194749	93.0166091877557	1
MOB2	1	16.6254653915119	1	44.3137409022412	1	1	1	1	1	17.1546054025049	1	31.1924863717307	1	1	1	1	17.1434523918864	1	1	1	1
MOB3B	23.1602382591434	72.192683091598	1	25.4329136985429	61.7041466273991	49.3798554841167	105.166568713256	1	1	1	62.8431961103867	1	54.7852158239957	26.150793203171	1	112.513749875351	37.093426424933	39.9795287444598	168.941771112865	110.70996308775	1
MOB3C	35.6111025634955	1	1	1	1	1	1	1	1	25.320909766416	1	35.6310115880906	35.4971342096736	1	1	16.8245092357873	32.5206058378617	25.1103301342345	1	1	1
MOCS3	1	1	1	1	1	1	1	1	1	16.6912430107425	1	1	1	1	1	1	1	1	1	1	1
MOGAT3	1	17.4937858591388	1	1	28.7773858585472	59.0566291526586	15.6188224018665	1	1	1	1	1	1	1	1	1	1	15.8505524623936	1	1	1
MORN1	1	1	1	1	1	35.1807891515341	1	1	1	1	1	1	1	1	1	1	1	1	1	1	1
MORN3	1	19.563046112537	31.7794677989181	37.332275814509	1	51.7050687410875	15.887273407288	1	25.3092405852663	69.3355850131495	1	1	29.9662223878064	1	30.0573270641909	1	25.0800093530063	15.8733936757753	1	28.5925916376724	1
MOV10	16.3523207422709	1	1	30.765358289159	1	1	16.6933079249867	1	1	29.6600394430649	1	1	1	31.0742201205674	1	16.0643217268164	1	1	1	18.9158270958359	1
MOXD1	1	1	1	1	1	1	1	1	1	1	1	1	1	1	1	1	259.001714338321	1	1	1	1
MPDZ	1	1	1	1	1	1	1	1	1	1	1	1	1	1	1	1	49.9857239528738	1	1	1	1
MPEG1	1	398.735024722514	1	1	59.7080801884637	81.071903100158	261.140083400801	1	1	1	102.03070196641	1	270.205482280673	1	1	114.703569540103	1	1	100.804746336883	111.770415223299	1
MPIG6B	1	1	1	1	1	1	1	1	1	1	1	1	1	1	1	1	1	37.0255072100103	1	1	1
MPND	1	1	1	1	1	1	19.7665902228668	1	1	1	1	1	1	1	1	29.4457196411149	1	1	1	1	1
MPP1	1	100.830587705357	1	1	1	187.823839424192	376.231492553891	1	1	1	1	33.9770152504146	63.6404231855101	1	1	306.034947920404	25.003828440712	74.0510203758247	86.6344306749006	111.332522077733	1
MPP6	29.9412226158335	1	1	1	1	1	1	1	1	1	1	1	28.6714058349599	1	1	1	1	1	1	1	1
MPP7	20.2292579187988	25.3749732610794	1	1	1	1	1	1	1	26.6931716163043	1	55.7793637843801	1	1	1	1	1	21.6057080152696	1	1	1
MPZL2	62.1924023709226	69.6708245887499	1	1	1	1	1	1	1	1	1	1	1	1	1	36.4386104686671	56.2659642162744	48.2074183495042	37.9692632552026	46.2246325385462	165.986099130569
MPZL3	19.4510176356925	18.4814668304506	98.4911474664401	1	1	87.9959859175272	1	1	70.2294053058962	1	1	135.878407684954	1	52.5012660011289	59.0611484011442	1	1	23.1782762245328	17.4434658614189	1	1
MRAS	1	1	1	1	1	1	48.4915859041013	1	1	1	1	1	1	1	1	67.8424971156341	43.993566649519	1	1	1	1
MRC1	1	204.777184024424	1	1	1	1	1209.46792896979	1	1	1	1	1	1	53.8818225136753	1	1054.37112918516	1	1	449.049064017157	401.647720963507	1
MRC2	1	1	1	1	1	1	23.2870555852902	1	1	1	1	1	1	1	1	24.0277825055854	184.611766492699	1	28.4267922627374	1	1
MREG	38.3660858219655	1	1	1	1	1	1	1	1	1	1	1	1	1	1	30.3752355617552	1	17.4698705340088	20.9652574714255	62.1805958026984	36.4339600659254
MRGBP	55.9552872412498	1	1	1	1	1	1	1	1	1	1	1	1	1	1	1	1	1	1	1	1
MRGPRF	1	1	1	1	1	1	1	1	1	1	1	1	1	1	1	1	69.4585963167521	1	1	1	1
MRM1	1	1	1	1	1	1	1	1	1	1	1	1	1	1	1	1	1	1	1	1	73.1859157362085
MRM3	1	1	1	1	1	1	1	1	1	1	1	20.7520879867238	1	1	1	1	1	1	1	1	1
MRNIP	1	1	1	1	1	1	1	1	1	29.2270478178849	1	1	25.3731175994457	1	1	1	1	1	1	1	1
MRO	1	1	1	1	1	1	16.4457230218905	1	1	1	1	1	1	1	1	1	1	1	1	1	1
MRPL1	34.0208142017356	1	74.8244487174238	45.9192829191159	33.6677724295709	1	1	1	53.5959263353422	1	35.3658686529267	54.2628148528204	1	66.1959091786468	81.4760929744919	1	1	22.7221575789436	1	1	1
MRPL12	122.444584665576	25.5353469214145	1	25.6376179400059	1	1	19.5968018375336	1	1	1	1	1	1	1	1	47.9909474774488	21.9995578824958	39.5622851616262	31.0824412408132	1	81.553296201735
MRPL13	68.7846173413524	20.1227929415772	1	20.7982319287583	1	1	1	1	1	1	1	30.5162490815891	1	1	1	29.8005007716732	1	20.2653339555864	27.9949819262905	1	126.177387821993
MRPL19	50.0672926464177	1	1	1	1	1	1	1	1	1	1	1	1	1	1	18.2017390888942	1	20.3937139072877	1	1	51.1311132108317
MRPL21	38.9488915523424	26.9292635856073	1	1	1	1	1	1	1	1	1	42.0499157130084	1	35.2258735103932	1	23.8447951099882	1	19.3244063460434	20.5630251795278	1	34.29459461324
MRPL36	72.3439347365702	1	1	1	1	1	1	1	1	1	1	1	1	1	1	20.849361155362	21.6658231704231	28.1699635622391	1	1	75.6495660704671
MRPL39	19.8193668069753	1	1	1	1	1	1	1	1	1	1	1	1	1	1	1	1	1	1	1	39.2117618742902
MRPL45	66.5498740396495	16.8343347592	1	1	1	1	1	1	1	1	1	38.5536895540027	1	1	1	1	1	25.3510473245379	1	1	73.3507904487165
MRPL46	1	1	1	28.2625333911928	1	1	1	1	1	1	1	1	1	1	1	1	18.692498199231	1	1	1	40.7806795006797
MRPS17	1	1	1	1	1	1	1	1	1	1	1	24.2548061339159	1	1	1	1	1	13.8405349546638	1	1	1
MRPS25	67.0839535979096	29.4487933128289	1	28.9921534155236	35.5976878926578	1	25.0898834394904	1	1	32.7732574431405	46.9621673842155	1	48.5577161431079	1	1	30.6864988827339	1	21.3413652760418	21.4225639645237	34.5664318018503	30.0114977480446
MRPS28	30.6151103312045	1	1	1	1	1	1	1	1	1	1	1	1	1	1	1	1	1	1	1	1
MRPS31	1	1	1	30.3825185148871	1	1	1	31.8083133173316	1	30.0101745912893	1	1	1	1	1	1	1	22.5587899092615	1	1	56.6851237247465
MRPS9	29.2812721150799	1	1	31.9151237029879	1	1	1	1	1	1	1	1	1	1	1	1	1	15.69780206635	1	1	13.0250604653511
MRVI1	1	1	1	1	1	115.567116149213	1	1	1	1	1	1	1	1	1	1	66.2112808656306	1	1	1	1
MS4A1	1	1	1	1	657.083964216198	1	1	1	1	1	748.565132137923	1	63.7199379044807	1	1	1	1	1	1	1	1
MS4A14	1	35.3685745873169	1	1	1	1	40.5473961179637	1	1	1	1	1	1	1	1	56.5583593889426	1	1	28.6918318191828	44.6789410126912	1
MS4A2	1	1	1	1	1	1	1	1	1	1	1	1	575.95398327132	1	1	1	1	1172.97120045334	1	1	1
MS4A4A	1	58.9725481462211	1	1	1	1	496.798851843247	1	1	1	1	1	1	1	1	237.671433960133	1	1	75.2386767132285	67.2271942671528	1
MS4A6A	1	413.923446768661	1	24.5678579807595	1	56.5952801347533	707.969664786266	1	1	28.1056747242741	1	16.7001382251237	55.5765399585632	1	30.0212659479298	145.232838988999	1	1	519.565461025371	229.548071924662	1
MS4A7	1	346.03959492797	1	1	1	1	808.607680427812	1	1	1	43.7699179007114	20.0638932191793	117.077390900741	1	1	505.374949536302	1	1	239.723982778778	340.327555670327	1
MSH3	1	1	1	1	1	1	1	1	1	1	1	30.8267354157204	1	1	1	1	1	14.5694768450575	1	1	1
MSH5	1	1	1	22.8174850580316	1	1	1	1	1	26.1059400880419	1	20.1090115514778	1	1	1	1	1	1	1	1	1
MSH6	115.252916706742	19.7024242435866	1	32.4361957239785	1	1	1	1	38.522735012417	28.017428779718	1	26.2350589249698	1	1	32.6515486413403	1	39.0126858189252	34.4893544311079	1	23.7657785571992	1
MSMB	1	1	1	1	1	1	1	1	1	1	1	1	1	1	1	1	1	229.039320655228	1	1	1
MSR1	1	21.8658485055805	1	1	1	1	272.003184392879	1	1	1	1	1	1	1	1	194.668479126	1	1	39.2768873737991	63.4722509935928	1
MSRB1	26.146425283133	93.1815107735675	1	1	1	833.35609095104	24.8171411363348	1	1	39.5456209646469	1	42.3454334115102	1	1	1	34.1147393531249	20.5604932663375	24.9384069908514	28.571848606383	26.6327956734203	31.3423622490007
MSRB3	1	1	1	1	1	1	1	1	1	39.0056946081985	1	1	18.8709001789522	1	1	1	78.1298133765209	37.4173963196963	1	1	1
MT1A	1	1	1	1	1	1	1	1	1	1	1	1	1	1	1	1	146.367710318903	1	1	1	1
MT1E	90.1529679341334	59.4718071624175	1	1	1	1	1	1	138.278118687242	1	1	35.123476133758	167.916673301285	68.3191927564302	274.20165737877	33.327460846926	340.058406295821	1	1	125.250346381377	1
MT1G	18.5673009624688	1	1	1	1	1	68.2891207429979	1	1	1	1	1	1	1	89.6945660013596	109.7888347807	82.8498357940659	1	1	107.581128217518	31.8979794114009
MT1M	1	1	1	1	1	1	1	1	1	1	1	1	1	1	1	1	422.400480695739	1	1	75.5275753153891	1
MT1X	195.530065473282	42.5173717455414	74.0715383455222	25.3544716857203	1	1	40.8378501737835	1	122.257842098046	35.963750562653	1	34.6095819993291	160.879801876991	58.4365673167886	284.368987653815	74.014692150698	628.267522933549	109.342544993043	26.1007155375995	135.195851247124	125.529220767137
MTA3	50.4151603804724	21.5964081247957	1	1	1	1	1	1	1	1	1	1	22.5117361309408	37.7394934681624	1	1	36.930703547649	25.1253671266947	1	1	24.4410362987847
MTBP	1	15.0294034460133	1	21.8066321167574	1	1	1	1	1	1	1	1	1	1	1	1	1	1	1	1	1
MTCL1	1	1	1	1	1	1	1	1	1	1	1	1	1	1	1	1	1	22.6402052643077	1	1	1
MTERF1	1	1	1	30.9958147994224	1	1	1	1	1	1	1	20.0338904007469	1	1	1	1	1	1	1	1	1
MTERF3	25.9662417864771	1	1	1	1	1	1	1	1	1	1	40.8554035900048	1	1	1	1	1	1	1	1	53.1751601050942
MTERF4	1	15.734367721863	34.5791989327602	39.7061323757352	29.4483790034621	1	1	1	32.4641728731131	35.57243033856	25.1211359952964	26.920936680664	23.910525065913	38.9934934205549	30.6614075959261	1	1	1	1	1	15.8705214179683
MTFMT	35.1885582827942	1	1	1	1	1	1	1	1	1	1	1	1	1	1	1	1	1	1	1	1
MTFP1	1	1	1	1	1	1	1	1	1	1	1	56.174139612636	1	1	1	1	1	1	1	1	1
MTFR1	21.9840092500076	1	1	1	1	1	1	1	1	1	1	1	1	1	1	1	1	24.3978293916988	1	1	87.9818754336213
MTHFD2L	21.5521988684571	23.3275428080306	1	21.8313276557623	61.0805955985536	1	1	1	1	19.181020822658	1	1	1	1	1	25.6242699973028	1	21.2421942041423	1	20.6263804620538	1
MTMR1	31.8281700257351	15.244191849764	1	24.9769873956944	29.0435970874792	1	1	1	1	19.7606018046306	27.2767567890669	1	1	1	1	1	1	18.1420600781261	18.8371421780485	1	20.2874039002978
MTMR11	1	23.0156280112989	1	1	1	1	1	1	1	1	1	1	1	1	1	1	1	1	1	1	1
MTMR4	31.5385326037146	21.2019554792633	1	36.8251607720148	1	34.2205478121135	23.6377341303593	1	1	1	1	1	1	1	34.9279487223889	17.8452403544304	1	26.8676864508294	19.9284721367915	20.3165351278955	1
MTOR	17.6600927029614	24.1360584586089	1	40.3436693794916	40.9607966133404	1	19.6160814308565	1	1	32.2930979051395	1	1	1	1	1	22.0811292668519	62.514721925216	19.3818871783435	1	1	1
MTPAP	31.3521130387904	21.4580016122398	1	31.1782024365796	82.1995511763632	1	19.9667613680866	1	1	36.233924169109	31.0971605283069	27.5029897991249	1	1	1	21.5626024709257	1	32.1517164909243	1	1	69.0430758224644
MTRF1	1	1	1	1	1	1	1	1	1	21.4798101989488	1	1	1	1	1	1	1	1	1	1	1
MTRNR2L6	1	26.715270886822	1	1	1	55.2315962238202	31.4863204690447	20.3500023611358	1	1	1	1	1	1	1	17.3499765137985	23.7637051416726	21.5246083761024	32.7283756325389	23.0348093984692	1
MTRR	22.0457006000697	21.0517590832681	1	1	1	1	1	1	1	1	1	1	27.7459366122046	1	27.0252500344086	1	29.0941123369728	14.2228522993919	1	1	42.5859795340616
MTURN	32.8662013946157	26.2428777050489	1	1	1	41.4140458358886	1	1	29.9221320372993	1	1	1	24.1731741097352	1	1	1	1	43.4888463224511	1	1	22.6492574897383
MTUS1	126.148683241634	58.1601294091491	1	1	1	1	1	1	1	23.9951219649341	1	1	1	1	1	33.2501897027488	109.408625058753	106.788562656634	1	68.5292357290106	81.1475526619965
MUC1	38.5824959837276	325.475309568497	1	1	1	1	1	1	1	1	1	1	1	1	1	90.7929559882785	1	137.578465157855	1	231.883723137102	23.1315879773515
MUC4	1	44.5756070310266	1	1	1	1	1	1	1	1	1	1	1	1	1	1	1	70.4899963204356	1	47.5871406425263	1
MUC5B	1	87.8571537246506	1	1	1	1	1	1	1	1	1	1	1	1	1	1	1	1	1	1	1
MUL1	1	20.2443239904441	1	1	1	1	19.9966998723867	1	1	1	1	74.886144735161	1	32.6619316816514	1	24.6641389294358	1	23.2637771273754	1	1	1
MUTYH	1	1	1	1	1	1	1	1	1	37.4482379283635	1	1	1	1	1	1	1	1	1	1	1
MVB12B	1	1	1	1	1	1	1	1	1	1	1	52.4502303864226	1	1	1	1	1	1	1	1	1
MVD	40.8886894406145	1	1	40.9525580227592	1	1	1	1	24.8553946655617	1	1	18.6316034754133	1	1	1	1	1	1	1	1	1
MVK	1	1	1	1	1	1	1	1	1	1	1	1	1	1	1	1	1	16.6200036860336	1	1	94.6910587972139
MXD1	28.8124628011336	384.178979667449	35.0281365906234	98.7652011818184	39.7050172937639	1829.74060949167	240.042140714105	34.4329985012586	54.7971859069458	1	1	119.045614021251	294.145678736202	36.1332883109899	45.9899697646632	254.498035610859	54.3333961680851	67.7519492875629	497.871000308118	528.412384566152	1
MXRA5	1	1	1	1	1	1	1	1	1	1	1	1	1	1	1	1	238.4781758922	1	1	1	41.091112344311
MXRA8	1	1	1	1	1	1	1	1	1	1	1	1	1	1	1	1	440.163527861261	32.772063625193	1	1	1
MYBL1	1	1	1	107.668845702488	1	1	1	1	44.0214441003709	1	1	31.1219478813405	1	1	1	1	1	1	1	1	1
MYBL2	93.4078110296681	1	1	1	1	1	1	1	1	1	1	46.6715353974911	1	1	1	1	1	1	22.1678850674647	1	1
MYC	62.227299343362	20.36359625711	27.6351550722904	1	1	1	1	1	1	115.422502105829	1	39.5922622786964	37.7430364266016	1	1	1	44.0652371013614	86.7754644471855	1	1	28.8480174975502
MYCL	92.2596769918616	26.3538103736198	1	1	1	1	1	1	1	1	1	1	1	1	1	1	1	1	1	1	95.4306212725157
MYDGF	102.068661519944	86.5782072556917	45.5437320139211	70.3652662537947	1	1	135.454577983119	258.836917859395	47.870325540196	50.3301979033025	29.5526450421718	37.0969039472944	42.1027164913304	43.9815854623996	61.5455806986512	191.009068452392	120.906612948874	90.1188166597017	129.251086298026	88.7830915960204	85.9885785183483
MYH10	37.3805939644287	1	1	1	1	1	1	1	1	1	1	1	1	1	1	1	148.457532281743	20.6856766095687	1	1	33.6898752117709
MYH11	90.8021509153394	48.1523417031775	1	1	1	1	1	1	1	1	1	1	1	1	1	1	116.007196704904	35.53580311305	1	1	134.526356142331
MYH14	41.1815731290616	28.6041398706889	1	1	1	1	1	1	1	1	1	1	1	1	1	1	1	38.2029914660393	1	44.0462720015152	34.4543485901779
MYL6B	83.7572745757345	23.3607392004774	1	1	1	1	1	24.9420388090103	1	1	1	52.7197787509494	1	1	1	17.7029903722161	42.6694537601601	31.9821149948505	1	1	150.291855734953
MYL9	1	1	1	1	1	1	1	1	1	1	1	1	1	1	1	1	439.269969741462	1	1	48.8117104633391	44.3650591021798
MYLK	47.3052479272107	52.5378197522013	1	23.5608412789525	1	32.1423474087909	23.6929709072957	1	1	27.1000765283909	1	1	61.2858202611545	1	1	34.4287993734547	485.420502610711	60.4573377555115	48.00676453894	71.1006133066753	59.3166677833623
MYLK3	1	14.8445503526096	1	26.828850354383	1	1	1	1	1	25.5761648671104	1	1	35.7693412687702	1	1	1	1	15.4289836595347	1	1	1
MYO1D	35.40575114547	1	1	1	1	1	18.437250622213	42.1081480727133	1	1	1	1	20.7016402290465	1	1	20.5524250966073	110.089334515885	54.5233726407633	28.6013702853662	22.6567027581779	1
MYO1E	26.2371363101019	18.2911775197721	1	1	1	1	27.9328310926632	1	1	1	1	26.3908675950846	1	1	28.3309173480345	27.7629605734577	23.8506186221266	1	25.3394983812646	30.8464230186687	1
MYO1F	19.9293045553271	285.5626780447	73.9657298707017	536.108288891564	26.35134571294	1023.49579857288	97.7746245109013	1	150.534968432508	33.1302749738344	37.3314691144089	127.868583457146	80.6589258147213	70.924848770171	50.0217196696593	84.5427870004882	1	29.0464903742534	122.436704371951	41.7043402453214	1
MYO3B	1	32.3780839389663	1	33.5656868756544	48.0887052768651	68.5677662228327	28.7928589560486	1	1	41.7861667292761	1	1	1	1	1	21.5235660960068	1	22.0623054039777	19.252690065967	1	1
MYO5B	44.524442134114	1	1	1	1	1	1	16.6732359971953	1	1	1	1	1	1	1	1	1	49.316933150528	1	1	27.2345209081144
MYO5C	1	25.4990335829975	1	1	1	1	1	1	1	1	1	1	1	1	1	1	1	58.4069238016917	1	1	1
MYO6	29.8103517297295	40.0778354331566	1	44.1396052073541	1	1	1	1	1	16.9912019063177	1	1	41.09544543268	1	1	1	75.0422643460476	60.5253325224626	1	78.1143640012141	41.6913216009051
MYO7A	32.7177178847912	1	1	1	1	1	34.5186657079891	1	1	1	1	88.820333921325	1	85.7008161512311	131.352187169633	22.7120298833872	1	1	1	1	1
MYOF	56.8621093995562	82.5936309194024	1	1	1	1	51.457060837079	1	1	1	1	1	1	1	1	109.353378831041	81.2045184350089	46.8834754167654	94.8674375177218	96.3691416073663	38.425046210663
MYOM2	1	1	1	222.522239443677	1	1	1	1	1	1	1	1	1	1	1	1	1	1	1	1	1
MYOM3	1	15.5700125755	1	1	22.6882274353471	1	1	1	1	1	1	24.1547475917034	1	1	1	1	1	19.2437629885654	1	1	1
MYRF	1	1	1	1	1	1	1	1	1	1	1	1	1	1	1	1	1	1	1	48.2077631095549	1
MYSM1	1	1	1	27.7170768998855	1	1	1	1	1	1	28.2561379508515	56.320249269026	23.5285710176274	1	39.7690060016559	1	1	23.2253571715756	1	1	1
MZB1	1	1	1	1	1	1	1	1245.51606256541	1	1	1	1	1	1	1	1	1	1	1	1	1
MZT1	70.9399345846995	21.8797895035615	1	35.9676598025127	1	1	1	1	1	1	27.9006638587529	83.4693356991691	40.2520092654938	1	31.5662149428434	24.5800815687561	1	35.2991583003702	38.5400019972989	1	1
NAA16	1	15.5986044031845	1	31.520226589251	1	1	1	1	1	37.0651307597345	1	1	24.4247928390592	1	1	1	1	1	1	1	1
NAA25	20.5593094571679	1	1	1	1	1	1	1	1	35.3251893254746	1	1	1	1	1	1	1	35.0533318341225	1	1	21.0626884041053
NAA30	26.5175519332008	1	1	30.4284568494408	1	1	1	1	23.0690470372971	18.2320356694497	1	1	21.1901983192253	1	30.962084902571	1	1	30.7695016735551	1	1	19.650463443079
NAA35	34.7834668535951	18.6823040620738	1	1	1	1	1	1	1	1	25.2410922111195	36.7993423849148	22.5816852102883	1	1	18.8471642219571	1	29.8041601884492	20.5307777025449	25.1486981488395	1
NAA40	1	1	1	39.6000435349457	1	1	1	1	1	16.8597209760254	1	54.3600694291536	26.6770482243289	1	1	1	1	19.5900149842052	17.8920571642678	1	1
NAALADL1	1	1	1	23.7052301603503	1	1	1	1	1	1	1	1	1	1	1	1	1	1	1	1	1
NAB1	34.1803542693933	22.2656124197924	44.0430857547247	1	1	1	18.3646624551318	1	41.0125271745015	1	1	61.1036899508338	31.5312159341443	104.864013642128	109.501283166425	24.2705108218798	1	35.2065091462635	23.4046461771907	30.377646529764	32.0377319629531
NACC2	1	34.1732167457287	1	23.6338718546286	1	1	1	1	1	1	1	1	1	1	1	1	1	14.998645432193	1	1	1
NADK	28.8706392468584	113.397789715657	1	72.7103663087543	1	488.179274972246	64.1045716298744	1	28.9953102002062	18.9375209940276	30.3375504983203	1	81.2300178385238	31.3172821579132	1	50.064916201128	33.3811201031053	36.8992707248433	29.0287674855763	55.9390704042621	1
NADK2	35.1224791483717	1	1	30.0584343353964	1	1	1	22.6407988151461	1	1	1	1	1	1	1	29.8147022805142	1	32.5934588210163	1	1	1
NAF1	1	20.2191830030658	1	1	98.8771728315786	1	31.8463751773169	1	1	1	28.1089144585223	1	34.5350580627532	1	44.0605025618948	27.9954949032551	1	1	17.0289190883263	25.3160773269101	1
NAGA	26.883340520495	93.3070235043926	1	1	1	1	132.389208925159	21.0228455061203	1	1	1	1	38.2367513727555	36.377240115968	1	102.048413217651	24.0011291461395	16.9311008718994	132.100797814815	67.7174330317881	21.329328602688
NAGLU	1	15.2331052273107	1	19.5412502258354	1	1	49.9356527653967	27.159458350619	1	1	1	1	1	1	1	38.1244975691182	1	1	1	1	1
NAP1L3	1	1	1	1	1	1	1	1	1	24.9038597184844	1	1	1	1	1	1	1	1	1	1	1
NAPA-AS1	1	1	1	1	1	1	1	24.7538351962288	1	1	1	1	1	1	1	1	1	1	1	1	1
NAPEPLD	25.3111300505699	19.633044221044	1	34.7687315213948	1	1	1	1	1	25.0783617825143	1	1	1	33.5429193320371	1	1	17.7416935804863	1	1	1	48.7847934411176
NAPRT	41.7991926283933	31.4992559491024	1	1	1	1	15.8708938663076	1	1	1	1	78.8250356772406	1	1	1	19.0126557965257	1	1	1	1	67.3105669182914
NAPSA	1	468.49843736733	1	1	1	1	1	1	1	1	1	1	48.8254463587049	1	1	1	36.7168076871874	87.6638014901104	42.5571504657731	209.66811752564	1
NARFL	33.4721840069364	27.1204320945597	1	36.011112651607	49.1900019384828	53.9549458097187	16.9788266384022	1	1	40.6188065104269	1	1	1	1	1	18.3230408786488	17.2800235496555	1	1	1	1
NAT10	45.849781816305	1	1	1	29.5835859758294	1	1	1	1	1	1	1	1	1	1	1	1	1	1	1	1
NATD1	1	1	1	1	1	39.1501382503608	1	1	1	1	1	1	1	1	1	1	30.5517598099635	1	1	1	1
NAV2	1	22.0698312761153	1	1	1	1	1	1	1	1	1	1	1	1	1	1	1	34.2888922484785	1	29.9802459369199	1
NAV3	38.1657971712054	28.5248907160764	26.0832627124063	46.2882645094738	1	1	1	1	25.2196830103162	99.6726398949043	1	1	1	1	1	21.7908143837174	21.6214423853226	26.4765300709902	18.0044416290085	1	38.4710179517244
NBAS	16.4978805366073	17.260656168563	1	20.9905962411569	1	1	16.8504703261294	1	31.7293257664733	26.0021403347351	1	1	26.7637305114145	1	28.5611826665396	1	36.1914581388981	29.6961449091679	1	1	1
NBEAL2	1	54.5130225100456	41.0209093694374	92.2673644961894	1	156.047877892815	1	1	39.5459954969943	27.3165881687093	1	52.8663116307314	29.4168707884516	65.3737196184715	29.8775068729728	1	1	1	28.5670445199327	1	1
NBL1	95.8974388377639	76.8838707423565	58.8000847751182	1	1	1	1	1	74.9148328110434	1	1	92.9551976237138	60.5348411964015	40.3345426409524	105.758730742767	30.7015250788415	1324.19039633522	120.126870800574	1	156.938686650744	72.933848519638
NBPF3	1	1	1	1	1	1	1	1	1	25.6843526777668	1	1	1	1	1	1	1	1	1	1	1
NBPF9	1	1	1	1	1	1	1	1	1	13.9792152223585	1	63.9196761810248	1	1	1	1	23.0334251347905	1	1	1	1
NCALD	1	1	1	85.3993305989976	1	1	1	1	1	1	1	19.1185316770036	1	39.4261576682519	35.9720193469911	1	25.5681833156744	16.4448763096353	1	1	1
NCAM1	1	1	1	243.302689358779	1	39.163066431235	1	1	42.7218206469865	17.837840579719	1	139.040367123161	1	1	1	1	1	1	1	1	1
NCAPD2	57.1869874226309	15.4669077304959	1	49.2131485544764	1	1	1	1	1	21.5847819104828	1	17.363512127229	1	23.4505689915722	37.5147466445991	19.0125721641529	1	15.6346319692783	28.0426933952679	1	1
NCAPD3	23.6873584793185	1	1	1	1	1	1	1	1	1	1	27.2566348904089	1	1	1	1	1	1	1	1	21.3788356224879
NCAPG	45.2796536772161	1	1	1	1	1	1	1	1	1	1	28.8050390735792	1	1	1	1	1	1	1	1	1
NCAPG2	81.5148674778607	1	1	1	1	1	1	1	1	1	1	31.0240511754901	1	1	1	1	1	1	21.0833941663919	1	1
NCAPH	76.7542225317577	1	1	1	1	1	1	1	1	1	1	51.61411906243	1	1	1	1	1	1	1	1	1
NCAPH2	33.7855452675051	1	1	1	1	1	1	1	1	1	1	50.9668417728209	1	1	1	1	1	1	1	1	1
NCEH1	1	21.3249937658952	1	1	1	1	65.7633328907677	1	1	1	1	24.4615748659067	1	1	1	94.648863919532	1	21.2882976397924	27.5637147134127	29.628161756842	1
NCF1	1	177.561241525971	27.7184712256289	1	161.244432247716	1065.61630527228	60.525822114855	64.9256921014205	1	1	98.2908027556743	1	119.236297583766	1	1	43.8349426171682	1	1	32.9911202172387	38.1926178261994	1
NCF2	1	338.313750949455	1	1	1	1022.03837134988	222.715496397502	1	1	1	1	1	74.1120486275771	1	1	347.420001310494	1	1	243.381796191314	133.369833047776	1
NCF4	1	47.5043840384855	1	1	1	333.288851142675	53.1949242436004	35.4585417415205	1	1	37.8606212129415	1	27.3235178498041	30.794818460674	1	28.5974928638937	1	1	28.9873673201594	27.3432571930047	1
NCLN	28.5451109645721	26.0870256440617	1	29.343167794249	1	1	27.7590462941278	26.7033619186912	1	1	1	1	1	1	1	51.6954551841483	48.973714725782	24.3130376524497	21.5523407798914	22.255316001169	28.3650748144308
NCOA5	40.2291353417664	1	36.2386747368822	30.4438177156502	32.9996343879105	1	1	1	44.079825966649	25.9980288227726	26.0978926673447	1	53.2250900758896	88.4609848243966	1	1	1	20.6740446760983	20.4016949474733	17.513271394294	29.0546015588576
NCR1	1	1	1	215.182485596471	1	1	1	1	31.9612726676374	1	1	93.2093507197485	1	1	1	1	1	1	1	1	1
NCR3	1	1	1	71.9149243927329	1	1	1	1	1	1	1	1	1	1	1	1	1	1	1	1	1
NCR3LG1	1	23.759204794847	1	1	1	1	55.7694576384624	1	1	1	1	54.7231407576483	1	1	1	46.679227000855	1	19.5107330280519	26.6413701836491	36.2371465069908	1
NCS1	28.7494134864428	1	1	1	1	1	1	68.1094481697892	1	1	1	1	1	1	1	21.0252920935437	1	1	1	1	1
NDC80	28.7622428697783	1	1	1	1	1	1	1	1	1	1	1	1	1	1	1	1	1	1	1	1
NDE1	1	23.6207550545211	27.2633881674076	50.3320184905341	1	123.048645493445	1	1	1	24.27955486792	28.6849003669353	1	1	34.9060112986642	29.2196668669106	1	1	14.9958361731528	1	35.1791737690117	1
NDFIP2	49.4271632146769	1	30.7327731129683	1	1	1	1	1	1	1	1	98.0809445819639	38.1487602770793	141.7687716416	74.7383628330884	1	30.8173231775135	96.0151598358841	1	1	51.2384676523549
NDN	1	1	1	1	1	1	1	1	1	1	1	1	1	1	1	1	108.295305091023	1	1	1	1
NDRG2	37.4542818949293	30.5525618641929	1	1	1	1	24.4136860126442	1	1	1	1	1	48.7962118183382	1	1	22.3818997037226	68.7576664453159	41.2704821966428	322.987492156741	89.3624253468362	31.5433696015286
NDRG4	34.5471266106112	1	1	1	1	1	1	1	1	1	1	1	1	1	1	1	1	1	1	1	1
NDST2	1	34.3200148782581	1	26.8133454867364	1	1	18.1477466826301	1	1	34.8208971481729	1	1	54.6226624894205	1	1	15.9753599185833	1	58.0158072646241	25.3890085560653	20.7527910625907	1
NDUFA4L2	290.026773448261	1	1	1	1	1	1	1	1	1	1	1	1	1	1	1	107.108357226964	291.920229888399	1	1	1227.93795863527
NDUFAF2	55.3440557138714	16.9349725935359	1	1	1	1	1	1	1	1	1	1	1	1	1	20.5919068305952	44.0711565341406	20.7163118885768	1	1	29.7008901538104
NDUFAF4	32.3974344424499	1	1	1	1	1	1	1	1	1	1	1	1	1	1	1	1	25.4062094592395	1	1	73.9635423312333
NDUFAF7	1	24.4008429929842	1	28.6866075636977	1	1	1	1	1	21.6235156855528	1	34.4978822455406	18.8488230083647	1	29.5609132936407	1	1	20.6521356930252	1	20.5000225804451	65.0267689160931
NEBL	16.3828364353482	1	1	1	1	1	1	1	1	1	1	22.9100355860109	1	1	39.342145031513	1	1	20.1505662190228	1	1	1
NECTIN1	149.861975968506	20.535904163441	1	1	1	1	1	1	1	1	1	1	25.0173132825582	1	1	35.9586800068734	1	68.2693872873298	1	1	229.245763681397
NECTIN2	43.2064166208107	61.0538948555146	1	1	1	1	66.1142362274687	1	1	1	1	1	1	1	1	72.5598061150071	113.175345314316	56.481667070249	110.729438164513	131.968824796773	23.1646347084668
NECTIN4	37.4150255269184	30.0643316397496	1	1	1	1	1	1	1	1	1	1	1	1	1	24.9790445009052	1	39.4744962832504	1	33.4423227614537	1
NEDD1	35.5752674823176	1	30.2375062306799	39.2226418332026	1	1	1	1	39.1066445936929	1	31.5775784128691	1	1	36.3894745728754	27.2179230950376	1	1	19.0267115612738	1	31.44722280673	1
NEDD4L	109.123891317043	61.4784211197295	1	1	1	1	22.2503882872214	1	1	1	1	40.2086313491951	36.1095024404873	1	1	57.905306381117	1	98.6242128994352	24.48014392771	75.6412248470331	233.515284185521
NEFL	46.007152702348	1	1	1	1	1	1	1	1	1	1	1	1	1	1	1	1	1	1	1	63.270579560726
NEGR1	1	1	1	1	1	1	1	1	1	1	1	1	1	1	1	1	21.8314650004069	1	20.1801350212639	1	1
NEIL1	1	20.6853386103096	1	54.0820541671048	75.2085487072263	35.2556595583649	1	1	1	33.509647666404	33.4025210340768	1	1	1	1	1	14.0089520438456	19.8785083898769	1	27.8776017421853	1
NEK1	1	1	1	23.624121776851	1	1	16.4591952793519	1	1	22.083486178418	1	26.4443902663834	27.5394589134096	41.1314252546344	1	1	1	22.9719586291456	15.6452697997103	1	1
NEK10	1	1	1	1	1	36.5634750648542	1	1	1	1	1	1	1	1	1	1	1	1	1	1	1
NEK4	1	22.5359967663305	1	1	1	1	16.9596801984792	1	1	1	1	1	1	1	1	1	1	1	19.9451100353505	22.6506319726063	1
NEK6	22.288178134274	34.6282625464958	1	1	1	1	65.3513879043106	1	1	1	37.8242151613382	1	1	1	1	89.0727827996877	49.0089693720195	37.5630474203462	58.6324235095139	45.4132591363055	12.0084477577027
NELL2	1	1	148.569538113969	1	1	1	1	1	134.230713214816	204.845341576115	1	35.3790290088302	1	58.1336317794155	104.160574541244	1	1	1	1	1	1
NEMP1	14.1427949487489	1	1	1	36.9799690652753	1	1	1	1	1	1	42.9755670297855	1	1	1	1	1	1	18.9977415235568	1	1
NENF	49.6931837985465	24.1224999290175	1	1	1	1	43.2515068039481	42.3029106762009	1	28.6874366272935	1	1	1	1	36.997417273736	45.1710436217799	39.6445576462921	37.5666432130782	23.114576114658	35.029753931759	14.6400972509605
NES	1	1	1	1	1	1	1	1	1	1	1	1	1	1	1	1	74.8888215783369	1	1	1	1
NETO2	61.9215965342871	19.9181670463864	1	1	1	1	19.7248284348845	1	1	1	1	1	1	45.931163609502	1	30.631301520461	1	25.2719622216561	27.1196389324618	1	51.7996088658252
NEU3	1	1	1	1	1	1	1	1	1	1	1	33.3702519978102	1	1	1	1	1	1	1	1	45.0580145323912
NEURL1B	1	1	1	1	1	1	1	1	1	1	1	1	1	1	1	1	54.8985860407441	1	1	1	1
NEXN	1	1	1	1	1	1	1	1	1	1	1	1	1	1	1	1	64.3211901402013	1	1	1	1
NFAM1	1	143.999101243481	1	1	1	311.435284050308	108.568990139053	1	1	1	1	1	1	1	1	66.6991998670757	1	1	49.28586616775	49.817522402206	1
NFATC2	1	1	156.15106524765	395.65051148747	47.5580175593833	1	25.2373106360837	25.6161292161668	270.40848759303	83.2841526468398	64.0797945700051	184.536105406369	62.0628770997551	139.500025932287	223.878457544226	1	77.9502036878298	20.578037127098	64.0838673927658	42.7680870157504	1
NFE2	1	19.3671170889334	1	1	1	136.797019742503	1	1	1	1	1	1	1	1	1	1	1	1	1	1	1
NFE2L3	21.4702792748602	19.4535168881963	1	1	1	1	1	1	1	1	1	1	52.282431184914	25.930502526495	1	1	21.4821031052154	59.312946631474	18.5403198960474	30.6309433339113	1
NFE4	1	1	1	1	1	63.6380330980241	1	1	1	1	1	1	1	1	1	1	1	1	1	1	1
NFIA	52.7522848453247	47.7155082728111	1	1	1	1	49.8175403387313	1	1	1	1	1	95.2373769394729	1	1	27.9932199233264	173.711339581676	126.912322282532	1	48.9051861888701	1
NFIB	70.1535605792654	58.3895391632496	1	1	1	1	1	1	1	1	1	1	54.9586898335432	1	1	1	353.603301516746	104.891348860236	1	138.515699882281	29.3106052050576
NFIX	46.7301549931752	1	1	1	1	1	1	1	1	1	1	1	1	1	1	1	121.211405184321	1	1	1	77.5473515414954
NFKBIE	1	45.4746246352824	1	1	1	1	58.4482960649671	1	1	1	1	1	37.1525607484761	1	1	49.6292611565749	23.7079864448308	37.3999256385914	100.72009775325	84.3756809231736	1
NFRKB	15.8182116249696	1	1	1	1	1	1	1	1	1	1	48.0617839238552	1	1	1	1	17.6606513095982	20.485586817311	1	1	1
NFS1	47.5441351481914	1	1	1	1	1	1	1	1	1	1	1	1	1	1	1	1	1	19.8216674689573	1	22.3742234720455
NFYA	1	1	1	1	1	1	1	1	1	1	26.9015935018117	1	1	1	1	1	1	15.4392514674362	1	1	1
NHSL2	1	39.2612390406754	1	42.6687942518492	1	96.3613530878604	1	1	1	20.3790371907477	1	25.3388850001677	1	1	1	1	1	1	1	1	1
NID1	14.2242524645236	24.0057508373191	1	1	1	1	1	1	1	1	1	1	1	1	1	1	182.206294210136	30.3045102795198	1	1	1
NID2	1	1	1	1	1	1	1	1	1	1	1	1	1	1	1	1	56.6232836717121	1	1	1	1
NIF3L1	37.1946055837778	1	1	1	1	1	1	1	1	1	1	1	1	1	1	1	1	17.2397039570898	1	1	38.6356415596496
NINJ2	1	27.4356211608358	1	1	1	58.2336858257329	17.2971143822802	1	1	1	1	1	1	56.1227653668806	44.8994078447277	1	1	1	1	1	1
NIPA1	21.7531685893385	1	1	1	1	1	1	1	1	1	1	1	36.9264901004862	1	1	1	1	20.5096906602624	1	1	1
NIPAL1	1	15.860857418614	1	1	1	1	1	1	1	1	1	1	1	1	1	1	1	1	1	1	1
NIPSNAP1	77.980519496255	21.6719741212596	1	41.1812463589765	1	1	1	1	1	52.6295257670666	1	47.3706886225533	23.300110070675	45.9130909928019	32.7292079479836	16.9055852230525	1	35.4039105414185	26.7211985725347	1	227.469685786197
NISCH	1	28.5304841630076	1	37.9573389279582	35.2074436993536	1	25.8959349447714	1	36.8881544871643	19.2428849324405	1	1	1	1	34.4591445059243	1	31.7131125260079	26.0033201968761	1	1	1
NKD1	1	21.962093242118	1	1	1	1	1	1	1	1	1	1	32.4223903625332	1	1	1	37.25272138969	20.008389305974	1	1	1
NKD2	1	1	1	1	1	1	1	1	1	1	1	1	1	1	1	1	47.9714963399509	1	1	1	36.3924127244772
NKG7	55.5786553264112	1	56.4158394295704	1756.57995629148	1	1	1	1	695.00432396217	1	1	930.581852821938	34.7817495623137	42.6937479216703	60.3943567064136	1	1	1	1	1	1
NKIRAS1	1	1	1	1	1	1	1	1	1	1	1	1	1	1	1	1	1	1	1	1	43.3850534773081
NKRF	18.7911917461873	18.7021781168406	1	1	1	1	1	1	31.1161955199265	1	1	51.0903223144388	50.4716820924296	1	48.516401840994	1	1	22.2724262529722	29.8606422124656	33.4044586693025	1
NKX2-1	1	62.3680174018683	1	1	1	1	1	1	1	1	1	1	1	1	1	1	1	138.007142581506	1	1	1
NKX3-1	1	1	1	1	49.5310521516771	1	1	1	1	1	1	1	1	1	1	1	1	1	1	1	1
NLGN2	1	1	1	1	1	1	1	1	1	1	1	1	1	1	1	1	46.6580294831681	1	1	1	1
NLRC3	1	1	75.0259226110918	153.584284113078	41.164654113078	1	1	1	93.7270809359654	56.2896633034281	39.2687219324011	116.616661836068	24.1744342779815	63.2516145720214	76.6539016381087	1	1	1	1	1	1
NLRC4	1	17.7642810070734	1	1	1	1	1	1	1	1	1	1	1	1	1	1	1	1	1	1	1
NLRC5	1	24.3004876721333	85.8777017435011	120.496260395611	1	57.9964842614472	19.0806254197471	1	153.006781728654	92.8357569484645	49.5240346556909	64.735794763468	33.5198672448379	68.4952423592712	83.6148258773465	13.6614424100765	21.3800867682136	1	16.1810642285646	1	1
NLRP3	1	137.472297534143	1	1	1	1	66.3505162083499	1	1	1	1	1	45.0840063421892	1	1	83.627919133617	1	39.4433105310761	75.7967637499798	105.865640106757	1
NLRP8	1	15.3373539813868	1	1	1	35.1608192650109	1	1	1	1	1	1	1	1	1	1	1	1	1	1	1
NMB	64.377342941	1	34.583239935927	1	1	1	18.6150199610956	1	1	1	1	1	1	82.4082139776634	466.701831870636	62.5280126103246	1	25.9384226043346	33.4307368356993	30.9440173792775	114.257157621419
NME1	205.350573491286	35.2358487609781	1	27.5739884812751	1	1	31.0159314718454	44.6438258986486	1	1	1	30.610563924897	1	1	1	61.7564249135342	43.3267679782624	57.4497871220405	51.7374664224816	17.8969829925881	133.031486374544
NME7	1	1	1	29.1258626253771	1	1	1	1	1	32.152236383451	1	1	28.8898416028937	1	1	1	1	25.8252767886063	1	1	28.7475281180936
NMUR1	1	1	1	110.988437052197	1	1	1	1	1	1	1	1	1	1	1	1	1	1	1	1	1
NNMT	1	35.54984669759	1	1	1	1	1	1	1	1	1	1	1	1	1	1	477.055725627843	51.517356545948	1	1	1
NOD2	1	41.6785119505429	1	1	1	39.0120956616874	1	1	1	18.8209482787062	1	1	1	1	1	1	1	1	25.82984648232	1	1
NOL4L	1	1	1	28.2798835176265	1	1	1	1	1	32.4528841108327	1	20.9114332660938	1	1	1	1	1	24.231948947942	1	1	1
NOL6	1	1	1	1	1	1	1	1	1	1	1	1	1	1	1	1	1	24.6690439512019	1	1	1
NOP14-AS1	1	1	1	1	1	1	1	1	1	19.7185986699413	1	1	1	1	1	1	1	1	1	1	1
NOP2	36.9720644796972	1	1	1	1	1	15.5598968724187	1	30.8189240985248	1	1	1	1	1	1	15.8588790118685	1	22.7364090180772	15.4687203491159	1	1
NOP9	21.3851738821999	17.4293327247956	1	29.224699137047	40.3421430733518	1	17.5947260833347	1	36.481280760439	20.6949254913528	1	1	1	29.0546820279852	1	24.4145633368487	1	23.4673207318939	1	1	1
NOS1	1	17.9573981002085	1	22.7719503104221	34.8116599604725	28.5615423704464	1	1	1	19.8807371353977	1	1	1	1	1	1	1	1	1	1	1
NOSTRIN	1	1	1	1	1	1	1	1	1	1	1	1	1	1	1	1	43.404109204166	1	1	32.113988576246	1
NOTCH3	38.3346388862258	46.6798218297801	1	1	1	1	1	1	1	18.9748797602407	1	1	26.8176056597404	1	1	41.9587462904186	275.125796106444	74.6453370408363	1	72.7950944989156	22.6880262866528
NOTCH4	1	24.1412263917342	1	23.9328819532905	1	38.2189896913528	1	26.0616001870913	1	1	1	57.6278370507516	47.8309119764182	1	1	1	48.1463779564025	1	1	67.1058601279723	1
NOXA1	1	1	1	1	1	1	1	1	1	33.1998391042309	1	1	1	1	1	1	1	1	1	1	22.4378901886187
NPAS2	1	1	1	1	1	1	1	1	1	1	1	1	1	1	1	1	17.2450256740763	1	1	1	43.0277195216807
NPDC1	26.0153749427387	1	1	1	1	1	1	1	1	1	1	1	1	39.2225679621619	1	1	67.8459623018376	1	1	52.2420112326896	1
NPEPL1	1	29.6950955700223	1	1	1	1	18.2119103464615	1	1	1	1	1	1	1	1	17.1673816083035	1	1	1	1	1
NPIPB4	1	1	1	23.009784866967	1	1	1	1	1	1	1	1	31.6429185251328	1	1	1	1	1	1	1	1
NPL	45.2649834838853	57.2814518093797	1	1	1	195.191692527265	377.764132005003	1	1	1	1	29.6861234740471	1	1	1	204.810472536387	1	24.1872633772589	1	45.6317364982044	141.956021746161
NPM3	122.802552189836	1	1	1	1	1	1	1	1	1	1	66.0315562108911	1	36.5115815344171	1	34.9931364701505	25.9368199210547	45.193055423096	30.1030053309303	1	113.091331543093
NPPC	32.2298492497047	1	1	1	1	1	1	1	1	1	1	1	1	1	1	1	1	1	1	1	1
NPRL2	1	1	1	68.6189148464859	1	1	1	1	1	1	1	24.6787557083172	1	1	1	1	24.8830757959489	1	1	1	1
NPRL3	1	1	1	32.4138597679719	36.2306892724752	1	1	1	1	1	1	1	1	1	1	16.1054160661271	43.3375151912772	1	1	1	19.3206143451872
NPTN-IT1	1	22.2598832381222	1	1	1	1	1	1	1	1	1	1	1	38.4817620541621	1	1	21.1173805003291	1	1	1	1
NPTXR	1	1	1	1	1	1	1	1	1	20.8543864944995	1	1	1	1	1	1	1	1	1	1	1
NPW	1	1	1	1	1	1	1	1	1	1	1	1	1	1	1	1	1	50.7863549186674	1	1	1
NQO1	332.855239535251	61.7507223302902	1	1	1	1	1	1	1	1	1	1	1	1	1	69.7001665236364	1	130.798732041933	1	55.2556657972508	518.686633107779
NR1H3	1	1	1	1	1	1	64.823533309864	1	1	1	1	1	1	1	1	55.0754803171605	1	1	1	1	1
NR2C2AP	30.1163879794485	1	1	1	1	1	1	1	1	1	1	1	1	1	1	1	1	1	1	1	1
NR2F1	1	1	1	1	1	1	1	1	1	1	1	1	1	1	1	1	159.801441435655	42.0969704466943	1	1	1
NR2F2	45.3673890394238	43.9650505268201	1	1	1	1	1	1	1	1	1	1	1	1	1	1	341.231197751805	43.9585592578904	1	45.260218782533	26.6814363385527
NR3C2	1	1	1	1	1	1	1	1	1	24.5324419819454	1	1	1	1	1	1	1	1	1	1	1
NR4A1	111.596308731931	316.642234770612	69.3328287367073	1	681.543159149063	1	333.944691171141	298.445482244968	102.167257390253	1	571.487304607037	302.950571930621	1105.60249571065	113.446250890436	291.392687806895	230.084671329115	540.187814240969	901.262488152527	360.516473676035	497.699787999673	1
NR4A2	150.919230234364	422.535331224948	997.939267533657	348.764498313848	1275.916262434	208.792715141906	1225.77655448939	107.76914353947	1168.51275023501	1	1683.37270242822	940.045329561102	2543.74259207795	537.555064798279	1799.63669371131	560.225336709882	288.999132426388	1014.36580623408	892.219301412062	860.680507497735	1
NRARP	1	1	1	1	1	1	1	1	1	1	1	1	1	1	1	1	1	24.5316717042964	53.1791834032689	36.628009113153	1
NRCAM	1	1	1	1	1	1	1	1	1	1	1	1	1	1	1	1	1	31.8452399017907	1	1	1
NRF1	1	1	1	31.8567465103606	1	1	1	1	33.8657138007092	20.8725788442257	1	1	1	1	1	1	1	1	1	1	1
NRG1	1	51.030403428858	1	1	1	1	1	1	1	1	1	1	1	1	1	1	1	1	1	1	22.041854042955
NRG4	1	1	1	1	1	1	1	1	1	31.2088489807624	1	1	1	1	1	1	1	1	1	1	1
NRGN	1	83.329989068554	1	1	1	1	1	1	1	1	1	1	1	1	1	1	1	1	1	1	1
NRIP3	1	1	1	1	1	1	20.0299730020028	1	1	1	1	1	1	1	1	41.7247684643792	1	29.2328008815097	1	20.6350278559587	1
NRK	1	1	1	1	1	1	1	1	1	1	1	21.2832308030976	1	1	1	1	1	1	1	1	1
NRM	24.843733432025	17.5638271971885	1	1	1	1	1	1	1	1	1	1	1	1	1	1	1	1	20.3194680666862	1	1
NRP1	1	34.1710583770881	1	1	1	1	99.3107774305834	1	1	26.1777502564828	1	1	1	1	1	82.2258226689208	108.195276963491	23.7855044773771	35.5363631740391	56.1945243184781	1
NRROS	1	23.0174067550724	1	37.2980837418402	35.8685602940481	1	23.1881345978948	1	1	1	25.1554239315048	1	61.1928839883118	1	1	22.2245937561276	1	1	24.8258666851137	1	1
NSMCE3	36.4269237144826	22.7415892004695	192.266845349015	72.0162610749831	231.761392147896	1	25.8026030999692	37.1378426649203	154.889338734309	79.1598943056371	117.843019886103	55.6594720877415	102.517908882213	167.356093262225	149.388286589546	20.2625579110324	23.510346295949	29.6767132622902	41.2932615903261	29.8330832688457	1
NSMCE4A	47.0637404716746	17.5192625192723	1	26.5553611741766	1	1	1	1	1	29.1124959819506	1	1	1	40.1172277207726	1	1	42.4254074771986	26.9548439096472	1	22.2398415623299	1
NSUN3	22.5410036978107	1	1	1	1	1	1	40.8815632003041	1	1	1	53.9077481709826	1	1	1	1	1	1	1	1	20.4604647473128
NSUN5	47.9859783187749	22.4245804204342	26.3402905962437	49.6928718126225	75.8345183046115	1	1	1	30.3073741926751	71.4366435663987	26.3810288276502	46.0011465974673	1	23.5418956360298	1	14.50235078331	1	29.9975440745962	1	1	1
NSUN6	1	1	1	1	1	1	1	1	1	36.6754754354389	1	1	1	1	1	1	1	1	1	1	1
NT5DC1	39.6568671782201	21.2514167550816	1	35.62949565725	1	1	18.0791160056331	1	31.1642203069375	57.87885184583	27.8649162095642	1	1	1	34.706034315838	1	1	26.1568092222956	1	1	35.3856545254005
NT5DC2	74.1505923028287	1	1	1	1	1	1	46.9158341686326	1	1	1	1	40.0242883921476	1	1	22.8164674512795	24.1959871503757	48.4570658626763	23.2128247272018	1	73.2794693720025
NT5E	1	1	1	1	61.4556181898422	1	1	1	1	1	46.7896053491097	1	1	1	1	43.0302344759818	14.6010929166175	1	1	1	1
NTHL1	37.0125135684011	1	1	1	1	1	1	1	1	1	1	1	1	1	1	1	1	15.9940204593474	1	1	1
NTM	1	1	1	1	1	1	1	1	1	1	1	1	31.5201767016749	1	1	1	36.1493627432742	22.4192052707695	1	1	1
NTN4	1	1	1	1	1	1	1	1	1	1	1	1	1	1	1	1	56.2990403894138	1	1	33.2672922677653	1
NTN5	1	1	1	1	1	1	1	1	1	20.4520736334241	1	1	1	1	1	1	1	1	1	1	1
NTRK2	405.430081555987	1	1	1	1	1	1	1	1	1	1	1	1	1	1	147.582663001852	1	224.176124918233	1	1	480.501774732519
NTS	842.388177838502	1	1	1	1	1	1	1	1	1	1	1	1	1	1	1	1	85.4363485153832	1	1	1050.63391431764
NUAK1	1	1	1	1	1	1	1	1	1	1	1	1	1	1	1	1	102.461961439086	1	1	1	1
NUAK2	1	20.2611763244332	1	1	1	77.8897802313365	1	1	1	21.0900954904503	1	1	1	1	1	1	1	1	1	1	1
NUBP1	1	34.7693803963348	1	27.4465318816259	52.9584234036417	1	37.1533574657216	1	32.7160812850305	1	1	1	1	1	1	30.9306914626977	17.2105082849885	15.2202749862408	40.7770507619788	26.7429516005527	1
NUDT2	26.5831207344859	1	1	1	1	1	1	1	1	1	1	1	1	1	1	1	1	1	1	1	1
NUDT8	30.7497124010274	1	1	1	1	1	1	1	1	1	1	1	1	1	1	1	1	1	1	1	1
NUF2	40.6466761651094	1	1	1	1	1	1	1	1	1	1	1	1	1	1	1	1	1	1	1	1
NUGGC	1	1	1	24.0726226103367	1	1	1	28.4213761528476	1	20.6297812445043	1	1	1	1	1	1	1	13.8524823307005	1	1	1
NUP205	29.0639990852071	1	1	25.9006937163698	1	1	1	1	1	26.3083462098657	26.5473502157897	1	28.9884294962395	1	1	21.9108556545668	30.6481049921228	22.8132878931078	19.6044254077212	1	1
NUP35	37.4175524936464	1	1	1	1	1	1	1	1	1	1	1	1	1	1	1	1	40.9902902446512	1	1	1
NUP37	28.0582284031805	1	1	1	1	1	1	1	1	1	1	1	1	1	1	1	1	1	1	1	32.1250677870249
NUPR1	18.5627042484125	46.0529505849441	1	41.9817328706841	49.0581243325145	36.7474682789851	361.927034144948	1	26.9861879062547	29.0363224329121	1	1	56.4100939144106	27.3088194605308	1	193.023674023492	148.05235858459	44.4108753470627	25.224558520592	55.8523883182372	75.6958080396378
NUSAP1	173.400867183672	1	1	1	1	1	1	1	1	1	1	139.77229612512	25.8691183123768	31.4620433689763	57.519549730094	23.2978374605225	1	29.8345081845187	44.8822129037392	1	1
NUTM2A-AS1	17.8224023063078	17.5191716128876	1	1	77.1585431264188	1	1	1	1	1	1	29.277315264445	1	1	1	1	1	18.2641384795841	1	1	52.1875677685777
NXN	24.1053372329001	1	1	1	1	1	1	1	1	1	1	1	1	1	1	1	90.999921703823	1	1	1	1
NXT2	22.95160481099	1	1	20.4837660383445	1	1	1	1	1	1	1	1	1	1	1	1	1	1	20.8434018590849	1	1
OARD1	35.4917344034055	24.0884405181836	1	45.6050331672874	1	1	18.7546445122829	1	35.5486188062476	72.1565677244454	1	53.605036940068	1	40.7872830178506	1	17.2927613885842	1	28.8876247083524	1	1	1
OAS1	30.0713213800616	77.7159069129985	1	32.4152824616117	1	1	74.8140892541048	1	1	1	1	37.0118569330575	1	61.8356024803435	1	54.9349252310418	46.3319020260358	1	21.5829241028142	68.0585782609186	1
OASL	23.2141915685463	1	1	1	1	1	1	1	34.8340439692746	1	1	42.2319084047502	42.329939944298	1	1	1	1	1	1	1	1
OBSL1	1	1	1	1	1	1	1	1	1	1	1	1	1	1	1	1	56.9955158160233	26.7892270637856	1	1	133.967505573269
OCEL1	1	23.4117735139882	1	34.4121557616734	1	1	15.7375494887354	1	1	32.8960881922236	1	1	1	1	1	1	1	1	1	1	1
OCLN	21.8573274348765	44.1512322705609	1	1	1	1	1	1	1	1	1	1	1	1	1	1	1	58.2191664572343	1	71.6402442374781	46.0431070899648
ODF2	39.434050579983	19.2467566410677	1	31.5567682155167	1	1	1	1	1	1	1	1	57.8909021771316	1	1	17.4588146039066	1	15.4754207675833	1	1	1
OGFRL1	41.5590240064457	124.181347626458	1	35.0181792979127	37.500461658509	317.728171715878	102.950942103161	1	32.1502334438461	1	31.7211060174176	21.5555754636622	66.3969955826655	1	1	108.756083415025	15.2596520798255	21.2420743048255	287.423353959943	161.207299220014	56.7421672719847
OIP5	49.1670328863212	1	1	1	1	1	1	1	1	1	1	1	1	1	1	1	1	1	1	1	1
OLFM1	91.2230933665278	1	1	1	1	1	1	1	1	1	1	1	1	1	1	1	36.9549035562692	1	1	1	87.0769409898628
OLFML1	1	1	1	1	1	1	1	1	1	1	1	1	1	1	1	1	81.8551603410728	1	1	1	1
OLFML2B	1	1	1	1	1	1	92.403863242294	1	1	1	1	1	1	1	1	43.252810276073	117.146010796471	1	1	1	1
OLFML3	1	1	1	1	1	1	27.0098230783055	1	1	1	1	1	1	1	1	1	236.824222263105	33.7532539162538	1	1	1
OLR1	1	411.537213999923	1	1	1	70.0165487326296	506.775937281703	1	1	1	1	1	184.521579456345	1	1	671.811621814874	1	1	432.880602935897	517.497423670941	1
OMA1	17.6811345419956	21.7245323571201	1	34.9484125374487	1	1	1	1	39.3137291409905	21.9871784898421	1	1	1	37.3694021679567	1	1	1	26.2459543264117	1	1	1
OMD	1	1	1	1	1	1	1	1	1	1	1	1	1	1	1	1	71.9530410433059	1	1	1	1
OPN3	1	47.8079056541306	1	1	30.3483474372327	1	61.7737235879574	1	1	1	31.5555560855493	1	138.601193563153	1	1	79.7316108943752	1	1	84.5387722073419	102.591692662237	1
OPTN	35.2131794607275	20.2366588369379	90.8071793471117	102.17565315754	1	1	24.5690123753117	39.4443242743863	112.098492049837	45.1206644390814	1	82.5080258069865	69.7658352261755	123.209654707669	72.8759170761615	28.0938619825266	44.0776585666945	38.23790535699	1	65.1064251198983	1
OR10H1	1	1	1	1	45.4387397705389	1	1	1	1	1	1	1	1	1	1	1	1	1	1	1	1
OR1A1	1	19.6046236915505	1	25.4583856652064	40.2329117203317	1	1	1	1	26.9198734024417	1	1	1	1	1	1	1	1	1	1	1
OR1D2	1	1	1	1	1	1	1	1	1	26.641756920375	1	1	1	1	1	1	1	1	1	1	1
OR2G6	1	23.5222220962692	1	29.1426109995209	32.8786028889991	37.7493867168911	16.7169977734426	1	1	16.0625931276034	1	1	1	1	1	1	1	19.288349484184	1	1	1
OR4D1	1	1	1	1	1	1	1	1	1	25.5178635676528	1	1	1	1	1	1	1	1	1	1	1
OR51D1	1	1	1	1	1	34.3071487689249	1	1	1	1	1	1	1	1	1	1	26.2451939806529	1	1	1	1
OR6C4	1	1	1	1	1	1	1	73.5443194429086	1	1	1	1	1	1	1	1	1	1	1	1	1
OR6C75	1	1	1	20.9615759619114	1	1	1	1	1	1	1	1	1	1	1	1	1	1	1	1	1
OR7A17	1	19.7386682611617	1	24.152164320806	26.9253134518907	32.5027008916156	1	1	1	28.7514777372292	1	1	1	1	1	1	1	1	1	1	1
ORC1	37.2686773032462	1	1	1	1	1	1	1	1	1	1	1	1	1	1	1	1	1	1	1	1
ORC3	23.8526883004831	1	1	1	1	1	1	1	1	1	1	1	38.9859037417929	1	1	1	1	1	1	1	54.7453358614833
ORC5	38.686566424503	1	1	1	1	1	1	1	1	1	1	1	1	1	1	21.5245378970823	1	1	1	1	1
OSBP	33.6250606942053	20.1649416141129	33.1549519531164	1	1	1	16.4499575872433	19.003732796876	30.0126583311236	1	29.7880214370701	1	29.1902297177779	1	1	17.5930785050866	1	31.7500765219023	22.6198301163438	22.2884921225053	49.1518017383907
OSBPL10	17.0047403290455	1	1	1	50.0975282812087	1	1	22.0380401450428	1	1	93.1726670549982	1	1	1	1	1	21.1159332375977	17.8527182234703	1	1	1
OSBPL1A	60.0358410889928	30.5669667172271	1	1	1	1	97.0710723972912	1	1	1	1	1	1	1	1	70.8148530166922	94.4282480710538	54.6884202028384	27.4025983519791	55.9485077167262	38.3070096989014
OSBPL3	29.6768567355494	18.0319643704264	1	27.8307866821566	27.9486704276699	1	28.4273434518136	45.2445204018053	1	1	44.6045262453895	31.6339425585987	1	52.7137650924939	30.7555550129207	19.101695908446	1	23.0134398144219	39.9933735092565	43.074138607325	12.1704803569419
OSBPL5	1	18.9889450073891	1	124.361044994438	1	1	1	1	1	1	1	1	1	1	1	1	50.4627540950762	27.6450380959344	1	1	1
OSBPL6	1	1	1	1	1	1	1	1	1	1	1	1	1	1	1	1	1	22.3578701412092	1	1	1
OSBPL7	1	1	1	22.5903264509161	1	1	1	1	1	1	1	1	1	1	1	1	1	1	1	1	1
OSCAR	1	93.9238740064087	1	1	1	79.1240770964805	74.2374283929834	1	1	1	1	1	1	1	1	91.0158531856884	1	1	42.9992435643008	1	1
OSER1-AS1	1	1	1	20.4490131590288	1	37.2731394676297	1	1	1	1	1	1	1	1	1	1	1	1	1	1	1
OSM	1	173.735040643989	1	1	1	709.947015581038	155.483489428591	1	1	1	1	1	265.682301202469	1	1	95.7182623460291	1	39.6806438307507	146.545026145572	125.390082135627	1
OSMR	36.7441919732074	50.5003860583781	1	1	1	1	1	1	1	1	1	1	1	1	1	34.8937766210905	213.716244836627	75.521782807893	1	68.1282229495016	1
OSR2	1	1	1	1	1	1	1	21.0827037061142	1	1	1	1	1	1	1	1	1	19.1544283865344	1	1	1
OTOA	1	1	1	1	1	1	76.7394136959734	1	1	1	1	1	1	1	1	69.828121910223	1	1	1	1	1
OTUD1	1	49.2637971700757	35.1644125853292	1	187.467775336087	1	85.0181784159262	85.677991083982	26.9934665007571	1	109.904030891816	1	38.2036878684833	40.0300492803915	51.4490237697932	75.7141929850761	79.0314285736806	18.5499093287878	73.2281399830634	88.1246453377175	1
OTUD6B	21.9179984907557	1	1	1	32.6978890082985	1	1	1	1	1	1	1	1	1	1	1	1	1	1	1	1
OVCH1-AS1	1	1	1	19.0513022523487	1	1	1	1	1	1	1	1	1	1	1	1	1	1	1	1	1
OXCT1	38.3375140813213	1	37.4759030623704	31.7331018566343	26.3434368279323	1	1	1	1	25.0755914512407	31.3882395965475	1	1	43.752484406266	47.2364910327566	1	1	31.9673330000188	20.5919953065158	1	113.079546331301
OXNAD1	1	1	37.2210913555049	1	1	1	1	1	40.7263640522623	60.9606656536676	1	55.5754927702099	1	44.0240734100942	47.5233592417676	1	1	1	1	1	1
P2RX1	1	1	1	1	1	1	1	29.4687741359206	1	1	1	1	62.0408766482105	1	1	1	1	30.1779370616271	1	1	1
P2RX5	1	1	1	1	252.161506479835	1	1	31.8132153065918	1	1	115.791061714581	1	1	1	39.4785071319897	1	1	1	1	1	1
P2RY1	21.6653910877141	1	1	1	1	1	1	1	1	1	1	1	1	1	1	19.9735278874942	1	1	1	1	25.5585117548342
P2RY10	1	1	106.236713608128	1	175.55516004269	1	1	1	80.9183310343952	23.5859961997896	68.3558916046753	23.8965139058857	30.8967511549241	150.903674194133	107.903237561864	1	1	1	1	1	1
P2RY11	1	1	1	29.0256946154505	1	1	22.7118705531919	1	1	1	1	59.785983470741	1	1	1	24.4860370395738	1	1	1	1	1
P2RY13	1	68.1300006514709	1	1	1	329.823644912432	37.8889984821808	1	1	1	1	1	1	1	1	1	1	1	32.6707172927384	27.3033542571863	1
P2RY14	1	1	1	1	40.2845982524315	1	1	1	1	1	1	1	57.108029728326	1	1	1	1	43.6446007109243	30.6964185348753	44.4770194095525	1
P2RY6	1	1	1	1	1	1	1	1	1	1	1	1	1	1	1	1	1	1	23.1601445419895	1	1
P2RY8	1	1	77.7496586574222	138.583933317274	1	1	1	22.2624209912611	110.523516037277	86.9048024927788	1	40.0291590815882	1	1	1	1	1	1	1	1	1
P3H2-AS1	1	22.2775178932874	1	1	27.8228955930162	35.7520339480517	17.1785416269758	1	1	1	27.5136240883067	1	40.6723495002114	1	1	13.8874081394795	11.2294947490827	33.9398442952719	1	1	1
P3H3	1	1	1	1	1	1	1	1	1	1	1	1	1	1	1	1	54.2130130736352	1	1	1	1
P4HA2	1	1	1	1	1	1	1	1	1	1	1	1	1	1	1	1	35.940221208281	26.0205355665292	1	1	1
P4HTM	1	1	1	1	1	1	1	1	1	19.4464429037134	1	24.3923525562266	1	31.209639827783	1	1	1	1	1	1	1
PABPC1L	20.3803543094421	1	1	1	53.511472518805	1	1	1	1	28.1426916902703	1	1	1	1	1	1	22.537259449294	1	1	1	1
PABPC3	1	16.5155815753594	32.3720089974332	1	1	1	1	1	28.7241699800438	21.9714880564733	1	27.1838918199791	1	1	1	1	1	1	1	1	1
PACS2	22.9929839111236	21.7892529733297	1	27.661695202056	1	1	35.7069910207896	81.7196807141808	1	25.8385073499229	1	1	1	1	1	28.2237373390662	1	20.5954637076038	24.8249699852372	28.420291626698	1
PACSIN3	43.8739801456407	1	1	1	1	1	1	1	1	1	1	1	1	1	1	1	1	1	1	1	50.7110377307538
PADI2	1	18.150551742726	1	1	1	128.035813917964	22.2588564694624	1	1	1	1	1	1	1	1	1	1	1	58.1315026834849	24.5805577951271	1
PADI4	1	36.417623127733	1	1	1	255.033899662335	1	1	1	1	1	1	1	1	1	1	1	1	1	1	1
PAEP	1	1	1	1	1	1	1	1	1	1	1	1	1	1	1	1	1	36.015338570129	1	1	1
PAF1	33.7463401924595	24.1342714372015	59.3989527143363	1	1	1	16.6250807143397	1	63.5485577234552	1	57.8140908362473	60.1592060802484	40.5683968376121	55.3535610152204	62.3450106345255	16.8843553796936	18.6797156999823	28.4739427244895	28.5744782261559	38.0772296217479	1
PAFAH1B3	112.678583285032	24.1992576856203	1	1	1	1	1	1	1	1	1	1	1	1	27.3915225604039	20.8482001369014	1	66.4008819816133	17.6733553207094	18.1558283840761	99.2604147820245
PAFAH2	1	26.4931888051111	1	88.5932516321265	1	1	27.3813538360493	1	32.6489274709388	17.3948287730348	1	1	22.92354794715	1	1	24.3903174922468	1	23.5656596546848	1	1	98.9958208661721
PAIP2B	1	1	1	1	49.5696057632898	1	1	43.5999258320458	1	1	1	1	1	1	1	1	1	1	1	1	1
PAK1	139.916522804918	101.988056069318	1	1	1	204.862165417825	60.2268660582829	1	1	1	1	41.4249492299123	72.1564524580477	1	1	59.7240096410687	1	142.669592101241	243.976895012434	84.7052238284407	124.605857202411
PAK1IP1	65.375221848568	1	1	1	1	1	1	1	1	1	1	1	1	1	1	28.2472237426025	76.4692671982526	48.2591265296691	1	1	42.9858488437135
PAK3	1	16.5661845443391	1	1	1	1	1	1	1	1	1	1	23.6980383237861	1	1	1	1	28.0242045243368	1	1	1
PALD1	1	1	1	1	1	1	1	1	1	1	1	1	1	1	1	1	1	1	49.7685815725251	26.4140239306779	1
PALM2	1	1	1	19.0697855701069	1	33.0860820213452	1	1	1	1	1	1	1	1	1	1	1	1	1	1	1
PALMD	1	1	1	1	1	1	1	1	1	1	1	1	1	1	1	1	82.8998410443815	1	1	1	1
PAN2	1	23.8118826504957	1	25.0971746238763	1	1	1	1	1	22.0412186314554	1	1	25.9205901767761	1	1	1	1	36.3567936910777	1	1	1
PANX1	20.1452236335871	1	1	1	1	1	1	1	1	1	1	1	1	1	1	18.1166452426393	1	1	1	1	1
PANX2	36.1266020372539	1	1	1	1	52.38904225987	1	1	1	1	1	1	1	1	1	1	29.7845396461307	1	1	1	47.01758530801
PAPLN	1	1	1	1	1	1	1	1	1	1	1	1	1	1	1	1	99.8428913011951	1	1	1	1
PAPOLG	26.0814296601453	21.2621039829894	36.095752783926	39.2066507690988	22.4083471460641	1	24.8056032410132	1	41.7464642174366	36.0455297333893	1	23.544830989157	1	1	41.5701858044639	1	1	21.977433464165	24.8652824515316	1	1
PAPPA	24.962326506174	1	1	1	1	1	1	1	1	1	1	1	1	1	1	1	72.9372349476899	35.1720720893267	1	1	1
PAPSS2	1	94.9823938599482	1	1	1	1	175.959056609842	1	1	1	1	1	1	1	1	179.568025671297	153.229213289409	31.2729805085918	110.75813356088	138.568263367121	27.4942488308386
PAQR3	24.6770489561624	1	1	1	1	1	1	1	1	1	1	43.0640463684602	1	1	1	1	1	27.3448193574993	1	1	57.9057218738592
PAQR4	46.5632674862571	18.2122388281709	1	1	1	1	18.6305009827931	1	1	1	1	56.168534242918	1	1	1	21.5947762664646	1	1	1	1	1
PAQR5	1	1	1	1	1	1	1	1	1	1	1	1	1	1	1	1	1	43.2656009264823	1	1	1
PAQR8	1	1	1	1	1	1	16.7168964715874	1	1	40.9130111157342	1	1	1	1	1	1	1	1	1	1	1
PAQR9-AS1	1	1	1	24.631237544241	1	33.0226198766434	1	1	1	1	1	1	25.9179097968691	1	1	1	1	1	1	1	1
PARD3	34.6412304751822	1	1	1	1	1	1	1	1	1	1	1	1	1	1	1	18.3604160774518	33.2070193016655	1	1	125.561208438077
PARD3B	1	1	1	1	1	1	1	1	1	23.9765775032758	1	1	1	1	1	1	1	1	1	1	1
PARD6G	20.2916923800314	16.8933607045845	1	1	35.2141625742049	1	1	1	1	15.220077794342	1	1	1	56.9893176355668	1	1	23.7459836440107	20.6241835273065	1	25.3804997722438	43.3213655133567
PARG	1	1	1	1	1	1	1	1	1	22.3009534818751	1	1	1	1	1	1	1	1	1	1	1
PARM1	1	24.4859917467971	1	1	1	1	1	54.5175926185528	1	1	1	1	1	1	1	1	64.3073421863454	56.1053954810837	77.215853875484	39.9587021114485	1
PARP11	1	1	1	1	1	1	1	1	1	21.1103618892559	1	1	1	1	1	1	1	1	1	1	1
PARP15	1	1	1	62.6375663082149	95.1669773151929	1	1	1	36.7432405983144	16.1577126693948	68.2085115345699	1	33.5350803252969	1	1	1	1	1	1	1	1
PARP16	1	1	1	22.665492657189	1	1	1	1	1	23.1561960379081	1	1	1	1	1	1	1	1	1	1	1
PARP8	1	31.1926413733463	126.224086433743	162.461287708573	1	91.9416932239762	1	1	151.810584133428	45.9329852202062	1	98.1235390652575	38.4827153080773	47.8512230946823	68.4115500312209	1	1	1	1	1	1
PARPBP	29.55577953419	1	1	1	1	1	1	1	1	1	1	1	1	1	1	1	1	1	1	1	1
PARVA	32.306001120009	26.1335978582554	1	1	1	1	1	1	1	1	1	1	20.7880509644694	1	1	1	101.990052856599	43.8095160456052	1	1	19.1128468486454
PARVG	1	39.0631195120817	1	22.8347322024603	56.0413707825196	38.9209007126102	39.4803904687238	1	29.2732885140174	25.5131531052496	1	1	1	1	1	31.5937515845112	1	1	39.3702786824536	19.2309813620997	1
PASK	18.5661860737051	1	179.987348327498	1	1	1	1	1	82.308269183009	99.9951038585991	1	1	1	56.5297216178974	181.302824901638	1	1	1	1	31.297218517821	1
PATJ	32.8459672156209	26.6079754161278	43.8422099132882	1	31.0849422727725	35.6368672346974	1	1	24.6670480219596	52.0920146602743	27.2206146455442	1	1	1	39.0066010304695	16.784035439584	1	37.9317179589904	1	24.1894252464163	30.9364442997696
PATL2	1	1	1	58.5741652877117	1	1	1	1	37.7142884285889	24.1993761780365	1	1	1	1	1	1	1	1	1	1	1
PATZ1	39.4096500411428	16.6995853762046	1	41.7509476198781	1	1	1	1	1	1	1	1	1	1	1	1	1	27.8840728157248	1	1	26.6799948044464
PAX5	1	1	1	1	386.972902944798	1	1	1	1	1	254.2853671678	1	1	1	1	1	1	1	1	1	1
PAX9	21.1945818489817	1	1	1	1	1	1	1	1	1	1	1	1	1	1	1	1	31.364026458139	1	1	181.193592755847
PAXBP1	1	17.2046440227586	1	24.051539079729	26.1808406016658	1	1	1	1	24.2281688332239	1	23.7563043151694	22.0323507954138	28.4915362267752	1	1	1	26.9802317098416	1	1	1
PAXIP1-AS1	19.440259084911	1	1	1	1	1	1	1	1	30.2106151864473	1	1	1	1	1	1	1	16.5072372655012	1	1	20.5834892577761
PAXIP1-AS2	1	17.4965585630251	1	25.5743454664527	31.1654010494099	1	15.1554256215439	1	1	28.23311605345	1	1	1	1	1	1	1	1	1	1	1
PAXX	26.2957753726488	20.8169591960263	40.0235910686582	56.2252212994918	1	1	1	1	49.8874103385311	1	1	60.9126273511095	31.6288508080023	56.0506917370216	30.323625067911	1	35.9238995307354	1	22.1154764783505	1	60.3192898614406
PBK	28.6789881093718	1	1	1	1	1	1	1	1	1	1	1	1	1	1	1	1	1	1	1	1
PBOV1	1	1	1	1	43.1734067626892	1	1	1	1	1	1	1	1	1	1	1	1	15.7149104406203	1	1	1
PBX1	35.5577672484163	34.263980003265	1	22.6747992274561	1	1	1	1	1	14.5710889192119	1	1	84.0591367957817	1	1	24.7580651711923	88.6898151765541	180.949827089967	1	48.4613864535984	29.0137847418901
PBX4	1	1	61.0209745972903	1	1	1	1	1	47.3276773303154	1	1	1	1	67.7736709470576	62.4379641645134	1	1	1	1	1	1
PBXIP1	1	28.8407784862743	196.85683701921	61.7389253162285	1	101.421128700144	24.9631980740879	30.7729870014461	100.246576059415	107.050741830825	77.4346540470173	64.9159823600401	82.519376914097	324.410342824342	171.179978685824	1	29.456912432203	29.5535147573478	1	44.7661958157659	1
PC	1	1	1	1	1	1	1	1	1	1	1	1	1	1	1	15.1503497932967	1	1	1	1	1
PCAT19	1	1	1	1	1	1	1	1	1	1	1	1	1	1	1	1	41.6595498621265	1	1	1	1
PCAT29	1	1	1	1	1	31.2430282613602	1	1	1	1	1	1	1	1	56.1296301089535	1	1	1	1	1	1
PCBP4	1	1	1	1	1	1	1	1	1	1	1	42.3326196097141	1	1	1	1	27.5382828866381	1	1	1	1
PCCA	1	1	1	22.5225983309643	1	1	1	1	1	1	1	1	1	1	1	1	1	1	1	1	1
PCCB	42.6340993246064	1	1	1	1	1	16.6278774552456	1	1	1	1	1	1	1	1	1	1	1	1	1	23.2400714471804
PCDH11Y	1	16.6771561207469	1	33.1372417682132	1	36.7532338682533	1	1	1	24.79493797611	1	1	1	1	1	1	1	1	1	1	1
PCDH17	1	1	1	1	1	1	1	1	1	1	1	1	1	1	1	1	260.492417630687	1	1	1	1
PCDH7	1	1	1	1	1	1	1	1	1	1	1	1	1	1	1	1	64.6111006350794	1	1	1	1
PCDH9	1	19.5441544393791	1	1	251.30238664422	1	1	1	1	19.3213211053418	1	69.2586952971351	31.1179942618906	1	1	1	1	21.331890685799	1	1	1
PCDHA4	1	1	1	25.0988324830736	1	1	1	1	1	1	1	1	1	1	1	1	1	1	1	1	1
PCDHB1	1	17.0996207981326	1	21.9629653452255	1	43.3598445528779	1	1	1	1	1	1	32.115970870001	1	1	1	20.919290131651	1	1	1	1
PCDHGA5	1	16.8227126853781	1	1	1	44.5751548470288	1	1	1	1	1	1	1	1	1	1	1	1	1	1	1
PCED1A	1	1	1	1	1	1	1	1	1	16.8909834695708	1	1	1	1	1	1	27.6778042860152	1	1	1	41.1391390221218
PCED1B	1	1	45.907505368949	34.1954653108484	1	1	17.1818649162022	1	47.7210298112223	100.570840396604	1	1	1	75.7006175307563	61.7062842646177	1	1	1	1	1	1
PCED1B-AS1	41.3887457411715	27.621246167522	227.799515820796	296.166402943554	43.5857104969313	36.8652928381366	58.3709572687469	133.131491068531	292.049832907693	324.780704324167	96.8949519727367	242.665897536057	51.5857305807741	245.998287927739	204.136596362067	49.8361077389191	1	1	39.5064413680312	27.0966237788626	1
PCGF2	24.6891643835435	1	1	1	1	1	1	1	1	1	1	1	1	1	1	1	98.9248650989481	23.203597681802	1	29.1280369464641	28.7876624222447
PCGF6	1	1	1	1	1	1	1	1	1	1	1	1	38.9565069179653	1	1	1	1	1	1	1	1
PCIF1	1	17.6368101024045	1	1	52.6723526181315	1	1	1	28.9708239011175	1	1	48.0508737031917	1	32.1851109581029	1	1	1	19.5867518211488	24.6053057096318	1	1
PCK2	29.21721173756	18.8650424284051	1	1	1	1	32.6507638738799	1	1	1	1	57.8613784233282	1	1	1	41.6435035586264	1	1	15.5090486369515	1	1
PCLAF	188.364515800169	20.0814699280339	1	27.8739320181521	1	38.8778122211106	1	1	1	39.5120820025925	1	99.6355529068012	1	1	42.2222068630868	26.6518581468639	17.8135811758907	27.8668738200918	46.3762018798211	22.2864549731109	1
PCMTD2	20.3821980593521	26.3276771660736	1	44.402518548161	1	1	1	1	23.7615654041714	69.1483083601379	1	54.3656457491384	1	1	1	1	1	20.3682828587439	1	1	25.6535582609432
PCNT	22.0205757070164	1	1	45.910049825101	1	1	1	1	34.2287093353213	31.1880255390383	1	1	34.8322023821432	1	1	1	1	25.7219597671991	1	1	1
PCNX2	19.5244896498208	18.5264105991877	41.4119449688583	23.964811657391	1	38.7829477004603	1	1	42.4009811554884	33.8542605331122	1	37.2052904701123	29.0347076777285	31.6597327467208	72.5013439036695	1	1	18.3126052822202	22.7806592241713	1	1
PCNX3	31.166333543408	1	1	23.9864352420593	1	1	17.7849518243424	1	1	1	1	60.3692998680964	1	1	32.3514365558228	18.9861010802805	22.8660501533394	21.8296774767092	1	1	1
PCOLCE	1	1	1	1	1	1	1	1	1	1	1	1	1	1	1	1	492.179504939308	1	1	1	1
PCOLCE2	1	1	1	1	1	1	25.0786700416659	1	1	1	1	1	1	1	1	26.6751618946284	1	1	1	1	1
PCP4	1	1	1	1	1	1	1	1	1	1	1	1	1	1	1	1	1	23.8092184906862	1	1	1
PCSK1	1	1	1	1	1	1	1	1	1	1	1	1	1	1	1	1	1	64.8979122208417	1	1	1
PCSK2	35.2808813617839	1	1	1	1	1	1	1	1	1	1	1	1	1	1	1	1	1	1	1	20.1847701022576
PCSK5	1	26.7801635400863	1	63.3322326355716	1	1	21.8025147977931	1	1	32.7115380391144	1	1	1	1	1	23.3209973667055	51.9510710479808	1	1	1	1
PCYT2	18.6062015895161	1	1	1	1	1	1	1	1	1	1	44.8188375174513	1	1	1	1	1	13.9427909601025	1	1	1
PDCD1	1	1	40.6389957446797	1	1	1	1	1	40.1994823232835	1	1	78.3603260052171	1	37.4710739899995	107.268291165629	1	1	1	1	1	1
PDCD1LG2	1	1	1	1	1	1	27.409400835253	1	1	1	1	1	1	1	1	1	1	1	1	1	1
PDCD2L	30.6192546917795	1	1	1	1	1	1	1	1	1	1	1	1	1	1	1	1	1	1	1	36.7226848907719
PDCD7	22.3023318510186	21.636666263745	28.6958530490521	37.4781345481502	26.1920170155893	1	1	1	32.9363919765631	36.1381723935268	1	27.3481675298908	1	1	28.7192621963001	1	1	22.4345957711872	1	1	1
PDCL3	1	1	44.4213333291923	36.6543303825578	1	1	1	1	32.3259593951903	1	1	25.5702814737411	23.1006353133355	33.0279155247122	31.1673144304402	1	1	1	1	1	1
PDE11A	1	1	1	1	1	45.0861870342481	1	1	1	17.3353176955145	1	1	1	1	1	1	1	1	1	1	1
PDE3B	26.3663945734	17.1782769218197	159.594577424693	42.2914776977599	1	38.9858490022358	17.2747232556816	1	124.743810635731	128.7324117014	1	105.939653765789	63.6946047191701	130.900450377424	116.660548146525	1	46.675519984244	28.0791583153369	1	1	1
PDE4D	74.3891579292195	63.056915116348	222.532076733979	107.728159446232	1	1	18.2533861045886	19.6272186400016	197.354551441195	35.5402971963791	1	460.643297187268	108.45712072087	216.5796998347	245.528977077363	35.5431425386301	35.5644026558845	41.8190367826982	18.5934576964465	41.8570754063349	1
PDE6A	1	16.5187429096429	1	30.7962932801833	1	1	1	1	1	26.2536228595031	1	1	1	1	1	1	1	1	1	1	1
PDE7A	28.0784522249542	40.1615016195461	137.889983951282	120.864448137325	270.877512734678	57.6675055374681	40.961482431446	1	165.221511594101	202.450754194199	230.997034835799	197.579137231257	108.223727280968	173.430646283744	117.830107687303	41.7806895227738	1	28.5164480218881	60.3068610214078	61.7860757947788	1
PDE7B	1	1	1	1	1	1	1	1	1	16.8214843449265	1	1	1	1	1	1	1	27.9846798365974	1	1	1
PDE9A	1	1	1	1	1	1	1	1	1	1	1	1	1	1	1	1	53.4223635409902	1	1	1	1
PDGFB	1	1	1	1	1	1	21.8984530538545	1	1	1	1	1	1	1	1	1	74.0919894351603	1	1	69.4169822486835	1
PDGFC	1	1	1	1	1	1	26.9845788283986	1	1	1	1	1	1	1	1	1	1	1	1	1	1
PDGFD	1	1	1	37.9990721605416	1	1	1	1	1	1	1	1	1	1	1	1	1	1	1	1	1
PDGFRA	1	1	1	1	1	1	1	1	1	1	1	1	1	1	1	1	256.436042784332	1	1	1	1
PDGFRB	1	1	1	42.5570338744047	1	1	1	1	1	1	1	35.2883867633843	1	1	1	1	224.868292426796	1	1	1	1
PDGFRL	1	1	1	1	1	1	1	1	1	1	1	1	1	1	1	1	40.8786138828625	1	1	1	1
PDIA2	1	1	1	1	1	1	1	1	1	1	1	1	1	1	1	1	1	33.103543780855	1	1	1
PDIA4	193.52170661562	93.3158838464925	61.9842877606152	122.861294506481	26.3224788507631	1	173.783423842094	395.70882122889	56.3613973992975	51.4510450438119	41.2182836109942	264.471551243831	93.7498833801357	87.2757269701334	85.545506792931	212.479474881456	169.089858186356	223.647072542934	126.781440930276	120.671803225832	130.805676867745
PDIA5	26.0852268911122	23.7505368034899	1	1	1	1	1	43.8614645495107	1	1	1	1	1	1	1	28.403637135578	88.6975384116993	41.0197494822416	1	1	60.6927093511052
PDK1	34.743660816426	20.5906468459175	1	26.1267065579503	58.3057163968988	1	22.5589595589167	140.873102169257	1	149.253267190647	1	1	1	1	1	40.6674911535005	1	51.9365309330592	28.1062123793504	32.491758386697	114.116857747859
PDK3	1	1	1	1	1	1	16.0645766785419	1	1	1	1	1	1	1	1	1	1	1	1	1	1
PDK4	1	89.9438456797859	1	1	1	1	271.77810390887	1	1	1	1	1	47.5249429272646	1	1	63.3001301800823	114.615595627928	1	23.5784090470891	130.319766954838	1
PDLIM1	282.258564358296	63.3874918039467	1	28.141462510261	139.030706498607	1	1	31.7170562991401	1	1	123.887842962044	1	41.2411077372579	1	1	52.5454689232156	342.791342220627	162.417126353752	36.1870228435007	156.168235144102	412.129579058417
PDLIM3	1	24.1056419417205	1	1	28.9399628836117	1	1	1	1	1	1	1	42.8112673264692	1	1	1	288.759537047042	30.1783122250013	1	1	1
PDLIM4	80.128382986442	1	1	1	1	1	1	1	1	1	1	25.2103656521097	1	1	51.3217342302787	32.4377102279444	19.7500676719268	36.9550231099224	1	1	86.2920509007738
PDLIM7	26.2137898351047	30.9405369679354	1	1	1	173.399460006497	20.4451599096966	1	1	1	1	50.2514393234961	36.1534294179286	1	1	40.0967799542008	83.536895199133	1	73.8140476871518	29.0278559931455	1
PDP1	40.0154076542913	40.9562471157609	82.8928671974932	28.5740156166576	1	1	23.3127592776169	1	58.5071181047961	20.4891410488026	30.0316216504726	1	29.4680803823048	47.2573400638123	51.5383334989111	21.092253537151	29.154969396095	38.6781242062395	26.320547249867	46.1530417149057	18.4257394187635
PDPN	49.3090234755361	1	1	1	1	1	1	1	1	1	1	1	1	1	1	1	112.849717139548	1	1	1	47.4249585499587
PDRG1	50.1496825748049	1	1	27.6449425837726	40.1242314329212	1	1	1	1	1	1	59.6090116448621	1	1	1	1	1	21.9325075850503	19.7473925913502	1	1
PDSS2	1	1	1	1	1	1	1	1	1	1	1	1	1	36.2322852342621	1	17.7353288677505	1	1	21.2963668379493	1	1
PDZD4	1	1	1	82.8327179975314	1	1	1	1	1	1	1	1	1	1	1	1	1	1	1	1	1
PDZD8	21.4378455740306	21.9797070731043	1	27.5596440117434	1	49.7345400961927	1	1	41.7310046312648	1	1	41.7359652176494	57.9271714821309	1	1	19.4627105924165	30.3652231965243	24.6127949996569	17.2595415734922	1	1
PDZK1IP1	1	44.2388586130922	1	1	1	1	1	1	1	1	1	1	1	1	1	1	1	1	1	34.7923934554965	1
PDZRN3	1	1	1	1	1	1	1	1	1	1	1	1	1	1	1	1	103.020661812349	1	1	1	1
PEA15	103.717627516297	263.870182094742	39.5422045601414	59.892925252724	38.2224059767804	1	287.146621096229	37.6409425493974	40.7073420533287	1	138.069832868455	64.3273185821842	147.221340667233	93.3747727918622	55.9694701135589	290.92273783745	369.604285169084	86.5720336830242	839.102513334633	574.123779920819	74.6597714579284
PECAM1	1	257.65762982027	1	44.3842352112859	41.6248281613061	401.638882452782	232.196123296859	199.718830839561	96.7898469014184	1	1	40.0664901116441	154.496731497309	1	1	156.406900046394	570.505543360306	1	122.035916673015	291.355773457715	1
PEG10	25.4855421262826	1	1	1	116.753977495046	1	1	1	1	1	41.34121497991	1	1	1	1	1	1	1	1	1	1
PELI1	69.8666515269489	98.5986416830008	53.2608804111571	1	86.1756440810539	531.188713252609	48.6560516812957	156.265991602187	1	24.4420122479949	59.6794472860287	1	87.02803918565	189.236519616936	101.763836773309	47.7916943749548	33.5769559553309	141.458156860854	70.9629427358761	101.468055574806	1
PELI2	27.0755525753407	31.8182597323426	1	1	1	53.1275361300431	1	1	1	1	1	1	32.7651819422304	1	1	1	1	34.3253092843321	1	1	49.8398206452196
PELO	46.2132898934797	1	1	1	1	1	1	1	36.2815712700689	1	1	65.6104022006249	1	1	1	1	155.460431509522	16.3111709099902	1	1	25.6573207357752
PER2	18.667253780173	1	1	1	1	1	1	1	1	1	1	24.5003390778148	1	1	1	1	1	21.4577236497212	1	27.1215395284448	1
PERP	707.230491866507	78.8186330369329	48.7493740634822	1	1	1	1	1	1	1	1	1	33.3655892736383	46.3690416595785	1	184.977692020971	28.1439969248976	533.792954713564	1	109.944215385245	907.025825903196
PEX1	14.9348226229973	16.8998155206873	1	42.1548105822541	1	1	1	1	1	1	1	1	29.2688750555228	1	1	1	1	16.9826935250755	1	1	1
PEX11A	1	16.7848278663561	1	25.0591256813902	1	1	1	1	1	25.7323590254915	1	1	1	1	1	1	1	1	1	1	1
PEX16	1	1	1	28.0893767486877	1	1	1	1	1	1	1	1	1	1	1	1	1	1	1	1	1
PEX7	1	1	1	1	1	1	1	1	1	1	1	1	1	1	1	1	1	1	1	1	116.068830890924
PFKFB2	1	1	1	1	1	36.3268017572423	18.0861316290301	1	1	1	1	1	1	1	1	1	1	18.3455630039269	1	1	1
PFKFB4	1	1	1	1	1	54.319233024671	1	1	1	1	1	1	1	1	1	1	1	1	1	1	1
PFN2	720.20542103027	1	1	1	1	1	1	1	1	1	1	1	1	1	1	98.1637902895566	62.0232281486645	192.480371338194	1	1	924.644270988872
PGAP1	19.3940242378788	1	126.176359446246	1	140.280555508112	1	1	1	55.3440688564902	1	93.4016799416975	1	32.5351387893218	103.040757224105	108.082858902495	1	1	22.8132681339466	1	1	1
PGAP2	42.8400807563785	1	1	1	1	1	1	1	1	1	1	44.5714241648225	1	1	1	1	1	23.0522040678057	1	1	36.379221878535
PGBD5	1	15.4196026323813	1	1	1	1	1	1	1	1	1	1	28.3575013637314	1	1	1	1	25.7744931618932	1	1	1
PGGHG	1	1	1	25.6313314932377	1	37.5132228904076	1	1	24.9991430766297	1	1	1	1	1	40.9873137609956	1	1	1	1	1	1
PGLYRP1	1	1	1	1	1	70.493154579258	1	1	1	1	1	1	1	1	1	1	1	1	1	1	1
PGM1	42.3342284299476	28.3239672895515	1	43.8169384431189	1	1	24.4569621720968	23.2351300762715	1	20.1201154611431	1	1	1	1	1	31.2881849135617	61.2920014973639	27.4939708187874	25.0370719966675	22.3497533955543	1
PGM3	17.8366236306629	1	1	1	1	1	15.5785819653254	30.0786412551578	1	1	1	1	25.1127976981505	1	1	17.4583313858022	38.8565135729612	25.6002000931552	1	1	1
PGM5	1	1	1	1	1	1	1	1	1	1	1	52.7697089420344	1	1	1	1	1	1	1	1	1
PGRMC2	26.8804773697037	25.0208223522783	37.8801633127104	43.5071822736376	1	1	29.0399628668913	58.7639667434125	38.8524635290554	18.334989489941	1	1	1	1	36.4161700087778	28.0173291940718	28.1732955726637	39.4869537926194	23.5329893317982	31.4876928123885	20.2223602169313
PHACTR1	1	100.706365818732	1	1	106.495514539968	480.706864896253	181.648675544501	19.0201514128329	1	14.0571857490554	59.8016968107297	1	270.218759048554	1	1	132.480307686732	1	59.1327494770215	86.7908354004336	76.8007764732407	1
PHACTR2	36.7838528631259	49.3626956219921	79.8865217900991	37.3959927744715	1	1	65.8603469393708	1	75.1581617117837	24.7597397603647	1	83.4739965158525	1	206.857840035848	165.328985724718	51.1046195056581	60.2757495582741	41.7565254758071	68.5209030562505	56.3519004064416	1
PHC1	1	1	30.2180579534854	1	33.0167732888677	1	1	1	1	1	1	1	56.1523829488114	38.5837310406468	32.1777514392803	1	23.4370306800629	18.4318649644826	1	1	1
PHEX	1	1	1	1	1	1	1	1	1	1	1	110.786670215102	79.1390043411431	1	32.7177561652948	1	1	1	1	1	1
PHF1	1	1	32.6233020975597	1	1	1	1	21.8623804069026	35.2003702712909	23.5771302226665	29.6339574958742	65.3866619137568	29.7147273395179	1	1	1	35.0969906616863	17.6610850919026	1	1	1
PHF19	30.0537724730684	1	1	21.8150448019796	1	1	1	1	1	1	1	25.3302877882467	1	42.4478366354341	31.544920905599	1	1	19.4667990329919	17.3828020756299	1	1
PHF7	1	1	1	28.2172710136398	1	1	1	1	1	1	1	1	1	1	1	1	1	1	1	1	1
PHGDH	91.0659352765251	1	1	1	1	1	1	29.6384230606661	1	26.9415874887203	1	1	1	1	1	1	1	46.2829493117416	1	1	1
PHKA2	1	18.4378077312323	1	1	1	1	1	1	1	38.264614532303	1	1	1	1	1	1	1	1	1	1	1
PHKG1	1	16.4193658558764	1	22.5312347707418	1	1	1	1	1	26.6297513989467	1	1	1	1	1	1	1	1	1	1	1
PHLDA1	164.869497306665	121.447586179048	215.316330820425	37.1391197488634	1	1	132.995616430438	1	110.413302256232	1	1	431.276805246251	128.494577393791	497.05117292318	333.002844857123	264.553686899605	305.136724921185	256.207421898224	103.648516821252	142.243246919854	128.070149978729
PHLDA2	82.6190878904569	153.58502559334	1	1	1	1	34.660031167007	1	1	1	1	1	64.3977810136885	33.3820640061786	1	91.6192636386755	78.5878494234407	200.6274718357	78.8998472296879	183.049904215715	57.510510687548
PHLDB2	105.704783238015	1	1	33.6405090113484	1	1	1	1	1	1	1	1	1	1	1	39.0552948333251	28.9578662889174	65.1442186007136	1	1	180.317863046977
PHLDB3	1	1	1	1	1	1	1	1	1	1	1	1	1	1	1	1	1	1	1	21.7972561811692	1
PHLPP1	25.2333712945131	18.3329448576487	1	1	1	41.7893824508166	1	1	1	19.2027274320144	1	1	35.7225561569812	28.7582550921872	1	1	1	22.5231586000528	22.5011127817179	1	1
PHLPP2	1	1	1	1	1	1	1	1	1	16.1972596486499	1	61.7627748821959	1	1	1	1	1	1	1	1	1
PHOSPHO1	1	1	1	1	1	44.9073515684546	1	1	1	1	1	1	1	1	1	1	1	1	1	1	1
PHRF1	23.0017135095663	18.0605209675732	1	38.4448823873425	1	1	1	1	1	33.1997372468133	28.5482940004824	45.9932035047252	1	29.0238083965632	54.5071007928465	18.7850412628219	1	21.684863062979	18.3811844302577	1	1
PHTF1	1	1	1	21.3441939872022	1	1	1	1	1	1	1	1	31.6876880512168	1	1	1	1	27.3539886025125	20.7865499250785	1	1
PHTF2	43.5271187353841	24.2555163451336	47.9215267629268	27.4192918522462	1	1	29.3619605596562	1	34.9860191908682	1	36.4415462836944	44.6162562711653	60.4992703385198	186.72394477941	84.6642937806938	30.2780099526343	33.6661346967285	32.8822438195958	40.4290820461695	33.2061170815278	1
PHYH	19.3236495587418	1	1	1	1	1	24.4202535071993	1	1	1	1	1	31.3653982240677	1	1	23.1785840753719	1	20.090721137218	1	1	1
PI15	1	1	1	1	1	1	1	1	1	1	1	1	1	1	1	1	85.946695498813	1	1	1	1
PI3	1	1	1	1	1	1095.84714020808	1	1	1	1	1	1	246.591223690654	1	1	1	1	1	1	1	1
PIAS4	37.2833232836515	15.6543100964738	1	27.8790359034226	1	1	1	1	1	1	1	1	1	1	1	1	1	1	1	1	1
PID1	1	32.657454379405	1	1	1	1	1	1	1	1	1	1	1	1	1	1	1	1	22.181304225551	1	1
PIGA	43.8113915434131	28.034896225545	1	1	1	1	20.9562003512905	1	1	1	1	1	83.8024142825155	1	1	19.6879335282992	1	122.937379666483	1	33.4117206717841	1
PIGG	1	1	1	24.8148185656201	24.2066064700454	1	1	1	1	1	1	1	1	1	1	1	39.4084675046726	1	1	1	1
PIGK	28.9994738561144	18.7606690791335	1	30.4814133711534	1	1	21.9370399408446	36.8417909475906	1	35.9079811523168	1	42.2355394196794	29.1362054784455	1	1	18.8238160433866	50.3906202160936	35.4237190758139	24.8654687841266	47.2049863507949	1
PIGR	1	348.383456710041	1	1	1	1	1	1	1	1	1	1	1	1	1	1	1	1	1	152.408891273912	1
PIGV	1	1	1	23.5674327736703	1	1	1	1	1	1	1	1	1	1	1	1	1	1	1	1	1
PIK3AP1	1	171.268163608423	1	190.790598191885	145.311378392967	186.222405278145	225.490042243689	1	85.8287958689171	1	178.910864204734	171.347806363896	143.244311162972	1	1	233.635736859276	1	41.6033256036953	135.590020899302	161.043539139775	1
PIK3C2B	1	1	1	1	51.2682914574822	1	1	1	1	1	44.5982236349091	1	40.06559629673	1	1	1	1	29.2973142823378	1	1	1
PIK3CG	1	31.1624232182563	37.4526849367026	80.7773324782381	47.9281052708163	65.5818953701479	1	120.178005517126	55.1103442620112	1	61.4500522885178	47.1457891198539	115.445504715676	1	34.617008504035	1	1	1	30.0610826198366	1	1
PIK3IP1	28.4429092811517	35.8062565950824	296.747474579023	184.637833005722	311.656463114166	1	123.658823873522	1	199.843306192222	682.046582504272	113.857528736275	149.415435136841	71.0019534874926	313.666025301552	259.867846816911	42.6486334687463	32.5232823624644	38.9633127801901	1	24.5317756909377	52.0731637271497
PIK3R1	68.665807482859	66.4012950158366	669.299231469233	384.284337666296	146.085821678493	1	103.834210326938	27.9807473807126	804.632858339761	243.350818167453	60.5962543305616	484.064826941577	297.576326442925	310.94793296616	215.368801595165	90.9761268474759	115.63403040648	64.931077982195	61.8780890164927	79.3660057900801	25.2169614216809
PIK3R4	1	1	1	1	1	1	1	1	1	1	1	52.99349436582	1	1	1	1	1	18.2701730199372	1	1	1
PIK3R6	1	1	1	1	1	1	1	1	1	1	1	1	1	1	1	1	1	22.9183143107155	1	1	1
PILRA	1	134.185593969339	1	1	1	405.290394052026	120.811292653486	1	1	1	1	1	41.8133227671975	1	1	87.2930255850169	1	1	33.7579487531152	44.8958621268284	1
PIM2	36.2175150422267	25.050640880426	142.776439893678	87.9572480757927	193.839796311237	100.941491983047	1	688.594400122995	87.5551717801269	170.543653624692	171.10364564367	108.884564488969	139.096482107592	302.01626452378	206.973391640557	15.325135067745	1	40.439992011215	38.0013681292864	59.2012144797602	1
PIMREG	44.5837117352284	1	1	1	1	1	1	1	1	1	1	1	1	1	1	1	1	1	1	1	1
PINK1	24.0707242111578	42.706808016369	1	29.7465990545735	1	119.244823949238	63.137846749217	38.3710618479026	1	22.3105135066405	1	1	32.3717612680277	1	1	37.1365143770331	90.5157283585211	33.2642959939292	26.2566007777762	49.6148563793805	1
PIP4P1	26.967423953029	25.6354223564786	1	37.1212024767427	1	51.182897586576	25.2925780764226	1	1	1	41.9335411505936	1	37.8390637986485	1	1	24.6080212428939	1	38.4700693127776	1	31.4461887219653	17.1606930242809
PIP4P2	1	1	1	1	1	101.618424576999	1	1	1	1	1	1	1	1	1	1	19.8997869862626	1	1	1	1
PIP5K1B	1	1	1	1	30.7274412811966	1	1	38.6639140634491	1	1	1	1	1	1	1	1	1	1	1	1	1
PIPOX	1	1	1	1	1	1	17.5747256133498	1	1	1	1	1	1	1	1	1	1	1	1	1	1
PIR	123.122532991032	1	1	1	1	1	1	1	1	1	1	1	1	1	1	25.7470390664603	28.6488745582351	63.610990117719	1	1	108.903170569859
PISD	20.7036348811297	49.5350492895071	1	36.7709931058473	1	212.788565163568	29.0420979512422	1	1	20.4682527170081	1	1	52.983721693146	1	1	40.0563801339582	37.3021962396669	34.5601940414408	25.0348032103775	19.1385192593128	1
PITPNA-AS1	31.5628884775828	1	1	1	1	1	1	1	1	23.5687924911809	1	1	1	1	1	1	1	1	1	1	57.1234942873363
PITPNC1	45.4503010666431	39.4043218135728	94.8084214483145	154.814510066817	1	40.4070427158996	20.9544405303635	1	160.016827879325	94.3167585381777	1	119.240515738683	70.3253193652145	64.9443621161772	112.151785140555	22.2979898521792	94.6668075814503	67.1083089425759	22.4456562873324	1	1
PITPNM1	1	18.3683307676755	1	1	1	1	1	1	33.5932717323452	22.6650702365943	1	1	1	35.5695001034597	34.3120524131165	1	1	1	20.7329028184783	1	33.7141022524627
PITPNM2	1	1	1	21.9867994828822	1	1	1	1	1	1	1	1	1	1	1	1	1	1	1	1	1
PITX1	231.493734718382	1	1	1	1	1	1	1	1	1	1	1	1	1	1	1	1	105.396851904734	1	1	386.481901005083
PKD2	1	1	1	1	1	1	19.2114063989488	1	1	1	1	46.8226163951124	1	1	1	21.3919414187582	89.0018711841345	1	1	1	1
PKIA	1	1	31.2904089662746	1	1	1	1	1	1	25.4603690364706	1	1	1	74.107799582299	71.6700019250929	1	1	1	1	1	1
PKIB	1	1	1	1	1	1	1	1	1	1	1	20.8793466322108	1	1	1	1	1	1	292.632537964874	83.8754148238582	1
PKIG	1	1	1	1	54.036907795546	1	1	1	1	1	82.5741952823281	1	35.2202903389176	1	1	1	86.1454664197218	38.1908051662951	1	27.0925853569296	1
PKMYT1	28.9346435228424	1	1	1	1	1	1	1	1	1	1	1	1	1	1	1	1	1	1	1	1
PKP1	769.46628328912	1	1	1	1	1	1	1	1	1	1	1	1	1	1	178.23822653788	1	342.572023432349	1	1	826.784815202096
PKP3	236.798541361481	1	1	1	1	1	1	1	1	1	1	1	1	1	1	1	1	44.7318757240601	1	1	62.0862346341617
PLA2G15	1	1	1	1	1	1	95.65710123247	1	1	1	1	1	1	1	1	58.7518011918852	1	1	1	1	1
PLA2G2D	1	1	1	1	1	34.8589167126778	37.051182216342	1	1	14.1804798161254	1	1	1	1	1	1	1	1	1	1	1
PLA2G4A	1	1	1	1	1	1	1	1	1	1	1	1	1	1	1	1	1	30.1977404925105	1	1	1
PLA2G6	1	1	1	23.8356804707525	1	1	1	1	1	22.1085677525026	1	61.9307677196769	1	1	1	1	1	1	1	1	38.3031330536471
PLA2G7	1	39.8414610393119	1	1	1	1	266.549021916812	1	1	1	1	1	1	1	1	241.925761662144	1	1	36.1224775039466	69.4286789801542	1
PLAA	36.6487960011791	20.5088108812773	1	1	1	1	22.6070313517073	1	24.333801323073	1	1	1	1	1	1	19.6418387229039	1	23.7825492714261	1	1	14.8028149433208
PLAC9	1	1	1	1	1	1	1	1	1	1	1	1	1	1	1	1	102.084759330029	1	1	1	1
PLAG1	1	1	1	1	1	1	1	1	1	37.2546596485594	30.9873406640155	1	1	1	1	1	1	1	1	1	1
PLAGL2	57.2734095864155	29.3614485813406	35.3196797974931	1	1	1	1	1	1	21.3038138104168	1	27.9228336987314	1	62.318401339166	72.3476652255676	26.2054846227357	1	33.7120760023713	27.384356832878	1	27.8432490033952
PLAT	48.4716597814974	39.1119524306805	1	1	1	1	1	1	1	1	1	21.4714682060003	40.0731167790744	1	1	29.8769231624137	199.992419096119	98.3142281308819	1	65.229303679889	19.619500173508
PLAU	1	42.1268086042692	1	1	1	171.563665454014	267.935551884733	1	1	1	1	1	111.093837986186	1	1	139.233809075488	198.991855415408	151.413848491379	81.8106681783391	209.743961694677	22.564781250612
PLAUR	32.8417206512409	1220.84390814988	37.4542791197542	1	1	1722.39200064224	1419.11634159448	43.3412968445176	1	1	1	1	801.215818665543	1	1	1843.61781240804	91.6274229527233	455.281391659074	1341.20662087552	1525.71638973318	1
PLB1	1	15.9898034267516	1	1	1	1	1	1	1	1	1	1	1	1	1	1	1	1	1	1	1
PLBD1	1	204.214733425946	1	1	1	146.190447825048	98.0033590445756	1	1	1	1	1	1	1	1	69.1134594968145	1	1	54.5940441273545	37.2539412370563	1
PLBD2	32.458644576862	46.369818802775	1	1	1	1	130.373983846495	1	1	20.6216624287429	1	1	1	1	1	97.8588385158321	56.94191404539	36.1923056532405	65.4864286153545	56.449875183675	1
PLCD1	1	1	1	1	1	1	1	1	1	31.5960576349709	1	1	1	1	1	1	1	1	1	1	1
PLCG1	15.9299541033587	1	44.5077082031384	29.4392285248808	1	1	1	1	48.232275506494	25.9602763748754	1	28.8534011237928	1	67.3751616351005	30.4855874106148	1	38.2743997122447	1	1	1	1
PLCG2	1	46.0766519043002	1	124.997609565635	269.939216421607	103.390463152671	40.0124017103554	113.871055048069	60.2764247556011	1	232.972618125741	106.457974867196	73.8964353040448	1	1	32.0370000574363	44.3110476911671	47.1150575075479	68.0634336882166	33.3283451187626	1
PLCL2	1	21.2255436860625	31.0964781501287	53.1162288093904	1	32.5504867179227	16.0925852422874	1	32.9219755347832	24.4624726954838	1	19.6567413319049	1	31.8092736240108	46.3403724924312	1	1	1	1	1	1
PLCXD1	1	35.4041883030049	1	1	51.0977748708775	1	15.3946562008475	1	1	1	1	1	1	1	1	24.4252178015663	1	30.0957237601166	19.4864570196892	1	1
PLCXD2	133.203357001617	1	1	25.0732187446358	1	1	1	1	25.9265219016766	1	1	1	1	1	1	1	1	50.8775548406514	1	1	195.148528990791
PLCXD3	1	1	1	1	1	1	33.5360859578247	1	1	1	1	1	1	1	1	31.3077342450363	22.2521298568786	1	1	40.784880480217	1
PLD1	60.8326086088374	1	1	1	1	1	30.2944546329438	1	1	1	1	1	1	1	1	39.118877005041	1	40.3242758328656	1	1	19.863709653765
PLD2	1	1	1	1	1	1	1	1	1	1	1	1	1	1	1	1	1	1	1	17.6978320317185	1
PLD4	1	1	1	1	1	1	1	1	1	1	45.5212528462883	1	106.510235791304	1	1	1	1	1	103.840884701703	46.4738609499363	1
PLEK	1	311.19610136113	1	483.755584315198	1	1160.3623548204	348.588327629311	21.867992436839	146.230282530431	1	41.9522439293983	95.2627213281954	340.710863990679	1	1	341.726698558107	39.6711802430344	1	374.000249419472	582.736934641047	1
PLEK2	1	1	1	1	1	1	1	1	1	1	1	1	1	1	1	1	1	1	57.2832781611652	1	1
PLEKHA7	1	1	1	1	1	1	18.1074484760852	1	1	1	1	1	1	1	1	16.3112618210016	1	17.01067517167	35.9445112953177	30.4833396964346	1
PLEKHA8	1	1	1	1	1	1	1	1	1	35.841947840329	1	1	1	1	1	1	1	16.9826246180364	1	1	1
PLEKHB1	1	1	1	1	1	1	1	1	1	48.2114295748563	1	1	1	1	1	1	1	44.2651954936705	1	1	1
PLEKHD1	1	23.5297450679665	1	32.3604725652168	1	67.6032349505682	1	1	27.9679565677702	1	1	1	39.3389993379579	24.7061932956081	27.8871770113535	14.3369828949073	1	18.8937578570331	1	1	1
PLEKHF1	1	1	1	124.668015260589	1	1	1	1	35.756534063113	1	1	29.1137275768879	1	1	32.8162018474114	1	1	1	1	1	1
PLEKHF2	31.5045237446633	22.2696813324356	1	1	43.9109124994875	36.0481344356922	17.0709760738254	1	1	1	35.5193051751158	26.8930454606523	1	30.3692776930901	1	29.3037488019033	1	52.1782433026225	1	37.2126955564233	1
PLEKHG1	1	1	1	1	40.7861144784558	1	1	1	1	1	32.852535971732	1	1	1	1	1	45.5267479294931	1	1	1	1
PLEKHG3	21.7334925706136	1	1	98.4415409488008	1	101.748335030282	1	1	1	1	1	1	1	1	1	1	17.6070099794995	24.4456110270932	1	1	1
PLEKHG7	1	1	1	1	1	1	1	1	1	1	53.1042802388001	1	1	1	1	1	1	1	1	1	1
PLEKHH2	1	1	1	1	1	1	1	1	1	1	1	1	1	1	1	1	52.3334508155647	1	1	1	1
PLEKHH3	1	1	1	1	1	1	1	1	1	1	1	1	17.2170106618388	1	1	1	1	16.3868005535579	1	1	1
PLEKHJ1	27.6592580877827	21.4820995769129	1	27.4742479914904	1	1	1	1	1	1	24.1554502237922	17.4117436198494	29.8939197622584	1	1	22.2004385198137	1	17.031346835973	19.3330147869469	1	51.5142081686361
PLEKHM3	1	21.1819593616456	1	36.4649909271016	1	1	18.0436309355189	1	1	26.7049400067275	1	1	28.6894443728188	1	29.6739675887867	1	1	1	19.0397789584148	1	1
PLIN5	1	17.0323395650176	1	1	1	85.59186358431	1	1	1	18.5974328627832	1	1	1	1	1	1	1	1	1	1	1
PLK2	32.0686213953275	64.6637294161618	1	1	1	1	46.6220799063386	1	1	1	1	39.0770584624992	81.097529023078	1	1	31.7263896484702	98.2447016603091	95.8258319262276	1	59.4417716765319	100.588615704171
PLLP	1	20.8113176040653	1	1	1	1	1	1	1	31.6160125248009	1	1	1	1	1	1	1	1	1	1	13.8715093742328
PLOD2	1	1	1	1	1	1	1	1	1	1	1	1	1	1	1	26.25802310013	106.66829936589	34.9887191394983	1	1	31.2281013785252
PLPP2	55.625156020201	26.1376468846515	1	1	1	1	1	1	1	1	1	1	1	1	1	1	1	51.1743227899013	1	32.9306289281781	143.335147217341
PLPP3	1	27.6280003926472	1	1	1	1	119.194433295443	1	1	1	1	1	82.0548682324321	1	1	106.52540819539	188.265491579194	45.1157749872013	1	47.044611667857	1
PLPP5	53.5648369505243	24.7232095532271	28.1747593355902	25.4370555353918	125.927277700768	1	28.1451757228251	207.058512101176	1	1	29.6130247267163	47.4537769071642	31.7240741850673	31.0122783634451	37.8660090895405	44.0128574592981	62.5999030784229	60.9484896312455	25.5430321015082	35.4109050138276	14.3419869406432
PLPP6	1	1	1	1	1	1	1	1	1	34.4917664474945	1	1	1	1	1	1	1	1	1	1	1
PLPPR2	1	24.703306071646	1	1	1	68.1420064675058	1	1	1	1	1	1	1	1	1	1	54.3872070258072	1	1	1	1
PLS1	18.78326094711	1	1	1	1	1	1	1	1	1	1	1	1	1	1	1	1	30.4656244261872	1	36.8537419043228	105.035532015195
PLS3	74.971995749221	58.5049376474888	1	1	1	1	1	1	1	1	1	1	1	1	1	1	145.605372486963	41.6889260624367	1	95.2516738132226	45.1464346407951
PLSCR4	1	1	1	1	1	1	1	1	1	1	1	1	1	1	1	1	66.2875989798474	1	1	1	1
PLTP	65.9148507272345	1	1	1	1	1	1548.22789829654	20.894560537472	1	1	1	1	1	1	1	241.780478320033	107.628270583271	46.8909799544155	24.0546318132498	88.3348501492189	63.0080659643197
PLVAP	1	1	1	1	1	1	1	1	1	1	1	1	1	1	1	1	201.85518538704	1	1	1	1
PLXDC1	1	1	1	1	1	1	1	1	1	23.9178952221572	1	1	23.8592228240867	1	1	1	87.9637533446526	1	1	1	1
PLXDC2	1	150.495261111844	1	1	1	89.9958857117994	247.018100717273	1	1	1	1	1	35.295187768694	1	1	213.610906184226	164.515679623555	33.5210037571789	232.440693014377	138.224554861372	1
PLXNA1	39.7126489901751	1	1	1	1	1	37.4996047360796	1	1	1	1	1	1	1	1	49.7619674657681	47.0799457706991	42.693748533003	23.9412178928922	44.4775744815728	1
PLXNA2	1	27.3678629594851	1	1	1	1	1	1	1	1	1	1	1	1	1	1	61.1493654178421	1	1	63.0102035635997	1
PLXNB2	47.7223395814385	188.841208790591	1	1	1	1	86.3275880197195	29.2580490894239	1	1	24.6068544057471	1	24.0960850143823	1	1	100.493793409332	92.5992348238265	77.9488925851311	108.560720865257	148.006996124378	25.7708642291498
PLXND1	1	49.4996102820629	1	30.8682162950609	1	1	106.965491967021	1	1	1	1	1	28.0173914151801	1	1	61.3467891980917	39.6785460143829	21.4961734499616	41.7337205169955	48.5507458690504	1
PM20D2	42.2480578583598	1	1	24.6523310905473	1	1	27.4983850890575	1	36.3331246060826	33.4352932565641	34.333164559274	71.4465465018557	1	22.9033089526338	1	1	1	19.4481474702617	17.8098351797896	23.9518589960687	21.0672110813011
PMM2	40.5078920635071	21.9975339339974	1	21.9385016217288	1	1	16.6783383767339	27.359308357409	1	1	1	1	1	1	1	28.18150520515	63.7402052109891	25.0533695045893	1	24.8035456789795	28.9843862810591
PMP22	1	79.2451614278574	1	1	1	1	360.748903542381	1	1	1	1	1	50.0703970084916	1	1	279.507881199924	299.676557151348	67.2091997493705	87.7174178399257	127.547148721585	1
PMPCA	16.0119786431601	16.208363875638	1	22.9657357405105	49.4784324553708	1	1	1	1	29.9299230651929	1	1	1	1	1	14.6448518781852	1	1	1	1	1
PMS1	1	1	1	1	1	1	1	1	1	1	1	1	1	1	1	1	18.0342166076772	1	1	1	48.8867884452336
PMS2	15.2754389467507	1	1	32.837918037379	28.8335489991475	1	1	1	1	28.6397832744913	1	1	1	1	1	1	1	19.8801158209478	1	1	1
PNMA1	27.4432324808941	1	37.3732286701627	24.646014413441	1	1	1	1	35.627954085402	32.9229725658151	1	1	1	49.200981129616	47.4543496906719	21.3089514640045	1	19.3314120652035	37.2241566200997	44.7947870721128	23.8949547743087
PNO1	73.2218636689736	16.181747137768	1	1	32.3581046570011	1	1	1	29.3917030546389	1	36.1185500276464	39.9029262657155	1	1	30.413804584676	26.6266677703883	1	38.1117248900636	27.2177662335584	23.0472919516093	88.0715860346341
PNOC	1	1	1	1	52.1981080625989	1	1	121.665018076484	1	1	52.572221956474	1	1	1	1	1	1	1	1	1	1
PNPLA3	1	1	1	1	1	34.6237743018297	1	1	1	1	1	1	36.6084231077333	1	1	1	1	1	1	1	1
PNPLA4	26.1807863535213	1	1	1	1	1	1	1	1	1	1	1	1	1	1	1	1	16.526250602632	1	1	55.7120488671334
PODN	1	1	1	1	1	1	1	1	1	1	1	1	1	1	1	1	78.478880615822	1	1	1	1
PODXL	1	1	1	1	1	1	1	1	1	1	1	1	1	1	1	1	224.247602399431	1	1	93.1444074772433	1
POF1B	28.5833866938123	1	1	1	1	1	1	1	1	1	1	1	1	1	1	1	1	1	1	1	43.4781369562186
POFUT2	1	1	1	1	1	1	1	1	1	1	1	1	27.9088027777297	1	1	17.1527055271334	1	29.6902466596971	1	1	1
POLA1	28.118130404526	1	1	1	36.4442315757362	1	1	1	1	23.6359706194324	1	1	1	1	1	1	23.3168971251494	1	1	1	1
POLA2	48.1338347310985	1	1	1	1	1	1	1	1	1	1	1	1	1	1	1	1	1	1	1	1
POLD2	130.047931687257	18.5079506849863	1	1	1	1	1	1	1	29.0957402668094	1	20.5712377367582	1	1	1	24.137887001246	1	43.1166217479336	20.5469424127856	1	96.3149764128323
POLG2	1	21.7675388169793	1	1	1	1	38.592589969701	1	1	29.6812931946409	1	1	1	1	1	25.9793549893779	1	28.0865915553656	1	1	1
POLH	1	1	1	1	1	1	1	1	1	1	1	44.1371077450563	22.9452484057439	1	1	1	1	1	1	1	1
POLL	1	20.7261024205991	1	27.0704820825908	1	1	1	1	1	19.0960383839066	1	1	1	1	1	1	1	1	1	1	1
POLM	1	29.8990162943299	1	49.1314205738077	45.6921133996631	45.6037444168238	1	1	34.3390777016938	41.7200428732238	42.4496858850744	51.2772143648296	1	1	1	1	24.2525431587299	31.3407511131513	1	29.2666412593624	1
POLN	1	1	1	1	1	1	1	1	1	21.7579681883757	1	1	1	1	1	1	1	1	1	1	1
POLR1B	19.6806607225203	1	1	25.7679546913011	1	1	1	1	1	25.0192771857328	1	1	1	1	1	1	1	1	1	1	1
POLR1E	26.8478011321696	1	52.7185187583263	27.546906836388	39.2783152421955	1	1	1	1	19.0304488183741	88.6740013069426	83.3419904600675	1	1	43.3137328448786	1	1	1	1	1	1
POLR3C	1	22.2853274953217	1	37.4101283476071	41.9164008713262	1	1	1	1	1	1	1	1	1	1	1	1	16.0638801670203	1	1	1
POLR3D	1	1	1	28.5283459663491	31.9942242755758	1	1	1	1	28.1850259574594	1	54.1749368449972	1	1	1	1	16.3934479678016	13.425506936855	1	1	1
POLR3F	19.4141434641	1	1	1	40.2189822359364	1	1	1	1	1	1	1	1	1	1	1	1	1	1	1	1
POLR3H	50.5069726656928	1	1	1	1	1	1	1	1	28.899939921574	1	1	1	1	1	17.6491905351308	1	18.3129626405311	1	1	39.1495768687849
POLRMT	1	1	1	1	1	1	1	1	1	1	1	25.1859685009017	1	1	1	1	1	1	1	1	1
POM121C	1	15.9638723745809	26.6912548396282	30.5662424682228	39.96754249847	1	1	1	28.0830833011511	20.232323864004	1	1	43.3020358756898	1	31.6311858516063	1	1	20.5757400836545	1	1	1
POP7	59.8903441210748	1	1	22.4815182062237	1	1	1	1	1	1	1	1	1	1	1	1	32.9412612445749	23.2535390053543	1	1	60.0838892216554
PORCN	1	1	1	1	1	1	1	1	1	1	1	30.5406727142697	1	1	1	1	1	1	1	1	1
POSTN	1	1	1	1	1	1	1	1	1	1	1	1	1	1	1	1	934.603407225033	1	1	1	1
POT1	1	1	1	1	1	1	1	1	1	1	1	1	1	1	32.6108372664671	1	1	1	1	1	1
POT1-AS1	1	1	1	25.168013307077	1	1	1	1	1	27.4125507244656	1	1	1	1	1	1	1	1	1	1	1
POU2AF1	1	1	1	1	81.0832971984404	1	1	225.535852396055	1	1	149.739790793239	1	1	1	1	1	1	1	1	1	1
POU2F2	40.9739405616744	456.081015751167	90.4306388275796	135.621355339661	447.845478508656	67.9028715746869	50.8098786388944	196.643875178694	82.3768964086219	243.260697917049	578.613036716572	104.110560113535	113.537010891636	368.597787432011	178.789761093135	44.6439177682023	38.8749430629902	28.6894349811374	76.9995852277108	47.4113639024273	1
POU5F2	1	21.2415093569521	1	17.736313443478	1	39.9078964305148	1	1	1	1	1	1	1	1	1	1	1	1	1	1	1
PPAN	1	1	1	1	1	1	1	1	1	27.1687449104476	1	1	1	1	1	1	1	1	1	1	1
PPARG	1	1	1	1	1	1	29.7444840664263	1	1	1	1	1	1	1	1	50.9293044027082	1	1	1	1	1
PPAT	25.8056701489815	1	1	1	1	1	1	1	1	1	1	1	1	1	1	1	1	1	1	1	34.3586889904408
PPCDC	1	1	1	1	1	36.0060295482037	1	1	1	1	1	1	1	1	1	1	1	1	1	1	1
PPFIBP1	17.8031241235366	1	1	1	1	1	1	1	1	1	1	1	1	1	1	1	88.7291053993493	26.7553876700611	18.9083076864674	31.8844586179356	119.314274990648
PPFIBP2	1	18.259200239422	1	1	1	1	29.7311919824129	1	1	1	25.7193958318602	1	1	1	1	21.0597223597465	1	16.476829372381	1	1	1
PPIAL4G	1	18.8890315551321	1	33.9498925152935	25.0329660050151	49.4285125181646	1	1	1	57.0747302012964	1	1	1	1	1	1	1	1	1	1	1
PPIC	29.5248327889593	1	1	1	1	1	1	1	1	1	1	1	1	1	1	24.9468785536807	121.043222406217	59.0594202622634	1	1	48.1337223894742
PPIL1	101.353162537135	1	1	1	1	1	16.6953143496626	23.5536963919502	1	29.6174754447438	1	1	1	1	1	29.8103914189299	1	30.7323348669606	17.8414495705159	1	94.0291003354475
PPL	20.6023467208566	26.3457739897796	1	1	1	1	1	1	1	1	1	1	1	1	1	1	1	20.5981794416069	1	1	17.0441534609055
PPM1D	26.1933700488465	23.8902468094686	1	1	1	1	1	1	1	1	33.2353969848417	1	25.1607222978546	31.666037310299	41.7507530680479	18.6897018200219	63.0341032247461	19.6950893771712	26.8951941420769	26.4568752994937	1
PPM1H	22.5226684898973	1	1	1	1	1	1	1	1	1	1	1	1	1	1	1	1	44.6824007116736	1	1	1
PPM1L	1	1	1	62.6437390627492	1	1	1	1	1	1	1	1	1	1	1	1	1	1	1	1	1
PPM1N	1	1	1	1	1	1	1	1	1	1	1	1	1	1	1	1	1	1	35.5410900698765	1	1
PPP1R12A-AS1	1	19.7796513310799	1	1	1	38.9507506623483	1	1	1	24.4628616274712	1	1	1	1	1	1	1	1	1	1	1
PPP1R12B	1	27.7112265325282	1	40.9648183488603	1	77.6243291077681	1	1	1	23.4015310536251	1	1	26.0326558197054	35.1016488314769	1	1	51.7621881730388	24.0663063596085	1	1	1
PPP1R12C	1	28.0390142577356	1	38.4340715253309	1	1	21.8718518534245	1	40.5302342164256	1	1	1	1	33.4270749652055	34.1376166824883	20.814471191461	21.0291803039007	16.1358409433323	23.3828926369555	28.0500731910629	1
PPP1R14A	1	1	1	1	1	1	1	1	1	1	1	1	1	1	1	1	146.212227906425	1	35.164085626181	30.9421765636815	21.4227585892717
PPP1R14C	64.4926635184953	1	1	1	1	1	1	1	1	1	1	1	1	1	1	1	1	1	1	1	66.8578576162851
PPP1R16A	17.0152232793759	1	1	1	1	1	1	1	1	1	1	1	1	1	1	1	1	1	25.9178667810998	21.5835520878597	30.0472283248587
PPP1R16B	53.3714696355251	1	193.538370183453	121.93551681084	95.4479892530279	1	1	18.6198792056293	226.243128583993	1	199.791906721013	131.823593703078	78.7999426494413	245.313427550413	210.314758276058	1	1	1	38.8330598955081	31.6232526421573	1
PPP1R3D	1	1	1	21.2067364848945	1	55.9062735904419	1	1	1	1	1	1	1	1	1	1	1	1	1	1	1
PPP1R3E	1	1	1	26.2537064222486	1	1	1	1	1	44.5793588221558	1	23.9789253743225	1	1	1	1	1	1	1	1	1
PPP2R2B	26.8655765723675	1	1	67.502138692335	1	1	1	1	42.5009804167944	1	1	1	1	1	1	1	1	1	1	1	42.0562691893329
PPP2R3A	59.7492707676929	20.9330586199449	1	18.2363136403095	1	1	1	1	1	21.0568589667667	1	1	27.4389416973202	1	1	19.3326430946982	1	45.2763794306025	1	1	117.693793132012
PPP2R3B	17.4506529032433	1	1	1	1	37.7716406742665	1	1	1	1	1	1	1	1	1	1	1	15.4729183708066	1	1	1
PPP2R5D	29.0664445016217	1	1	21.3282238836785	40.4272626298603	1	16.8207099911576	34.6994496763565	1	35.6178381411986	1	1	1	56.0144368766606	28.0619290294755	1	1	16.5000477909502	1	1	1
PPP3CC	1	1	42.9844836903243	86.0669281404474	71.2553642539481	1	1	43.8447658588315	50.2326715455472	43.2841469284238	62.4790735518098	17.8584284758356	32.884552131524	71.5230093292493	55.6133927834568	1	34.8554921053834	18.484393851259	1	29.1223665865814	1
PPRC1	16.9029048054498	1	1	1	1	1	1	1	1	1	27.1257769305657	1	1	1	1	1	1	22.2450397645405	1	19.5847173532019	20.4418305225379
PPT2	1	1	1	1	1	1	1	20.6074301970656	1	1	1	1	1	1	1	1	55.8733260181198	1	1	1	1
PPWD1	1	1	32.2749081949185	44.1898982725161	1	1	1	1	29.6120731879936	52.4490850011689	30.2987278838503	17.316155885999	1	29.5438333383999	34.113576801253	1	1	1	1	1	22.2285592365879
PRADC1	1	1	1	1	1	1	1	22.9025751070179	1	1	1	1	1	1	1	14.904974254061	1	1	1	1	1
PRAG1	1	1	1	55.3961375748224	1	1	1	1	1	69.1900014440999	55.4591652372707	1	53.2354474197774	1	28.0215695388173	1	22.2601912550543	30.4866999912769	1	22.9194766873993	1
PRAM1	1	94.5701092542598	1	1	1	78.2019909806397	27.1321268459995	1	1	1	1	1	1	1	1	46.7361033534891	1	1	30.6692261728582	1	1
PRAME	70.6048371393298	1	1	1	1	1	1	1	1	1	1	1	1	1	1	1	1	1	1	1	76.4111443255223
PRC1	118.754286684705	1	1	1	1	1	1	1	1	1	1	39.1933111677545	1	1	1	20.9101918505308	1	22.2044242249376	34.4200130527199	1	1
PRDM1	124.34188596502	36.2807286971674	186.20531539508	377.297126387228	1	45.3279248549944	79.0302433489503	720.027265769176	177.369827266587	64.2419997421843	1	227.98663575535	95.5098059767596	359.74543791198	279.649257006211	59.575719987325	91.8619367321617	25.2218191272519	103.343288305817	182.356129020964	36.9463466663623
PRDM4	1	1	1	27.0926108602171	72.1633363230819	1	1	1	1	33.2750959072246	106.284568785261	1	1	1	1	1	1	15.9114264229015	1	1	1
PRDM6	1	1	1	1	1	1	1	1	1	1	1	1	1	1	1	1	45.626748445207	1	1	1	1
PRDX4	40.2596106447062	19.8175015412675	1	1	1	1	26.3666773943171	226.225964069499	1	1	1	1	1	1	1	30.2238557283125	33.5628305213635	21.6188839937105	14.837721748287	25.1141947414713	20.2714875910014
PREB	28.7417295982914	23.9506490853993	1	51.299957385456	1	1	26.1417782980841	49.2628790196129	29.9507946653511	1	1	33.6155300781059	1	32.3926441715955	1	35.1941638647645	41.7838557150733	22.5611477316646	30.8372258597569	30.7154213044532	56.700874168113
PRELP	1	1	1	1	1	1	1	1	1	1	1	1	1	1	1	1	412.548454011767	1	1	1	1
PRF1	48.7351668713247	1	67.3044118797284	2650.20095377866	1	1	1	1	492.744564153397	1	1	1503.25054748907	1	114.046922254264	72.6465252846879	1	1	1	1	1	1
PRG2	1	1	1	1	1	1	1	1	1	22.3058939808218	1	1	1	1	1	1	1	1	1	1	1
PRICKLE1	1	1	1	1	44.3463896748129	1	1	1	1	1	1	1	1	1	1	1	1	1	1	1	1
PRIM2	46.452201047913	1	1	30.9085316712349	1	1	17.6019697445003	1	27.8038950166501	1	30.0411449727417	22.3241465348031	37.8657342019595	1	1	20.320956269311	1	27.2762885713163	21.3323752197049	1	49.9507144973316
PRKAA2	18.3430476204738	1	1	1	1	1	1	1	1	1	1	1	1	1	1	1	1	32.225618447672	1	1	1
PRKAB1	32.6198913845293	18.5571540013452	1	1	1	1	1	1	1	1	1	36.6421034113571	1	1	1	1	1	38.9032353595186	1	1	21.964793838871
PRKAG2-AS1	1	22.4950459332861	1	1	1	1	20.3564829717257	1	1	1	1	1	1	1	1	21.2925359095154	1	1	25.279199650346	15.8517570673971	1
PRKAR1B	29.551967544188	1	1	1	1	1	1	1	1	1	1	1	1	28.9556658016968	25.1922634573721	1	1	1	1	1	41.7850465649493
PRKAR2B	1	1	1	1	1	1	1	1	1	1	1	1	1	1	1	1	1	1	37.3933793976131	1	1
PRKCE	1	18.919577206719	1	1	56.0123321160678	1	1	1	1	1	1	1	36.0425613233151	1	1	19.5026112514184	1	1	1	30.431347470774	1
PRKCH	72.3260802153559	27.3737956750191	209.638339512067	365.309575410712	1	40.2378620481634	33.2248041342333	1	279.513170815933	114.909887606581	1	232.298413439971	91.9159352758522	303.887993021432	287.836579252957	32.98548122137	53.6481042920416	29.1892859974042	35.3186935646559	54.0387151262442	1
PRKCQ	1	1	62.6525070612837	84.2564066045614	1	1	1	1	72.3858308411654	56.0389850574046	1	26.4965509981431	1	72.9566361649533	67.4070657976263	1	1	1	1	1	1
PRKCQ-AS1	1	1	51.849114690135	43.3903113147851	1	1	1	1	44.2177108880153	265.89224147503	1	1	1	1	24.9562857626768	1	1	1	1	1	1
PRMT7	1	1	1	41.5207910906762	1	1	1	1	1	33.3171496326651	1	14.272799812366	1	1	1	1	1	1	1	1	1
PRMT9	17.4763888643749	71.9294174848649	146.747102634552	38.485114332557	93.4719820309439	1	119.454408827365	1	124.0616636662	1	105.507985113448	259.009126440396	312.417205259363	123.435793349842	182.981567484107	49.4615613470416	1	69.5333031965137	185.224209431875	106.919147436914	1
PRNCR1	1	20.7945666401979	1	1	1	1	1	1	1	1	1	1	1	1	1	1	1	1	1	1	1
PROK2	1	1	1	1	1	496.128549542643	1	1	1	1	1	1	1	1	1	1	1	1	1	1	1
PROM1	1	1	1	1	1	1	1	1	1	1	1	1	1	1	1	1	1	33.7212296810076	1	1	1
PROX1	1	1	1	1	1	1	1	1	1	1	1	1	1	1	1	1	1	32.4408981533093	1	1	1
PRR29-AS1	1	1	1	1	1	32.2259523724174	1	1	1	1	1	1	1	1	1	1	1	1	1	1	1
PRR34	1	18.59113597706	1	1	1	28.781937531971	1	1	1	30.1076284340243	1	1	18.2351768092642	1	1	1	1	1	1	1	1
PRR34-AS1	82.5903743339248	18.8103073788992	1	1	1	1	1	26.4587404094919	1	1	1	1	1	1	1	31.2959358180817	1	31.0249888576103	23.2029134218103	18.6157529453119	88.0622118088929
PRR4	1	1	1	1	1	1	1	1	1	49.6164623567086	1	1	1	1	1	1	1	1	1	1	1
PRR5	30.4489225669918	1	1	65.3945576726903	1	1	1	17.6380918721998	34.2206843946931	26.2183135119983	1	1	1	35.6006180064277	25.729863300667	1	1	19.4368979007598	1	1	36.4883968699436
PRR5L	22.8257020950422	1	1	117.397444771674	1	1	1	1	44.157363277474	1	1	70.2320291834103	1	1	1	1	1	1	1	1	1
PRR7	1	1	1	1	1	1	1	1	1	1	1	1	1	1	1	1	1	1	1	1	74.753859362193
PRRT3	1	16.0597237382744	1	26.5712292950266	1	54.7774529216654	1	1	1	16.8019848201622	1	1	28.7037258477593	26.9110071016472	1	1	28.0517353097637	1	1	1	1
PRRX1	1	1	1	1	1	1	1	1	1	1	1	1	1	1	1	1	202.241382457965	1	1	1	1
PRSS12	1	1	1	1	1	1	1	1	1	1	1	1	1	1	1	1	1	27.7179508064539	1	1	1
PRSS21	51.7629384475656	1	1	1	1	1	1	1	1	1	1	1	1	1	1	1	1	1	1	1	85.3888244003681
PRSS23	1	46.4819327502514	1	260.522847583229	1	1	1	1	36.5839802079022	18.905696082421	1	37.6841908938469	1	1	1	1	671.704600671599	84.0184758783612	1	115.907250579416	83.2889994602478
PRSS8	1	37.9385938773417	1	1	1	1	1	1	1	1	1	1	1	1	1	1	1	19.5828634563398	1	52.7735301503737	1
PRX	1	1	1	1	1	1	1	1	1	1	1	1	1	1	1	1	77.9146882210918	1	1	1	1
PSAP	176.341472381225	2665.41679791333	174.946430473745	316.607308580867	217.662562026582	1189.75826642444	7225.23251968334	572.203889705047	198.823841922545	120.305931035809	186.380601370607	278.927713363992	621.314133607554	271.194203466389	193.799337439256	4489.08344779736	628.390125287406	570.173685257205	1363.34162945702	1616.27461803853	210.868395185443
PSAT1	110.946026597772	1	1	1	1	1	1	46.0206991090563	1	1	1	1	1	1	1	1	1	38.8117802845546	1	1	87.902757121566
PSCA	1	1	1	1	1	1	1	1	1	1	1	1	1	1	1	1	1	1	1	241.22738100853	1
PSENEN	30.7218996968511	32.1917709044702	1	24.1143873475063	1	1	22.6097484886871	31.7645413382236	1	1	1	1	1	1	1	27.0129531922353	33.7728074833024	21.6769476032658	33.6049295724779	31.4651411252676	1
PSKH1	1	1	1	28.2353977836957	1	1	1	1	1	1	1	1	1	1	1	1	20.7034227284262	1	1	1	58.2107965368685
PSMG1	48.8755660110027	1	1	1	1	1	16.5455497245439	1	1	1	1	1	1	1	1	24.4865646927649	1	18.2646392152869	1	1	86.468346619655
PSMG3	92.5747496506782	20.5524711519304	1	1	1	1	1	1	1	1	1	1	1	1	1	23.6854755121488	1	24.6294791857286	23.0665641916388	1	44.759580785
PSPN	1	1	1	1	1	1	1	24.5456389868247	1	1	1	1	1	1	1	1	1	1	1	1	1
PSTPIP1	1	44.0661037564598	44.7584048677381	89.108471474428	1	93.2450228418976	1	1	66.3588757541115	36.8673591472544	1	67.2407136563636	1	69.612865012176	74.8940907924039	16.2995884930771	1	1	28.1209367545488	1	1
PTAFR	1	183.583946630318	1	33.0861241906087	40.71633575589	748.863475050229	252.355943867586	1	1	1	42.0666483242749	1	84.6153537642002	1	1	191.801576050035	22.8184567401218	56.7543832162851	145.752665550433	127.725097474078	1
PTBP2	1	1	1	1	32.1621203898017	1	1	1	1	20.8515650456817	1	1	1	1	1	1	1	1	1	1	1
PTCD2	1	1	1	1	1	1	1	1	1	1	1	43.2767238534613	1	1	1	1	1	14.6101063068535	1	1	71.4995946595682
PTCH1	19.7533625720636	18.4279635896789	1	96.2880351921973	1	1	1	1	1	24.2712112979832	1	1	1	1	1	1	21.1438984391632	15.4755672958124	1	1	1
PTCHD1	1	1	1	1	1	1	1	1	1	1	1	27.936684231192	1	1	1	1	1	1	1	1	1
PTER	1	20.4258309127155	1	24.0512204578532	1	1	21.1418091602076	1	1	18.9066075576609	1	1	1	1	31.7671538898992	19.4040604184984	1	19.3561709458105	1	24.6373630469932	1
PTGDR	1	1	1	151.739486600277	1	1	1	1	1	1	1	1	1	1	1	1	1	1	1	1	1
PTGDS	1	1	1	309.536226401975	1	1	1	1	1	1	1	42.5682211252549	69.6860713213566	1	1	1	565.649695626241	1	1	1	1
PTGER2	1	21.6258050422708	42.8379348065693	88.1519044136971	1	1	15.2224319004179	1	39.6830049627736	54.4841557267788	1	32.2726314732809	1	1	1	1	1	1	1	1	1
PTGER4	19.7851126014677	49.1491695773587	378.720228603407	163.002866634507	115.71705446569	63.0003896523837	114.297033248711	1	226.35583290986	33.2711488611721	55.5627449652269	193.072385510679	197.777905428914	134.303918188629	254.904001590617	83.8827453711541	44.5118460854161	57.4168876458753	140.920258170987	123.552268086513	1
PTGIR	1	31.3052821915234	1	23.6692909495151	1	40.224671095639	1	1	1	1	1	1	23.3713499527336	43.1624148722842	1	1	40.4674117645622	18.5823583902943	1	20.1733849168428	1
PTGIS	1	1	1	1	1	1	1	1	1	1	1	1	1	1	1	1	84.0860954582667	1	1	1	1
PTGR1	156.030537587909	21.2524611789443	1	1	1	1	24.5509824918894	1	1	1	1	1	25.4342969165565	1	1	48.5424882829603	47.099880855834	54.5059813021781	22.3517975651917	34.2570718792893	470.715304620994
PTGS1	1	28.3353398731142	1	1	1	1	42.6967290877924	47.3791609105122	1	1	1	1	105.09132564998	1	1	47.3545407566191	1	243.877952899829	89.5720553755262	22.5425464670321	1
PTGS2	1	83.5787490271074	1	1	1	468.810616217412	87.5674907480034	1	1	1	1	1	365.041894730655	1	1	71.3035597756846	122.508597149296	710.481789510364	81.5977176525755	128.264509122649	1
PTHLH	53.119097813592	1	1	1	1	1	1	1	1	1	1	1	1	1	1	1	1	34.9396911620275	1	1	68.9826621047794
PTN	61.0070613984295	1	1	1	1	1	1	1	1	1	1	1	1	1	1	1	16.2699203660733	32.2773551068816	1	1	56.3190704907785
PTP4A3	1	26.6549102646162	1	1	1	48.0712136097765	1	64.8307855244478	1	1	1	1	1	63.1029242022174	1	1	29.8105750724188	24.2601444610297	1	1	1
PTPN13	24.2279047882765	23.0239086535512	1	1	1	1	1	1	1	1	1	1	1	1	76.9822104656137	1	25.9996019396571	1	1	1	11.5371351470417
PTPN22	33.820241797823	18.2216554537942	90.0369082036801	89.3490276743323	42.0771696232518	1	1	1	155.349678392081	18.4703954775426	53.4083059355451	180.548158427657	91.9404505283907	127.663377989494	149.422403861803	15.4766373491879	1	27.4343905424378	32.7991762605215	28.1354718890035	1
PTPN4	19.7013289529261	1	51.9345260067737	232.316945530439	1	1	1	1	110.295399505173	73.0556201730081	1	75.1008210448339	27.4535143030407	1	33.6246070552826	1	1	14.034585273914	1	1	30.6072584546596
PTPRB	1	1	1	1	1	1	1	1	1	1	1	1	1	1	1	1	208.186987827256	23.242756937425	1	71.7400046169178	1
PTPRG	1	1	1	1	1	1	1	1	1	1	1	1	1	1	1	1	53.1549238421483	1	1	1	1
PTPRH	1	1	1	1	1	1	1	1	1	1	1	30.6561477589155	1	1	1	1	1	1	1	1	1
PTPRJ	21.6481562444836	54.5766603586002	45.076644583364	86.2815205979473	1	124.046581175772	71.8241996943505	1	80.4127742589494	34.5844208386806	1	64.506231628552	46.2160563176201	189.335100475084	77.7383005653294	53.8094897222325	1	20.9846242244651	62.4733295392283	56.0206800538695	1
PTPRK	23.5964991402234	18.8126075961845	1	1	22.8354718274314	1	1	1	1	1	31.38445891347	1	1	1	1	1	58.8513106099514	31.4576052268583	1	30.7683619471844	1
PTPRM	1	1	1	1	1	1	19.337096650344	1	1	1	1	1	1	1	1	1	37.5620681721555	1	1	26.4962706183684	1
PTPRO	1	1	1	1	37.5423299847742	1	34.2380875867167	1	1	1	1	1	1	1	1	23.9919695577972	1	1	30.551529865055	1	1
PTPRZ1	42.8849622728157	1	1	1	1	1	1	1	1	1	1	1	1	1	1	1	1	24.7352026623636	1	1	21.5733276774016
PTS	115.516066242193	17.7274952117802	1	1	1	1	1	1	1	1	1	1	25.026334603897	1	1	34.63193338297	51.8209045558547	66.8371038933399	22.0353458993931	25.5152043266129	208.668611419036
PTTG1	122.214026654229	1	1	1	1	1	1	1	1	1	1	1	1	34.2046141246604	23.7259754844155	1	1	21.0519502466953	1	1	1
PUDP	1	27.6063776346092	1	1	1	1	18.1794433281603	1	1	1	1	1	1	1	1	21.0518529205134	1	1	33.4734496713717	25.6812252111835	1
PUM3	74.6874214973712	1	1	87.8373917330575	1	1	1	1	27.5520743873012	1	1	1	1	1	1	15.3880227796799	40.5923572859882	20.5811485345315	1	1	31.8877310093244
PUS7L	16.6285018790849	19.1447601002808	1	38.0020481718622	1	1	1	1	33.2057350740392	26.0559515927918	1	54.8680773684967	1	1	1	18.2146032617297	21.8518141776497	19.7695226865154	1	1	1
PVR	1	1	1	1	1	1	1	1	1	1	1	1	1	1	1	15.8375286596855	1	1	1	1	1
PVT1	20.8236464207213	1	1	1	1	1	1	1	1	26.6197536126251	1	1	1	42.5813642998273	1	1	1	19.825766774596	1	1	93.3335570611607
PWAR6	1	1	1	1	1	1	1	1	1	41.034775827171	1	1	1	1	1	1	1	1	1	1	1
PWWP2B	1	17.7949019874607	1	21.8722091761388	1	1	1	1	1	1	1	23.4273488869152	29.9087188278704	1	1	1	1	18.6993143484554	20.4807002927244	1	1
PXDC1	1	1	1	1	1	1	58.4067637135432	1	1	1	29.9130236671005	1	1	1	1	28.0677177348342	143.74261049958	23.5971193395077	124.889914520655	106.686603141	1
PXDN	30.9035150097769	1	1	1	1	1	1	1	1	1	1	65.5566598417637	1	1	1	1	337.004374049445	55.0315813081008	1	82.7847625050549	25.9577462699622
PXK	1	19.6378402738067	1	25.55323301758	72.8810977305018	39.4751999040908	1	1	1	1	37.0624363356439	29.294356732402	32.5629302600411	31.8522612450314	27.0436002128648	16.3291175962239	14.7916834731814	1	27.6643057636638	1	1
PYCR1	63.1319275374051	1	1	1	1	1	1	38.0965423457584	1	1	1	41.0335746550796	1	1	1	1	66.9155157110305	37.9243986415713	1	1	79.6895611515504
PYGL	40.1144662891101	43.2133313053261	1	1	1	233.814275216347	32.4277435746049	1	1	1	1	1	31.6085183103676	1	1	40.0500004377402	1	31.5853999501173	1	1	55.0009176398492
PYGO2	23.8930849714952	17.0664831894636	1	34.7885739570709	1	1	1	1	37.294130406984	33.7271045123531	1	22.707867352537	1	1	1	1	1	17.5098587996397	1	1	1
QDPR	1	19.7119050527459	1	1	1	1	30.5224544546999	1	1	1	1	1	1	33.8083464745954	1	36.9899558504482	1	1	1	1	20.0155636810687
QPCT	1	79.4159239470457	1	1	1	350.862419234248	21.6432729954663	45.6220156050621	1	1	1	26.9158364842555	80.105807670612	1	1	46.4307797296814	1	48.9865353439757	50.941764473051	44.1695558710433	1
QPRT	1	26.9151903841745	1	33.1393523411275	1	30.420571482032	19.2995588078215	53.4809527053446	1	1	1	1	28.4616443576836	1	1	19.6889302458392	49.6987027526248	27.9309579477184	26.108989337187	1	1
QRSL1	1	20.3388736839755	1	40.7443216416576	39.7125105623629	37.6903083205582	1	1	1	27.8414655382338	38.1939067821032	1	1	1	1	1	1	1	16.2989389528695	1	1
QSOX2	1	1	1	1	101.071968232539	1	1	1	1	1	1	1	1	1	1	1	1	24.7380852898914	1	1	1
QTRT1	1	1	1	1	36.0169015594596	1	1	1	1	21.6663911650712	1	1	1	1	1	1	1	1	1	1	13.6377109462997
QTRT2	20.2334555340756	25.5389960247831	1	33.3495767117068	1	1	1	1	1	25.0406310802197	33.2804223444293	1	1	1	1	16.8494474725434	1	27.6217612827886	1	1	1
RAB11FIP2	1	18.2795095727692	1	24.6725515100313	1	1	22.0850515599158	1	1	40.3452681373609	1	22.4188809844396	38.0781603678356	1	1	1	1	1	1	1	1
RAB11FIP3	1	1	1	22.535333522438	20.8262279806643	1	1	1	1	1	1	1	1	1	1	1	1	1	1	1	1
RAB13	211.475198641682	91.0762395539362	1	1	1	1	153.587989697899	27.8671856422957	1	1	1	21.310131397226	71.3291263169389	1	1	251.950419672019	228.502057988306	127.287595067454	55.2618288619369	126.946101664114	546.62909802299
RAB15	40.069069415035	1	1	1	1	1	1	1	1	1	1	1	1	1	1	1	1	1	1	1	22.8495452228128
RAB20	1	91.2152406909686	1	1	1	114.947386294276	173.855400941825	1	1	1	1	1	73.3496897557512	1	1	167.347447957527	1	31.2262963731433	79.5417825919465	102.644730615944	1
RAB23	1	1	1	1	1	1	1	1	1	1	1	1	1	1	1	1	69.2824504009231	1	1	1	1
RAB24	1	1	1	1	1	32.7074814819965	1	1	1	1	1	1	1	1	1	1	1	1	1	1	1
RAB25	202.384969823724	70.9546228889507	1	1	1	1	1	1	1	1	1	1	1	1	1	42.6159545415501	1	76.0150872297831	1	88.746955428707	361.62724530233
RAB27B	1	1	1	53.4619951348726	1	1	1	1	1	1	1	1	83.2687426016833	1	1	1	1	103.862385403011	1	34.5663100929207	1
RAB28	1	1	1	26.8401701722778	1	1	1	1	1	1	1	1	1	41.7952029223748	1	1	1	20.5085919134072	1	1	1
RAB30	22.2260668737477	1	29.6385529011282	1	261.257482152006	1	1	285.250452259786	1	1	130.019676427964	1	45.2279570625979	93.5478684470472	54.4624046024717	1	1	15.8683608592041	1	28.7810820203492	1
RAB31	73.9499787694179	553.357539750761	1	1	1	774.94079137549	752.675010524992	32.079777967237	1	1	99.7043758351852	1	68.3438306781941	1	1	569.634989936675	401.250809409223	96.9041413018503	906.837057551444	535.69412892821	26.4846279180853
RAB32	25.0753132236249	59.8067474092706	1	1	1	64.0606958505802	77.4670080337242	1	1	1	1	1	30.5029123164699	1	1	54.8008155677489	34.6549981218855	47.6655183108302	98.8809492298507	59.2190881107191	1
RAB37	1	21.4370103500827	1	93.3760384249882	1	85.5504348577667	1	1	43.8500022019891	1	1	1	39.454245372818	1	1	1	1	44.7561919584322	1	1	1
RAB39B	1	1	1	23.7608283491682	1	1	1	1	1	29.1696503814634	1	1	1	1	1	1	1	1	1	1	1
RAB3D	23.5719153350182	69.925914784813	1	1	1	170.64931193415	1	18.3404753432633	1	1	1	1	1	1	1	17.8251501960453	1	29.754540058202	1	1	38.6617023209944
RAB40B	69.5436531835979	17.4766180135666	1	22.9878878455662	1	1	1	1	1	41.6000227680473	1	1	1	1	1	1	1	48.7812554106245	1	1	40.6235995981212
RAB40C	34.5932477493863	25.7115865686993	1	1	1	1	1	1	1	1	1	1	1	1	1	1	1	20.3526399001302	1	1	58.6123043773785
RAB42	1	14.2432425075477	1	1	1	1	44.9742675533316	1	1	1	1	1	36.7066105563523	1	1	33.6291836214889	1	1	1	1	1
RAB6B	197.077686424214	1	1	1	1	1	1	1	1	1	1	1	1	1	1	1	1	87.6546887276007	1	1	322.577664789984
RAB7B	44.651276336897	1	1	1	1	1	28.6975463667319	1	1	1	1	1	1	1	1	63.7772034126811	1	1	59.4780009297638	56.9111067845569	1
RAB9A	23.8570440516662	25.016455462246	39.3030649013259	49.5192441739234	1	1	43.8792671010132	35.4875185929894	63.1286802215573	1	1	1	28.2965033882951	99.6967148950917	56.2286884255561	33.1631679618209	1	35.8942875594074	29.3779087708532	66.6847507543262	1
RABEP2	1	21.3236247660276	1	40.782547780147	68.7256238450656	1	1	1	1	34.0597158658355	30.077100589698	37.9032521067282	27.2556636218047	29.7764142292103	1	1	36.5948463774494	1	1	1	1
RABGGTA	12.2574148338783	23.0486204633363	1	34.3753669090709	1	1	17.7498544808816	1	1	1	1	1	1	1	1	1	1	1	1	1	1
RABIF	47.0379205272909	19.0021846998555	28.7941473739241	25.7576124626445	1	1	1	1	1	1	1	93.8711929942345	1	29.5861291299252	1	17.5117881306699	1	20.442112615707	1	21.6339562847591	45.6743890313843
RABL2B	1	21.743757842201	1	39.7684371261858	1	35.0241693964093	1	1	1	23.3627655558562	25.7321338824574	1	20.588988292932	1	1	1	1	1	1	1	1
RAC3	45.3072918246631	1	1	1	1	1	1	1	1	1	1	1	1	1	1	1	31.0838938396819	1	1	1	59.1589883576466
RACGAP1	62.0013267696033	1	1	1	1	1	1	1	1	1	1	1	1	1	27.5155188781234	18.5587985809053	1	17.2636641191226	1	1	1
RAD51	33.6096919815783	1	1	1	1	1	1	1	1	1	1	1	1	1	1	1	1	1	1	1	1
RAD51-AS1	1	1	1	38.5923322965979	1	1	1	1	1	1	1	1	1	1	1	1	1	1	1	1	10.5727628514531
RAD51B	1	1	1	1	1	1	1	1	1	1	1	1	1	1	1	1	1	1	1	1	89.7193460860826
RAI2	1	1	1	1	1	1	1	1	1	1	1	1	1	1	1	1	47.2689634894294	1	1	1	1
RALB	72.1968506391281	42.8771913282884	1	1	1	208.10948346841	31.2567243356718	1	1	1	1	1	36.5762031382437	1	1	34.4337191920143	18.6781169148575	48.7900403565643	41.0826724719185	30.9296704463661	80.6691138900983
RALGPS2	1	24.2896131571941	1	1	207.868219197781	47.5460146560596	19.9876049947865	78.0640652099468	1	22.1812932348786	142.682462360766	1	34.504857249527	1	1	18.8371896848937	1	16.8868842864711	1	1	1
RAMP1	1	1	1	1	1	1	1	1	1	1	1	1	1	1	1	1	1	1	1	44.2640675564913	48.8664888050623
RAMP2	1	1	1	1	1	1	1	1	1	1	1	1	1	1	1	1	71.8659669179233	1	1	1	1
RAMP3	1	1	1	1	1	1	1	1	1	1	1	1	1	1	1	1	145.000246844677	1	1	1	1
RANBP6	1	1	1	1	1	1	1	1	1	42.3398504413856	1	1	1	1	1	1	1	1	1	1	1
RAP1GAP2	1	23.6660468553462	1	102.068290553633	1	42.8680974174093	1	1	1	1	1	20.4057771425637	24.1343764139081	1	1	1	1	28.0294466335261	1	1	1
RAPGEF5	30.0467168878006	1	1	1	1	1	1	1	1	1	1	1	1	1	1	1	148.85687402582	35.9201432250477	1	1	1
RAPGEF6	43.2800530278569	21.6618673460735	102.744777688714	71.8090380716992	1	48.6499010614897	1	1	76.4611389213164	160.928884301598	30.206344008291	87.5109042715188	95.1046388430791	77.0044336114283	141.807393760383	1	1	38.0310719086369	17.7552045335508	1	1
RAPGEFL1	23.3826072977942	1	1	1	1	1	1	1	1	1	1	1	1	1	1	1	1	1	1	1	112.419817533128
RAPH1	1	35.6618803727245	1	1	1	1	24.8589176708648	1	1	1	1	1	1	1	1	28.6827500349288	35.3070548319266	28.4900366770989	32.1819536685751	55.7316331266968	1
RARA-AS1	1	1	1	1	1	37.7044514129962	1	1	1	1	1	1	1	1	1	1	1	1	1	1	1
RARRES1	1	1	1	1	1	1	94.3540426419602	1	1	1	1	1	1	1	1	1	69.8180239052503	27.3516590276252	1	1	1
RARRES2	1	1	1	1	1	1	1	1	1	1	1	1	1	1	1	1	778.281085210239	1	1	1	1
RARS2	33.1702300652705	17.7448894748425	1	28.5946893632796	1	1	1	22.9920346932498	1	1	1	1	1	1	1	18.6608018789184	30.8635608232325	25.8440997712645	1	1	33.8905783941122
RASA1	58.6643403398967	25.8453086721912	1	26.8031488802779	29.1191190854334	1	21.1944127691844	1	47.8682252739013	1	1	1	45.046165629241	62.7852890748455	36.0563263772329	20.3121514671606	1	22.8399944460655	1	1	1
RASA3	1	34.4992834312822	109.577012232026	178.003063341333	36.3024641649577	1	31.1277215282882	1	101.165247925655	167.366089891688	40.3755571577035	26.3758660122094	30.7830803897441	46.1339158862311	48.7849473580367	29.1838347483531	23.0972495532547	26.9432739618759	23.0734942537741	24.5920416547399	1
RASAL2	1	18.6711919277169	1	1	1	1	29.2077747788079	1	1	1	1	1	1	1	1	37.1723829921654	26.503282325328	24.1921435464211	37.6028332029863	34.800171735236	1
RASAL3	1	17.1705025434985	81.2352156600702	149.579301038571	55.4032861455279	1	1	1	137.152611293333	51.2420585644356	52.9878428525142	170.243597169895	37.5534823962604	87.5496610192913	103.159309120462	1	1	1	27.4986755048583	1	1
RASD1	34.2830046853475	49.0929182674261	1	1	1	1	1	1	1	1	1	1	49.2672113030629	1	1	1	44.6560456502147	116.566758096915	1	1	1
RASEF	1	33.9845942794704	1	1	1	1	1	1	1	1	1	1	1	1	1	1	1	38.112570582141	1	1	1
RASGEF1B	1	64.5602540639246	47.5422129235499	41.0620428551889	133.100050347667	36.3502269191105	101.278045473972	1	70.5345095170731	16.8071913884719	164.396882730751	38.3855555110136	178.732376159903	1	96.5096164932805	87.1241212500501	16.7682523341388	49.5926134547454	80.1850046701872	98.8530078601885	1
RASGRF2	1	1	1	1	1	1	1	1	1	62.9863699762605	1	1	1	1	1	1	17.5376807231934	1	1	1	1
RASGRP1	48.599968413396	1	215.922897923882	220.33435349944	1	1	1	30.9094006170878	288.245485416212	331.604164856858	47.3198080027334	91.4249946748656	1	323.335979894197	177.159304859271	1	1	1	1	1	1
RASGRP2	1	40.2510126051345	64.2401266410745	123.073700267307	189.454226076438	115.937815111268	1	1	52.5771971144757	105.818245976765	78.1669716679565	44.8515607597691	23.4468371306896	1	1	1	1	1	1	1	1
RASGRP3	1	26.6105382091908	1	1	65.4261882035414	1	95.2949901996949	43.2431140200891	1	25.9096419651168	60.3627359931591	29.6614242905132	28.4378258090008	1	1	76.6762233539546	35.5314818048204	16.383660635777	60.7766134139139	57.0801366088842	1
RASGRP4	1	30.6805355865553	1	1	1	109.558244795439	1	1	1	1	1	1	32.2409528811402	1	1	1	1	23.3147079277539	1	1	1
RASIP1	1	1	1	1	1	1	1	1	1	1	1	1	1	1	1	1	57.6884440984406	1	1	1	1
RASSF4	1	67.8953681867872	1	47.1512747399804	1	1	249.067425674122	1	1	1	1	1	1	1	1	83.7808707923616	1	1	115.666823358819	138.004162798517	1
RASSF6	1	17.0407791868385	1	20.5929001331805	1	1	1	43.4993988371536	1	16.0592481331436	45.8692073830843	1	1	1	1	1	1	1	1	23.0591843531417	1
RASSF7	1	25.0022008295121	1	25.0705684361982	1	1	1	1	1	1	1	1	1	1	1	1	1	1	1	1	1
RASSF8-AS1	1	16.1015494648489	1	1	1	1	1	1	1	1	1	1	1	1	1	1	1	1	1	1	1
RASSF9	1	1	1	1	1	1	1	1	1	1	1	1	1	1	1	1	1	1	1	1	88.314753587446
RAVER2	1	1	1	1	1	1	1	1	1	1	1	1	1	1	1	1	1	1	1	1	42.0557812948794
RB1	27.701476640583	45.9720707809115	1	28.6925093478957	103.531378076339	1	82.1439413509109	1	35.9702354832345	16.7063893171896	39.9799623082435	1	1	1	1	43.8916904499915	25.8486447723754	22.0464765019471	89.9103098521128	58.1719577455227	1
RBAK	15.091762737322	1	1	1	1	1	1	1	1	1	1	1	1	1	1	1	1	1	1	1	42.7802622530097
RBBP9	1	1	1	1	1	1	1	1	1	1	1	1	1	1	1	1	1	18.4789008388656	1	1	39.1707952820182
RBFA	24.5930773573464	1	1	1	33.4825841831934	1	1	1	1	1	1	1	36.8526689408779	1	1	1	1	23.2422933687905	1	1	1
RBFOX2	50.5920811912589	1	1	1	1	1	1	1	1	1	1	1	1	1	1	1	91.9307961135888	38.4641230200569	1	1	27.888662136189
RBM12B	28.1340534311199	1	1	25.538818662877	57.8716007445616	1	1	1	1	31.2517085362363	1	1	1	24.0730030260066	1	1	1	1	1	1	1
RBM15	31.7183084041453	1	1	28.0008129815138	20.5644903669237	1	1	1	1	1	32.7446018488371	1	32.4997003598787	35.8426969345771	39.4725401892192	1	1	16.0094323560975	21.2592538073544	1	1
RBM19	47.9520382607087	1	1	1	1	1	1	1	1	1	1	17.4679493001721	1	1	31.0354363964712	29.6554946429744	12.8837862993001	21.7015104302783	1	1	126.835079616178
RBM38	58.3959619334171	33.1445911976067	160.650544180142	181.405327486824	326.230388498998	1	1	1	208.142047203266	92.9511818080399	217.662709268428	142.006099249032	65.958936816554	272.608879680231	178.198147674267	19.2860603829483	1	31.9831811212726	24.1027958761866	25.0785039322689	1
RBM47	32.1522779446392	120.749628154684	1	1	1	283.022926941441	138.081771144251	29.402142432917	1	1	1	1	25.3963817751243	1	1	137.945672367109	1	48.249115274598	95.5648601765239	118.857716826514	1
RBM48	1	1	1	27.6414279485397	1	1	1	1	1	23.7412430671698	1	1	1	1	1	1	1	1	1	1	1
RBM4B	25.812225698008	1	1	1	1	1	1	1	1	1	38.9411432411574	20.1221165359495	1	30.601858001366	1	1	1	18.4978716436893	15.6335872058289	1	1
RBP1	27.3990163342522	1	1	1	1	1	80.3656327315104	1	1	1	1	1	1	1	1	32.6804911390057	56.1487739409381	1	1	1	90.0141680775439
RBP7	1	33.8142122048972	1	1	1	73.8371328225499	1	1	1	1	1	1	1	1	1	1	1	1	1	1	1
RBPMS	1	51.8621530200116	1	1	1	1	1	1	1	1	1	1	1	1	1	1	225.848472781644	58.345745162513	1	74.6331585974317	1
RCAN3	35.5177681555782	33.616455074029	183.960586540453	24.3556373725725	26.5660038134291	1	28.0878082620269	1	119.37923515197	268.180554105857	51.8693337651767	201.628159003339	37.7924584211512	154.382843822006	130.289164666739	29.9718260608781	1	28.4958958359052	44.9743638471981	32.0749295452552	1
RCBTB2	1	23.5234963264803	1	1	1	33.2224570199575	18.0648929416812	1	1	1	1	1	1	1	1	1	1	1	1	1	1
RCCD1	25.1307612054954	1	1	1	1	1	1	1	1	1	1	1	1	1	1	1	1	1	1	1	45.0479486587629
RCN1	41.1821624089314	26.6660126848677	1	1	1	1	23.7673971085685	23.0509430972342	1	1	1	25.7073148001509	1	1	1	25.9155815548254	80.1583462621607	27.0373210574068	25.252409995614	25.7699313973413	1
RCOR3	16.4288546664915	22.8257505025164	1	35.6884350961414	1	1	1	1	28.5729368685698	1	1	1	56.136231639911	1	1	18.3122566246188	1	29.3361033597567	1	1	36.5450788505189
RDH10	47.9774635417534	40.0463293731888	1	1	1	1	45.219641318517	1	1	1	1	39.820911338602	43.245450606331	50.9438954098953	122.997603666159	29.214316227409	64.502409335514	170.601375390999	1	68.1097811131261	63.8616914832531
REC8	1	1	1	1	1	1	1	1	1	43.0264630118901	1	25.2532147667836	1	1	1	1	1	1	1	1	1
RECK	1	1	1	1	1	1	1	1	1	24.6343327415397	1	1	1	1	1	1	21.2840135831142	1	1	1	1
RECQL4	28.4575384319911	1	1	1	1	1	1	1	1	1	1	1	1	1	1	1	1	1	1	1	1
RELL2	1	1	1	1	1	1	1	1	1	34.3969961717317	1	1	1	1	1	1	1	1	1	1	1
REPS2	1	1	1	1	1	76.8253544826902	1	1	1	1	1	1	1	1	1	1	1	1	1	1	14.521609757289
RERG	1	1	1	1	1	1	1	1	1	1	1	1	1	1	1	1	60.7791054721247	1	1	1	1
RET	1	1	1	1	1	1	1	1	1	1	1	1	1	1	1	1	1	36.2931143202365	1	1	1
RETN	1	47.2345763816864	1	1	1	1	25.3067953956089	1	1	1	1	1	1	1	1	119.895044171381	1	1	1	1	1
RETREG1	22.5508730950566	1	54.0262512139838	1	23.1175025973269	1	1	1	33.641313089282	84.2429914793053	1	155.718535261666	1	62.9489102057642	82.9310411734975	27.9086326692851	1	1	1	1	1
REXO1	31.2695248936798	17.8983321812334	1	36.7830251358505	30.8562579135173	1	16.7516587149782	1	36.8066949244278	1	27.6381871320959	1	1	32.297037661386	37.5121449586009	15.5652701321825	28.7521363731052	1	1	1	1
REXO4	15.1095230705589	1	1	22.7230880306851	1	1	1	1	1	45.285805302743	1	1	1	1	1	1	1	1	1	1	27.0960144127699
RFC3	30.8881063790255	1	1	1	1	1	1	1	1	1	1	1	1	1	1	1	1	1	1	1	1
RFC4	50.95088390392	1	1	1	1	1	1	1	1	1	1	1	1	1	1	1	1	1	1	1	1
RFC5	47.7523213654494	1	1	1	1	1	1	1	1	1	1	14.5533012613375	1	1	1	1	1	16.9039542262042	1	1	1
RFLNB	1	44.7158758813636	39.3383019410388	65.4816089490266	1	344.290109096417	1	26.4747949623145	48.530130141929	92.3652307650976	1	25.1606862582136	113.968728936131	1	31.1037214069915	25.047878661613	57.5308778157999	1	45.5003540885246	29.2708094890897	1
RFX3	1	1	1	1	1	1	1	1	1	27.2137962430746	1	1	1	1	1	1	1	16.7890148609946	1	1	1
RFX7	1	1	1	33.2015527340223	1	1	1	1	34.4429118871657	42.7431513944175	1	46.0376060251698	1	32.1551707827882	41.1677794306001	1	1	22.1189417733442	1	1	1
RGCC	271.12263538341	244.870235284541	1761.79467338238	172.027379279217	190.718215833634	1	379.596447181646	254.611205533084	1579.62488546837	146.689755050856	387.65934463137	1425.47631835391	623.868967153093	1213.40054811033	1791.15179566293	728.336432865659	1351.40903577475	117.374715812039	686.901948477626	817.615053350612	22.2615421615382
RGL1	1	1	1	1	1	1	96.9093055563065	1	1	1	1	1	1	1	1	48.1503668457425	33.9722335797593	1	1	28.4014616635328	1
RGL2	1	25.1268573711369	1	1	1	80.9181103296471	17.6399082829149	1	1	1	1	1	42.4600113208135	1	1	19.1914180691408	12.6059556200958	23.8042853794094	1	26.1146317050281	1
RGL4	1	1	1	1	1	125.389151622543	1	1	26.6293501826442	20.4290548292178	1	1	1	1	1	1	1	1	1	1	1
RGPD1	1	1	1	1	1	1	1	1	1	1	1	1	1	46.9277475769477	37.7242472492607	1	1	1	1	1	1
RGPD4-AS1	1	25.955038960858	1	31.8457968953856	1	36.422578602184	1	1	1	24.086069315667	1	1	37.5748484113206	1	1	1	1	20.5664724289994	1	19.0834819354917	1
RGPD5	1	1	1	1	1	1	1	1	1	1	1	1	30.1623417272511	1	1	1	1	1	1	1	1
RGS1	506.902183432342	245.02964813523	1807.33162443535	210.771074575007	603.537461272354	1	973.593402551267	962.244972995346	1420.72744039489	1	1182.42865304562	1589.79543085005	3351.07687255813	2830.37767798283	2729.64015254669	566.441641240086	56.4290659749601	672.590130711101	1714.61607834777	1907.87227091558	1
RGS13	1	1	1	1	1	1	1	1	1	1	1	33.7123546780275	86.189699718179	1	1	1	1	172.824699971855	1	1	1
RGS14	1	20.1210878449055	1	27.9011809532116	1	62.9321031978766	1	1	1	35.5371823917714	1	21.2368024073538	1	1	1	1	1	1	1	1	1
RGS16	43.3181840761262	1	36.1340300165026	1	1	1	1	30.3034103572771	1	1	40.4763192699115	34.8343827696647	64.3002924027996	1	65.6347774832404	1	354.374423018493	59.8541517362687	1	46.7045589717785	1
RGS17	1	1	1	23.3871281060393	1	1	1	1	1	1	1	1	1	1	1	1	1	33.4823264823004	1	1	1
RGS18	1	45.1572025101342	1	1	1	194.800195576947	21.9237649890938	1	1	1	1	1	1	1	1	1	1	1	31.7329803366956	1	1
RGS19	22.3173239837492	84.8543974036293	1	77.6722064684586	1	280.846447994971	54.7786546709821	1	32.4785018525145	31.7169057453047	71.951438189542	32.8948324158774	36.6883614291817	1	1	49.2721683571534	1	17.063948976738	80.1295526352065	40.2065251408796	1
RGS3	18.8498967678975	25.8731746052883	1	98.7000078085609	1	1	1	1	1	1	1	50.9792648073454	1	1	1	1	116.542967367719	21.788786360824	1	1	1
RGS5	1	61.2858862729656	1	1	1	1	1	1	1	16.423320597106	1	1	1	1	1	1	396.740831095198	1	63.8354430992616	150.569318434787	1
RGS9	47.6058132556585	1	1	20.8575640469211	1	1	1	1	1	1	1	1	1	1	1	1	1	1	1	1	27.3676229912649
RHBDD1	1	19.9203749656218	1	25.1240292029182	28.2896395671908	1	18.0504720066444	54.4640513958089	1	23.9251137634285	35.41349867029	36.8753492384868	1	33.2532730989404	1	1	1	21.7384214727146	20.5591696057907	1	1
RHBDF1	1	1	1	1	1	1	1	67.7922939497898	1	1	1	1	1	1	1	1	69.5155509051684	19.6975786404858	1	1	1
RHBDL2	1	15.96370572049	1	1	1	1	1	1	1	1	1	1	1	1	1	1	1	1	1	1	1
RHCG	1	1	1	1	1	1	1	1	1	1	1	1	1	1	1	1	1	1	1	1	72.3282097635663
RHEBL1	1	1	1	1	1	1	1	1	1	1	1	37.134520595653	1	1	1	1	1	1	1	1	1
RHOBTB3	47.7153420071784	39.5549461284164	1	87.3481387224963	1	1	31.0448541766401	1	1	1	1	1	55.0062405278661	1	1	30.4299818334673	100.312535707508	111.950314295976	1	55.5149773088113	1
RHOF	30.1191542687719	21.3576865808442	72.9066019661409	113.535760339463	1	1	1	1	78.2663718791935	75.4406814405222	45.9858308616917	80.559145823589	46.4132015323089	95.3168565066535	74.0351665713099	1	1	21.9806962418309	39.3710205067865	64.1888174147974	1
RHOU	1	54.3962589416453	1	1	1	1	80.1463935897598	1	1	1	1	1	1	1	1	39.6880934945836	19.9753768740649	49.4485362623166	31.2089217488762	60.2873499467516	1
RHOV	49.6118252285985	1	1	1	1	1	1	1	1	1	1	1	1	1	1	1	1	1	1	1	34.7869507979846
RHPN2	1	1	1	1	1	1	1	1	1	1	1	1	1	1	1	1	1	24.8194609816202	1	1	1
RIC1	1	26.2818115025809	1	1	1	1	25.0097785838285	35.6234798522161	1	1	24.9202844844413	1	45.6703130569786	1	1	19.3972803996683	1	20.9331278845778	1	1	1
RIC3	1	1	30.849856570497	1	97.1726548520172	1	1	1	28.3545884343731	51.6508079769228	71.6133796528325	14.5283554646142	32.5342127294858	31.4444872190779	1	1	1	1	1	1	1
RIC8B	1	1	1	27.1206459546206	1	1	1	1	1	1	1	1	1	1	1	1	1	15.7613016581424	1	1	1
RIDA	50.7553424539304	1	1	1	1	1	1	1	1	1	1	1	1	1	1	1	1	1	1	1	68.638834581667
RILP	1	21.6639145325313	1	1	1	1	26.315621450454	1	1	1	1	1	1	1	1	31.0043616533242	1	1	25.305774829924	37.8829024366774	1
RIMKLA	32.0542425468123	1	1	19.6407059573753	1	1	1	1	1	1	1	1	1	1	1	1	1	35.9668737255406	1	1	65.4154126589413
RIMKLB	1	1	1	1	1	1	1	1	1	1	1	1	1	1	1	1	26.4272593797796	27.7299964103858	1	1	1
RIMS1	1	1	1	1	1	1	1	1	1	33.8673371650773	1	1	1	1	1	1	1	1	1	1	1
RIMS2	1	23.1715999178092	1	24.8619802322044	66.1456529824751	30.8503247387848	14.8847169508794	1	1	48.5086861814913	1	1	1	1	1	17.3925619157046	1	16.8757800518807	1	27.0153567866636	1
RIN1	1	1	1	1	1	1	1	1	1	30.4998542779996	1	1	1	1	1	1	1	1	1	1	44.6227997534298
RIN2	1	26.735256489018	1	1	1	1	40.8852565838137	1	1	1	1	1	1	1	1	29.9525986058678	90.7755111582295	1	1	22.186758228028	1
RIOK1	49.5680954261408	1	1	1	34.0899341821099	1	1	1	32.6138995401818	1	1	48.5446327127663	46.2551538465638	1	1	1	11.7740970439619	27.208104316842	1	1	49.7912021244413
RIPOR1	1	46.5989940926718	1	23.9134893599405	57.676530797159	53.8369577805331	59.2334261352245	19.4816199703912	1	1	74.8273943221489	40.8975132014952	84.1601858708454	1	1	49.316265368915	87.4202181208582	31.8118598829626	40.791709255676	72.3560134111614	1
RIPOR2	40.130112867401	225.888783377252	250.316526750467	607.971276447535	236.977963104961	1898.96602603962	15.888418015222	1	271.093935302459	620.201656060057	216.157289956648	89.9991194235965	164.723988774867	128.558635977597	99.5168096941365	20.2696569211889	1	26.3121850936147	44.8856368927996	35.939768540077	1
RIPPLY3	1	1	1	1	1	35.8139090539601	1	1	1	1	1	1	1	1	1	1	1	1	1	1	1
RITA1	36.415814730433	1	1	1	1	1	1	1	1	1	1	1	1	1	1	1	1	21.7996260036942	1	1	61.2156937381868
RMDN3	20.8632665805066	19.3156199307214	1	48.1335059797728	1	1	100.239776472104	1	26.3155739943145	1	1	76.7438616849378	1	1	1	172.266996052655	15.637573521046	29.2038391545142	29.838393970122	28.0777496966772	1
RMI2	32.1837216788226	1	1	1	1	1	1	1	1	1	1	1	1	1	1	1	1	1	1	1	1
RMND1	1	1	1	1	1	1	1	1	1	1	1	1	1	1	1	1	1	1	1	1	99.9740698671459
RMND5B	45.5245685329419	22.4285154531454	1	1	1	1	15.8026535237775	1	1	43.0303774626366	1	1	1	34.262961524998	1	14.8370882075995	1	16.1814148434725	1	1	1
RN7SL121P	1	21.5706175499558	1	20.4645960159457	41.7350345049438	48.136537208579	1	1	23.122416022101	23.1015990082458	1	41.6918170953703	24.6734523556536	1	1	16.3720629383732	1	1	1	1	1
RN7SL123P	1	1	1	1	1	31.5936246454384	1	1	1	1	1	1	1	1	1	1	1	1	1	1	1
RN7SL172P	1	1	1	1	1	35.761359795476	1	1	1	1	1	1	1	1	1	1	1	1	1	1	1
RN7SL200P	1	1	1	1	1	1	1	1	1	1	1	1	29.9427853867465	1	1	1	1	1	1	1	1
RN7SL204P	1	15.7567406619016	1	26.9581916683232	1	70.3228408186704	1	1	1	15.0330808596707	1	1	1	1	1	1	1	1	1	1	1
RN7SL241P	1	1	1	1	1	1	18.3796015434943	1	1	1	1	1	1	1	1	1	1	1	1	1	1
RN7SL274P	1	15.9605023748582	1	1	1	52.2856057839467	1	1	1	1	1	1	1	1	1	1	1	1	1	1	1
RN7SL275P	1	18.8581151463014	1	1	1	74.6702993358019	1	1	1	22.0321419178412	1	1	1	1	1	1	1	1	1	1	1
RN7SL32P	1	20.7200754753438	1	31.7019733050243	1	52.3916681820978	1	1	1	29.3522860137873	1	48.3792972536628	1	1	1	1	1	1	1	1	1
RN7SL336P	1	1	1	1	1	1	27.23679398372	1	1	1	1	1	1	1	1	1	1	1	1	1	1
RN7SL368P	1	54.1112207855554	1	1	1	86.1107362996608	67.2384853777161	1	1	1	1	1	35.0232390330565	1	1	48.7997790809857	1	1	31.9595907785744	47.3482478097325	1
RN7SL371P	1	19.2746186574548	1	18.8950559687735	1	66.3221732357176	1	1	1	1	1	54.5829333356636	1	1	1	1	1	1	1	1	1
RN7SL391P	1	1	1	1	1	1	1	1	1	23.7241967413046	1	1	1	1	1	1	1	1	1	1	1
RN7SL40P	1	1	1	1	1	1	1	1	1	1	1	28.3191143757401	1	1	1	1	1	1	1	1	1
RN7SL48P	1	16.3020534344548	1	27.9958168708461	1	1	1	1	1	1	1	1	1	1	1	1	1	1	1	1	13.888668784671
RN7SL524P	1	17.038627689456	1	1	1	37.0508576215984	1	1	1	1	1	1	1	1	1	1	1	1	1	1	1
RN7SL655P	1	1	1	1	1	37.0594140551268	1	1	1	1	1	1	1	1	1	1	1	1	1	1	1
RN7SL693P	1	19.1577973650561	1	19.8786298027327	1	1	1	1	1	1	1	1	1	1	1	1	1	1	1	1	1
RN7SL744P	1	29.6622095455088	1	38.6424203157398	1	62.092386857297	1	1	1	46.640433703574	1	1	1	1	1	1	1	1	1	1	1
RN7SL784P	1	22.0740597624063	1	22.1761249399111	1	51.8846593869704	1	1	1	1	1	21.2914120739574	1	1	1	1	1	1	1	1	1
RNASE1	1	123.009541400793	1	1	1	1	1649.9354884027	1	1	1	1	1	1	1	1	699.469693414469	412.363385948284	1	81.6077705014391	220.015008356242	1
RNASE2	1	73.3660945161184	1	1	1	1	32.6771304268968	1	1	1	1	1	1	1	1	42.6386488721922	1	1	45.3020564356918	28.1981560101972	1
RNASE6	1	125.796912496634	1	1	89.1138103425666	82.2333352216294	169.789928888805	23.2563187008629	1	1	41.7670026690263	1	64.368671649352	1	1	66.8195082558584	1	1	158.507881162513	91.8832321252777	1
RND1	1	52.7312123186551	1	1	1	1	1	1	1	1	1	1	1	1	1	1	1	87.0834732441597	1	54.1701970511225	1
RND3	77.2572768516085	1	1	1	1	1	1	1	1	1	1	1	1	1	1	44.0218224010753	149.129146404422	101.431731365273	1	54.2126732565054	1
RNF111	1	26.4624554358152	1	23.6964672045364	1	37.7901325169443	17.7969057386085	1	1	24.3150975177164	1	1	56.9714134233432	1	1	18.0558483370029	1	17.9922413667932	14.2805541565059	1	1
RNF113A	1	1	1	43.353259610263	1	1	1	1	1	29.9313958482044	1	1	30.9157196353574	1	1	1	17.756703861061	1	1	1	1
RNF121	1	1	1	1	1	1	1	1	1	1	1	21.9225313743256	1	25.5910691639296	1	1	1	1	1	1	1
RNF123	1	15.2668678437119	1	1	1	1	1	1	1	1	1	1	1	34.1442299827906	1	1	1	1	23.8568225791495	1	1
RNF125	1	28.3453466761267	207.9479787252	174.358088900336	32.9248574028009	1	19.205979343212	1	213.299332676543	40.1118471241668	1	282.351083431071	75.1663065866463	93.4063405360644	88.3746444732723	1	1	1	1	16.9142453124603	1
RNF130	38.714290680574	218.849204657123	1	36.0836452214687	1	400.011824207401	331.801318773865	1	1	16.5278556031875	1	22.9802114873247	161.175929637616	1	1	253.166348616337	49.8570757327564	126.419950207078	194.903108509888	126.658885011681	120.582214083071
RNF138	47.877436683744	25.004373428801	74.7914076543563	32.6582991513492	92.1696687402267	1	21.3097374023569	1	62.5193809311688	19.0154512754104	62.2407805323684	27.3576224486343	75.5298862416564	35.4706610754653	57.3412685866832	22.7015492904277	1	21.8285575928686	28.2018627132028	1	1
RNF139-AS1	1	1	1	24.5958311517733	21.108482085472	1	1	1	1	1	1	1	1	1	1	1	1	1	1	1	1
RNF144A	1	1	1	1	1	1	1	1	1	35.1450272771832	1	1	24.8289528785164	1	1	1	17.4039744880259	52.2256891957725	1	1	1
RNF144B	1	119.403834585207	1	1	91.8592794072546	92.4428899687917	140.574460842676	1	1	1	53.1540394014368	1	42.0823706260076	1	1	73.9891928253891	70.4761332308659	1	111.241795226457	175.82813119706	1
RNF165	1	1	1	78.8775428205307	1	1	1	1	1	1	1	1	1	1	1	1	1	1	1	1	1
RNF166	1	61.9057505444474	57.9258863285376	150.71642004528	1	102.283575352383	32.0057386500899	1	80.5030171929444	54.4535164528957	1	58.4791970035303	26.3082157668996	41.9625613470655	60.923515676513	23.7812115584983	1	1	32.8241842246345	1	1
RNF219	22.0796171937366	1	1	36.0032754498766	1	1	1	1	1	1	1	1	1	1	1	1	1	1	1	1	1
RNF222	1	20.604858169518	1	25.7429512904404	1	50.8929747850844	15.9585898714831	1	26.9543074096594	1	1	20.0968987666326	26.1231209656792	1	1	1	1	17.9759731351653	1	1	1
RNF24	18.4184841032403	74.5881660909196	35.6432735828595	35.0863029156087	1	478.282628650678	24.2055184262951	1	32.3459961981864	1	1	20.6235333314275	26.58960754387	43.5526423144535	38.3707660056795	29.7677269632509	61.8673168037592	34.7598809612688	49.2584532643124	28.9911477770606	1
RNF26	39.579536041422	1	1	22.8851589273028	1	1	1	1	1	1	1	1	1	1	1	1	29.8057546208305	1	1	1	12.1363437309886
RNFT1	1	1	1	28.1666205892526	1	1	16.346545041514	1	1	1	1	1	1	1	1	22.9797483424836	1	1	1	1	1
RNGTT	24.5083416034025	18.2253429108126	1	30.0862683065322	57.8205177349486	1	17.4290573236437	39.0085592316832	45.4450477617405	28.6737733608863	98.3154023042903	38.9468430206232	42.6938099907736	30.215448836942	39.2339608529289	20.3504683839179	1	1	14.8623248406374	1	1
RNPC3	1	22.5702208157863	1	48.876254055432	1	39.9301103863087	1	1	1	39.6794548168911	1	17.1456134297691	1	26.8064887671771	1	1	1	1	1	25.9028744562564	1
RNU4-40P	1	1	1	1	1	1	1	1	1	1	1	1	1	1	1	1	1	28.3869479900329	1	1	1
RNY1P16	1	1	1	1	22.6382570769408	1	1	1	1	1	1	1	1	1	1	1	1	1	1	1	1
ROBO4	1	18.1187118544012	1	1	1	1	1	1	1	1	1	21.5310844401094	1	1	1	1	72.6145280707461	1	1	50.8567427943269	1
ROGDI	36.9096279264691	26.8220055683131	1	1	1	1	1	1	1	1	1	1	1	1	1	19.331404799886	1	1	26.6719973282908	1	44.9953045528088
ROR1-AS1	1	1	1	21.742800516622	33.7889657130942	1	1	1	1	14.3264974247472	1	1	1	1	1	1	1	1	1	1	1
ROR2	1	1	1	1	1	1	1	1	1	1	1	1	1	1	1	1	61.1771234302236	1	1	1	1
RORA	72.4028522925345	1	205.801612994916	236.691798666895	1	1	1	24.6446477417517	145.580711423315	106.122164864352	1	131.693072639982	27.3860357244028	330.235984376099	190.548171071534	1	19.5146230552654	54.3592007121151	1	1	1
RP9	21.1023533246467	1	1	35.0556525609106	1	1	1	1	1	1	1	83.5397954878382	1	1	1	1	1	19.4275892073784	1	1	80.6683390777497
RPA3	88.0112049234479	15.9166815418577	1	18.6401775053152	68.0430737331783	1	1	1	1	1	33.5096976483292	1	1	1	29.7160134011307	20.1289801115525	1	23.2775703628521	18.1417564789268	1	37.4397484138427
RPAP3	37.6180170782991	18.2013066760584	1	1	1	1	1	1	1	1	1	73.4181656623845	27.2005418013471	1	1	1	1	31.0216894216774	1	1	1
RPARP-AS1	1	1	1	1	1	1	1	1	1	22.7715330390385	1	1	1	1	1	1	1	1	1	1	1
RPE	49.8607549267149	1	1	26.5313280362695	1	1	23.0328302679169	1	1	1	1	1	1	1	1	30.4954205009054	1	27.2587379412718	34.7569144529117	1	20.2785312807506
RPF2	58.3564116391469	1	1	1	1	1	1	1	1	1	1	14.5131486668274	1	1	1	22.7073093277684	16.033123803083	33.0208211595133	1	1	104.948953325915
RPGR	19.8899286629959	16.868067547767	1	1	1	49.4789616773021	1	1	1	47.7786380790602	1	1	34.6004652306711	1	1	1	1	19.8244572958583	1	1	1
RPH3A	1	22.8750976505019	1	1	1	1	1	1	1	1	1	1	1	1	1	1	1	1	1	1	1
RPH3AL	18.969608891728	1	1	1	1	1	1	1	1	1	1	1	1	1	1	1	1	24.5130298341936	1	1	1
RPN2	99.4478822726414	111.972656432601	84.3769392204207	82.589836553396	1	1	185.927031297995	290.742326801205	66.364213078545	66.1832130161414	61.6776130652689	124.2990471655	109.032778472088	84.4752372806761	76.1756474335046	193.304622934309	158.198937346983	126.706634658731	152.568135654381	113.098530825925	124.954416680775
RPP38	1	1	1	25.6405022886288	1	1	1	1	1	30.9877672592115	1	1	1	1	1	1	1	1	1	1	1
RPS6KA6	19.3740210497793	23.8305216199657	32.4174387291553	40.6458290416458	1	68.2599284869941	16.2535977581765	1	31.1307870824827	39.3840015604514	1	33.3787852527261	1	1	1	16.1275739242053	1	14.6035706197929	20.8252246723417	1	1
RPS6KB2	21.0292576416846	22.9611049362323	1	37.1131217279512	21.4024249350797	1	17.2983637549521	23.1283809406523	1	1	1	1	1	1	1	19.5835650780029	1	1	1	1	47.8428966998849
RPTOR	1	1	1	1	1	1	1	1	1	19.9589253087907	1	15.8934796814393	1	1	1	1	1	1	1	1	1
RPUSD2	42.9947537796606	1	1	1	1	1	1	1	1	1	1	1	1	1	1	1	1	1	1	1	1
RRAD	1	55.594831192951	1	1	1	1	24.7555288111495	1	1	1	1	80.1803861079444	52.273737963592	1	1	26.9962802207217	112.097925241074	101.046365019907	1	72.7797814720442	1
RRAGD	20.1099419348539	32.0458959084423	1	1	1	104.654509164216	106.137950910011	1	1	1	1	1	40.9631938559544	1	1	111.217443248291	1	47.5681476558858	35.7282244025989	53.2794747972141	42.9350723847398
RRAS	1	60.3881303515051	1	1	1	1	45.1990826671742	1	1	1	1	1	1	1	1	41.6311627212034	98.5628759528463	1	24.3589022935357	57.9798900425463	1
RRAS2	64.7462100863413	1	1	68.047253235326	95.5768151624946	1	1	1	29.5881480012194	1	46.0522365624632	58.7065032010915	1	1	1	1	12.9430298182935	23.6802579386209	1	1	92.510583914173
RRBP1	23.8898653673778	77.9852243958847	1	53.738727191528	1	1	82.5313357081348	148.687876413986	1	1	1	39.3078201724685	119.11741882546	1	1	79.843153416414	135.036847593375	72.0823939684517	72.2569852879543	130.652056771764	1
RRM2	267.736273614249	1	1	1	1	1	1	1	1	1	1	49.7952784157029	1	1	1	24.608102738046	1	22.2074304891776	39.0927343124533	1	37.5921785454421
RRN3P2	1	1	1	1	1	1	1	1	1	1	1	23.2811099321855	1	1	1	1	1	1	1	1	1
RRNAD1	1	15.591918195371	1	1	1	1	1	1	1	1	1	1	1	23.158838343963	1	1	1	20.0765349142119	1	1	1
RRP1B	27.0257409157222	1	1	1	39.6706413123142	1	1	1	35.7246851579883	1	1	1	1	1	1	16.6480249555943	1	15.6141269309393	1	1	1
RRP8	1	1	1	29.1919951266609	1	1	1	1	1	1	1	1	1	1	1	1	1	1	1	1	1
RRS1	41.7675950121383	1	33.5582005151867	1	1	1	1	1	1	40.9927886442738	1	1	1	24.9474560888855	1	1	1	28.7136446569019	1	1	1
RSAD1	1	1	1	25.7890399330121	1	1	1	1	1	1	1	1	1	1	1	1	1	1	1	1	1
RTKN	23.321633720342	1	1	1	1	1	1	1	1	1	1	1	1	1	1	1	1	1	1	1	38.4309462645758
RTKN2	24.4934555269539	1	43.8876954485329	1	1	1	1	1	1	1	1	1	1	262.272440014778	58.2441700499388	1	1	1	1	1	1
RTL10	1	1	1	1	1	1	1	1	1	27.6009868091226	1	1	1	1	1	1	1	19.2370086693193	1	1	1
RTL6	40.3211295251537	1	1	37.7277414776209	1	1	1	1	34.7322963240631	1	1	40.8433121903453	1	1	1	1	16.7459194348949	28.9241725953654	1	1	67.6660173258392
RTL8A	101.487466217118	23.6441189164832	1	1	1	1	1	1	1	1	1	47.7711010627923	1	1	1	28.8213189199838	80.704586834703	59.7222662180517	1	31.3721753813102	92.9060984864215
RTL8B	23.3821549041562	1	1	1	1	1	1	1	1	1	1	1	1	1	1	1	57.2557656345097	1	1	1	45.8910999366829
RTN1	1	49.2902522977044	1	1	1	1	40.2330970620959	1	1	1	1	1	1	1	1	22.2406971195216	1	1	128.572755109137	45.3497281123797	1
RTN4IP1	1	1	1	1	1	1	1	1	1	1	1	1	1	1	1	1	1	1	1	1	40.4333174945906
RTP4	1	1	1	24.7646548993035	1	1	1	1	1	1	1	1	1	1	1	1	1	1	1	1	1
RTP5	1	1	1	1	1	1	1	1	1	1	1	29.5360948932462	1	1	1	1	1	1	1	1	1
RTTN	16.0262262311978	21.1711858115007	1	27.9542632690849	1	1	16.4103780609005	1	28.0230827380831	33.3531967565806	1	1	1	1	1	15.1726454618666	30.2385578426694	17.857695265646	1	1	1
RUBCNL	1	1	1	1	328.078025442797	230.273862795233	1	1	1	1	186.418581700713	1	49.8204019671172	1	1	1	27.8011226485286	1	29.7024408188681	1	1
RUFY3	19.9678549813252	38.3216646729775	1	35.3960358841519	39.8504143319256	1	32.2744743202	1	1	1	56.8720242443821	1	19.5115060483483	1	1	34.0726334938041	84.0376395112737	38.353088774717	47.3342434099414	76.4948475818286	1
RUNDC3A-AS1	1	1	1	1	1	1	1	1	1	1	1	1	20.0867649211968	1	1	1	1	15.3258392856905	1	1	1
RUNX1T1	1	1	1	1	1	1	1	1	1	1	1	1	1	1	1	1	47.4407458433868	1	1	1	1
RUNX2	27.4091876290557	1	56.7651081176228	1	1	36.3277526975555	1	1	24.5018036544938	1	1	91.9692708323917	55.2751043433237	47.6898867376007	49.9511093094733	1	43.3553006025079	27.304064604002	1	1	1
RUNX3	138.658498980677	95.8693766362624	580.881493365732	1087.83258867129	141.31012934944	1	49.2864046209032	29.9592340429877	1064.91700894235	97.5513005982383	234.452871160134	869.134932709103	250.738325774803	889.502687268952	445.673143323993	51.8003049658356	1	134.261022804121	205.489523058674	139.114520866286	1
RUSC2	1	1	1	1	1	1	1	1	1	1	1	32.171980248977	1	1	1	1	36.3306142455262	1	1	1	1
RXRA	36.584049420652	182.879192171224	1	29.4817095543826	1	323.88850625681	72.6303367271452	1	1	1	1	55.1964015448002	48.1772653177144	1	1	92.5183490464173	40.4705982809886	57.290419455242	116.894365042682	56.4171263048553	60.0297423241752
S100A12	1	275.574753040009	1	1	1	852.084231403943	1	1	1	1	1	1	1	1	1	1	1	1	1	1	1
S100A13	41.4080021871652	49.0113810861327	1	1	1	1	21.1050641956074	1	1	1	1	1	1	1	1	27.3987980017738	166.296307669783	33.1024896744931	1	43.4613604523346	335.557729400415
S100A14	1	133.184835286885	1	1	1	1	1	1	1	1	1	1	1	1	1	1	1	26.5749137309342	1	88.8597368286901	1
S100A16	203.084337852128	89.7610925324759	1	1	1	1	1	1	1	1	1	1	1	1	1	48.410921473136	153.061809293105	120.756169546679	1	109.386376589413	392.126773044765
S100A2	1455.74286753403	1	1	1	1	1	1	1	1	1	1	1	1	1	1	280.323675950362	1	400.481847262635	1	1	1441.90838386196
S100A8	1	1349.36110188985	1	185.045651543573	1	7458.7407166015	88.8680175831195	1	1	36.8634514107103	1	1	201.641401655007	1	1	208.799237851589	1	1	55.5827045007045	93.6071507384324	1
S100A9	1	2371.72953682953	1	126.54079031348	1	9042.65156573848	283.047873804269	1	1	1	1	1	249.759514864752	1	1	433.96873320924	86.4702544829405	36.3328732624511	131.845304912118	108.090845967111	1
S100B	1	1	1	1	1	1	1	1	1	1	1	1	1	1	1	1	1	1	561.64273937281	63.3559782622571	1
S100P	1	251.384660298797	1	1	1	619.630715805073	1	1	1	1	1	1	95.423777945922	1	1	1	1	52.0218742047274	1	222.342729836281	1
S1PR1	1	1	122.720145826771	156.879804795941	168.264206241338	1	1	1	73.3485946139179	126.729897724381	38.9109003537024	32.4990000415868	54.7349265463177	1	1	1	182.932547491798	1	1	103.998245893975	1
S1PR2	1	1	1	67.3094657702245	49.4798455244182	1	19.2341354252384	1	23.699938934134	29.3120466696021	90.6088540887134	34.8638943163078	26.6740313793186	1	1	17.689965295598	93.0819794196682	1	41.9577667086795	21.9889639335052	1
S1PR4	1	23.8851003101381	61.287450791415	74.4871223794708	25.3740783803452	179.520603765818	1	1	60.9284994881394	50.9262268996695	1	110.483083905782	1	49.9096334012398	33.2779715860787	1	1	1	1	1	1
S1PR5	1	1	1	261.338787633273	1	1	1	1	1	1	1	129.540857014732	1	1	1	1	1	1	1	1	1
SAC3D1	53.5981256690771	1	1	1	1	1	1	1	1	1	1	1	1	1	1	1	1	1	1	1	33.4954398361989
SAMD1	50.3922961004171	15.8027472003177	1	1	1	1	17.2302771629782	1	1	1	1	43.532318771049	1	1	23.3916070041982	18.4193656251444	1	19.8111783688732	1	1	1
SAMD12	17.5241363117193	1	1	1	1	1	1	1	1	1	1	1	1	1	1	1	1	1	1	1	36.2573895477879
SAMD3	1	1	1	107.532196025757	1	1	1	1	68.8155798739764	1	1	31.5423361841637	1	1	1	1	1	1	1	1	1
SAPCD2	49.3165092477929	1	1	1	1	1	1	1	1	1	1	1	1	1	1	1	1	1	1	1	1
SARDH	1	1	1	1	1	1	1	1	1	1	1	23.3222742890716	1	31.1178403109056	34.4294643421072	1	1	1	1	1	1
SARM1	1	1	1	26.3097996830233	1	1	1	1	1	1	1	1	1	1	1	1	1	1	1	1	51.5887186076989
SASH1	21.5665533413873	25.6628455834766	1	1	1	1	33.0541341137125	1	1	1	1	1	1	1	1	18.5510021075242	46.127861014174	36.6571542535475	1	50.5147833011805	1
SATB1-AS1	1	1	1	1	1	1	1	1	1	25.7297663435966	1	1	1	1	1	1	1	1	1	1	1
SAYSD1	1	1	1	1	30.680451764444	1	1	1	1	32.1484805668468	1	53.310686232594	1	31.7057267011626	1	1	1	1	1	1	1
SBF1	26.8097186323636	24.3634158476567	46.2882130285701	64.1923043278525	64.8220782115969	1	1	1	41.8333524190356	40.6375445335528	56.8203979659594	37.9552226406368	31.1718627828124	58.6805536748048	59.4309151003932	1	1	1	1	1	1
SBK1	20.6254325395853	1	1	130.598858614056	1	1	1	1	36.113449871043	20.8869159026179	1	1	1	1	1	1	1	1	1	1	1
SBSPON	69.2220753650158	1	1	1	1	1	1	1	1	1	1	1	1	1	1	1	1	24.0498374390612	1	1	161.34895313107
SCAI	1	1	1	20.78545075066	59.7636515040718	1	1	1	1	29.794355013082	1	55.5194146155128	1	1	1	1	1	1	1	1	1
SCAMP1-AS1	1	1	1	1	1	1	1	1	1	19.4894335867015	1	1	1	1	1	1	1	1	1	1	1
SCAMP5	1	1	1	1	1	1	1	21.399380329087	1	1	1	1	1	1	1	1	1	1	1	1	1
SCAPER	1	17.7980367416668	1	49.9518682335335	61.2848254573134	1	1	1	29.6606601686472	40.593109529938	31.9530969555357	1	1	27.9532336101104	1	1	1	1	1	1	1
SCARA5	1	1	1	1	1	1	1	1	1	1	1	1	1	1	1	1	62.2633086636325	1	1	1	1
SCARB1	1	16.180181103164	1	1	1	1	83.6823829737661	1	1	1	1	1	1	1	1	41.4104733210971	50.843234708883	1	22.8312544068246	19.3225787226872	1
SCARF1	1	1	1	1	1	52.1360888858077	1	1	1	1	1	1	1	1	1	1	1	1	29.0080701479806	29.5535762506611	1
SCD	97.453934973084	26.342893088586	1	1	1	1	211.939998767792	1	1	1	1	1	1	1	1	221.705565811637	1	110.634156712874	40.5334548792469	47.8970014887471	41.8814532935639
SCD5	1	1	1	1	1	1	1	1	1	1	1	1	1	1	1	1	1	1	1	1	37.2891882486079
SCFD2	1	1	1	1	1	1	1	1	1	1	1	1	1	1	1	1	1	22.7821772168937	1	1	1
SCGB2B2	1	1	1	1	1	1	1	1	1	1	1	1	1	1	1	1	1	1	1	1	28.8201813087724
SCGB3A1	1	1669.54790598403	1	1	1	1	1	149.408480679613	1	1	1	1	1	1	1	1	1	1	1	1	1
SCGB3A2	1	344.752012436943	1	1	1	1	1	1	1	1	1	1	1	1	1	1	1	1	1	1	1
SCHIP1	39.7678298098431	1	1	1	1	1	1	1	1	1	1	1	1	1	1	1	56.5434278589774	27.2568398153944	23.400747418728	23.4483232781149	1
SCIMP	1	75.505592225096	1	26.2728025504344	1	1	42.4452559814342	1	1	1	84.2159816042006	1	29.7176141323441	1	1	39.480240194263	1	1	45.4804372621626	28.9805720282722	1
SCIN	64.4490622433868	50.1689626235352	1	37.2495843808393	1	59.8236618910051	21.8028594004496	1	1	23.6492864342047	1	56.9214871104773	81.146054384565	1	1	33.830950217024	1	211.861176337967	24.9945119152435	43.8629928396371	48.3214600823897
SCLT1	19.0124880128943	29.316329867629	1	45.43374193765	1	97.1412554851019	1	1	1	1	1	25.4277734223408	1	20.7504605818524	1	1	1	1	1	1	1
SCMH1	1	1	1	1	1	1	1	1	1	1	1	1	1	1	1	1	50.7577994206856	1	1	1	11.4684863426489
SCML1	1	1	1	1	1	1	16.5304893761179	1	1	25.7205638158004	1	1	46.9105488997615	1	1	1	1	1	18.3752261635114	1	1
SCML4	1	1	67.7344850460876	52.4065944290383	1	1	1	1	72.7830595517876	105.709801245993	30.8399798352662	40.9190496715004	1	1	68.1391111165874	1	1	1	1	1	1
SCN1B	1	1	1	1	1	1	24.1163627451547	1	1	20.9659995975396	1	1	1	1	1	1	26.7471287478673	1	1	1	1
SCN7A	1	1	1	1	1	1	1	1	1	1	1	1	1	1	1	1	59.2840699875606	1	1	1	1
SCNN1A	76.8051220275665	59.0646066348685	1	1	1	1	1	1	1	1	1	1	1	1	1	29.2894551303574	1	81.6657355877661	1	45.8260117758186	166.226676930174
SCNN1B	1	1	1	1	1	1	1	26.6372564769036	1	1	1	1	1	1	1	1	1	1	1	1	1
SCRN1	58.758009187317	37.374879829406	1	39.1989544492866	1	1	23.8585102559543	1	1	1	67.4833704019168	1	27.3917158359598	1	1	26.9434038946021	1	49.2540906040741	51.5679482861258	44.9460942320476	101.40213400552
SCRN2	18.7631368574935	1	1	25.0856326145263	1	1	1	1	1	49.386396224612	1	1	1	1	1	1	28.9302441406035	23.687745708165	1	1	26.6092535655139
SCUBE1	1	1	1	1	1	1	17.9829352248107	1	1	1	1	1	1	1	1	17.8009008121497	1	1	1	1	1
SCX	1	1	1	1	1	1	1	1	1	1	1	163.253313896755	1	1	67.7679838467031	1	1	1	1	1	1
SCYL3	1	1	1	33.7791781104373	1	1	1	1	1	61.7395638125006	1	1	1	1	1	1	1	16.3107113247625	1	1	1
SDC1	190.203071169689	73.4063197762513	1	1	1	1	1	302.537658128611	1	1	1	1	1	1	1	77.6631348184296	127.706355826316	134.200829883317	1	93.1607073990822	369.549798949251
SDC2	75.6920691681207	39.9320279538606	1	1	1	1	93.4105659520198	1	1	1	1	1	1	1	1	216.512999602383	115.976644071534	1	45.2071937511903	73.6746175063524	1
SDC3	1	1	1	1	1	1	260.328928067169	1	1	1	1	1	1	1	1	54.8211441942229	154.062734919652	1	1	59.2613343650419	1
SDCBP2	38.1006636665973	1	1	1	1	1	1	1	1	1	1	1	1	1	1	1	1	26.8044123423811	1	74.5719100714398	49.0185728409336
SDF2L1	94.9382725845733	45.279181598083	32.4084692594784	51.3057268278753	1	1	56.2392282834611	273.655254613887	39.014990118028	1	1	56.3258028441923	27.6857827327369	41.3627711189035	44.3959204118053	99.6768296998003	61.2448679372646	108.089087774095	79.547463547731	61.6069435661841	188.372129255355
SDHAF1	26.6160154000619	1	1	1	1	1	1	1	1	1	1	1	1	1	1	1	1	1	1	1	1
SDK1	40.5000301406886	1	1	1	1	1	1	1	1	1	1	1	1	1	1	1	1	36.0303224209538	1	1	50.1396036304927
SDK2	26.0121163218254	1	1	1	24.1780267605544	1	1	1	1	1	1	1	1	1	1	1	1	1	1	1	1
SDR16C5	1	49.7214834479449	1	1	1	1	1	1	1	1	1	1	1	1	1	1	1	21.8446788931031	1	59.4626585408777	1
SDS	1	123.330711326294	1	1	1	1	571.012028193976	1	1	1	1	1	57.7089470942127	1	1	514.890781498028	73.7574988319734	1	197.028796036914	295.064394951166	1
SDSL	1	21.3543411394898	1	1	1	1	51.7369562602878	1	1	1	1	1	1	1	1	56.7279501404003	1	18.0408332814028	22.5137587653645	1	1
SEC11C	90.8646567644142	38.0053045940924	47.4062062002741	54.4202924092256	1	1	40.273217512367	521.031766115671	51.9949224976665	27.6386800674653	50.4486062813411	50.2779991345553	31.8310753151442	121.791605138348	93.1464430272814	56.6740823146431	1	108.492519585616	42.1565871552947	51.4844598882826	1
SEC14L2	1	1	1	1	1	1	1	1	1	1	1	1	1	1	33.3044969613723	1	1	1	1	1	47.7634091484988
SEC24A	14.7845122295582	31.1516671391457	1	1	1	1	29.2328999190818	89.1938137642955	29.0818645891373	21.9178634292594	1	1	35.158171062152	33.5739107344146	36.1272980335638	36.6992945706552	1	55.7127153362078	23.5506954207752	35.2386986227206	1
SEC24B	1	25.7165682026397	1	20.3331396887438	1	38.3443104071962	1	1	1	1	1	1	51.7840564472298	25.9489557977928	1	17.4669848615539	37.396756256496	22.9198354697915	19.222260140125	1	1
SEC24D	34.8170133857568	47.0252010090848	1	35.038039337804	42.9701072713999	33.0841178562429	38.1932893150103	86.916180632896	32.5035392458961	31.3358026030491	1	76.5703935503803	34.4396937671007	1	29.5205993358255	42.283343719472	76.0801603011836	64.1087671432003	45.2866650392439	39.667130639952	1
SEC31B	1	1	1	1	1	1	1	1	1	37.3627703761447	1	1	1	1	1	1	1	1	1	1	1
SECTM1	1	74.1170232057931	1	1	1	259.649227744098	49.2810887328998	1	1	1	1	1	1	1	1	25.8720353326765	47.8958763699597	1	35.4455336584928	42.5126027793669	1
SEL1L	23.6348959999902	35.3213069175365	1	43.7636625249452	1	58.4568738397052	45.8429251375869	192.306867285561	25.3045077812969	22.341922607719	1	35.4669457757105	59.9839715729286	55.2489431444388	48.9629589265788	49.9846833343683	73.8426651423306	54.7604037896773	44.2067690331606	42.362432267732	1
SEL1L3	39.9505283333727	36.6631397343392	70.4839295718366	38.0084926374836	196.112915509995	1	54.5412962576519	363.115750378602	105.323894636917	41.8518524545563	225.504490570083	115.033403184628	102.981683739029	117.758828902508	94.3229966203854	28.8581451026321	19.5881260186013	29.9411270190003	64.6589284116324	74.0150460217179	1
SELENBP1	1	37.8725477418888	1	1	1	1	1	1	1	1	1	1	1	1	1	1	69.5911771010551	1	1	1	1
SELENOM	30.5019371588968	1	27.2418152031758	1	1	1	1	90.213000070569	1	30.671047740953	1	1	1	26.6278840700342	1	1	183.803887279337	68.2938313492778	1	32.6849322434512	57.4657152033493
SELENOP	1	58.6947158878036	1	1	1	1	773.549119165158	1	1	1	1	1	1	1	1	27.6686460362243	279.460658651733	29.6493068541057	1	85.0129021625197	42.9099004620848
SELENOS	154.610558899308	122.719926052304	76.92797506745	107.458631096849	42.0348335683932	1	140.598686332471	436.371865215614	86.5014405568256	35.3748394956962	66.6127807518172	92.1624429199351	218.797250756633	127.444509572958	62.0818939633546	162.002900424446	232.438808316813	228.619091405769	152.694152181832	163.331138716084	47.7646164507042
SELL	1	340.37916363969	391.199188755428	346.87176971779	642.875102086483	2221.78092428119	26.4041722657157	1	220.176856652099	792.481466401434	302.232417519947	37.1415753813702	194.583957555188	363.199744281742	189.084761090905	1	1	1	23.1240468187661	1	1
SEMA3A	1	1	1	1	1	1	1	29.0274227078079	1	1	1	1	1	1	1	1	1	1	1	1	1
SEMA3F	1	1	1	1	1	1	1	1	1	1	1	1	1	1	1	1	65.6673062138293	1	1	1	1
SEMA3G	1	1	1	1	1	1	1	1	1	1	1	1	1	1	1	1	44.7747457487299	1	1	1	1
SEMA4A	1	57.8645560198437	1	1	1	106.499099220717	71.2756486261746	36.8902070305843	1	1	1	1	79.470956485212	1	1	31.7316325594998	1	46.4029977712868	39.3596802927042	33.7175844557341	1
SEMA4B	60.4480861126198	75.0856445995234	1	1	70.28006673741	57.3866658168897	17.2702345333722	1	1	1	40.7490184469416	1	1	1	1	43.2915242347493	22.8342898815051	98.3712570637061	1	42.3337367932016	57.8758869730767
SEMA4C	26.5334757536909	23.9222906650668	67.9492625042241	91.9915399716537	1	1	22.3720346256192	1	45.5402736770445	35.5601183785867	1	1	1	1	1	17.5075297788596	96.4075147957807	42.4477835147752	82.7043870703992	60.0408999806607	89.5248203120772
SEMA5A	1	1	1	1	1	1	1	1	1	1	1	1	1	1	1	1	98.3254070836973	1	1	1	1
SEMA6A	1	1	1	1	1	1	1	1	1	1	1	1	1	1	1	1	1	1	1	1	34.4865402359929
SEMA7A	1	1	1	1	55.8247709935113	1	1	26.7417448796391	1	1	129.808683152694	1	164.841265814467	1	34.4149626096382	1	1	32.0608930869749	77.3231228593974	113.837643202935	1
SENP3	32.2962130340685	21.7057851136622	1	26.2891320193843	30.905881400286	1	1	1	1	36.5473247495365	30.4406683761284	68.9330712828401	1	1	1	17.866673384939	14.6250281004048	23.5319370819992	21.9040756493014	25.2827329994248	1
SENP7	1	21.2871072432933	46.7125316426101	44.6707445725203	1	1	1	1	54.6488523778028	28.7498770843476	1	1	44.8322081765722	29.333765376609	1	1	1	17.1353538174336	1	1	1
SENP8	1	20.1406731827013	1	24.7049558382145	1	48.7074489819898	1	1	1	30.7742464255322	1	1	1	1	1	1	1	1	1	1	1
SEPHS1	35.2388347752821	17.4285479645736	1	24.2579196164051	1	1	1	22.6069976512321	1	1	1	1	69.2385948519617	1	1	24.5664188313596	35.6052180157203	45.7422553705871	1	24.558450089448	45.0857439641363
SEPSECS	1	1	1	1	1	1	1	1	1	22.520035991625	1	1	1	1	1	1	1	1	1	1	1
SEPT1	23.5174477271718	1	69.0698921268563	76.4875507823768	48.830537181549	1	1	1	91.606108012743	57.5751649065919	46.4385725514853	114.017120728631	32.1661790898439	53.8609838480948	68.842736128591	1	1	1	1	1	1
SEPT5	28.2273789168285	1	1	1	1	1	1	1	1	1	1	1	1	1	1	1	28.6052718531229	1	1	1	82.195525929619
SEPT8	51.9732131669729	20.3715625073941	1	1	1	1	1	1	1	1	1	1	1	23.9593327537864	1	16.5796189325621	188.245628395078	46.3279016385076	1	1	34.7473232484251
SERPINA1	1	520.422526538857	1	1	1	753.852356312636	276.398502313256	1	1	1	1	1	60.2406477629098	1	1	325.740434543305	73.9142942677274	47.3225634122223	238.61625161762	211.119323524971	1
SERPINA3	1	1	1	1	1	1	1	1	1	1	1	1	1	1	1	1	250.432458086368	1	1	1	1
SERPINB13	28.907967517747	1	1	1	1	1	1	1	1	1	1	1	1	1	1	1	1	1	1	1	72.9945932879161
SERPINB2	1	78.845797823434	1	1	1	1	1	1	1	1	1	1	1	1	1	76.9170173016328	1	1	1	1	1
SERPINB5	159.643093147928	1	1	1	1	1	1	1	1	1	1	1	1	1	1	1	1	101.182192140729	1	1	151.265945949206
SERPINB6	1	61.7106786619868	1	67.0932798502496	1	1	91.8232006936313	1	1	34.9054820782688	1	1	1	1	1	65.7128177846947	53.831217534319	47.1234611514668	72.9738113038464	92.0147792968933	41.2956428993451
SERPINB8	1	31.7776527504146	1	1	1	1	21.6569439507085	1	1	1	1	1	1	1	1	28.1110752966977	21.2662359920758	19.0399789607516	38.8800909263621	41.4357428329145	1
SERPINE1	34.1455438199851	40.6244944279993	1	1	1	1	1	1	1	1	1	1	72.568001635784	1	1	53.094477194068	533.210527406347	96.4192821594508	1	89.4249133015139	1
SERPINF1	1	28.8995626628286	1	1	1	1	81.9440651314223	1	1	1	1	1	71.9607275356125	1	1	1	505.270970644043	58.0499193410449	75.7324274708845	55.1234394272434	1
SERPINF2	1	1	1	1	1	1	1	1	1	1	1	1	1	1	1	1	1	1	18.0659973134933	1	1
SERPING1	1	97.1750460716042	1	1	1	1	414.688059814358	1	1	1	1	1	102.52315727926	1	1	121.779427581716	2386.57500143477	82.2369360512618	65.3922734074765	332.330014668097	1
SERPINH1	87.2948081767427	107.059289120195	1	1	1	1	46.0031665723316	1	1	1	1	1	179.632854691582	1	84.4743376663314	100.953583166914	880.369819555307	244.819188934937	55.5630932387605	147.663343187202	106.912764274105
SERPINI1	1	1	1	1	32.7076032812713	1	1	33.4145463871947	1	1	1	1	1	1	1	1	1	1	1	1	1
SERTAD3	1	1	1	1	1	1	1	1	1	1	1	1	1	1	1	1	1	1	27.1925562876437	1	1
SERTAD4	58.1289364712426	1	1	1	1	1	1	1	1	1	1	1	1	1	1	1	1	20.7765750408286	1	1	14.3182999287434
SESN1	1	17.831587744423	58.2912646776169	47.6429989443982	146.703796915317	1	50.1775727837884	1	44.364231825011	51.9791380090271	1	1	1	63.290991170122	75.1254417094819	26.0494213045971	1	1	21.4271894076175	23.7683723918208	1
SESN3	154.871819379633	36.0327140105328	134.146153058007	1	103.431906286639	1	24.023160258338	1	40.8846334508877	207.88617058972	210.454385839442	1	69.4755768600746	94.7923391627109	207.504236524559	47.232220791556	1	83.0166864101808	26.5290303636763	39.2897107464689	153.22933791231
SESTD1	33.4243036058011	58.3376465331735	1	1	36.8958904392328	1	55.1454087223979	1	1	1	31.3840995753441	1	1	1	1	48.5474709700752	20.5295819480564	30.2960845287038	24.5876417510565	64.2039296472467	1
SETBP1	1	1	1	34.361631734971	38.5439116431583	1	1	1	1	1	62.4097230712774	16.383328166532	1	1	1	1	62.525359763734	18.8287561473167	1	1	1
SETD1B	1	15.9201895683074	38.1366333835941	36.4767697520064	53.9126465414447	1	1	1	42.1695242673025	34.584025788022	31.899397912171	1	1	87.5092282655097	54.9785768945638	1	1	1	1	1	1
SETD6	1	1	1	1	1	1	1	1	1	1	1	43.9603011150553	1	1	1	1	1	1	1	1	1
SFMBT1	1	1	30.8939979457859	1	1	1	1	1	1	1	37.6398810007967	32.8740448631848	1	1	42.8318294524734	1	1	1	1	1	1
SFMBT2	1	21.15599465673	1	49.96286303019	1	1	24.332229580998	1	46.6248098571074	26.3501035800606	1	73.9650915440722	41.7427321742606	1	1	21.8101453425174	1	1	24.9033490518171	29.4160725401984	1
SFN	327.645778648305	60.0607769327084	1	1	1	1	1	1	1	1	1	1	1	1	1	71.130797568782	1	118.730687126647	1	72.2234690096541	256.138597419827
SFRP2	1	1	1	1	1	1	1	1	1	1	1	1	1	1	1	1	338.988149896579	1	1	1	1
SFRP4	1	1	1	1	1	1	1	1	1	1	1	1	1	1	1	1	292.088677351525	1	1	1	1
SFT2D3	22.8814191099937	16.0697833966204	1	31.0595156578564	1	1	1	1	1	1	1	1	1	1	1	16.3099353888112	1	1	1	1	1
SFTA2	1	117.362870108068	1	1	1	1	1	1	1	1	1	1	1	1	1	1	1	1	1	1	1
SFTPA1	131.749912831069	1718.79428395401	1	1	1	1	1	1	1	1	1	1	1	1	1	1	151.244059862287	593.806113597406	1	351.093834884063	1
SFTPA2	1	1486.7829642412	1	1	1	1	1	1	1	1	1	1	1	1	1	1	155.745816187295	428.656200343328	1	351.869797693669	1
SFTPB	374.479399479591	2438.92243843634	98.2021372620922	1	45.9077039127749	46.6259396147723	87.7092899015418	240.006870006468	45.4119251489171	1	1	1	143.670323121436	182.046320461974	96.8083576039506	269.392228214489	776.270488454256	2189.776642448	68.6470054305936	551.937700487854	1
SFXN2	29.7809418656083	1	1	1	1	1	1	1	1	1	1	1	1	1	1	1	1	1	1	1	1
SFXN4	1	1	1	1	1	1	1	1	1	1	1	1	1	1	1	20.5474186093942	1	1	1	1	1
SGCB	1	1	1	1	1	1	1	1	1	1	1	1	1	1	1	1	101.612671247912	1	1	1	1
SGF29	1	1	1	1	1	1	1	1	1	15.1061908729228	1	34.6295510589118	1	1	1	1	1	1	1	1	1
SGIP1	1	1	1	1	1	1	1	1	1	1	1	1	1	1	1	1	72.2614829875608	1	1	1	1
SGK1	161.004272466667	148.324041914293	47.6793387476454	1	1	161.168025673094	435.977085041972	79.1206244340768	1	1	1	1	482.156941890498	1	55.9632250241813	300.136284718479	146.710864419014	386.204712907394	386.379403596844	317.466445924084	162.167842953344
SGK494	1	21.9564770624227	1	25.9383272435322	34.8699193644381	60.6406955605454	1	1	1	20.3820333849445	1	50.4988060316886	1	1	1	1	1	1	1	1	25.2547856442528
SGMS1	20.5556753783342	25.4956293085783	1	1	1	1	22.0191623033245	1	1	1	1	75.0682237765316	20.8550687532819	58.1168153755232	31.7454811716982	23.0011208388449	1	36.268426231794	1	24.6222160561664	1
SGMS2	1	53.4820066639977	1	1	1	1	1	1	1	1	1	1	1	1	1	28.3506405052253	26.5896194704309	33.4684044001854	16.9586683821207	53.3288439180095	1
SGPP1	22.999596483154	25.9042266537313	29.4243512925891	50.2185543006164	50.4854802587219	1	56.676848134465	1	41.3173810722233	1	106.827610243009	57.2945796356682	58.353762631632	78.4333407000086	55.3339645864155	31.3807895721373	67.9667097337722	45.633512067865	51.6853748086464	39.1367522198717	1
SGSH	1	22.1409928322526	1	1	1	1	39.3459168750223	1	1	1	1	1	1	1	1	27.444396867927	1	1	1	20.4998949235171	1
SGSM1	1	19.4706702549091	1	34.2866436560905	1	44.7037503915663	1	1	1	1	1	1	30.9427194805105	1	1	15.5053037074697	1	1	1	1	1
SGSM2	1	22.4380838025145	30.1415209800387	29.3886855990082	1	1	1	1	27.2950218421694	26.7855956837161	1	1	1	1	37.8834732704348	1	17.6006982082337	1	1	19.9133566456349	1
SGTB	1	28.6914100696979	63.2883310545754	1	1	46.0649780533913	44.5729490131976	1	41.4553678630294	44.6431544698822	1	1	1	77.3673203727726	62.1563774386595	39.8875633586542	1	13.8657784081804	1	44.869547965909	1
SH2B3	1	76.8689885497828	1	37.5098772892429	45.6406149499852	1	68.0015429927109	1	1	1	55.1121073393938	1	84.7054882964176	1	1	56.6119213888265	43.7930293663153	39.6048711607935	140.824890262578	115.181889592106	1
SH2D1A	1	1	99.4707398434204	122.520630300241	1	1	1	1	212.936191748094	20.5285226625479	1	110.527940500895	1	146.594618127623	179.319892794072	1	1	1	1	1	1
SH2D1B	1	1	1	256.36702583216	1	1	1	1	1	1	1	108.188475556725	1	1	1	1	1	1	1	1	1
SH2D2A	34.9950489458892	1	96.2325967966925	139.103815330689	1	1	1	1	126.694276074202	1	1	192.151013331061	36.8915602572402	208.714605156062	107.808023077481	1	1	1	1	1	1
SH2D3C	1	38.8020485637336	1	82.1204176481917	1	126.209265718926	1	1	40.0771211873993	42.1530314861858	1	24.0656347481683	1	1	1	1	85.5745978188857	1	1	50.4703863369125	1
SH3BGRL2	1	1	1	1	1	1	1	1	1	1	1	1	1	1	1	1	22.5245167840381	1	1	34.1980675288241	1
SH3BP4	47.9922068927659	25.8126921121467	1	1	1	1	1	1	1	1	1	1	48.7319648371361	1	1	22.2862294611896	71.5168712890734	66.8465459384699	61.9320649010572	68.7698671658127	58.4730067745007
SH3BP5L	27.9163672819281	20.513176794221	1	1	1	51.100290483024	1	1	1	1	1	1	1	33.2624929826535	1	1	1	16.6742498263201	1	1	31.5990708282028
SH3D19	1	1	1	1	1	1	1	1	1	1	1	1	1	1	1	1	64.5396423426295	1	1	1	24.3094390733127
SH3GLB2	28.3585206158591	19.3382728086703	1	21.9060077310974	1	1	1	19.21623755911	1	20.4580136711374	1	1	1	32.9688472794326	1	19.1598971321503	1	1	1	1	11.7855072222685
SH3PXD2B	18.1390808640964	30.7993926020061	1	1	1	1	73.1251890514649	1	1	1	1	1	1	1	1	57.1823727032613	49.9952568913168	22.2510877140331	44.4972560053244	30.9321706451001	1
SH3RF1	1	1	1	1	1	1	1	1	1	1	1	1	1	1	1	1	25.9216792185877	28.5759879257362	1	1	1
SH3RF2	1	1	1	1	1	1	1	1	1	1	1	1	1	1	1	1	1	1	1	1	48.8495090079624
SH3TC1	1	47.4363254583106	34.2385601825139	1	1	1	41.9806003686298	1	1	1	1	1	25.0062683625661	48.1461859247978	33.9688235645972	30.7958880142196	17.0796702629266	1	43.7063796596568	40.3948892300469	1
SH3YL1	52.8784821979451	26.3410083732974	41.5205663103734	30.0293482713643	1	1	1	1	27.8363141929173	58.2302438285005	1	1	1	37.1730204033209	1	22.7260805488489	1	30.4284614966099	1	41.8226800331965	87.8962890551375
SHANK3	26.3445529334873	1	1	1	1	1	1	1	1	1	1	1	1	1	1	1	103.615336330451	1	1	1	42.1746505685999
SHCBP1	29.1624756581936	1	1	1	1	1	1	1	1	1	1	1	1	1	1	1	1	1	17.850394410447	1	1
SHE	1	17.473822296447	1	1	1	1	1	1	1	1	1	1	1	1	1	1	57.0573288468488	30.2981831848525	1	1	1
SHISA2	1	1	1	1	1	1	1	1	1	1	1	1	1	1	1	1	1	35.8816871237175	1	1	1
SHISA4	1	1	1	1	1	1	1	1	1	1	1	1	1	1	1	1	19.1482541554909	16.7410421075826	1	23.0923173261545	1
SHISA9	1	23.497299457072	1	22.2891650125099	1	1	1	1	1	28.3402465649326	30.9983624539662	43.8216150464557	1	1	1	15.9151898828094	1	24.6332646827976	1	23.1008072433572	1
SHMT1	77.1726213410099	1	1	1	1	1	19.895623746597	1	1	1	1	1	1	1	1	1	1	1	1	1	17.4476626370976
SHPRH	20.862886746096	19.7168741492446	1	48.3535104523625	1	1	1	1	25.6486469043003	27.5236505506107	26.1689447617852	1	1	1	1	1	1	26.1198550752374	1	1	18.9954350301209
SHROOM3	1	28.1014721878852	1	1	1	1	1	1	1	1	1	1	1	1	1	1	1	20.6852472743155	1	1	1
SHTN1	27.2817260684972	39.7115947254072	1	1	1	1	46.6939360203866	1	1	1	1	1	1	1	1	44.7668104291625	1	34.9255589577471	61.5697432802724	42.148784855405	36.5165993184647
SIAE	1	28.367435514644	1	1	1	1	15.2571024800037	1	1	1	1	1	1	1	1	18.1695066363679	1	17.1444761574599	1	1	1
SIDT1	1	19.239234564944	45.0787777057418	68.5592502935586	443.815689666029	1	16.0689608311463	1	58.2618912403559	37.0714622464744	201.831021113572	16.8806796516117	72.6961357781623	1	48.4375571581161	1	1	1	17.7579493120559	1	1
SIGLEC1	1	1	1	1	1	1	174.91940966616	1	1	1	1	1	1	1	1	76.8142881896629	1	1	21.1555192600827	22.1850959000015	1
SIGLEC14	1	36.9119611255844	1	1	37.2468186526569	90.4867382005153	31.0062280566532	1	1	1	1	1	1	1	1	41.4425331185164	1	1	1	1	1
SIGLEC5	1	1	1	1	1	89.5460312285549	1	1	1	1	1	1	1	1	1	1	1	1	1	1	1
SIGLEC7	1	33.7856600299818	1	54.3068103976156	1	1	48.966388733659	1	1	1	1	1	1	1	1	41.878375998057	1	1	28.069857854839	1	1
SIGLEC8	1	1	1	1	1	1	29.5202281538814	1	1	1	1	1	39.3916274175128	1	1	1	1	43.3679950644647	1	1	1
SIL1	1	17.3264122735719	1	1	1	1	18.8390460103178	27.2760898387126	1	1	1	1	1	1	1	18.8149955403296	1	1	1	1	1
SINHCAF	32.9444564281777	1	25.3323001062415	25.3879466587349	34.6307561438796	1	1	1	1	1	42.943945754975	1	1	1	24.2031612063876	1	1	22.0086642307295	1	1	1
SIPA1L3	48.223745759527	17.3774472510226	1	1	1	1	1	1	1	1	1	1	1	1	1	1	1	18.783879086806	1	1	23.306355403646
SIRPA	1	215.881603905679	1	1	1	468.393134934357	380.63439336596	1	1	1	1	1	131.903442367677	1	1	401.310562590677	82.4104316883635	45.6137719800694	286.191772958729	225.802303892979	50.981940668568
SIRPB1	1	58.0415807637994	1	1	1	272.883401005534	33.4377804980828	1	1	1	1	1	79.9554754999286	1	1	43.4062061062072	1	1	1	1	1
SIRPB2	1	36.5140659338566	1	18.2973747502379	1	82.424394299945	18.8555170508157	1	1	30.5689825730828	1	1	1	1	1	1	1	1	1	1	1
SIRPG	34.6925071495141	1	35.0006329330593	1	1	1	1	1	47.7954496586634	53.6035849129382	1	76.3302261090606	1	154.463421757326	110.345924644731	1	1	1	1	1	1
SIT1	1	1	45.0613494404435	1	40.5352793529669	1	1	1	60.0320417785239	63.7518089957401	40.4498107851427	70.639462705938	1	96.5499834209807	84.6988942463886	1	1	1	1	1	1
SIX1	54.7696010829297	1	1	1	1	1	1	1	1	1	1	1	1	1	1	1	1	19.3466659612409	1	1	46.1714590423241
SKAP1	1	1	73.615808182148	140.171838262497	1	1	1	1	77.0914880285786	70.9568462540048	1	140.16974514934	32.9826718490851	109.369579259991	61.3992260869664	1	1	30.0842460897385	1	1	1
SKP2	37.1721734580613	1	1	1	1	1	1	1	1	1	1	1	1	1	1	1	1	1	1	1	1
SLA2	1	1	57.5854921458304	135.593589719786	1	1	1	1	123.025417124358	46.9158234818903	1	163.25861979595	57.0505431827794	55.405950855182	99.6238770349846	1	1	1	1	1	1
SLAIN1	1	1	1	1	1	1	1	1	1	1	1	55.6289848456937	1	1	1	1	1	1	1	1	1
SLAMF1	1	1	28.510777900568	1	1	1	1	1	1	1	1	1	1	73.4314267212447	39.0641668069468	1	1	1	1	1	1
SLAMF7	1	39.3371165261442	28.6483985500258	214.773662310721	1	46.4854896976802	58.5604707943235	315.040758328759	111.031011733367	38.8868436702028	53.2256162046623	61.3611022307409	70.7502468129257	29.2910537116337	34.7745774448447	46.7914644372182	28.8687296429332	30.7490017424349	70.5452031785126	116.307705367538	1
SLAMF8	1	25.1046612296868	1	1	1	1	181.009581897112	1	1	1	1	1	1	1	1	124.683637562525	41.8173249074242	1	119.812418131106	78.5387800083796	1
SLAMF9	1	1	1	1	1	1	1	1	1	1	1	1	1	1	1	30.2762876593362	1	1	1	1	1
SLC10A2	1	1	1	1	1	1	1	1	1	1	1	1	1	1	1	1	1	1	1	1	185.851262403692
SLC10A3	1	1	1	1	1	1	1	1	31.3387851938711	1	1	29.4677384797393	1	1	1	1	1	13.5417293081345	1	1	1
SLC11A1	1	273.540171579687	1	23.7280164626315	1	789.062534745093	202.838613134599	1	1	24.4005423818027	1	1	121.890282792521	1	1	366.430355339532	1	28.3015204889751	59.9927771474948	65.1693509378011	1
SLC12A8	1	1	1	1	1	1	1	1	1	1	1	1	1	1	1	1	1	37.8068238169735	1	1	1
SLC13A3	1	1	1	1	1	1	1	1	1	1	1	54.5940889696459	1	1	1	1	1	1	1	1	1
SLC13A5	1	14.9954578961408	1	1	1	34.0770998525452	1	1	1	1	1	1	1	1	1	1	1	1	1	1	1
SLC14A1	1	1	1	21.8852694513878	1	1	1	1	1	23.0707897671598	1	1	1	1	1	1	1	1	1	1	1
SLC15A3	1	140.211809038427	1	1	42.9535612593683	153.40613503856	366.819790002331	1	1	1	54.8564061828225	1	60.832746198216	1	1	303.884891809485	60.2138717794763	19.4342187965459	167.275359869019	230.486458417302	1
SLC16A1	77.670554178987	1	53.4217124549361	1	1	1	18.6942881057378	20.1445348558344	55.6363196660571	1	24.7044234164022	46.3447825573326	1	107.960126723452	93.4202397800004	45.8453634992458	11.7919876818902	78.3130299915493	18.7148070185973	31.6918316588497	1
SLC16A10	1	142.260665187006	1	33.1930518267759	1	40.2255902021387	312.019541296737	1	28.2171902645664	46.5747924311496	1	56.2586869340109	78.2671377818365	26.844204356649	29.5546592382495	352.655719713971	49.8949391695992	32.0026232271083	235.328448590606	275.470657185113	1
SLC16A14	23.148867069085	1	1	1	1	1	1	1	1	1	1	1	1	1	1	1	1	28.7556196899205	1	1	14.8302284891757
SLC16A5	1	19.9909061355164	1	1	1	1	1	1	1	1	1	1	1	1	1	1	1	1	1	1	1
SLC16A6	1	28.5243061045806	1	29.411171148566	1	1	48.1377034490629	1	1	1	1	1	1	1	1	46.9432825850133	1	1	1	1	1
SLC17A9	1	1	1	1	1	1	1	60.1805498218093	1	1	1	1	1	1	1	24.063660412127	1	1	1	1	1
SLC18A2	1	1	1	1	1	1	1	1	1	1	1	1	253.484827361046	1	1	1	1	860.7055334853	41.6851598285669	1	1
SLC18B1	1	1	1	1	1	1	39.666135875452	1	1	1	1	1	1	1	1	1	1	1	1	1	1
SLC19A1	1	19.6700425427346	1	1	1	79.8474232123972	1	1	1	1	1	1	1	1	1	1	1	1	1	1	1
SLC19A2	1	28.4191278639911	1	1	38.31491552185	1	76.4252681769081	1	1	1	1	73.7355216841578	1	1	1	66.4983304732907	51.4215199994733	54.8901541522282	18.4330133658977	51.7544239666288	1
SLC1A3	1	1	1	1	1	1	115.479787292474	1	1	1	1	1	1	1	1	71.7500092815326	31.4258776571366	1	1	1	1
SLC20A2	28.0144514666558	1	1	1	1	1	1	1	1	1	1	1	1	27.8390642038873	1	19.2543792503378	31.9504707429402	30.0330884362157	1	23.7677914976789	108.363049881528
SLC22A17	1	1	1	1	1	1	1	1	1	1	1	1	1	1	1	1	64.5696083788291	1	1	1	31.8459226273179
SLC22A23	1	1	1	1	1	1	1	1	1	1	1	1	1	1	1	1	1	22.0588482915473	1	1	1
SLC22A9	1	1	1	1	1	1	1	1	1	1	1	1	23.5043832477983	1	1	1	1	1	1	1	1
SLC23A3	1	1	1	1	1	1	1	21.0764421594936	1	1	1	1	1	1	1	1	1	1	1	1	1
SLC24A3	1	1	1	1	1	1	1	1	1	1	1	1	48.6083814289162	1	1	1	1	66.6952785358941	1	1	1
SLC24A4	1	42.5141649953946	1	1	1	1	1	1	1	1	1	1	1	1	1	1	1	1	1	1	1
SLC25A17	42.8705026542903	1	1	1	1	1	1	1	1	16.3862723988944	1	1	1	1	1	1	1	15.6544426065591	1	1	1
SLC25A19	1	30.3388319161595	1	1	39.2252034120409	1	54.6858870726259	1	1	1	24.5587113115994	1	1	39.9959053796115	28.8901982911612	53.0141198712157	1	1	69.6044851188733	64.6109194028851	1
SLC25A20	14.0388845082488	26.663507787415	1	93.3304653425762	1	1	25.4673094663029	1	1	1	1	62.4073321080633	1	1	28.4085957305622	23.6793357414622	1	1	21.7826760455656	1	29.18112490342
SLC25A23	1	1	1	1	1	1	1	18.9037455613391	1	1	1	1	1	1	1	1	26.9923077627094	1	1	1	52.0503066281481
SLC25A24	23.9722487414884	44.088775906912	1	1	1	1	63.9957115882641	1	1	1	1	1	1	31.3160930816715	1	70.9182236890404	16.4624118688896	18.4199886728269	42.548189358696	43.3242074423762	1
SLC25A30	19.4326106835896	1	40.2644077827134	1	28.1375168095726	1	24.9871930005272	1	36.325728969109	1	1	74.6732861485681	45.3778804784174	1	1	19.1354938736323	1	1	1	1	1
SLC25A37	24.6207006268927	178.085097586883	45.1507477815757	73.8322651466107	65.2296990655001	1938.59206971426	49.9443303863273	1	59.1633383994195	70.5367650019051	53.8922786550605	39.5889191326542	172.691037811536	37.8520524143599	36.9005078790721	79.1292138130709	64.1750534853005	53.7487762528839	62.8455700351193	94.3819564288341	36.2224705163729
SLC25A4	25.0745231883979	1	1	1	1	1	1	23.0620389492913	33.0086956153749	1	25.0863933558027	36.135511464188	1	1	1	1	1	24.7050280059101	1	24.2405792745379	1
SLC25A43	34.1062936166497	1	1	1	1	1	1	1	1	1	1	1	1	1	1	21.1849866762714	1	20.2035742425308	1	1	1
SLC25A46	22.355841348696	24.9264820717632	1	42.7833230728495	1	1	26.5701476832058	32.0825143545073	30.7079982121246	27.3030679853269	1	1	1	42.7986960026191	42.2559034133232	29.9913411773657	1	31.0980875329752	1	1	25.8605980340519
SLC25A53	1	1	1	26.4665005259866	1	1	1	1	1	1	1	26.6944791613514	1	1	1	1	1	1	1	1	1
SLC26A6	1	18.8836151896991	1	1	1	1	1	1	1	1	1	1	1	1	1	1	31.7590991244577	1	1	1	1
SLC27A1	1	36.5003997309528	1	35.036350967344	1	1	72.577157528011	1	1	1	1	1	1	1	1	51.0174183692488	26.6455897511367	1	22.1870974992722	26.5939211627052	1
SLC27A2	43.0542921035822	1	1	1	1	1	1	1	1	1	1	56.1510496773027	1	1	1	1	1	50.1537741195122	1	1	1
SLC27A5	25.9792912332751	1	1	1	1	1	1	1	1	1	1	1	1	1	1	1	1	1	1	1	1
SLC29A1	50.9075453641765	21.4162214182118	1	1	1	1	123.626222780558	1	1	1	1	1	28.8939037059623	1	1	76.8841673150665	60.358693646357	33.8943903141642	26.13800480212	37.3640494454195	1
SLC29A3	1	1	1	1	1	1	70.3453750534054	1	1	1	1	1	1	1	1	56.2841299441634	1	1	1	1	1
SLC2A13	1	19.5673947351405	1	1	1	1	15.2901858887832	1	1	1	1	41.1164291602828	1	1	1	1	1	15.3744020276546	1	15.5763131515391	1
SLC2A4RG	31.8258810444078	16.7314815590245	36.6312338173036	38.3185470365953	1	1	1	1	40.4814353362879	45.4657500536827	1	1	1	1	34.4222771613546	1	65.1857746704226	19.5153840078868	1	1	37.9601784455845
SLC2A5	1	1	1	1	1	1	21.5679150437924	25.6182760258741	1	1	1	1	1	1	1	30.5152751515051	1	1	1	1	1
SLC2A6	1	44.0986713015128	1	1	1	1	21.6301864599806	1	1	1	1	1	31.9212129136593	1	1	18.4610318142009	1	45.9377286330917	1	46.6892264936386	1
SLC2A8	33.3465022247771	1	1	1	1	1	28.8382774038234	1	1	1	1	1	1	1	1	19.1482227461148	1	1	1	1	36.3655092053545
SLC30A4	1	16.8019082649072	1	32.0875999362522	1	34.4699271761687	1	1	28.2143407242634	24.1623016193982	1	40.6832647962487	1	1	1	1	37.3698529328217	15.8913738168608	1	1	1
SLC30A6	1	1	1	1	1	1	14.9132292342658	1	1	1	1	1	1	32.8426102338284	1	16.9836355707999	21.2760795928864	15.9155792495495	1	1	1
SLC31A2	1	75.4906676296101	1	1	1	89.3839157679048	100.001057425189	1	1	1	1	1	1	1	1	89.5746127655786	1	1	61.1422312939711	68.1589814918138	1
SLC34A2	1	125.004136249043	1	1	1	1	1	1	1	1	1	1	1	1	1	1	1	68.8796594290485	1	1	1
SLC35A2	32.4876661493104	25.138318883298	1	1	1	1	19.6571634641367	20.3674228987474	1	1	1	1	1	1	1	25.5391011333818	1	36.7253607263654	34.5082704388824	30.1919759713303	1
SLC35A5	19.2383022499561	27.1804833056468	1	1	48.1664212245732	1	28.4565185412328	1	1	1	1	1	1	1	1	21.7468845010671	1	18.8189808302305	20.1680856536898	26.0614445875651	1
SLC35D1	1	1	29.2094932874026	1	35.4885437806504	1	1	1	32.593119470797	1	32.3224024567078	25.041211080333	30.6221551286777	53.9767583568325	29.4432144230475	1	1	27.0535340548638	1	1	1
SLC35D2	1	26.3727093443714	29.7905484332733	1	1	1	33.7879838029705	1	43.2559902976904	1	1	1	1	68.4003790742984	49.0103446303382	23.2498362873658	15.8605995477998	21.8694714353819	37.088664199195	24.3116200350484	57.5210690954444
SLC35F2	17.1990996085872	1	1	1	1	1	1	34.5854427871912	1	1	1	45.7913560034747	1	36.8939017272369	37.3141102974352	1	1	1	23.8943816082989	1	1
SLC35F5	35.5127229595537	24.6272817397379	1	1	33.4470172473142	1	27.5905317032554	26.775190782648	1	1	1	1	1	1	1	38.9934461939804	24.3223058929885	46.8776344628409	18.1704860031088	28.1360438388286	88.9369420897871
SLC35F6	24.609153802478	26.9875467850323	1	36.0296081818308	1	1	94.797596364768	1	1	1	1	1	1	1	1	72.6126670775195	24.4547762345794	1	16.6966047616224	21.3242504975853	1
SLC35G1	53.3593465844315	1	1	1	1	1	1	1	1	1	1	1	1	1	1	1	1	1	1	1	91.4309173675273
SLC36A1	18.0683039487634	23.731397631052	1	1	1	1	77.3242066266821	1	1	1	1	1	1	1	1	58.0531184601602	1	25.9976917067682	26.3797314215897	1	22.1354133531094
SLC36A2	1	1	1	1	1	1	1	1	1	1	1	28.3191143757401	1	1	1	1	1	1	1	1	1
SLC37A2	1	24.7550127803937	1	1	1	1	83.7450775269331	1	1	1	1	1	1	1	1	57.1354395133973	1	1	41.7832744048469	28.154786621216	1
SLC37A4	23.9329047437915	1	1	1	1	1	26.9805172961269	1	1	1	1	1	1	1	1	24.7015485651129	1	1	1	1	32.6480610078411
SLC38A1	164.130129920429	32.6008807777856	378.634532799359	375.140767428208	304.691714711985	1	1	80.7484874652357	465.738319880789	346.930075666056	229.862079711345	306.121046912075	152.088015773141	331.696509280461	364.391200662696	20.4554622268991	1	77.5359053970925	147.476841836804	66.9100322923061	50.4977246338464
SLC38A5	1	1	1	1	1	1	1	29.9683505311235	1	1	1	1	1	1	1	1	1	1	1	1	1
SLC38A6	1	15.4196974893372	1	1	1	1	62.4042843148288	1	1	17.6726346803103	1	1	1	1	1	58.6385900081868	1	1	1	1	62.8747595383726
SLC38A7	1	22.9581165505205	1	23.4176308722743	1	1	66.0850113910923	166.739679242952	1	16.5409777220269	1	22.4296906042995	1	1	1	45.9864191361962	38.1915383696828	14.0034429560876	1	1	1
SLC39A10	1	20.976356653936	1	32.7101278308954	1	1	30.7841759715709	1	1	33.460641964795	1	1	57.4403222999113	1	1	29.6421691609417	1	39.242262983104	35.0752126350406	34.5457924846509	1
SLC39A11	40.3262859271778	34.6739756268119	1	1	1	1	63.157592684298	1	1	1	1	1	27.0015612657908	1	1	82.691156731809	1	43.5791620342035	17.7818726497284	34.6511139379772	1
SLC39A14	21.591647989995	1	1	1	1	1	1	25.0573952376457	1	1	1	1	31.5834633377069	1	1	1	116.41080023802	43.961164949374	1	1	1
SLC39A3	19.7905849547073	25.8465377700709	1	26.5712068634641	62.1340773245576	1	29.5395111922033	1	1	1	70.7822884450472	1	22.9439813936184	1	1	40.1930886008974	21.6494477072144	29.1146012054543	29.3745256470207	25.4202864339883	29.4510853696486
SLC39A4	76.7363274875828	32.8484202995719	1	1	1	1	1	21.895309003181	1	1	1	1	1	1	1	26.0545427014841	1	50.6376061363009	39.0355863074936	1	66.068796184351
SLC39A7	1	1	1	1	1	1	1	19.6980188062893	1	1	1	1	1	1	1	20.5214354842125	34.6207195308754	18.2359625791667	1	1	1
SLC39A8	19.3900273751504	64.44846168602	60.1106292653831	1	1	1	41.1814755643416	62.9448875911225	1	16.4451126867241	1	31.8094397631407	34.5938658985948	31.7455673329616	1	78.8129251285343	34.737803292509	41.5633576411559	73.6568225241388	70.1449068419555	1
SLC40A1	1	45.2513762453463	1	1	1	115.067341404793	270.463665673208	1	1	50.8218842272646	1	1	1	1	1	1	1	1	1	1	1
SLC41A1	24.6961322114353	1	1	1	1	1	1	1	1	1	1	49.6678902989704	1	52.4906633454305	23.5202583881346	1	1	14.2258955180038	1	1	1
SLC41A2	1	1	1	1	1	1	1	1	1	1	1	1	1	1	1	25.9950266141398	1	1	1	21.7843120945188	1
SLC43A1	1	1	1	1	1	1	1	1	1	1	1	22.182342063233	1	1	1	1	1	1	1	1	1
SLC43A3	31.2022085026323	76.2163127488745	1	1	1	1	107.259706833701	1	1	1	1	31.8769131536865	83.1037714853378	1	39.6799175334027	175.907758305997	46.6630383863192	81.3338718226957	92.2604875113786	85.288874556858	1
SLC44A4	1	31.8370432556806	1	1	1	33.7517866039611	1	1	1	1	1	1	1	1	1	1	1	1	1	36.7391895384566	1
SLC45A3	1	1	1	1	1	1	1	1	1	1	1	1	94.7632747950021	1	1	1	1	129.547695918759	1	1	1
SLC45A4	16.6364421675699	1	1	1	1	135.460132150342	29.4672666921804	1	1	1	1	1	34.1046821642747	1	1	1	1	24.4391789083792	1	1	1
SLC46A1	1	1	1	1	1	1	28.6932398970679	1	1	1	1	1	1	1	1	1	1	1	1	1	1
SLC46A3	1	20.8728126241202	1	29.0530915627832	1	1	52.6918800227474	1	1	1	1	44.4678968613623	28.1317608018179	1	1	20.4331903599898	1	32.0777739411047	36.3032912123098	1	1
SLC47A1	1	21.9031677075065	1	22.0748276888504	52.8562005368445	1	35.8086007073231	1	1	17.8592457612447	1	38.3160142734873	44.8345989633023	1	1	17.4736507945311	1	1	1	1	1
SLC4A5	1	18.4844788009881	1	21.5240160062077	1	65.1341336368362	1	1	1	1	1	12.5822145691352	1	1	1	1	1	1	1	1	1
SLC51A	1	1	1	1	1	31.0848300251878	1	1	1	1	1	1	1	1	1	1	1	1	1	1	1
SLC52A2	22.4641493822404	22.2392079110883	1	23.6808561138564	1	1	17.6003040674725	22.709947766323	1	1	1	1	1	1	1	31.3087940129821	1	25.826978619894	21.503941916403	1	55.6607763567558
SLC5A12	1	1	1	19.252747032704	1	37.6540089705205	1	1	1	1	1	1	1	1	1	1	1	1	1	1	1
SLC5A6	1	1	1	1	27.7994955830284	1	1	1	1	1	1	22.356942048306	1	1	1	15.6153295225853	1	1	1	1	1
SLC6A11	1	1	1	1	1	1	1	1	1	22.2300921478952	1	1	1	1	1	1	1	1	1	1	1
SLC6A14	1	34.1716555487828	1	1	1	1	1	1	1	1	1	1	1	1	1	1	1	34.9914758715877	1	1	1
SLC6A8	108.804502932897	1	1	1	1	1	1	1	1	1	1	1	1	1	1	46.4816360175348	1	97.4396933856648	1	1	133.782082989263
SLC7A2	1	1	1	1	1	1	1	1	1	1	1	1	1	1	1	1	1	79.4099673708937	1	1	1
SLC7A6	1	1	28.8945919854997	1	33.7487056379655	1	1	1	1	71.0506924329342	1	1	1	1	28.7583439132006	1	1	1	1	1	1
SLC7A7	1	167.914807897794	1	1	1	1	214.822191048851	34.1682596091922	1	1	1	1	1	1	1	183.206442009468	1	1	91.8398438655381	105.571135785884	1
SLC7A8	86.77510370601	1	1	1	1	1	93.6757652270243	1	1	1	1	1	1	1	1	74.609710083083	1	49.3762733527434	1	1	206.539503635923
SLC8A1	1	57.4848845379548	1	1	1	44.3647289504066	73.3807782659088	1	1	1	1	1	1	1	1	64.7178036455493	1	1	142.734341896887	70.6744411399715	44.4283970367326
SLC8B1	1	37.4860824479521	1	1	29.5578000942531	1	63.2771639714087	1	1	39.3741332906795	1	1	1	1	1	72.1893765626518	1	19.7791275494777	34.5116154243773	61.1339364964803	1
SLC9A3R2	1	1	1	1	1	1	1	1	1	1	1	1	1	1	1	1	86.7505544732541	1	1	37.9141512059551	1
SLC9A7	1	18.399026573977	1	1	85.5123921644396	1	21.1328520666969	1	1	1	47.7696756452235	1	62.3895532399114	32.3969032683884	1	25.6118470714678	1	1	51.6892259372852	30.9911350047559	1
SLC9A8	1	1	1	24.9522650972929	1	39.0284121072188	1	1	1	18.7868575720399	1	1	1	1	1	1	1	1	1	1	1
SLC9A9	1	1	1	1	1	1	23.5530367575774	1	1	1	1	1	1	1	32.6850161439295	1	1	1	1	1	17.7279315666759
SLCO2A1	1	1	1	1	1	1	1	1	1	1	1	1	1	1	1	1	319.169805578675	1	1	129.157394723605	1
SLCO2B1	1	45.8441017700302	1	1	1	1	836.612885979208	1	1	1	1	1	1	1	1	284.614337210985	82.9791192926312	28.0977590538261	161.023566402994	138.037060283539	1
SLCO4A1	1	1	1	1	32.6978918098782	1	1	1	1	1	1	1	1	30.8061065088544	1	1	64.5985465099674	1	1	1	1
SLCO4C1	1	1	1	70.2541505264464	1	1	1	1	1	1	1	1	1	1	1	1	1	1	1	1	1
SLCO5A1	1	1	1	1	1	1	1	1	1	1	1	1	1	1	1	1	1	1	1	29.7972278487322	1
SLF1	31.9014098769779	1	29.4518958508717	1	1	1	1	1	41.8408595988677	1	1	1	1	32.8453129793291	29.4284932428884	1	1	24.7018850282511	1	1	1
SLFN13	1	16.4674256678062	1	37.8153739144612	1	1	1	1	1	22.1545538430646	1	1	1	1	1	1	1	1	1	1	1
SLIT2	1	1	1	1	1	1	1	1	1	1	1	1	1	1	1	1	96.5966985842475	1	1	1	1
SLIT3	1	1	1	1	1	1	1	1	1	1	1	1	1	1	1	1	132.641493664762	1	1	1	1
SLPI	1	161.055012614395	1	1	1	103.812639306364	1	1	1	1	1	1	82.3197765567677	1	1	1	1	1	1	108.307529235732	1
SMAD6	1	1	1	1	1	1	1	1	1	1	1	1	1	1	1	1	37.3528856809575	1	1	71.1526586764468	1
SMAD7	1	1	72.1648692160106	43.7422744393581	43.2980202290997	1	16.7440516039097	1	81.9856005708351	1	36.1383757223426	74.5238599280352	77.1624509169238	39.5654323855035	75.6890612674384	16.3227440238939	1	1	18.5979573261204	19.2318146663014	1
SMARCA1	1	1	1	1	1	1	1	1	1	1	1	1	1	1	1	1	80.0732731060243	23.7230715506679	1	1	1
SMARCAD1	17.9335741694534	1	1	26.124891129404	1	1	1	1	1	1	1	1	1	1	1	1	1	21.6416586012263	1	1	1
SMARCAL1	28.2297615557873	1	1	1	33.4011733506038	1	1	1	1	1	1	1	1	1	1	1	1	1	1	1	1
SMARCB1	51.9913062365622	15.2618903459028	1	1	1	1	1	1	1	1	39.5403068875003	1	1	1	1	24.7369410160872	30.9077546348932	27.5643395165057	1	1	75.0472914437603
SMARCD3	1	39.9014831036635	1	1	1	1	1	1	1	1	1	1	1	1	1	1	29.7621129550652	1	1	1	1
SMC2	98.5260702263906	1	1	1	1	1	20.2760118003264	1	1	1	1	149.240927022291	1	1	25.6926102831001	20.7420927810154	18.5730380073059	25.095563706489	28.447844436657	1	23.7779067252326
SMC6	99.5167501807156	20.5396506369907	1	40.5463296176029	1	1	16.2015944042088	1	32.5211355837157	1	58.0258525143966	51.4383847300965	1	1	1	31.583525579226	1	30.5764745700272	19.2615439660665	1	116.546849328702
SMCO4	31.9522953603158	56.2263206356449	1	1	1	1	46.8381943078514	1	1	1	1	1	1	1	1	39.0597128586629	1	1	65.7178667230794	39.4924754730594	47.3119128027612
SMCR8	1	30.8160064406774	1	43.3906054757608	45.5334050756064	1	29.728946310329	1	1	48.2655001455828	29.3623526101351	1	17.0467186372862	1	1	23.3227860901609	1	24.4315599306353	25.7603556222274	30.8230930087799	1
SMG5	1	1	1	24.0161196977271	1	1	1	1	1	1	1	1	1	1	1	1	1	14.8875244334034	1	1	49.2961675499579
SMG6	1	16.8059883227837	1	27.330639350062	1	1	1	1	1	1	1	1	1	1	26.9228920336669	1	31.9634920604258	1	1	1	1
SMG7-AS1	1	16.2539124818028	1	1	1	1	1	1	1	1	1	1	1	1	1	1	1	1	1	1	1
SMG9	1	24.8804834237079	1	21.1210682509069	1	1	17.6451384421804	1	1	17.0464826663862	1	23.3298452257583	1	1	23.8985436086083	17.8100201813491	1	1	20.560795423244	1	1
SMIM14	42.1852816028588	160.618442100235	57.2041091197548	125.151579436128	331.307707807693	181.829822074108	89.5941826634863	38.6718967573446	76.9730826367948	52.5568578009283	545.299948055557	67.0232253933959	102.188300998846	66.3112456699472	66.2781774016698	83.4043584132422	89.4863417428342	93.7388122972775	94.9817406751607	126.033157763277	56.2229235078714
SMIM20	16.9421522917588	21.0354138443361	1	1	60.3306503400008	1	22.5937645569107	19.4005653883677	1	29.1294044335053	1	1	1	1	1	22.7462704481647	1	16.2671507218248	1	27.3609188793059	15.5356864434834
SMIM22	1	41.4862855499216	1	1	1	1	1	1	1	1	1	1	1	1	1	1	1	31.3716622935706	1	1	1
SMIM25	1	118.501875258863	1	1	1	552.591174924136	127.4098445881	1	1	1	1	1	125.883794381025	1	1	227.403184648252	1	1	35.4477946287461	35.3015419184729	1
SMIM3	25.2669231872467	42.2606019447927	1	1	1	1	88.0977855829257	1	1	1	1	1	46.5940030676318	1	1	94.9218668907117	89.4543505802451	66.4410386969944	65.1137082160113	50.8133965770943	18.190210974947
SMO	35.9533790177804	1	1	1	1	1	1	1	1	1	1	1	1	1	1	1	26.9454349111418	1	1	1	1
SMOC2	1	1	1	1	1	1	1	1	1	1	1	1	1	1	1	1	61.1438737142587	1	1	1	1
SMOX	1	1	1	1	1	1	23.978425175376	44.2073126522314	1	1	1	1	1	1	1	31.9453074555034	1	1	1	21.5505382920018	1
SMPD1	1	1	1	36.6996547535329	1	1	21.0792382027028	1	1	1	1	1	1	1	1	17.9993676949035	17.8100773876654	1	1	1	1
SMPDL3A	1	25.7136502957085	1	1	1	1	103.852346727304	1	1	1	1	1	1	1	1	48.9393841592164	27.0148401712839	1	1	1	1
SMPDL3B	1	1	1	1	1	1	1	52.3691408659096	1	1	1	1	1	1	1	1	1	32.1090547730518	1	1	1
SMURF1	1	1	1	1	38.8581993707463	1	1	1	1	1	1	1	1	1	1	1	1	23.7594702147968	1	1	1
SMYD2	87.5180134893202	24.0468333582086	1	31.2047296639926	1	1	26.3813288501035	1	37.3416557228695	1	1	1	1	27.9829812971934	1	35.9918169799091	37.9683107490945	47.7235129096967	23.0528611916666	1	182.182382229887
SMYD3	30.3643187378925	1	1	1	1	1	1	1	1	1	1	1	33.2219377522224	1	1	1	23.5001721482003	68.3140731871119	1	1	60.9022315579242
SNAI1	1	59.801612172283	1	1	1	1	35.8881552672547	1	1	1	1	1	1	1	1	48.5385180923467	30.581371553899	1	130.452803885005	110.98343968398	1
SNAI2	59.1139212163333	1	1	1	1	1	1	1	1	1	1	1	1	1	1	1	73.5463034676703	25.4402835652064	1	1	49.415284008
SNAP47	27.3163437708334	1	1	1	1	1	1	1	1	1	1	1	1	31.5659468046307	33.0075962687575	1	1	18.8099215971403	1	1	1
SNAPC3	1	27.3943021476977	1	35.3128847425774	55.5743683821077	1	22.8544742405764	1	1	1	1	1	23.9825450865711	24.6507718479565	1	20.7388142934092	27.2000025006922	28.3756817423102	1	1	1
SNCA	1	1	1	1	1	1	22.3487636360707	1	1	1	1	1	1	1	1	22.1027047267916	1	1	36.1172267118824	1	1
SND1-IT1	1	18.7273548837972	28.5794925522489	28.0472779288887	44.0965974357953	1	25.3783717750348	33.5884504450506	24.5720080686188	32.9861791673284	25.0900134959342	28.2758077210448	1	1	1	21.5978924321969	1	15.9724558232594	16.7563055586352	20.6055485162966	1
SNHG19	81.1654744019418	1	1	1	1	1	1	1	1	17.8450171636348	1	1	1	1	1	23.0923981658002	42.4656844308858	53.9637613413111	1	1	87.8866568047964
SNHG25	1	1	1	1	1	1	1	1	1	25.0514534201783	1	24.2207899804025	1	1	1	1	1	1	1	1	1
SNN	1	66.3373319273186	26.6100604901385	1	45.9548127982281	137.753657649576	47.4866066928324	1	1	22.6711152303683	106.090932467301	1	96.496211385668	1	1	45.3817344891238	1	43.8138535628381	34.9015669261922	74.4380901551894	1
SNORD104	1	1	1	1	1	1	1	1	1	21.6673090670026	1	1	1	1	1	1	1	1	1	1	1
SNORD13E	1	1	1	1	61.0322133978919	1	1	1	1	1	30.2839248793603	1	1	1	1	1	1	25.32470251804	1	1	1
SNRNP40	19.7082832886641	1	1	22.1304359544271	1	1	1	1	1	1	1	148.607693289083	1	1	1	1	1	1	23.4011649773091	1	1
SNRNP48	23.5895375450436	1	1	1	1	1	1	1	36.0341779179443	1	1	1	1	1	1	1	1	20.9903057114934	27.9932533651869	1	1
SNTA1	1	1	1	1	1	1	1	1	1	1	1	37.7092604426477	1	1	1	1	1	1	1	1	1
SNTB1	1	35.4551289878	1	36.956204426225	1	1	70.7600649090356	1	1	1	1	45.5131884409466	35.1474524223715	1	1	111.788297328729	1	30.3496470175354	1	1	1
SNX11	31.6517912563645	1	1	1	1	45.8128609701565	25.3074807865468	1	1	1	1	1	1	1	1	1	1	1	1	1	28.8201813087724
SNX22	1	1	1	1	75.2112568550674	1	1	1	1	1	37.5910093770666	1	1	1	1	1	1	1	1	1	1
SNX24	15.6641096121024	18.2495322157715	1	1	1	1	64.8464008829925	1	1	1	1	1	1	1	1	43.8884057966082	1	24.6586590851237	1	1	31.4111387479487
SNX33	1	1	1	1	1	1	18.928543085442	1	1	1	1	1	1	1	1	1	17.9885994406882	1	1	32.8549305512093	30.4914419112293
SNX7	35.0881350202711	1	1	1	1	1	1	1	1	1	1	1	1	1	1	1	27.9763273252697	1	1	1	74.533825895371
SNX8	23.1796572376744	23.9198877030369	1	1	54.1968826452227	1	49.014820249502	1	1	1	56.0596784216527	23.8322160619717	1	1	1	52.2449161420547	1	17.7000578971547	81.0720760458309	68.5866911385543	13.2290413079207
SOCS1	31.926641214683	1	98.9338827452696	42.6389114531853	1	1	15.041717254178	1	75.9759779025499	1	1	117.525984820748	99.063860672939	108.393445984707	118.025252992719	1	26.3297548980097	69.4897458131535	1	28.122338409146	21.0367258516193
SOCS2-AS1	1	1	1	24.4080319103864	1	37.3604452386284	1	1	1	22.9205719498668	1	1	1	1	1	1	1	1	1	1	1
SOCS4	39.4895685122516	19.1120335716898	27.4085384847455	26.0535021482191	28.8753399374455	1	1	1	27.230826021961	1	46.8982270403571	21.9167629936247	64.4065555603617	48.9153553346156	1	15.2561563667946	1	24.1252464875333	20.1159830259262	1	26.0166278378736
SOCS5	1	1	1	1	1	1	1	1	1	19.3983303185469	1	1	1	1	1	1	58.6618862494062	1	1	1	26.4754116397593
SOCS6	1	1	1	1	1	1	19.1792987530381	1	1	1	1	1	1	1	1	21.8061411784031	1	19.8261625903465	1	1	1
SOD3	1	1	1	1	1	1	1	1	1	1	1	1	1	1	1	1	292.18037694542	1	1	1	1
SOGA1	36.6925061457722	25.9381269680529	1	1	1	1	22.7956321797672	1	1	35.0470220463472	31.1763423143346	1	34.5260978297489	1	1	22.7038183096487	41.8495602922588	37.5159690018047	18.514493605882	23.9040211545552	1
SORBS3	19.0617124543113	1	1	1	1	1	32.4198580723445	1	1	1	1	1	1	1	1	26.2702202733684	32.7032180349409	1	1	1	32.5551485871299
SORCS3	1	1	1	1	1	1	1	1	1	27.1667244439858	1	1	1	1	1	1	1	1	1	1	1
SORD	35.7279490238288	17.4434705058546	1	1	1	1	14.1889962977206	1	1	1	1	1	28.4160100470665	1	1	21.0418690005961	1	31.3036699811363	1	1	149.238320111394
SORT1	104.214391037163	203.743129891385	1	1	1	67.5112328506687	199.383513234107	1	1	1	1	1	88.5197921579097	1	1	277.856582981758	164.394671716191	107.403868120136	243.547719408926	158.068152940335	47.3419631426572
SOST	23.7841000838989	1	1	1	1	1	1	1	1	1	1	21.4837293150806	1	1	1	1	1	1	1	1	1
SOSTDC1	76.1660145743283	1	1	1	1	1	1	1	1	1	1	1	1	1	1	1	1	41.4009172600667	1	1	110.398757311374
SOWAHC	79.8994354768293	25.3500910927333	1	1	1	1	15.0599943055147	1	1	1	1	1	1	1	1	30.197810559305	29.0818960344682	48.9055779313028	1	1	41.2073089760051
SOX15	60.1209728443122	1	1	1	1	1	1	1	1	1	1	1	1	1	1	1	1	24.9228121503196	1	1	34.1009404026798
SOX18	1	1	1	1	1	1	1	1	1	1	1	1	1	1	1	1	163.355712877287	1	1	1	1
SOX2	397.619714643013	1	1	1	1	1	1	1	1	1	1	1	1	1	1	1	1	145.788728102605	1	1	532.513606625151
SOX21	35.3617874117996	1	1	1	1	1	1	1	1	1	1	1	1	1	1	1	1	1	1	1	1
SOX21-AS1	1	1	1	1	1	1	1	1	1	1	1	1	1	1	1	1	1	1	1	1	26.3273926832553
SOX6	21.5564286444539	20.3890480971791	1	1	1	72.3884389581784	1	1	1	1	1	1	1	1	1	1	1	21.6523463064045	1	1	82.1058052235027
SOX7	1	1	1	1	1	1	1	1	1	1	1	1	1	1	1	1	73.57181852958	1	1	1	1
SOX9	40.3844257555297	1	1	1	1	1	1	1	1	1	1	1	1	1	1	1	1	34.4524699601931	1	55.2346283229653	1
SP140	1	1	32.1122536045359	39.35631172719	73.4724275714103	1	1	1	33.4994841755367	21.8330631676671	74.4192607834612	64.520697087785	1	54.1569443805861	36.6348758111948	1	1	1	1	1	1
SP4	34.2964605483806	1	43.62829959896	78.3028067139836	1	1	1	1	51.5108347954066	56.9693852866511	48.1941544137051	49.3363544943564	20.6595701483792	47.8261897908576	54.0482450653219	1	1	18.7215143122191	1	1	1
SPAG1	1	1	1	1	1	1	1	1	1	1	1	1	1	1	1	1	1	23.6031639060652	1	1	1
SPAG4	1	1	1	1	1	1	1	52.7298425565438	1	1	1	1	1	1	1	1	1	1	1	1	1
SPARC	1	1	1	1	1	1	163.60018635658	1	1	1	1	1	172.293774342686	1	1	161.587096347062	4479.71083174977	238.130915876379	1	357.565754430008	1
SPARCL1	1	1	1	1	1	1	1	1	1	1	1	1	1	1	1	1	436.330562913574	1	1	217.290076725813	1
SPATA2	22.9433097566011	19.2077513521977	32.3797312277709	25.5533955484095	1	1	1	1	40.7302715004054	1	29.7708549410704	60.1576258430907	1	1	31.0206129589167	20.4300955519473	1	33.2551108409533	21.7439288105365	1	1
SPATA20	1	1	1	1	1	1	19.3325642041581	1	1	1	1	1	38.7329383123444	1	1	18.2707438426618	20.9175329281414	64.8695982156189	1	1	1
SPATA21	1	1	1	1	1	33.6276910008799	1	1	1	15.169487407706	1	1	1	1	1	1	1	1	1	1	1
SPATA2L	1	1	1	1	1	1	1	1	1	1	1	37.84613361416	25.3295233862295	1	1	1	1	1	1	1	1
SPATC1L	18.0668200412488	1	1	1	1	1	1	1	1	30.2564329524241	1	1	1	1	1	1	1	1	1	1	27.9921163207768
SPATS2L	78.9745550983261	50.233076701777	1	1	1	1	76.7657901561492	1	1	1	1	1	50.4086450572129	140.334701754988	40.6816431945125	75.8325434083723	104.08564351341	91.7791484779989	75.1098411493936	121.295477020652	77.5990641264425
SPC24	30.3823927568011	1	1	1	1	1	1	1	1	1	1	1	1	1	1	1	1	1	1	1	1
SPC25	29.3563700611681	1	1	1	1	1	1	1	1	1	1	1	1	1	1	1	1	1	1	1	1
SPEF2	1	1	1	1	1	1	1	1	1	30.7254595490894	1	1	1	1	1	1	1	1	1	1	1
SPHK1	32.6721693610069	1	1	1	1	1	1	1	1	1	1	1	1	1	1	31.0787472762962	62.1455108721636	1	1	1	42.8918378369681
SPI1	1	66.3116798553754	1	1	1	245.136845732213	40.8759544594376	1	1	1	1	1	1	1	1	34.3720534781346	1	1	42.8847778062951	16.6791845400972	1
SPIB	1	54.2965510042092	24.9143932990824	31.9083356112507	190.596856434491	97.3305304291001	27.8927094150312	1	26.1021375801853	31.2285778083669	183.459307722436	1	189.81085897776	45.1283023317431	26.2018162820343	21.4051431553086	19.6031113371362	23.7772577461085	95.2088687713625	144.302679192793	1
SPICE1	1	1	1	1	35.7052124113597	1	1	1	1	1	1	1	1	1	1	1	1	17.4264195666014	1	1	1
SPIN3	1	1	1	1	1	1	1	1	1	35.8853247831608	1	1	1	1	1	1	1	1	1	1	1
SPIN4	1	1	1	1	1	1	1	1	1	1	1	23.0949757496213	1	1	1	1	1	1	1	1	1
SPINK1	1	330.68766028023	1	1	1	1	1	1	1	1	1	1	1	1	1	230.946817128385	1	1	1	206.323743087108	1
SPINK2	1	1	1	1	1	1	1	1	1	1	1	65.0896062575157	1	1	1	1	1	1	1	1	1
SPINK5	1	1	1	1	1	1	1	1	1	1	1	1	1	1	1	1	1	1	1	1	40.5405675302942
SPINT1	61.8147655527373	75.7421079641688	1	1	1	1	24.2929922543148	1	1	1	1	1	1	1	1	55.0589880070383	1	63.2580849570643	61.108004986018	91.8130473582836	94.9225916931854
SPINT1-AS1	44.9243858592325	1	1	1	1	1	1	1	1	1	1	1	1	1	1	1	1	1	1	1	61.8058416377411
SPIRE1	1	1	1	1	1	1	33.5799855935557	1	1	1	1	1	1	1	1	30.2027840048396	1	23.2292427510017	1	1	1
SPIRE2	1	17.37105094141	1	1	1	1	1	1	1	1	1	1	1	1	1	1	1	1	1	1	1
SPOCD1	1	1	1	1	1	1	1	1	1	1	1	1	1	1	1	37.2200275677179	34.0920372372998	1	1	1	1
SPOCK2	110.017900564125	1	842.443584002115	328.070566397591	118.004182729469	1	1	1	550.350526837586	447.52417065901	127.07119828791	256.1511151909	106.329220496375	1349.5759081586	963.401899457812	1	59.023211868336	1	1	73.9969501479514	1
SPON1	1	1	1	1	1	1	1	1	1	1	1	1	1	1	1	1	59.0189249872626	1	1	1	1
SPON2	1	1	1	940.231296336567	1	1	1	1	47.6462905998478	1	1	138.126155361168	30.9247701388808	1	1	1	117.048605825024	1	1	38.283356628029	1
SPOPL	20.850057490524	38.8201065358893	1	31.1645755091029	81.3652490729771	96.4600853391702	23.0667698467483	1	1	1	27.6372362628114	1	27.7493524832311	1	1	27.8795773776326	1	1	28.9311223337882	31.545517496906	1
SPOUT1	22.6925099728111	1	1	23.4247966365137	1	1	1	1	1	1	1	1	1	1	1	1	1	1	1	1	1
SPP1	23.1918170635552	125.923201401181	1	1	1	1	1315.61976079002	1	1	1	1	1	202.795790614997	1	1	7591.31327611594	1	252.229436942501	1938.61065118372	1253.92416015886	1
SPPL2B	26.1313494378384	29.2185429009271	1	32.1866168876565	81.2064405269781	1	19.0036266807481	1	33.2569101268291	32.1823622763215	54.8307845640487	1	1	1	1	20.7637170828061	22.9495727280701	27.4217715086707	1	23.726863970509	1
SPR	21.9349461468998	1	1	1	1	1	1	1	1	1	1	1	1	1	1	25.2423485220471	43.1701943531353	1	1	1	72.8018197945608
SPRED1	26.1166010641995	39.4555033446754	1	1	1	1	72.9953922066768	1	1	1	1	1	22.0131172054957	1	1	76.8716292512782	56.5485336081088	51.3030783094785	63.4226126553964	61.8499763186223	1
SPRED2	23.425253215226	1	1	1	1	1	1	1	1	1	1	1	1	1	1	1	49.2362967476539	17.5384903945601	22.210553400337	38.8921263562921	15.2975786622669
SPRR3	1	1	1	1	1	1	1	1	1	1	1	1	1	1	1	1	1	1	1	1	51.3194850766651
SPRTN	22.9423161098798	1	1	28.0067022231734	1	1	1	1	1	1	1	1	1	24.2160751001257	1	1	1	19.8384008060669	1	1	1
SPRY1	24.0719707311421	1	43.8375745920445	1	47.9328332274992	1	20.7455346966687	1	46.1438386594958	1	1	104.032445369734	24.3001806402324	1	59.2011365082228	1	271.338202399174	1	1	1	40.1916370725911
SPRY4	1	1	1	1	1	1	1	1	1	1	1	1	1	1	1	1	63.9937387771048	49.4720509648001	1	1	1
SPRY4-IT1	1	1	1	1	1	1	1	1	1	1	1	1	1	1	1	1	1	22.2197012272092	1	1	1
SPRYD3	1	19.2308432932005	1	27.6096406161095	1	1	18.1458949370326	24.780132272168	1	1	1	45.3402943712331	1	34.2128487745002	1	23.1761839606602	26.8656277153569	21.9965867985325	1	1	19.4899555584793
SPRYD7	43.6241071380638	16.9467243950293	1	1	1	1	1	1	1	1	1	35.0429482427317	1	1	1	1	1	1	1	1	35.9131265470633
SPSB1	45.8492558254082	1	1	1	1	1	1	1	1	1	1	1	39.4685487227515	1	28.8722291610766	27.5184647339474	67.6490085645882	77.2586264142908	1	26.5759377692358	25.7150009394125
SPSB2	1	1	1	22.8317812074271	1	1	1	1	1	17.3365725674765	1	1	1	1	1	1	1	1	1	1	1
SPTB	1	1	1	1	1	1	1	1	1	1	1	31.6467562189176	1	1	1	1	1	18.9196554904183	1	1	1
SPTLC3	1	19.4786828297052	1	27.6781253123055	35.3498487698595	1	18.4566076925174	1	1	45.1095648109583	1	1	1	1	1	1	1	1	1	1	1
SQLE	82.0424905857591	1	1	1	1	1	1	1	1	1	1	69.0434546990697	1	51.4754900509291	26.4273614571879	1	16.179595533893	71.2186352369748	23.291562593431	34.8352263355951	13.4597327908281
SRC	25.5978070021938	34.4883332132944	1	1	1	1	27.2525481445813	1	1	1	1	1	41.8579226506144	1	1	33.6892555954902	1	1	43.8879396490499	43.9449115808918	1
SRD5A1	42.6434979547189	32.9069422579003	1	1	1	1	1	1	1	1	1	1	1	1	1	1	1	21.1299590470718	22.2143466367321	1	75.0828013863133
SRD5A3	1	36.4258194855966	1	1	1	1	30.6609723435657	24.3672911560031	1	1	1	1	1	1	1	30.4567245052973	32.3859619028243	19.7684579910002	33.8968460984139	58.5815539208109	16.8367423117978
SRPRB	83.323376275342	21.6605107284308	27.2484790192145	26.3370202409164	41.5815658132524	1	29.7036441867258	103.228965057349	33.7796304008765	29.4189830178979	32.8247038769454	31.4324007019444	1	31.4838893679762	34.8674499329281	41.1569402294191	36.5570530678789	44.9330079769364	25.7033830258106	23.4074351686137	28.6177829950085
SRPX	1	1	1	1	1	1	1	1	1	1	1	1	1	1	1	1	79.4082543085489	1	1	1	1
SRRD	42.5497831903707	1	1	1	1	1	1	1	1	1	1	1	1	1	1	1	1	1	1	1	29.7447718633925
SRSF12	1	1	1	1	1	1	1	1	1	14.5884922701206	1	34.8666707137274	1	1	1	1	1	1	1	1	1
SSC5D	1	1	1	1	1	1	1	1	1	1	1	1	1	1	1	1	50.0301005516385	1	1	1	1
SSPN	1	1	1	1	1	1	1	44.2439199690051	1	1	109.138290320297	1	1	1	1	1	81.5052939481857	1	1	1	1
SSR3	245.355812597757	145.661469444164	99.5566777056485	66.7791030378907	61.742866472467	1	178.370999277485	468.877266320131	83.8583569875561	44.591301823087	65.3535848884154	133.939751235117	98.6138170296703	116.055299412044	90.6176103462662	244.430757623418	208.431597772565	187.750274678241	185.054337636104	141.314515588278	426.458202215325
SSR4	146.604985126991	118.25884201544	121.656073986224	118.683025653728	85.0949858671019	33.3717056828133	103.920973396529	1729.60148741153	139.135561288231	88.3311148402889	70.9327009044712	168.48024130383	107.096277390823	117.846557096434	121.469964042343	109.925924459906	179.086648935056	164.254751973142	95.5536166482244	100.126387942403	163.554654054239
SSSCA1	41.5619586373853	1	1	1	1	1	1	24.3797107907846	1	1	1	1	1	1	1	1	1	18.4846292256621	1	1	1
ST14	53.1943465731723	80.5517928262622	1	1	1	1	132.084491624805	1	1	1	41.0883945645806	1	45.3830378234207	1	1	153.134570501257	1	93.8589163015798	178.08477685322	111.398218021839	60.7551984700021
ST20	1	1	1	1	1	73.2762957131551	1	1	1	1	1	1	1	1	1	1	1	1	1	1	1
ST3GAL6	1	34.0383761131246	1	18.0807347379635	1	88.9904656382454	27.9066836313641	1	1	1	1	1	36.7332343956995	1	1	27.0721191469529	1	1	19.8299295535389	36.354986341819	1
ST5	1	1	1	1	1	1	1	1	1	1	1	1	1	1	1	1	67.6507122998835	14.2813890060594	1	1	1
ST6GAL1	1	34.1316780685739	82.2293610638907	111.294590105573	430.62809827777	1	37.0968690579427	319.925325407558	80.0897604997618	157.897828439995	345.13571237032	95.0629061883594	43.9690590587533	47.4601234982582	68.2149584257349	1	1	22.632441010987	53.1946166408939	36.1759830372571	1
ST6GALNAC1	1	1	1	1	1	1	1	1	1	1	1	1	1	1	1	1	1	33.9313072374683	1	1	1
ST6GALNAC2	53.735993478875	1	1	1	1	46.8850395789988	1	1	1	1	1	1	1	1	1	1	1	1	1	1	99.7087053654255
ST6GALNAC4	1	1	1	1	1	1	1	66.5977881398578	1	1	1	1	1	1	1	17.7905795378069	1	20.7066201696902	1	1	1
ST7	22.0945370847259	1	1	1	1	1	1	1	1	1	1	49.4864479566295	1	1	1	16.7226460926473	1	32.627192356292	1	1	1
ST8SIA1	1	1	34.1405944319483	1	1	1	1	1	1	1	1	1	31.2313335382023	1	53.7678134279575	1	1	1	1	1	1
STAB1	1	58.8624205300286	1	1	1	1	194.126875527744	1	1	1	1	1	1	1	1	50.0846258014772	58.0401545716397	1	48.020656172334	42.9448727031082	1
STAC	1	1	1	1	1	1	1	1	1	1	1	1	1	1	1	17.2911336338835	1	1	1	1	1
STAC3	1	17.9013329948535	1	1	1	1	24.4638330983338	1	1	1	1	1	1	1	1	17.6441621211472	1	1	25.628103760481	1	1
STAG3	1	1	29.0252636213072	39.9676961994327	200.916118987013	1	1	1	30.5800152924994	27.3610455140006	91.1390736419082	18.8385203604312	36.7376969832284	1	1	1	32.0680883020467	1	1	1	23.057907676076
STAM	26.3675190369973	1	31.055707202327	31.9537612724548	1	1	1	1	1	1	1	81.7175570969509	1	210.601380700992	76.8732735390778	1	1	16.8990422464642	1	1	41.9212721710794
STAMBPL1	1	1	1	1	1	1	1	1	1	1	1	1	1	30.8904969373046	1	1	1	1	1	1	1
STAP1	1	1	1	1	168.655637858454	1	1	40.2149470400154	1	21.2158700885727	99.3311588477337	21.5530925243947	82.9380725880264	1	1	1	1	33.2655445579969	1	1	1
STARD13	1	1	1	1	1	1	24.6267777160274	1	1	1	1	1	1	1	1	1	39.9150293543064	1	1	1	1
STARD5	1	1	1	1	1	1	1	37.7699334894162	1	1	1	1	1	1	1	1	1	1	1	1	1
STARD8	1	1	1	1	1	1	23.4751364388781	1	1	1	1	1	1	1	1	18.431972085177	1	1	32.1570327936272	36.867347374126	1
STAT4	1	1	91.0032226397561	126.823404378706	1	1	1	1	115.202319106513	61.2332873780099	1	64.2139822593669	69.1491723809323	95.8976008381867	102.141217423366	1	1	1	1	1	1
STAU2-AS1	1	32.4089392146782	1	32.694371928414	70.9935505350457	50.9904532405014	29.9634961291943	1	1	46.1398925393492	1	28.9565060223147	30.3210596678463	1	1	26.5744152397113	1	19.8125415406869	20.2708022544653	26.1073953826007	1
STC1	1	1	1	1	1	1	1	1	1	1	1	1	1	1	1	1	82.2942515963001	1	1	1	1
STC2	61.3792860081571	1	1	1	1	1	1	1	1	1	1	1	1	1	1	1	1	72.0455684875832	1	1	1
STEAP1	1	1	1	1	1	1	1	1	1	1	1	1	1	1	1	1	54.0323860273617	1	1	1	21.4709020889195
STEAP2	1	1	1	1	1	1	1	1	1	1	1	1	1	1	1	1	81.1167746100854	1	1	1	1
STEAP3	1	1	1	1	1	1	23.5320836619359	1	1	1	1	1	1	1	1	33.0988015012637	1	1	1	1	1
STEAP4	1	84.1435954190611	1	1	1	318.51952904696	29.9803881895535	1	1	1	1	1	51.7038095424689	1	1	22.8647512356758	31.5106862591329	160.452403111181	25.6679486322846	46.9270063314126	1
STK11IP	1	17.9228147152006	1	1	1	1	1	1	1	1	1	1	1	1	1	1	1	1	15.9769390650706	1	1
STK16	1	1	1	22.9517076870224	1	1	1	1	1	18.4890447415156	1	1	1	1	1	1	1	1	1	1	1
STK32C	1	1	1	1	1	1	1	1	1	1	1	1	1	1	1	1	1	1	19.2787035526251	1	1
STK35	49.7546052204423	20.5865705411088	1	25.6986368747771	37.3066989717918	1	20.6321491735949	1	1	1	33.3352357237691	104.84563020156	1	1	1	20.0721216150913	1	29.1026365825584	20.387112989231	1	1
STK39	30.9265508294577	19.6809681640552	42.6017452204492	58.3369354147933	1	1	1	1	47.2213413273471	15.9837554678295	1	31.8879746325497	1	48.9373948147094	63.1161494910504	18.2047420285835	19.7593508839013	26.3697867207574	1	30.6542487126662	1
STMN3	1	1	47.4283697310616	1	1	1	1	1	40.8754528062878	131.823317205692	1	1	1	29.062905533992	1	1	62.2031857768976	1	1	1	1
STN1	1	1	1	28.0846345546147	1	1	1	1	1	1	1	1	1	1	1	1	1	1	19.5982410705628	1	1
STOML1	1	1	1	1	1	1	1	1	1	34.0068810850549	1	1	1	1	1	1	1	1	1	1	1
STON1	1	1	1	1	1	1	1	1	1	1	1	1	1	1	1	1	92.1533835144262	1	1	1	47.6259569919911
STON2	24.3504147866766	1	1	1	1	1	1	1	1	1	1	1	1	1	1	1	1	1	1	1	148.208737943225
STRADB	1	1	1	1	1	1	1	1	1	1	1	1	1	1	1	1	1	1	21.4150182137884	1	1
STRBP	107.544917048519	22.0092648096856	39.9665584691833	26.9715564798571	243.820989639085	1	1	38.3360772541577	50.4133925949358	21.499107967184	161.414438464182	89.43277278427	84.4948465874659	53.5162562723779	53.700528792543	33.6747387606095	1	89.0052433483891	43.8814990744891	33.6462540831017	169.365760769509
STX17	1	1	1	1	1	1	34.0406774297844	1	1	39.7960701108301	1	34.7129496551687	1	1	33.1389903206303	1	1	1	42.2994242612265	1	1
STX3	27.723162331163	59.0313569054702	1	40.3530661684253	1	466.114312715844	53.846865729616	1	1	1	1	1	127.306327535425	1	1	52.9223694417186	1	147.675060881431	40.4581861831659	48.4084991249312	51.0129476777067
STX7	1	78.464263395942	1	61.1967732555384	170.53614781428	136.026741292816	105.282323919985	1	27.5591391163184	27.3894469966268	97.0113433477605	1	66.5468410771055	51.0250628234899	1	78.3362336287008	70.5863006321821	36.5745627036056	83.1585201093458	75.2416932848061	1
STXBP1	1	1	1	1	1	1	1	1	1	1	1	1	1	1	1	1	47.008115145151	1	1	1	1
STXBP5	1	16.8598679164899	1	37.5242862979253	1	79.7249641678665	1	1	1	37.2235950023244	1	1	46.2635370379048	1	1	1	34.9553605064922	65.4770774513389	1	1	1
STXBP5-AS1	1	1	1	1	1	35.6869654483001	1	1	1	1	1	1	1	1	1	1	1	1	1	1	1
STXBP6	65.0273228815406	1	1	1	1	1	1	1	1	1	1	1	66.568851622576	1	1	1	1	59.8910300302975	1	47.0312988696581	186.860693967896
SUCLA2	28.500923017574	1	1	1	1	1	1	1	1	1	1	1	1	1	1	1	1	1	1	1	1
SUCNR1	1	1	1	1	1	1	31.734747300261	1	1	1	1	1	1	1	1	18.536680583216	1	1	20.9740130145856	1	1
SULF1	46.8715963751708	1	1	1	1	1	1	1	1	1	1	1	1	1	1	1	403.341332939046	31.7744781881607	1	1	1
SULF2	1	85.3593457335547	1	1	1	87.8174656818563	28.6865190949148	1	1	1	1	1	91.3844047305511	1	1	45.5214840720975	92.3089250880485	1	89.1473093029304	86.5144460727849	1
SULT1B1	1	19.3739991267461	1	23.2760844459152	1	80.3817045684413	1	1	1	36.119694099154	1	1	1	1	1	1	1	1	1	1	1
SULT1C2	1	34.167232317177	1	20.4990239409998	1	47.5965339464989	25.794151402042	1	1	1	1	1	46.4222999830355	1	1	23.8078313126605	1	1	1	30.1897991636584	1
SULT1C4	1	1	1	1	1	38.0758601031272	1	1	1	1	1	1	1	1	1	1	1	1	1	1	1
SUPT3H	27.1912522166922	1	1	1	1	1	1	1	32.9978720326855	30.4920257329489	1	42.5776109071699	1	1	1	1	1	1	1	1	1
SUPT7L	1	17.8840894787454	1	32.207515076784	1	1	18.3289812490371	1	37.4197927596676	1	1	28.7712880487977	1	1	1	24.9874115741674	40.6367421431183	42.6312046379095	1	18.7451162498714	1
SURF1	1	33.1858291567657	1	32.0938952400236	1	1	25.6369263677096	39.6000473504313	27.336242270266	35.5234157400782	1	75.9498060447286	1	1	28.4871924106351	29.3397198969318	1	20.4847022409298	24.9441503845216	22.6491377170813	15.8206120636143
SURF2	27.7579033944043	1	1	1	1	1	1	1	27.9859469827494	1	1	1	1	1	1	1	1	1	1	1	30.7179626785721
SUSD1	1	22.3751889587599	1	36.4589230255363	1	1	30.4993413655993	1	1	1	1	1	48.4267832915992	1	1	25.3416265137542	1	1	1	1	1
SUSD3	1	1	57.2033100586142	1	1	1	1	1	33.2621347581352	116.21032384398	1	1	1	42.4238495431452	48.5045128987928	1	1	1	46.2470407047395	19.3080335134015	1
SV2A	1	1	1	1	1	1	1	1	1	1	1	1	1	48.3514691006379	1	1	1	18.6796266651563	1	1	1
SVIL-AS1	1	1	1	1	1	1	1	1	1	1	1	18.9165302434163	1	1	1	1	1	1	1	1	1
SWAP70	38.399348704014	55.820459423909	1	26.2397771095404	151.882180962697	1	83.0896478035678	1	1	1	165.778408052625	1	106.534087223914	1	1	64.2203381728417	61.1799751860158	120.536180474987	68.0630102693094	118.014851368886	60.3575160143744
SYK	14.0594995777604	145.610534574773	1	56.155771078626	120.530801987838	209.732774999218	153.864122295956	45.2456128616201	1	1	133.577764719068	49.8636171111054	65.6992970209919	1	1	120.567148173926	1	33.7758776903922	132.325642729648	71.5619299128567	11.1961007956915
SYNGR1	47.0118003342654	1	1	33.3247027219216	1	1	1	1	1	1	28.9429025452841	1	1	1	1	1	20.4097457966382	1	1	1	99.9508893246926
SYNGR3	1	1	1	1	1	1	1	1	1	1	29.757735482695	31.3512315369181	1	39.4061855977896	28.9275683009218	1	1	1	1	1	1
SYNJ1	1	1	1	1	1	1	1	156.390301841301	1	17.7534363962635	1	1	38.6571754087027	1	1	1	1	1	1	1	1
SYNPO	1	1	1	1	1	1	1	29.3719547729389	1	1	1	1	1	1	1	1	152.157049523255	1	1	36.674506941872	1
SYNPO2	1	1	1	1	1	1	1	1	1	1	1	1	1	1	1	1	39.1244499288964	1	1	33.7771281851551	1
SYP	1	26.4607604618436	1	28.040049250326	1	86.1023878744669	1	1	1	33.1979598609124	1	1	1	1	1	1	1	1	1	1	1
SYT11	1	20.8242926566539	55.4448955427519	105.944272513398	1	1	24.4230390890106	1	110.18186390373	1	1	95.3027285477338	21.6250757515109	120.09593994984	114.805130191857	21.7174637477039	34.7344793527079	28.7441492578318	29.5462042980176	33.5391257727186	1
SYT15	1	20.2961291663048	1	1	1	29.4971593755482	1	1	1	1	1	1	1	1	34.8383520223026	1	1	21.6786753231532	20.9807665662027	24.2202177762464	1
SYT7	1	1	1	1	1	1	1	1	1	1	1	1	1	1	1	1	1	34.4078400271814	1	1	1
SYTL2	1	1	56.7093620027407	107.602830388069	1	1	1	1	71.3902749157251	1	1	108.804497417541	49.8126109948969	36.4284055254037	35.5988069890995	1	73.1875347321713	43.4548936224637	1	27.2796936012428	1
SYTL3	29.5194067933597	29.9180949308612	161.59599762358	228.800848254997	1	46.5576461452561	23.4857844668233	1	176.137472498235	40.6604964695701	1	347.065781592939	109.586199851878	183.378967544492	109.35277494855	19.6460268966176	1	97.138164904688	32.8106957088566	50.7718744445899	1
SYVN1	31.0258371197807	46.0207986867577	27.8115584881953	44.3957968013612	142.55570966773	1	35.1426659714897	211.324332299207	39.8134464265661	32.6252992659343	83.3523584772411	30.2040217666209	33.684123972022	30.6412617959622	42.8607421486997	43.8745108037535	25.4859789212613	50.6329493434286	43.6054874979772	50.3348413697162	22.4551263422786
TACSTD2	113.112749273687	196.008257202683	1	1	1	1	1	1	1	1	1	1	1	1	1	109.808261736491	1	237.455773114113	142.319148754701	444.038410523189	161.011266077837
TAF1A	1	1	1	29.3014511879451	1	1	1	1	1	1	1	33.8518151881556	1	1	1	1	1	20.8518594611146	1	1	1
TAF4	1	16.4219334134891	1	27.8060116111068	75.5232852279527	1	1	1	1	31.4936790983858	1	39.1502684330691	1	1	1	1	1	1	1	1	1
TAF4B	1	1	1	1	1	1	1	18.6668335373414	1	28.4793651597652	30.9967829450794	1	1	1	1	1	1	1	1	1	1
TAF5L	21.8832335412488	18.0849853413086	1	1	1	1	17.2993308843088	1	1	1	1	114.038866557482	1	1	1	24.760689273206	1	25.0678305780907	19.3095038515368	26.6392024104045	1
TAGLN	1	144.496217740915	1	1	1	1	61.0269458797226	1	1	1	1	1	121.559121918753	1	1	43.2194072952054	1792.35392757875	1	131.604251161534	123.918900377399	1
TAMM41	1	1	1	1	35.2145899699411	1	1	1	1	24.5227614641915	1	1	1	1	1	1	26.587502570051	1	1	1	1
TANC1	46.6467137104425	1	1	1	1	1	1	1	1	1	1	1	1	1	1	1	25.2447229227423	41.246841836918	1	1	23.0368814090253
TANGO6	1	16.7831114509644	1	20.8106870977196	31.7704979574414	32.5551932327131	1	1	1	24.1968915343952	1	1	1	1	1	1	1	1	1	1	1
TAOK2	1	1	1	28.6999264723785	1	1	1	1	1	1	1	1	1	1	1	1	1	1	1	1	1
TAPBPL	1	33.707611996928	30.7648419359139	82.2214290597037	1	1	39.5978263628559	75.9782947983705	26.9400135488441	49.5752383743513	1	33.771751904068	1	49.1029938017295	1	29.6158596262347	35.0741578968981	18.5455872330131	25.6689088271858	44.6920380739273	1
TAPT1	1	30.0629321410548	32.7668002649348	34.0085523124089	137.827047074718	1	1	1	33.3363023142779	22.0800931985952	1	1	1	41.5923149416271	39.9744823634232	18.1011233982107	1	23.7662642974711	32.7776545950605	24.7402140075532	1
TARBP2	50.5435120938958	1	1	1	1	1	1	1	1	1	1	1	1	1	1	1	1	17.2231024350109	1	1	25.7744378120392
TARSL2	1	1	1	1	22.3211500437103	1	1	18.5392266290822	1	1	1	1	1	1	1	1	1	1	1	1	1
TATDN2	20.6328749358161	1	34.8262087601257	48.9860535160451	1	1	1	1	39.4498949364131	30.9673468108626	1	33.8821539878669	1	53.5643288922183	50.7385672728846	1	1	1	1	1	1
TATDN3	24.6708043785674	23.7520158144259	1	1	1	1	19.3511586988496	1	1	1	29.6075861896214	1	34.3620869400403	1	1	20.3648357807383	1	1	1	1	1
TAZ	1	27.3514021126849	29.4447840999927	34.055237083716	1	1	18.9173961248542	1	27.2421740448558	33.404683450821	29.5009396441913	1	29.4958106286281	1	1	21.978847093616	1	1	21.9521881289473	26.0131591855667	1
TBC1D10A	1	17.8988861853199	1	29.6159967280227	1	1	1	1	1	53.4062803660757	1	1	26.2337537161439	1	1	1	1	1	1	19.8573625431073	25.9401807911557
TBC1D10B	24.1235958358392	23.2808526743645	1	24.1147548473259	1	1	28.0330153655812	1	1	1	1	32.1827642688132	1	47.3330879476871	1	25.4875602940287	1	15.752021037966	19.3929572013438	1	1
TBC1D10C	1	1	43.8342266910816	136.110450936103	1	81.1919035330374	1	1	77.8883802580378	60.514849383075	28.7331277662437	70.0214890887253	1	47.8909583533598	46.8104577902559	1	1	1	1	1	1
TBC1D13	1	1	1	25.8700362792849	1	1	1	1	1	1	1	1	1	1	1	1	1	1	1	1	1
TBC1D2	21.8697913960366	34.1507862505091	1	1	1	1	54.3677195551713	1	1	1	1	1	1	1	1	77.3170654045152	1	30.6105026113532	1	21.315081875476	46.4640110225081
TBC1D24	1	1	1	1	1	1	1	1	1	1	1	32.0276092406754	1	1	1	1	1	15.9793931790406	1	1	1
TBC1D25	1	1	1	34.7056551388983	1	1	1	1	29.3095806410811	1	1	1	1	1	1	1	1	14.9657291619088	1	1	1
TBC1D31	41.0492081713723	1	1	58.1755960053013	1	1	1	1	1	1	1	43.0354857867898	1	1	1	1	1	1	1	1	1
TBC1D4	22.7442518252863	1	57.744252682608	1	1	1	18.9102733648592	1	1	51.2896372228141	1	18.7756635921424	1	320.864398020021	138.94026482673	1	1	20.4985433403114	58.9534766825836	97.8395172614666	1
TBC1D8B	28.2490762741719	1	1	1	30.6158563217326	1	1	1	1	28.4828394204702	1	1	1	1	1	1	1	19.2522990823412	1	1	30.6622175713048
TBC1D9	1	39.4517960433363	1	1	1	1	46.346730714996	70.5686449121531	1	1	85.0229189203285	1	1	1	1	35.7923934848006	1	16.2718603845478	36.9261781692252	61.3206023038028	1
TBCC	43.0010114252025	21.4416394418304	60.3141648450826	50.2171185943362	50.5453155652788	44.6448253141196	1	1	74.8052685593872	34.4771016121178	42.7809721867636	1	29.8603805124822	44.958919167389	40.7103299007419	1	1	25.0319572640337	1	1	1
TBCD	46.9000046034837	33.2785797726423	56.6891197490884	37.9300103242605	1	1	24.6206706029526	1	101.270482544717	24.9822796029792	1	96.1761137086819	1	49.7062938385516	56.956457149675	28.448956138366	23.3206360974326	46.1913939332112	22.2550833679245	30.8519095936111	1
TBCE	31.3874515057477	1	1	1	1	1	1	1	1	1	1	33.8141963858489	38.3050199309548	1	1	1	1	15.8350786428192	1	1	1
TBCEL	1	1	1	23.7337256258334	1	1	1	37.1395198656606	1	1	1	1	1	1	1	1	22.3021534772767	1	1	1	1
TBL2	22.0019376586609	19.0952038229087	1	1	1	1	18.4251862586983	32.6582184878197	1	1	1	1	22.6863416458698	1	1	32.6567260739298	32.4525797448633	19.6434303080989	1	1	21.6826451782994
TBL3	1	1	1	1	1	1	16.6807339629229	1	1	1	1	1	1	1	1	1	1	1	1	1	1
TBX2	1	1	1	1	1	1	1	1	1	1	1	1	1	1	1	1	55.5788712300557	1	1	1	1
TBX21	1	1	32.4108114659728	484.887657978706	1	1	1	1	158.511546192906	1	1	114.116877814475	1	1	36.9561603180509	1	1	1	1	1	1
TBX3	27.5591318424178	1	1	1	1	1	1	1	1	1	1	1	1	1	1	1	72.4957354022484	29.7059934787621	1	1	56.732667005585
TBX6	1	18.2090653295888	1	26.0189549752307	1	44.9743661774421	1	1	1	18.0567181573299	1	1	51.5672419856671	1	1	1	1	1	1	1	1
TBXAS1	1	116.033201285459	1	45.0639222080391	1	120.158375905192	153.029434656717	30.0608526603887	1	1	35.3722517869674	1	49.0268430274409	1	1	81.0491482740981	1	42.5778433683169	131.813630999169	52.1345256488063	1
TC2N	1	1	123.294028308583	54.9960364861858	1	1	1	1	158.957682139068	123.652412224206	1	50.6764565763885	30.6437075734205	31.9879323143622	78.8803160247164	1	1	49.2136549975498	1	1	1
TCAF2	1	1	1	20.9419895345601	1	1	1	1	1	26.754601693506	1	1	1	42.2483605434192	1	1	1	1	1	1	1
TCEA3	1	1	1	1	1	1	1	1	1	34.8757671408178	1	1	1	1	1	1	1	1	1	1	64.469556403738
TCEANC	1	1	1	1	1	1	1	1	1	32.6985832678823	1	1	1	1	1	1	1	1	1	1	1
TCF19	41.1096052421584	1	1	1	1	1	1	1	1	1	1	45.4110444427051	1	1	1	1	1	1	1	1	1
TCF21	1	1	1	1	1	1	1	1	1	1	1	1	1	1	1	1	50.2898254451061	1	1	1	1
TCF23	1	17.9812810782067	1	1	1	34.752527396086	1	1	1	1	1	1	1	1	1	1	1	1	1	1	1
TCF3	80.9322540900736	26.2242824259481	1	39.5383819219002	50.8511669375207	1	1	72.4638019037555	36.0552776526997	23.5187218602335	56.9937980387384	1	16.8286027016472	1	29.5001374674055	25.4012858776901	55.6627468664601	38.7335050174849	31.9619426818757	24.9323059094716	48.2486618544374
TCF4	153.635479461783	87.9399861002703	1	34.4577558047283	275.609197100939	35.5318987624055	119.17908135094	102.122022754177	1	21.6780037936314	394.148285201764	1	455.48621955293	1	40.7652151499211	76.4307697023255	582.242919791413	87.7120604699485	91.8973316267255	239.690461238559	120.534447613138
TCF7	1	1	281.704077773736	51.0919642102162	1	33.1467291232039	1	1	172.48548347138	806.53711047842	54.2474332229113	97.7676818034227	1	1	222.253046842754	1	1	1	1	1	1
TCF7L2	34.9854294290868	75.5519720221996	1	1	1	1	34.3235218279265	1	1	1	1	1	1	1	1	51.5031571159422	22.9443352878034	34.223472041928	1	51.2849334717489	1
TCHP	1	1	1	25.9811509677731	1	1	1	1	1	18.0713220987215	1	1	1	1	1	1	1	1	1	1	1
TCIM	1	113.18069287463	1	1	1	1	1	1	1	1	1	1	66.7294072738836	1	1	1	426.738432484201	236.279092132688	1	181.770144364082	1
TCL1A	1	1	1	1	323.75576259277	1	1	1	1	1	1	1	1	1	1	1	1	1	1	1	1
TCL6	1	1	1	1	39.1370933489897	1	1	1	1	1	1	1	36.7211760826922	1	1	1	1	1	1	1	1
TCN2	1	19.2029696842556	1	1	1	1	114.29511652915	1	1	1	1	1	1	1	1	40.4182510857079	29.9505577167877	1	1	1	1
TCP11L2	1	1	1	1	27.6433252704835	46.7717406311085	1	1	1	1	1	1	1	1	1	1	1	1	1	1	1
TCTEX1D2	56.8333509698818	1	1	1	1	1	1	1	1	1	1	1	1	1	1	1	1	1	1	1	138.937758945418
TCTN3	1	1	1	1	1	1	1	20.8327162555861	1	1	1	20.5464362089415	1	1	1	1	27.7072556646288	1	32.5467767417355	1	1
TDP1	53.2545425550459	1	1	1	1	1	1	1	1	14.8588363917464	1	1	1	26.4497365741464	1	1	1	1	1	1	24.53224272143
TDRD1	1	1	1	1	1	1	1	1	1	1	1	1	1	1	1	1	1	29.396019743719	1	1	1
TDRD7	1	17.7360127980385	1	26.0665689290702	1	1	1	1	1	1	1	1	1	1	1	1	1	1	1	17.3553595421844	1
TDRP	34.202520085028	1	1	1	1	1	1	1	1	1	1	1	1	1	1	1	1	1	1	1	1
TEAD3	33.4333344698748	1	1	1	1	1	1	1	1	1	1	1	1	1	1	1	44.7416841550666	32.9841799907206	1	1	1
TEAD4	1	1	1	1	1	1	1	1	1	1	1	1	1	1	1	1	54.2340058438519	1	1	1	24.9178647577871
TECPR2	1	1	1	1	1	109.218563227531	1	1	1	21.3165981498774	1	1	1	1	1	1	23.7107193973377	1	1	1	30.077768912257
TEF	1	1	1	1	1	1	1	1	1	1	1	1	1	1	1	1	1	1	1	1	43.4445278588246
TEK	1	1	1	1	1	1	1	1	1	1	1	1	1	1	1	1	82.2442074025001	1	1	1	1
TEKT4	1	21.2787403071065	1	1	24.0616378707325	1	36.2671227969765	1	1	1	1	1	1	1	1	18.4074076927166	1	1	50.918541413983	27.0428909617221	1
TENM2	1	1	1	1	1	1	1	1	1	1	1	1	1	1	1	1	1	1	1	1	58.4501028321296
TEPSIN	18.034733276437	15.1861271851979	1	1	26.8115198207921	1	1	1	1	1	1	1	1	1	1	1	1	1	1	1	1
TESC	1	54.9854177885469	1	29.8775174305211	1	1	1	1	1	1	29.054153610948	48.6297231272881	1	30.2791574311128	1	1	1	38.5107487892762	1	1	1
TESPA1	1	1	57.4768167399717	44.7723724983994	1	1	1	1	1	97.6935211088651	1	23.0473769521728	68.2858671802945	31.3778332749568	43.8269977127909	1	1	67.322391160179	1	1	1
TET3	23.1304317958731	18.4716582864185	1	1	1	1	26.0586043117055	1	1	1	1	1	1	1	1	17.7379249110914	1	1	1	1	1
TEX2	14.8307658527952	1	1	1	1	1	29.0719052075934	1	1	1	1	1	1	1	1	38.7175112549251	42.2436703348673	20.2422326256263	1	1	20.4037239118715
TEX26-AS1	1	1	1	1	1	1	1	1	1	1	1	25.2744950032096	1	1	1	1	1	1	1	1	1
TEX30	32.3756881148977	1	1	1	28.0019064033395	1	1	1	1	1	1	109.507715583855	1	1	1	1	1	23.2636852026149	1	1	30.1788798598859
TFAP2A	32.8938240735543	1	1	1	1	1	1	1	1	1	1	1	1	1	1	1	1	1	1	1	27.8017336587525
TFAP2C	36.8025080974018	1	1	1	1	1	1	1	1	1	1	1	1	1	1	1	1	22.1137643273226	1	1	45.6845316539811
TFAP2E	1	1	1	1	1	1	1	1	1	1	1	1	1	1	1	1	1	1	1	1	87.3499484347712
TFB1M	15.7131835311221	1	1	1	1	1	1	1	1	20.4155109376622	1	1	1	1	1	1	1	1	1	1	44.0833032175397
TFCP2L1	1	1	1	1	1	1	1	1	1	1	1	1	1	1	1	1	1	23.1599751794096	1	1	1
TFEC	1	28.6868297755182	1	1	1	1	47.6205358220592	1	1	1	32.7044933362135	1	26.564312621976	1	1	34.9715319269578	1	1	27.3505166583495	30.2361920877288	1
TFF1	1	1	1	1	1	1	1	1	1	1	1	1	1	1	1	1	1	77.4561284995003	693.221855874651	413.875001351561	1
TFF2	1	1	1	1	1	1	1	1	1	1	1	1	1	1	1	1	1	75.493543377306	1	1	1
TFF3	140.002998319946	1	1	1	1	1	1	1	1	1	1	1	1	1	1	1	1	667.002659166841	1	1	1
TFPI	1	48.4498011422719	1	1	24.8598902615008	1	26.5325881263436	1	1	22.79774275766	1	1	41.7716036657683	1	1	22.7993522515234	215.781845235297	61.8930522224602	1	85.0041192300638	198.790363049029
TFPI2	1	1	1	1	1	1	1	1	1	1	1	1	1	1	1	1	1	92.8919092759673	1	1	1
TFPT	1	1	1	1	1	1	28.3702979343164	1	1	1	1	1	1	1	1	23.4517293352938	1	1	21.6076620271526	1	1
TGFB1	1	17.4036766146663	1	28.3096675694072	40.4273262515171	34.5930438915729	1	1	36.6861857702816	1	1	57.8347939011621	1	27.168777028638	1	1	1	1	18.5433879867343	1	1
TGFB1I1	1	1	1	1	1	1	1	1	1	1	1	1	1	1	1	1	82.1209300960748	1	1	1	1
TGFBI	36.8315145653777	304.981091134771	1	1	1	1	556.834379336375	1	1	1	1	1	76.0751376127945	1	1	508.832986391632	140.21120167621	33.2885235950509	436.691937893036	261.291032082421	77.963683565958
TGFBR3	20.0069178581095	24.5497821647987	62.7002029873524	318.490310120457	1	1	1	1	114.94550702243	1	1	83.3844728714875	1	44.6361241256434	57.9843507787574	1	80.1038941633474	1	1	41.7978520604888	1
TGFBRAP1	17.4446412845662	17.4604104431565	1	29.6827427273911	1	1	21.1169800759723	1	1	21.5667274404266	1	1	1	1	28.6079257428167	16.1688149412774	1	1	1	1	1
TGIF2	18.9743951211473	1	38.3343971179963	1	38.8042873978191	1	1	1	1	1	38.7988016945056	108.027798803692	1	43.1546121453542	47.2368149245976	1	1	20.5681493379258	1	28.0976959261536	1
TGM2	1	77.3724974679802	1	27.9242598396952	1	163.287016796835	127.549181054945	1	1	32.1999173035378	1	1	79.8953279428304	1	1	309.718917749478	628.240339643137	78.7265609280935	63.7943096225896	152.665807132692	1
TGS1	41.463934969933	17.7434986569305	36.7347813476999	35.6488812319802	37.0936905400547	1	1	1	55.1342323341245	32.8995880596807	45.4991035039218	21.8228523357117	1	46.2788297129109	48.5153580639297	1	1	22.9850344467472	1	21.5999417148646	1
THAP1	1	1	1	1	1	1	1	1	1	1	1	46.3268692240956	1	1	1	1	1	1	1	1	1
THAP2	1	58.7121401331403	1	1	1	1	106.923541366483	61.6285166882171	1	1	1	1	148.700347106009	1	1	65.5094056511368	1	129.234918326861	28.4113370494457	90.3663344750429	1
THAP6	1	19.8008766674066	1	24.0912159613143	1	1	1	1	1	1	1	1	18.8766242090876	24.4809216031193	1	1	14.9240903876462	1	1	1	1
THAP7	22.9942316013681	1	1	1	1	1	1	1	1	1	1	1	1	27.1104631400896	1	1	1	1	1	1	1
THBD	1	381.614803960565	1	1	1	198.72214204783	413.890564978252	1	1	1	1	1	371.848576687836	1	1	331.151122281505	165.791580946388	1	420.559986033874	394.843775048985	1
THBS1	1	811.877325826905	47.3289278079324	1	1	1	522.172751365834	1	1	1	1	33.2937975553897	159.303331794178	1	34.2510609687886	262.323094527149	424.572980403876	196.046366939367	160.317286566809	488.567074581715	1
THBS2	1	1	1	1	1	1	1	1	1	1	1	1	1	1	1	1	564.496676822861	1	1	1	1
THBS3	1	1	1	1	1	1	1	1	1	1	1	1	1	1	1	17.0722531455027	46.3653851266666	1	1	1	1
THEMIS	1	1	77.4597386532568	1	1	1	1	1	95.59013571256	43.674681475116	1	1	1	1	56.1517071394205	1	1	1	1	1	1
THEMIS2	1	273.929243053576	1	213.89488310347	110.442771444249	328.680998581179	243.450912720497	138.877077797736	41.0833272881237	47.220505815467	288.152067428594	38.2674424016228	199.183802758296	1	1	199.757009964218	35.7317516448435	25.6494801053698	228.469601159467	218.695312988965	1
THNSL2	1	1	1	1	1	1	1	1	1	1	1	1	1	1	1	1	19.767843575872	1	1	1	34.2387235198607
THOC1	1	1	1	1	1	1	1	1	1	1	1	81.2886659361944	1	1	1	1	1	1	1	1	1
THSD4	1	22.007939051856	1	1	1	54.5933622398588	1	1	1	17.3506329993424	1	1	1	1	1	1	35.0819697023983	1	1	1	1
THUMPD2	32.4963824102411	1	1	1	45.1153693570421	1	1	1	1	1	1	1	1	1	1	1	16.6112705570474	1	1	1	1
THY1	1	1	1	1	1	1	1	1	1	1	1	1	1	1	1	1	619.127147299329	1	1	1	1
TIAF1	1	1	28.4113533372233	1	38.9871916209519	1	1	1	30.7989496280209	1	1	1	1	1	1	1	1	1	1	1	1
TIAM1	38.2773030314779	26.1242296249063	35.2669973896266	1	1	1	25.3129751688595	1	1	24.5586770193473	1	27.5275802562548	38.0816210593438	132.235204801795	113.307664709673	22.1632491672871	1	22.9273834168945	24.0188633231738	20.7111319723282	1
TIAM2	1	1	1	1	1	1	1	1	1	1	65.7612735050755	93.8898118066135	29.4880679037267	1	45.2871843756752	1	1	1	1	1	1
TICAM1	1	23.4777305917709	1	1	1	1	1	1	1	1	1	1	32.0197012104035	1	1	21.0905764373015	1	18.0966664809539	1	38.948374674487	1
TIFA	1	1	40.2161201218025	26.2213657476103	1	1	1	76.8889885833842	1	40.8776176916161	1	44.8100982494853	47.7385300881215	76.2866150903191	79.2775962210936	1	42.473363860015	29.5026373663706	1	1	13.9107330301712
TIGD1	1	1	1	1	1	1	1	1	1	1	1	75.6314234640234	1	1	1	1	1	1	1	1	1
TIGD7	1	1	1	1	1	1	1	1	1	1	1	56.8552092689863	1	1	1	1	1	1	1	1	1
TIGIT	81.0147227966878	1	129.31503918888	100.461154553694	1	1	1	1	198.493811522633	1	1	294.32778647264	1	822.083303884598	360.587711645167	1	1	1	1	1	1
TIMELESS	116.858466319977	1	1	28.6407187814887	1	1	16.0605936323658	1	1	1	1	18.169410883788	26.8094688420461	1	1	23.6575317503264	1	20.9554880107941	1	1	1
TIMM23B	1	1	1	1	28.3747348456111	1	1	1	1	1	1	1	1	1	1	1	1	1	1	1	1
TIMM29	19.0103946499776	1	1	1	1	1	1	1	1	1	1	1	1	1	1	1	1	1	1	1	52.5518520845795
TIMM8A	41.4614904887683	1	1	1	1	1	1	1	1	1	1	1	1	1	1	1	1	17.4563036458741	1	1	1
TIMM9	64.5736563627745	20.3216967752664	1	20.2952279586084	1	1	16.7108161383861	25.4860385652929	1	34.4198661501995	31.7213978188946	1	1	1	1	22.082617158715	1	29.5868010396296	16.5023524686619	1	64.4366332713133
TIMP1	1	1171.45993505088	64.9987559960185	59.0382392213999	1	360.454182434299	316.011004043049	60.1827446782234	1	22.6329177727288	1	1	441.215303586526	62.6853556179617	1	1048.53329361644	4062.09378387371	742.518571751992	476.994616324763	507.962810412309	165.005203476375
TIMP2	1	218.265673134092	1	1	1	285.635560452399	662.552905984721	27.8995630333199	1	1	1	62.5321196828792	81.1204038095992	1	1	413.180362535394	805.824467000215	1	165.882490853214	212.608033483962	1
TIMP3	1	79.0550545393678	1	1	1	1	1	1	1	1	1	1	255.969283071453	1	1	65.8890278453264	1112.45361618394	225.705024502069	1	594.580202033887	1
TINAGL1	1	36.7406883635205	1	1	1	1	1	1	1	1	1	1	1	1	1	1	184.098787765993	23.7831831687968	1	128.853468102315	1
TIPIN	35.6000686688727	1	1	1	1	1	1	1	1	1	1	1	1	1	1	1	1	1	1	1	1
TJP1	36.1077453838117	29.2220304901689	1	1	1	1	1	1	1	1	1	1	1	1	1	1	127.964654120875	30.3770837359337	1	62.7464168008594	20.2840336310129
TJP2	34.0404315265215	33.4340182599494	1	1	1	1	23.0736633515318	1	1	1	1	1	55.6356520984538	1	1	19.3161511858048	61.9798494666333	123.422748147342	25.0461900913012	96.1385512852507	32.9489323063397
TK1	159.859198274016	1	1	1	1	1	1	1	1	1	1	42.7785727327815	1	1	1	21.3105540753155	1	21.3424973322511	40.5678047981745	1	40.9258441615262
TK2	1	35.3884811910287	1	1	1	1	33.9888691305939	1	1	1	1	1	1	1	1	18.775904868186	1	1	30.3769034122799	21.4661368581521	1
TKTL1	1	1	1	118.299145166733	1	1	1	1	1	1	1	1	1	1	1	1	1	1	1	1	1
TLDC1	1	22.5353196962619	1	1	1	1	1	1	1	1	1	1	1	1	1	1	1	1	1	1	1
TLE1	29.0909781184619	20.5112473035286	1	75.3870285606693	131.249984624224	1	1	45.5127139940644	1	1	91.8832459231121	1	1	1	1	1	54.4467536537288	22.5287026396719	1	30.1940830773061	1
TLR1	1	25.2305646116796	1	1	1	109.252348330932	19.1997691446499	1	1	1	1	1	1	1	1	1	1	1	1	1	1
TLR10	1	22.7778353102369	1	21.843642922266	56.0804433133977	60.3709037497913	19.0711695910908	1	1	20.2382723893602	68.9693006876417	1	30.2039676179297	1	1	1	32.6059602555629	18.1515599021724	22.3049062095815	27.43053657049	1
TLR2	1	138.461865531787	1	1	1	306.406806757135	85.3804387191119	1	1	1	1	1	1	1	1	71.042106175491	1	1	75.5493628294772	69.4603646983865	1
TLR3	1	16.5572053617262	1	22.1774263787698	1	30.3055409320673	1	1	1	1	1	1	1	1	1	1	1	1	24.3548344174154	20.1457969687239	1
TLR4	1	60.6290975587908	1	1	1	202.02106804316	66.9951909944973	1	1	1	1	1	45.4614973073427	1	1	45.1581481438252	1	1	1	25.8047253459113	1
TLR5	1	17.4246518981039	1	1	1	1	29.2445572153121	1	1	1	1	1	1	1	1	1	1	1	1	1	1
TLR6	1	21.5685858803674	1	1	1	88.8268218722429	1	1	1	1	32.1707787668808	1	1	1	1	1	1	1	1	1	1
TLR8	1	86.893130502832	1	1	1	145.662946559829	62.5443692911055	1	1	1	1	1	1	1	1	32.4253749244025	1	1	15.8440149891645	1	1
TM4SF1	835.790314475044	215.393994806781	1	1	1	1	1	1	1	1	1	1	83.3143083184775	1	1	297.101654452324	420.163794348986	536.631991442246	66.2913014969813	452.351730268353	1540.61653300922
TM4SF19	1	1	1	1	1	1	1	1	1	1	1	1	1	1	1	30.0585293006339	1	1	1	1	1
TM4SF19-AS1	1	1	1	1	1	1	22.1979324568473	1	1	1	1	1	1	1	1	1	1	1	1	1	1
TM6SF1	1	31.2147437008153	1	1	1	57.9255051148146	46.5904375328705	1	1	1	1	1	1	1	1	33.9149120122148	1	24.621399439568	43.8494696225368	48.1003887382733	1
TM7SF2	1	1	1	1	1	1	1	1	1	1	1	1	1	1	1	1	1	1	1	1	49.2176631709083
TM9SF1	1	1	1	1	1	1	1	19.9904374424827	1	1	1	1	1	1	1	1	1	14.0846469579591	1	1	1
TM9SF4	1	29.172436673166	1	20.1444823300463	1	1	15.8839780681284	20.7814143258194	1	1	1	1	1	1	1	16.7627593604538	23.3879706151934	1	1	1	1
TMA16	47.2714254435152	19.5948030680516	1	1	38.2589070027026	1	1	1	1	1	26.7513913483977	1	1	1	1	16.1151432575225	1	17.9135210076386	23.7988470639912	1	1
TMC4	1	23.1964405092217	1	1	1	1	1	1	1	1	1	1	1	1	1	1	1	15.6282936538361	1	1	85.2102659839785
TMC5	1	56.6696289965256	1	1	1	1	1	1	1	1	1	1	1	1	1	1	1	60.916405348409	1	53.6911570689651	1
TMCC3	1	36.546189447724	1	25.6989442693037	1	215.241334055732	28.3179991744072	1	1	1	1	1	58.1455010127685	1	1	23.68980616152	1	1	60.9863980399093	53.2612495918718	1
TMED8	32.1462461821023	28.2621753143025	1	31.4702978743733	135.400272162768	1	1	1	1	1	78.5416986856802	1	35.9895640556918	81.5386867744538	44.7352131027461	22.2520672875656	1	31.5768189065041	18.9786914035934	1	1
TMEM100	1	1	1	1	1	1	1	1	1	1	1	1	1	1	1	1	103.113400855303	1	1	1	1
TMEM101	21.4059466810667	27.650650605598	1	25.1304185724507	1	1	21.7715394145078	18.8530336763063	1	36.8804802143219	1	1	1	1	1	21.8477050089463	1	24.8313595789009	21.1219186227968	21.5645655666368	1
TMEM102	1	1	1	1	1	1	1	1	1	1	1	1	1	1	1	1	1	1	1	1	37.1341747526128
TMEM104	1	1	1	1	1	1	26.2028795470062	1	1	1	1	1	1	1	1	24.6157668291347	1	16.2274797553008	1	1	1
TMEM106C	123.177654306965	1	1	1	1	1	1	1	1	1	1	44.0152415791619	1	38.3041610530043	30.2161311025879	22.0093293118069	1	34.8606698084277	1	1	76.7740528094676
TMEM107	19.6758734176391	22.004862104945	1	42.9724743140558	1	1	20.2615530213765	21.5764891189841	1	1	1	1	43.1994558403522	1	1	19.923062829248	1	24.0585453312727	1	23.7249050660621	1
TMEM119	1	1	1	1	1	1	1	1	1	1	1	1	1	1	1	1	173.260625116564	1	1	1	1
TMEM126A	21.1562856002469	20.0601911823327	1	1	1	1	1	1	1	1	27.1595353044302	1	1	1	30.4788890779599	28.7705915031652	1	21.6469089344601	22.8448954211354	1	1
TMEM131L	24.8463353300118	29.2484167905854	51.5891539488997	65.4701513725861	110.675069481835	1	1	1	31.5328430413787	64.6961826583215	87.1874040559572	1	39.3756972535188	46.4524686322305	46.3426387302489	1	1	1	1	1	1
TMEM132A	40.6929773381092	1	1	1	1	1	1	1	1	1	1	1	1	1	1	1	67.6195819601074	18.4811614280061	1	1	1
TMEM136	1	1	1	1	1	1	1	1	1	1	1	1	1	1	1	1	1	1	1	1	42.8808141553346
TMEM140	1	1	31.5284801164188	34.8548652125391	86.9965346756332	199.797934267025	29.719681497738	56.2163282681865	1	1	53.5806193949401	1	73.3152713771138	98.9616044170814	39.7985275836328	27.9642837069634	1	1	1	34.7911034800991	1
TMEM144	1	18.3725192056009	1	1	1	1	34.4484350888325	1	1	1	1	1	1	1	1	18.0261569319234	1	1	1	29.9638824878656	1
TMEM14A	229.447078103625	1	1	25.0820989521207	1	1	1	1	1	1	1	49.6655416711223	1	37.1210820102404	25.9436756794174	36.4521786854439	27.1371583064676	80.0621328604406	18.4523187083091	1	376.481607326664
TMEM150C	1	1	1	1	1	1	1	1	1	1	1	1	30.8653920304369	1	1	1	1	60.7413756926042	1	1	1
TMEM156	1	1	46.8160889676779	34.700844911348	141.50227036372	29.0475432927744	1	54.3167005586835	46.6858981765003	65.3692027117361	97.6190264113964	26.2026684163805	41.6371678163992	1	34.634350790568	1	1	1	1	1	1
TMEM158	76.942052765894	1	1	1	1	1	1	1	1	1	1	1	1	1	1	36.3935213486742	66.2401376237192	44.1211580394643	1	1	151.327717218207
TMEM161B	14.5239633066228	1	1	31.3485831305573	1	1	1	1	1	30.5564991115347	1	1	22.7687130425557	30.1437670325161	1	1	1	17.4633862061825	1	1	1
TMEM161B-AS1	1	1	1	1	1	1	1	1	1	32.9742196245858	1	1	1	1	1	1	1	1	1	1	1
TMEM170B	1	47.4775362079006	1	1	1	1	15.9323722625755	1	1	1	1	1	1	1	1	24.4369297524023	1	1	26.5790184851049	1	1
TMEM173	26.7514208200891	62.7575839905657	67.6251819514681	55.7937124098841	1	1	33.050344755087	1	47.3939908143519	51.3145256736863	1	1	31.3137063368298	157.413453626281	85.8951304311728	24.9931327874352	80.2089221996863	37.6106880450877	46.9141560029364	52.2086613785038	1
TMEM175	1	19.3591743089465	1	1	1	1	1	1	1	30.9556683879596	1	1	1	1	1	1	1	1	1	1	1
TMEM176A	1	223.20533189493	1	1	1	1	465.440637373634	1	1	1	1	1	35.0896730190592	1	1	233.044411521936	280.528460926118	115.227423164944	164.330309334792	258.924724906782	1
TMEM176B	1	493.041652321769	1	1	1	1	1149.61342282599	1	1	1	1	1	100.226974923437	1	1	503.260231563409	383.004221449433	247.886267610304	364.051082853612	481.082905781443	1
TMEM178B	1	1	1	1	1	1	1	1	1	1	1	28.3191143757401	1	1	1	1	1	1	1	1	1
TMEM184C	1	16.3484954875704	1	1	27.3662366141385	1	16.9929664365599	1	1	1	1	1	1	32.4793108143258	33.5018707661438	20.3446435531347	1	1	1	1	1
TMEM204	1	1	1	1	1	1	1	1	1	43.5846852464547	1	1	1	1	1	1	95.2790717739138	1	1	1	1
TMEM205	49.2877745805995	57.4394409323784	1	25.9471225922237	1	1	50.661660499021	85.0837736080645	1	16.40118708659	1	1	1	26.928711049898	1	57.1540628276051	60.0786437350212	47.3649473206377	26.5315492244187	45.792374969997	45.0640336106682
TMEM212	1	20.8291513354064	1	33.425756575805	1	1	1	1	1	16.0793021656124	1	63.5972767420038	1	1	1	1	1	1	1	1	1
TMEM214	19.4030697433769	25.1966713912826	1	38.0762202079533	1	1	25.713916453441	57.2456299123704	1	1	1	1	1	1	1	28.1617026625956	41.4217810432105	28.982531902284	1	22.3384839330436	49.6296160508405
TMEM216	25.0620638795022	1	1	1	48.0320923943727	1	1	1	1	1	1	1	1	1	1	1	1	23.8053287062668	1	1	1
TMEM218	24.2546716046698	1	1	1	1	1	1	1	1	1	1	1	1	1	1	14.9074364480791	54.5111228490296	1	18.820212042034	1	1
TMEM223	22.8165407587159	1	1	26.3697736250061	1	1	1	1	1	24.1360344931976	1	1	1	1	1	1	1	1	1	1	1
TMEM229B	1	1	1	56.9547775512617	1	1	1	1	1	26.9388151587307	1	27.7912459787814	1	1	1	1	1	1	1	1	1
TMEM233	1	1	1	1	1	1	1	1	1	1	1	1	58.9745651334171	1	1	1	1	59.9766348577411	1	1	1
TMEM236	1	1	1	1	1	1	20.5848379463945	1	1	14.5520097827915	1	73.9910304708561	1	1	1	18.0307945744699	1	1	18.6268158967746	1	1
TMEM237	42.4275518602244	1	1	1	1	1	1	1	1	1	1	1	1	1	1	1	1	17.1143148384186	1	1	16.4090898431254
TMEM238	27.396537605418	1	1	1	1	1	1	20.6471458407127	1	26.2733958909298	1	17.4933346013849	1	1	1	1	1	1	1	1	1
TMEM241	14.0864807451754	15.4813334163179	1	28.9322469348681	24.8731392046379	1	1	1	1	25.6359263593295	1	1	34.6791931777091	1	1	1	1	17.1890116400227	1	1	1
TMEM246	44.1481553181788	1	1	1	1	1	1	1	1	1	1	1	1	1	1	1	1	27.4701107806089	1	1	25.9667393410041
TMEM251	30.1549659110701	1	1	1	1	1	34.7902815381907	1	1	1	1	1	1	1	1	43.3364811046222	1	1	1	1	53.3686744657684
TMEM254	1	17.5562181846239	1	1	1	1	17.0835682104618	1	1	48.8464538158058	1	1	1	1	1	17.8770539983277	1	16.8618061143742	1	1	90.6891091359375
TMEM255B	1	1	1	1	1	1	1	1	1	1	1	1	1	1	1	1	80.2679037564061	1	1	1	1
TMEM263	24.8311106914094	1	53.0265674596068	52.9087685845647	48.9448911721055	1	1	58.4050747557587	36.3529806768156	49.0411527837321	1	62.1942812064775	26.1988871691188	79.3372052195161	71.8800505063976	21.8524050598227	61.7924787984244	58.0530057025243	1	18.4930554373502	1
TMEM265	1	24.7223003742602	1	1	1	1	1	1	1	1	1	1	1	1	1	1	1	14.9034770257817	1	31.7371635156153	1
TMEM266	1	15.140109386951	1	20.2394239435096	22.654927489246	31.1268450886813	1	1	1	1	1	1	1	1	1	1	1	16.69430204165	1	1	1
TMEM37	1	1	1	1	1	1	71.4197417236919	1	1	1	1	1	1	1	1	28.4262813988241	1	1	1	1	1
TMEM38B	1	1	1	1	1	1	16.5897525507222	1	1	1	1	1	1	1	1	47.6729753626681	1	16.1749939003395	1	1	1
TMEM39A	20.3340438491245	18.5511676136799	1	24.0412142718199	1	1	1	30.1292502886558	40.2281011502109	1	1	174.05310392988	45.9668909197777	1	1	20.3340792064608	39.5679860724675	23.5416335341007	18.4099939401885	19.448467202378	1
TMEM41B	26.6376308100687	29.2140640945299	1	20.6855681175418	1	1	16.4151982478983	1	1	1	1	1	1	1	35.7472571543638	24.4442761413474	23.4769183458158	56.1561872105853	1	16.8777150212143	1
TMEM42	1	1	1	1	1	1	1	1	1	22.1432720841302	1	1	1	1	1	1	29.5855209948481	17.3198056452914	1	1	54.4840112307371
TMEM45A	1	1	1	1	21.4812624702924	1	1	18.4320909968353	1	30.1819411959367	1	1	1	1	1	1	66.3400539613997	21.2701920776605	1	1	1
TMEM45B	1	25.0404711037565	1	1	1	1	1	1	1	1	1	1	1	1	1	1	1	30.0607087162614	1	1	1
TMEM47	1	1	1	1	1	1	1	1	1	1	1	1	1	1	1	1	48.6176206388852	1	1	1	1
TMEM51	1	38.3028305218775	1	1	1	1	104.690615110705	1	1	1	1	1	1	1	1	92.9110586670329	1	1	86.3386856396468	72.1640927928331	1
TMEM54	74.9675941315172	1	1	1	1	1	1	1	1	1	1	1	1	1	1	1	1	23.8745052390507	1	1	116.449786561394
TMEM62	1	20.6855711837354	1	1	1	1	15.5658807387973	1	1	1	1	1	1	1	1	1	1	1	25.0707534835285	1	1
TMEM64	22.0781176604272	1	27.7926981927637	32.3105168670586	1	1	1	1	31.1001954152195	1	39.0163759314295	63.2730368048873	43.8084332660266	45.7943910888805	35.7004168996256	1	26.4545791634384	39.3674581524297	1	1	1
TMEM67	23.5505394271237	22.0390049747763	1	21.2386720617748	54.9718503101751	37.7330028756658	1	1	29.1192993513121	24.1865622378034	1	1	19.9358303837809	1	1	19.8748423536631	1	28.7047157754511	1	1	1
TMEM71	1	44.2271924476056	1	52.6119634019703	1	249.03340878304	1	1	30.2490740509012	20.6804674763147	1	32.0447627278562	1	1	1	1	1	1	1	1	1
TMEM80	1	30.1950740989502	1	39.1221867317494	59.9198756127311	1	1	1	1	33.7296017185151	1	98.4397923235777	1	1	36.5291472272898	17.0978582817251	25.1093450384784	23.4369233831234	1	28.5128793243375	1
TMEM86A	1	1	1	1	1	1	29.3904186696062	1	1	1	1	1	1	1	1	1	1	1	1	1	1
TMEM88	1	1	1	1	1	1	17.7851640242172	1	1	1	1	1	37.9418162826834	1	1	17.5119525700614	1	45.6256964927589	17.9671481550465	21.0531696111964	1
TMEM91	1	1	1	1	1	58.7606547033765	1	1	1	1	1	1	1	1	1	1	1	1	1	1	1
TMEM97	36.8206098229197	1	1	1	1	1	1	1	1	1	1	1	1	1	1	1	1	19.8904088441862	1	1	1
TMEM98	46.41771581539	36.1141323167747	1	1	1	30.2392787234856	1	1	1	1	1	1	1	1	1	22.7808119636682	168.937873108649	35.3926440329123	1	32.0414050169136	74.4270645985675
TMIGD2	1	1	1	98.9467418147521	1	1	1	1	32.70362029475	61.5470448469034	1	149.969547098212	1	1	29.878972101499	1	1	1	1	1	1
TMIGD3	1	1	1	1	1	1	39.3954218717514	1	1	1	1	1	1	1	1	1	1	1	1	1	1
TMOD1	1	1	1	1	1	1	1	1	1	1	1	1	1	1	1	1	1	29.008282492672	1	1	1
TMPRSS11D	1	1	1	1	1	1	1	1	1	1	1	1	1	1	1	1	1	1	1	1	66.1875832440408
TMPRSS2	1	76.0636329746426	1	1	1	34.3512142006193	1	1	1	1	1	1	1	1	1	1	1	57.0463717168167	1	103.428965206346	1
TMPRSS4	176.203349029624	48.5577278127221	1	1	1	1	1	1	1	1	1	1	1	1	1	66.0204233325696	1	113.592035382578	1	51.4184785996829	264.420043300146
TMSB4Y	1	1	1	1	1	1	1	1	1	1	1	44.0768439760077	1	1	1	1	1	1	1	1	1
TMTC1	26.9116805847367	1	1	1	1	1	1	22.2586755428659	1	1	1	1	1	1	1	1	1	35.7347622540159	1	1	43.0768536364474
TMTC2	1	26.4690868428627	1	1	1	1	1	1	1	1	1	1	1	1	1	1	20.0438901351242	28.2306330160205	1	1	1
TMTC3	38.9522899283865	1	1	1	1	1	1	1	1	1	1	1	1	1	1	1	1	25.3435598571884	1	1	76.0487486555097
TNC	35.1235973155646	39.5882031270979	1	1	1	1	1	1	1	1	1	1	1	1	1	1	403.030696435073	64.9237903395409	1	1	1
TNF	1	1	1	1	1	1	73.7025633762768	1	1	1	1	1	53.2245907038162	1	1	28.2921765275854	1	25.8438039360305	1	105.694805704001	1
TNFAIP1	70.2401835696013	23.7138037812632	1	1	1	1	1	1	1	1	1	1	1	1	1	23.6343360107085	68.0496605406529	40.1110919394702	1	57.3889630332285	73.8318329548863
TNFAIP2	191.419883161491	216.75066747728	1	1	1	434.946982502662	222.055721983302	32.3882549971929	1	1	1	1	110.807809234475	1	1	180.691799261949	76.1354518661737	111.566874392033	73.3550254557479	312.400214655052	271.55773654647
TNFAIP3	262.895778730555	265.334225760954	1859.12529794037	395.165352775214	87.056494620178	535.056550251176	756.687035236082	297.221494029357	1444.34886673181	70.6973614061928	60.8626681836349	1661.0141107786	1616.9717757852	1949.64196582572	1905.87277553653	509.939871440159	449.9203844232	1259.22161910709	150.52158278003	680.292509756659	1
TNFAIP6	1	1	1	1	1	220.241446662422	26.7468945352967	1	1	1	1	1	1	1	1	38.9066970566649	98.2587261475641	1	1	40.4603421710122	1
TNFAIP8L3	1	23.2676231751535	1	1	37.6557114387706	1	19.2752501056127	1	1	21.3803974014877	1	1	32.8473187701089	1	1	18.6478220515465	1	1	24.9260071681874	22.7374284520902	1
TNFRSF10A	1	15.6176609316954	1	1	1	1	1	1	1	37.5060081955663	31.3331533585256	1	1	1	1	1	1	29.5332628349768	1	1	1
TNFRSF10C	1	1	1	1	1	227.499525478148	1	1	1	1	1	1	1	1	1	1	1	1	1	1	1
TNFRSF10D	1	21.9262570054981	1	1	1	1	17.7890353623116	1	1	1	1	1	74.0709879133417	1	1	29.5029004314729	66.1075126669549	27.3044507025334	1	42.9433377513266	1
TNFRSF13B	1	1	1	1	1	28.8227675887027	1	1	1	1	106.944882939761	1	1	1	1	1	1	1	1	1	1
TNFRSF13C	1	1	1	1	420.979135503295	1	1	29.0331068249729	1	1	339.466257876017	1	1	1	1	1	1	1	1	1	1
TNFRSF17	1	1	1	1	1	1	1	188.388612379975	1	1	1	1	1	1	1	1	1	1	1	1	1
TNFRSF18	87.4496512291552	1	33.6143418034487	62.463121417272	1	1	1	1	1	1	1	216.538336701978	29.568140723912	470.327732117375	193.794034646263	1	1	43.5496418343113	1	1	98.052574948306
TNFRSF1A	26.8487094231263	106.77713041047	1	65.7911334179424	1	355.275983776943	81.4300887090802	1	1	1	1	26.0075479890973	48.4405093885437	1	1	71.0789226374404	145.558880328698	34.2013811386312	53.9057317985779	67.1214872329927	62.4215713995923
TNFRSF1B	111.765929493787	550.537426800241	266.942560627509	316.003972256895	55.64438185848	783.961960503175	226.907193599616	1	327.199792673085	54.3928391815045	92.1666445870406	443.376474980891	311.303839962665	1069.7447876403	378.814214910464	225.647958974836	123.918571548134	1	237.939297701885	307.901784983715	1
TNFRSF25	1	1	57.541128487618	1	1	1	1	1	1	48.3754470816681	1	33.6781329861657	1	99.5172004397243	78.2201863505861	1	1	1	1	1	1
TNFRSF4	1	1	32.0832537625892	1	1	1	1	1	1	1	1	1	1	301.290018981664	104.891266510927	1	1	1	1	1	1
TNFRSF6B	1	1	1	1	1	1	1	1	1	1	1	1	1	1	1	1	67.8534284657224	1	1	1	1
TNFRSF8	1	1	1	1	1	1	1	1	1	1	1	1	1	35.678354500937	1	1	1	1	1	1	1
TNFRSF9	116.84793975335	21.968268362974	77.9686813317977	51.7370647659593	1	39.7773801097716	24.4900915080396	1	165.120478358301	25.9268476726749	1	395.01683560803	75.8106226601274	741.929628900182	251.087250401911	25.1914057682168	24.5821142317425	81.5262494026582	29.0944506759377	56.3364639323872	1
TNFSF13	1	221.836288978839	1	1	1	39.2617268950423	536.042467052858	1	1	1	1	1	80.6289632521291	1	1	369.136142587181	1	22.9342541479066	274.48581963557	128.517020064388	1
TNFSF13B	1	209.307745877111	29.7800378729687	1	1	308.445442542071	172.038880647851	1	1	1	1	1	49.0790008284108	1	54.6957165753801	89.2396203484141	108.507159937497	1	115.975759482738	130.955764146779	1
TNFSF14	1	37.4027433605497	47.15878166115	69.1145728100752	1	153.222830467408	1	1	53.3809801148354	1	1	119.072537351565	77.8446063266765	31.0376084811309	83.5426482388671	50.9949334781929	1	1	34.6059280672513	20.3326334499491	1
TNFSF15	1	51.1806874087464	1	1	1	50.5644920803194	71.3538038338865	1	1	1	1	1	54.9314774345369	1	1	46.6340721187607	1	47.9279898681135	17.0935299907259	29.9427650903706	1
TNFSF4	1	1	1	1	1	1	1	1	1	1	1	90.1704627601337	1	1	33.5901846015796	1	1	1	1	1	1
TNFSF8	1	1	26.822036732432	1	1	1	1	1	1	29.4281889215684	1	1	1	1	1	1	1	1	1	1	1
TNFSF9	1	1	1	1	36.0935177424467	1	1	1	79.8777948436638	1	71.9351907083405	29.4341968827002	98.7831823267613	1	54.2008556697166	1	1	1	1	22.0685733603235	1
TNIK	32.9066811983992	1	72.9098808481334	77.5104039517236	1	1	16.0755032563872	1	68.2938229876258	65.6617353415663	1	51.265252221221	78.460682261166	118.676381547236	80.9420960617938	31.4631557371501	1	80.4000097179014	1	1	1
TNIP3	1	1	1	1	1	1	1	1	44.7284514470149	1	1	1	1	47.567433444904	40.215805151021	19.9767954069186	1	1	1	1	1
TNKS1BP1	19.7806819518624	27.6754134332965	1	1	1	1	1	1	1	1	1	1	1	1	1	1	48.5934325591975	40.5894297445118	1	43.3617500130277	16.8136719686463
TNNT2	1	1	1	1	1	29.1492881431873	1	1	1	1	1	1	1	1	1	1	1	1	1	1	1
TNRC6C	23.6504609745092	25.3265819425129	146.318858315075	173.460081153193	1	39.9830745635544	1	1	172.962658434082	133.459943636825	40.518191462545	54.3335534449828	80.5190041817669	75.9239291605839	105.596800286422	17.3845436550966	59.5015347192505	40.1013323422713	1	15.5289220424615	1
TNRC6C-AS1	1	1	29.1681795628183	37.3003675413029	1	1	1	1	1	54.4303558098074	1	1	1	1	1	1	1	1	1	1	1
TNS1	1	32.7360907868275	1	1	1	1	64.6135370706441	1	1	1	1	1	57.8155475950999	1	1	66.182213422573	161.681529381005	76.1766009840704	1	72.9977655916854	85.0695828824905
TNS3	1	35.8117695743735	1	1	1	1	166.897078082242	38.5233394178164	1	1	41.9904868178804	42.8154941777188	27.4700211089873	67.3401739961861	46.417417355414	156.175286360494	100.174143456172	1	40.1186039810939	61.2484770424707	1
TNS4	55.8097573579794	1	1	1	1	1	1	1	1	1	1	1	1	1	1	1	1	30.7196628418373	1	1	143.668884680574
TNXB	1	1	1	1	1	1	1	1	1	1	1	1	1	1	1	1	89.6500969774798	1	1	1	1
TOE1	26.2086054131693	1	1	1	1	1	1	1	1	25.08103579736	1	1	1	1	1	1	1	18.2064224780203	1	1	1
TOGARAM2	1	1	1	21.7291891575723	1	1	1	1	1	1	1	1	1	1	1	1	1	1	1	1	1
TOM1L1	41.1719532513356	1	1	1	1	1	1	1	1	1	1	1	1	1	1	1	1	24.9272340403449	1	1	40.548168390391
TOMM34	59.7973667611972	18.8136539876676	1	1	36.2612828548873	1	18.7285260323577	1	1	1	1	1	40.4427729507927	27.7114098259977	30.7812608071017	23.2182040370211	1	21.7275766068088	84.5830762411678	69.2691840231297	1
TONSL	1	15.7122231721365	1	1	1	34.9915161069452	1	1	1	16.9731207850052	1	1	1	1	1	1	1	1	1	1	1
TOP2A	190.520876667851	1	1	1	1	1	1	1	1	1	1	55.3885086844164	1	1	37.6388916052242	1	1	23.5118390561022	27.3572977146738	1	1
TOR1B	1	15.9925109671528	1	23.0273199358173	1	1	20.4886730228391	1	1	1	1	1	1	1	1	26.5650357970383	1	1	1	1	1
TOR2A	1	16.9587029927506	1	1	1	1	17.6864365879633	22.2486197573745	1	1	1	1	1	1	1	16.196812487553	1	1	1	1	1
TOX	26.4935319935784	1	43.5285475596965	67.8854643255949	1	1	1	1	63.4351428530238	1	36.4371862860254	204.922950356783	1	133.799834084545	169.878858067306	1	1	1	22.5289506922801	1	1
TOX2	42.9356633300192	1	1	1	1	1	1	1	1	1	1	25.4054003406217	1	79.9893368670644	98.427603233822	1	43.0155110800061	1	1	1	1
TP53INP1	1	29.0599855066334	58.2274983764429	1	259.252394873824	79.1462616010411	21.1435263087159	415.3347699402	35.7529816297323	1	292.346265282038	1	41.6191326240396	77.6405845200117	107.259739876491	1	21.787296292008	44.7877275728566	1	38.1926084978625	1
TP53RK	29.3684010892853	18.4227440712428	28.3283010335684	33.2788279713758	1	1	1	1	36.9289341167912	1	1	44.6924496279127	1	26.5846734967169	31.7312373338506	16.8027864486502	1	17.769333066656	1	1	73.5824202840891
TP53TG1	36.7179961856608	1	1	34.8568029162466	1	1	1	1	1	18.9088790828642	1	1	1	32.6588867541444	1	1	1	20.9752216732916	1	1	65.9830528629361
TP63	126.650602728857	1	1	1	1	1	1	1	1	1	1	1	1	1	1	1	1	43.4345702178212	1	1	91.4726939477189
TPBG	29.9940134873174	1	1	1	1	1	1	1	1	1	1	1	1	1	1	1	52.5052719643011	43.4200093940367	1	1	1
TPCN1	1	47.5974906711455	1	1	1	1	67.5467073745629	1	1	35.791990117837	1	1	1	1	1	28.5964608955386	22.3187355979356	40.7408730105451	30.1815945443986	30.6278484091754	1
TPCN2	1	18.4793684100407	1	1	1	1	22.5028508921524	1	1	1	1	1	1	1	1	15.7460899172874	1	1	1	1	1
TPD52	205.74870827274	40.1136491597634	38.4658001620669	40.952327870202	139.707122668751	1	25.7775711728907	210.5929108846	34.217074484547	1	113.112871049283	39.175233052176	47.964423915229	1	37.8708856400181	45.0539053936036	1	161.435049310604	55.9419399259581	65.6449735678056	243.220184399557
TPD52L1	278.202172376547	1	1	1	1	1	1	1	1	1	1	1	1	1	1	64.4916774830328	1	98.1272184119742	1	1	627.089202956503
TPM2	1	1	1	1	1	1	1	1	1	1	1	1	1	1	1	1	140.557262529025	1	1	1	1
TPPP3	1	25.6629686714425	1	1	1	1	1	1	1	1	1	1	1	1	1	1	99.4288518636544	1	1	1	1
TPRG1	1	1	1	1	1	1	1	1	32.3094161234199	1	1	1	1	1	1	1	1	1	1	1	1
TPSAB1	1	1	1	1	1	1	1	1	1	1	1	1	240.019817681941	1	1	1	1	880.264670454971	1	1	1
TPSB2	1	1	1	1	1	1	1	1	1	1	1	1	583.106346858721	1	1	1	1	827.057073329455	1	1	1
TPSD1	1	1	1	1	1	1	1	21.8580686286639	1	1	1	1	65.7265487936882	1	1	1	1	152.459888935913	1	1	1
TPX2	106.86747997283	1	1	1	1	1	1	1	1	1	1	1	1	1	1	1	1	1	1	1	1
TRABD2A	1	1	47.6223284484759	1	1	1	1	1	1	164.416064412214	1	1	1	1	28.119157059925	1	1	1	1	1	1
TRAC	331.114186588988	1	1164.79977412043	83.465112690389	1	1	1	1	1231.46254776565	1273.09077141157	57.3424458801207	455.615805930308	171.29373513368	2171.66722412777	1373.77679467878	1	1	1	1	1	1
TRAF1	36.5016186462052	25.7895930324354	66.8140119361481	1	1	1	1	1	32.3316026593173	18.3820322195011	1	115.592043861579	25.2417478169959	132.922025987893	76.967619724913	23.1074037119567	1	30.1153229251057	30.2558210765071	113.085459578186	1
TRAF2	1	1	1	24.6810720510646	1	1	1	1	1	1	1	1	1	25.7926561183989	1	1	1	16.1949479284502	1	1	1
TRAF3IP1	1	1	1	1	1	1	1	1	1	1	1	44.4629684603628	1	1	1	1	1	19.2875289093395	1	1	50.6776464847903
TRAF3IP3	1	56.7327319128227	92.2378567390549	254.035731515474	26.8553488822972	54.0183344856876	1	1	123.199604617172	211.445431546082	54.4444038606321	59.8926102785323	38.1417013612301	111.22325098062	89.0497042631279	1	1	1	19.7310190225064	1	1
TRAF4	21.8399397495756	1	1	1	1	1	1	1	1	1	26.9312627076131	68.7321238703167	46.2414937905503	27.0833148585489	1	1	1	29.1447152781937	1	19.1646144732091	56.2382308775229
TRAF5	19.3708699821179	18.4887939461557	33.1438271002401	41.9277356809576	54.7324922863846	1	19.7152536864722	1	52.5368944314667	32.5006258584821	75.7640497561699	52.4129873125454	26.6567883531555	49.5196048225066	69.3193891505673	1	1	29.7921709755879	26.7155349767174	22.0870378272761	1
TRAF6	1	1	1	1	1	1	1	1	1	1	1	1	1	1	1	1	1	1	1	19.730728929565	1
TRAM2	1	1	1	30.7604914173104	1	1	1	68.0171388105115	1	1	1	1	1	1	1	16.8254579167488	97.0679556899003	24.5577192748392	1	1	1
TRANK1	1	27.3228184342175	55.292728815164	132.267908582167	36.1640916050683	126.100767665764	18.576764768932	1	68.0933685815391	33.8490837298554	60.7952081689691	1	49.676039404065	66.8403387312746	58.9849221203672	1	1	22.7066585652411	19.6463775896841	1	1
TRAPPC10	1	1	1	32.8318138571909	1	1	1	1	1	1	1	33.8650705835401	1	1	1	1	1	1	1	1	1
TRAPPC6A	54.917311764635	1	33.4641480135257	30.6739585036207	1	1	15.3045942398037	1	1	35.4182004111637	1	1	1	38.0657521687375	1	1	1	1	26.3611115573402	1	107.99654909493
TRAT1	1	1	322.668290685924	1	1	1	1	1	278.918973964674	207.935891007127	1	158.18943536686	90.1160266290471	40.0314192230357	238.455853962204	1	1	1	1	1	1
TRBC1	126.571593826821	1	775.272125024321	397.60100958451	1	1	1	1	722.047611053391	437.224818607249	1	605.913745949234	46.6795273236016	1133.58091869859	993.003977037044	1	1	1	1	1	1
TRBC2	276.06219010618	1	1286.43003047899	370.710098129761	139.26051020417	1	1	1	1411.68507738081	1298.4511840562	93.2490631328677	723.52116604455	266.860674366928	1962.80529510581	1523.99595514055	1	1	1	1	1	1
TRDC	1	1	1	274.003262153681	1	1	1	1	46.8552706351536	1	1	197.590631528799	1	1	1	1	1	1	1	1	1
TREM1	1	76.0341933665896	1	1	1	681.929509956272	58.9261620857579	1	1	1	1	1	144.189136878125	1	1	132.493462142603	1	25.4694990967792	35.6165865980517	49.900087530335	1
TREM2	1	1	1	1	1	1	272.65725148983	1	1	1	1	1	1	1	1	273.519755615517	1	1	82.7471170846983	70.7701689402808	1
TREML2	1	1	1	1	38.9687522062172	48.3907801305283	1	1	1	1	1	1	1	1	1	1	1	1	1	1	1
TRERF1	1	1	34.8764407342154	25.8910082494279	1	1	1	1	29.3178816332205	25.8502723196871	1	1	1	50.8948200428285	41.6767342346028	1	1	30.1136847350597	1	1	1
TRG-AS1	1	1	27.1587923829438	117.328414183707	1	1	1	1	61.4778642870597	61.2384681347813	1	34.9307041557885	1	1	1	1	1	1	1	1	1
TRGC1	1	1	1	86.6347620930322	1	1	1	1	72.6194739696508	1	1	88.9456209606048	1	1	1	1	1	1	1	1	1
TRGC2	1	1	99.1516767653503	294.573704584247	1	1	1	1	479.22442321515	1	1	341.717773451651	51.6206118257958	1	126.097485467555	1	1	1	1	1	1
TRIAP1	38.4249881246308	17.9697232572681	1	21.4174474796707	1	1	15.3088435976228	1	38.1428015296898	1	1	28.8556277324268	1	1	1	24.1395572011399	1	32.4278463586714	22.7582172129584	1	133.126636418827
TRIB1	23.9134695639098	66.1595859446999	1	1	1	380.658221276394	36.7744136391845	204.612687222355	1	1	1	1	136.24543143205	48.6408973900929	41.073553747801	46.6785438235186	118.066320965969	140.702233407097	61.8402278873843	85.525121298839	1
TRIB2	47.0719489206377	1	44.8448730686131	62.1155612300757	1	1	1	1	29.8208722340105	68.689973730309	1	20.597650758798	1	100.459617132588	66.0994858727375	1	71.7733813683775	48.1239694929074	1	1	43.2121353798822
TRIM13	1	17.6266833666647	1	29.0858833543138	1	1	16.8232353054321	1	30.1386055081434	1	26.40840023534	1	23.8151430901331	30.3474927401413	1	1	22.4920616685741	20.9473996632691	1	1	1
TRIM16	32.8446487657894	1	1	1	1	1	1	1	1	1	1	1	1	1	1	1	1	1	1	1	25.5765544006006
TRIM2	38.1933902061803	1	1	1	1	1	1	1	1	1	1	1	1	1	1	1	11.1480282991649	52.1667971555404	1	1	35.7910702026422
TRIM21	1	17.9812468331582	1	30.9418521734464	1	71.1651342753567	1	1	1	1	1	1	1	1	1	1	1	1	1	1	1
TRIM23	28.3126258796728	1	1	28.4596482795262	1	1	1	1	1	34.8260091034253	1	25.2357224555221	1	1	1	1	1	1	1	1	1
TRIM29	185.565460532835	1	1	1	1	1	1	1	1	1	1	1	1	1	1	1	1	71.6334278775799	1	67.8516612052624	288.598164761592
TRIM35	1	1	1	1	1	1	1	1	1	1	1	23.008427684883	1	1	1	1	1	1	1	1	1
TRIM39	1	1	34.6438807995382	1	1	1	1	1	53.5677127817929	1	34.3917519703131	17.3423550726334	1	1	1	1	1	1	1	1	17.1330406912167
TRIM47	1	1	1	1	1	1	30.8464026270638	1	1	1	1	1	1	1	1	1	56.4223577716628	23.7181208303304	1	38.7638289185524	1
TRIM5	1	17.9550931884106	1	1	1	1	1	1	1	1	1	1	1	1	1	1	1	1	1	1	25.9609197560498
TRIM52	1	1	1	43.082498596903	1	1	1	1	1	21.8763118731961	1	1	1	1	1	1	1	1	1	1	1
TRIM52-AS1	1	1	1	27.6317670776253	1	1	1	1	1	33.4480443291341	1	20.5982123982289	37.9915270588019	1	1	1	1	1	1	1	22.1275434576242
TRIM59	23.8112592829421	1	1	1	1	1	1	1	1	1	1	1	1	39.2597804774664	1	1	1	1	1	1	1
TRIM66	1	1	1	27.6674793091487	1	1	1	1	1	29.1310987868007	1	1	1	1	1	1	1	1	1	1	1
TRIM7	28.8007443224799	1	1	1	1	1	1	1	1	1	1	1	1	1	1	1	1	1	1	1	1
TRIM9	1	1	1	1	1	1	1	1	1	1	1	1	1	1	1	1	1	1	1	1	45.6038074980465
TRIML2	1	19.0923993694175	1	31.7295598504826	1	49.8700723833704	1	1	1	1	1	1	1	1	1	1	1	1	1	1	1
TRIO	28.7473709490653	41.7532551744284	1	25.5500620145665	76.1026105818738	1	40.8842950627971	38.882473608632	1	1	58.3711407266036	1	39.7106965856006	1	1	56.7442126317034	67.4049244882125	79.6674898676039	47.9526173042236	44.2307780257815	1
TRIP10	40.8427502637651	31.9603003197078	1	1	1	1	22.6953888360224	1	1	1	1	1	34.889806866859	1	1	27.9763658336935	49.5877987952766	40.6916215775884	37.5366284461068	117.336772944382	1
TRIP13	67.0902667358995	16.8351222617636	1	1	1	1	1	1	1	18.7329329296791	1	1	1	1	1	1	1	24.7618679229905	1	1	1
TRIP6	169.457196595823	35.9188850320358	1	1	1	1	42.1085513736373	1	1	1	1	1	1	1	1	67.8593760514058	60.8179907553033	48.5527058218634	31.0188964849541	66.704612545978	142.849489868762
TRIQK	1	29.2262161149081	1	1	1	1	16.6928139997012	1	1	1	1	1	1	1	1	15.8938685960433	17.4872789895459	38.0261614940294	1	1	1
TRMO	1	1	1	1	46.8073785744149	1	1	1	33.6847757213084	1	1	60.2307336324795	1	1	1	1	1	1	1	1	1
TRMT1	1	20.6215193688552	1	1	1	1	1	1	1	22.4051981155505	1	1	1	1	1	1	1	1	1	1	1
TRMT10C	36.327208589274	1	25.983440968907	1	31.9244505900508	1	1	1	1	16.8607454254739	1	1	1	1	1	17.577790801146	1	21.8803398586993	1	1	32.3874838156694
TRMT1L	1	19.5663525701581	1	1	1	1	1	1	1	1	1	1	1	1	1	1	1	16.4274056799893	1	1	1
TRMT2A	36.4621398101217	1	1	1	1	1	15.8238796187262	37.1136397576421	1	21.6001363088381	1	1	1	1	1	20.5705496718364	1	1	1	1	74.6196979370365
TRMT2B	36.2426591068771	18.2887668635488	1	42.2829129724488	1	41.5496111667848	1	1	31.8923805570719	26.8868898242359	1	26.7744183617824	1	1	1	1	1	21.7956879164535	1	1	1
TRMU	32.4471929277603	1	1	1	1	1	1	1	1	1	1	1	1	1	1	1	1	1	1	1	1
TROAP	63.2231087441514	1	1	24.7634688320705	1	1	1	1	1	1	1	1	1	1	1	1	1	18.2039816226496	1	1	27.0647239181065
TRPC6	1	1	1	1	1	1	1	1	1	1	1	1	1	1	1	1	1	1	29.806836844201	1	1
TRPM2	1	1	1	1	1	1	21.0771079776826	1	1	1	1	1	1	1	1	15.5634905266155	1	1	1	1	1
TRPT1	19.5935006821654	17.0471560977841	1	23.6744879956648	1	1	1	28.0268007924392	1	1	1	60.5457204192048	1	1	1	1	18.1760629774219	17.9938568955271	25.5018315112101	1	13.7902211720911
TRPV3	1	33.8152230927598	1	44.7262852970478	1	65.4942909635434	18.5576599776478	25.9128917243913	1	37.3117646256108	1	24.8911166308253	1	1	1	20.3991857817467	1	24.0708208286264	19.4886185382381	1	1
TRPV4	20.0525032656391	1	1	1	1	1	20.7324081767576	1	1	1	1	1	1	1	1	23.6127936483598	1	1	1	1	1
TRRAP	36.9104116007574	1	32.5549973014657	26.301562687488	1	1	1	1	28.2491136278648	33.8565413202586	1	1	1	41.712510577177	45.315468615636	1	1	14.4538970968328	14.8782206869757	1	1
TSC1	1	1	1	24.6772733069288	29.449284274901	1	1	1	1	20.5231183566182	1	1	1	1	1	1	1	17.0638687128377	1	1	1
TSC22D1	31.1018269495027	117.396744709577	1	28.9865541781972	1	1	116.702934329686	1	1	1	1	1	161.595355113139	1	32.1826761615919	77.2991748453109	398.082632015696	263.990011835041	30.6723257948135	169.187724395857	1
TSEN2	1	1	1	20.6370746316039	1	1	1	1	1	33.488625642611	1	1	1	1	1	1	1	1	1	1	1
TSEN34	63.3127535932594	53.6689679935233	1	31.1081147175886	1	354.43742792371	35.3943311283566	1	31.1937253769565	24.5204536878846	1	1	24.9022280802268	1	1	25.9564177668975	58.7619010424045	60.1545316392078	30.0223582043672	27.2793864362757	94.8531403922377
TSEN54	31.513608669715	1	32.636497989331	82.1293692801466	1	1	1	1	55.2565796094142	1	1	82.8687610025707	49.3347531514061	1	1	1	1	59.683518480729	1	1	1
TSGA10	1	1	1	1	1	1	1	1	1	28.6521045408052	1	1	1	1	1	1	1	1	1	1	1
TSHZ2	25.2419410637798	1	38.9509453785074	20.0896958628189	1	1	1	1	1	182.575196140764	1	1	1	1	84.630503817942	1	92.1687344373021	24.4652256077693	1	1	84.0385334044285
TSHZ3	1	1	1	1	1	1	1	1	1	1	1	1	1	1	1	1	41.4578946965458	1	1	1	1
TSPAN1	1	71.0206330665088	1	1	1	1	1	1	1	1	1	1	1	1	1	1	1	48.0660068587978	1	116.868481913621	1
TSPAN15	1	1	1	1	1	1	1	1	1	1	1	1	1	1	1	1	1	1	1	23.7879506374056	1
TSPAN17	36.4336269453439	23.5773605564195	1	1	1	1	17.356246170872	1	27.561541814138	1	1	24.3200862933669	1	1	36.9381085258536	22.6971240609706	1	16.5099660151212	1	1	31.0448518726778
TSPAN18	66.0635042611868	1	29.2793420153048	1	1	1	1	1	1	44.4646857856709	1	1	1	1	1	1	71.9437836612387	1	1	1	73.4739457469855
TSPAN2	1	1	1	27.0212766651924	1	68.7899982391719	1	1	1	1	1	1	1	1	1	1	1	1	1	1	1
TSPAN32	1	20.9316959527527	1	114.92128877138	1	1	1	1	42.8250957761831	21.7979800023554	1	1	1	1	1	1	1	1	1	1	1
TSPAN33	1	1	1	1	32.7484360534882	1	1	1	1	1	29.8954889932128	1	1	1	1	1	1	1	33.9238608564879	25.6738980958287	1
TSPAN4	1	26.2760857503867	1	1	1	1	155.412072360994	1	1	1	1	1	1	1	1	70.1013901857856	52.2152960912122	18.6220503869294	1	29.0739426696399	1
TSPAN5	19.3785701240829	1	37.8821473511987	1	1	1	1	1	39.4554514446498	1	1	68.5739769496608	1	138.863113566751	71.7521462782861	1	38.6691098969077	1	1	1	1
TSPAN7	31.2603363001079	1	1	1	1	1	1	61.6016263802034	1	1	1	1	1	1	1	1	78.1213445998729	20.0874228283769	1	1	99.5263945254524
TSPAN9	1	1	1	1	1	1	1	1	1	1	1	1	1	1	1	1	70.7972779749265	1	1	1	1
TSPOAP1	1	1	1	37.0344459333966	1	1	1	1	1	1	1	1	1	1	1	1	1	1	1	1	1
TSPOAP1-AS1	1	1	1	61.4574645500434	1	1	1	1	33.3114639074124	27.1333190926896	1	68.5021633863229	1	1	44.8011886889139	1	1	1	1	1	1
TSTD2	1	1	1	26.7314062772502	1	1	1	1	1	1	1	1	1	1	1	1	47.8189420382066	1	1	1	1
TTC16	1	1	1	24.0857028558619	1	1	1	1	1	32.2713089816288	1	1	1	1	1	1	1	1	1	1	1
TTC21A	1	15.3954604841023	1	1	43.839247170889	1	1	1	1	1	1	1	1	1	1	16.9288238676802	1	1	1	1	1
TTC21B	1	1	1	1	1	1	1	1	1	38.6949020546028	1	1	1	1	1	1	1	1	1	1	1
TTC22	52.799955550816	1	1	34.1306073817719	1	1	1	1	1	1	1	1	1	1	1	1	1	1	1	1	96.4037727453079
TTC28	1	1	1	1	1	1	1	1	1	1	1	1	29.5850323654271	1	1	1	67.3823115058656	39.1022098179437	1	1	1
TTC28-AS1	31.7753258903157	1	1	22.6905419674404	1	1	1	1	1	39.6494280959265	1	1	1	1	1	1	1	1	1	1	1
TTC33	1	1	1	1	1	1	1	1	1	1	1	1	1	1	1	1	1	15.5946803540339	1	1	74.1698275227207
TTC34	1	1	1	1	1	1	1	1	1	30.3898883222451	1	1	1	1	1	1	1	1	1	1	1
TTC38	1	1	1	163.54088791992	1	1	1	1	1	1	1	37.4112427871123	1	1	1	1	1	1	1	1	1
TTC39C	43.9811407511142	18.6372599651224	65.4750998371298	31.7754343211632	1	1	1	1	34.5004113056493	55.9733556907126	1	1	1	84.0172984443442	51.0715079522198	1	19.7381628477404	15.1291323048542	1	1	52.4739209649123
TTC4	32.2752168759228	17.8484389953453	1	27.8294371831372	1	1	1	1	1	1	1	1	1	27.103526480745	1	21.0589022395967	1	24.1121349791217	1	1	45.7038182282639
TTC7A	17.2205016143178	57.5891177312355	32.7922720204676	1	109.348825595214	1	43.2452077466053	1	26.9015743948307	1	32.5832597487527	35.9387275327128	1	100.746724984462	34.5418243365352	48.2757784404316	1	1	34.1545612809726	39.9944863783319	1
TTC9	1	1	1	1	1	1	1	1	1	23.9284005939113	1	1	1	1	1	1	1	1	1	1	31.2665926676104
TTI1	1	1	1	20.3298331260183	1	1	1	1	1	26.4566452361499	1	1	1	29.1162284811935	31.1086370329401	1	1	52.8302493931185	1	1	1
TTLL12	98.8332655896831	21.9887382929485	1	1	1	1	15.4810062648849	1	1	1	1	1	1	1	1	39.133854107626	1	34.1402078386726	22.465200639597	31.2018515932189	69.1868960820213
TTLL4	1	20.7868168026709	1	1	1	36.6088909466473	1	1	1	1	1	1	1	1	1	16.0104366067086	1	1	1	1	1
TTN	19.8933120739812	22.2759088087848	32.3764907525451	26.5525757769345	29.3979926897243	1	1	1	31.5582939696877	54.0167819353237	37.3362413175932	1	19.0847936384719	57.9986590706225	36.1153880483181	1	1	19.9516817940914	1	1	1
TTN-AS1	1	1	1	24.0333822392828	1	1	1	1	1	17.0502765152882	1	1	26.2474937883133	1	1	1	1	1	1	1	1
TTTY15	1	1	1	29.5862896395663	1	1	1	1	1	35.4495546002068	1	1	1	42.8188669204298	1	1	1	1	1	1	1
TTYH1	1	18.4544333369467	1	1	1	43.1906595799047	1	1	1	20.5181060225137	1	1	1	1	1	1	1	15.0018348379947	1	1	1
TTYH2	1	1	1	1	1	1	1	1	1	1	1	1	1	1	1	1	1	1	15.9160049901155	18.4386421826556	1
TTYH3	59.5064797472157	109.853777692836	1	32.9695735019687	1	1	347.961870486222	44.7974092010319	1	1	1	36.6347398337564	24.5689971784902	36.1111546660496	34.3464466912262	233.160760331879	105.546909057721	46.1030756693393	106.015718546469	127.754246982042	20.0461716055031
TUBA3FP	1	1	1	1	1	30.9081349837707	1	1	1	1	1	1	1	1	1	1	1	1	1	1	1
TUBA4A	93.1526236011201	34.1257706751171	156.968563032299	70.9569908468166	78.3377946443366	269.32685195354	1	30.1564578928065	265.319089364684	52.6627988808816	83.5252904925025	119.719909448276	112.147647131174	80.2485550004622	164.311544941839	1	1	1	1	28.9647832624034	36.3758413374418
TUBA4B	1	1	49.8866824868171	24.9896368036462	1	87.6297806210683	1	1	82.7128081979914	1	1	50.51072772739	1	1	47.906001137289	1	1	1	1	1	1
TUBB2B	1	1	1	1	1	1	1	1	1	1	1	1	1	1	1	1	1	20.8571372522457	1	1	1
TUBE1	1	1	1	1	21.6217522893779	1	1	1	1	20.0345340947113	1	1	1	1	1	1	1	13.9973499764783	1	1	1
TUBG1	116.412944906065	1	1	1	1	1	1	1	1	1	1	32.6664029170182	1	1	1	28.5052015120495	23.1462271739987	19.168995336328	18.7756875366688	1	79.4887837040563
TUBG2	36.9105316944318	1	1	1	1	1	1	1	1	1	1	1	1	1	1	1	1	1	1	1	1
TUBGCP6	1	1	1	1	1	1	1	1	1	28.4079248228102	1	16.6852983797233	1	1	1	1	1	1	1	1	1
TUFT1	53.9148751400514	1	1	1	1	1	1	1	1	1	1	1	1	1	1	18.2656324180876	1	39.6734313100319	1	49.3262451844656	58.6768101642865
TUSC1	1	1	1	1	1	1	1	1	1	1	1	1	1	1	1	1	103.889963937373	1	1	1	1
TUSC3	54.905792678984	1	1	1	1	1	1	1	1	1	1	1	1	1	1	1	84.792765589481	38.6565287701472	1	1	109.330021792497
TWIST1	1	1	1	1	1	1	1	1	1	1	1	1	1	1	1	1	81.3537155905762	1	1	1	1
TXK	1	21.5376779822147	25.8073772971326	128.049025240236	33.6630698278409	45.9050721181653	1	1	33.7137607266163	69.1552246595518	1	125.877862406122	33.2359519668132	1	1	1	1	15.6354196332682	1	1	1
TXLNG	52.9904563363216	20.3655019154158	54.4282852396829	1	80.8102620086496	1	1	1	58.8247374297346	1	42.1554814350418	1	43.375665326278	45.1042062912631	41.5009298663654	21.1909752354014	23.8977859693232	36.4482668110979	1	1	1
TXNDC11	33.0841051994757	54.2803263512254	58.730740250689	35.3438347497578	1	1	57.2675842755564	215.676232663715	62.4412669383517	57.5310849787233	35.3372471063798	23.9630136282929	73.2013203180676	96.760582519191	73.733285167742	76.603737522079	24.6433850406061	49.3222651520377	57.3257626013121	80.8795581341517	1
TXNDC15	32.2706911548764	42.5865070596602	43.2302988133776	79.0917535724328	33.1883356986326	1	36.0972704296293	166.522978767311	61.4665234615938	39.7829183267486	44.6806196079555	150.244728934496	42.5390061677265	61.9326457142693	44.5498421042054	34.6812033752894	48.558111852623	51.0552255487575	30.1908316493918	40.1238539173804	1
TXNDC5	42.9738785890658	37.6087632659687	1	1	62.5756889756211	1	33.5663198430792	1318.65256825175	1	1	1	41.2055894633034	40.2331410392648	1	1	41.1389419309079	120.256094880652	76.5287833627764	35.3039416624539	34.9119131355168	32.0748890648456
TXNRD2	18.462472436475	20.5394162252201	1	1	25.9790410753659	1	26.213996395304	1	1	1	1	1	1	1	1	20.8654353741958	1	1	1	1	15.751462342767
TYMS	130.946167793854	1	1	1	1	1	1	1	1	1	1	125.698899841063	1	1	1	1	1	1	36.1537040027527	1	1
TYMSOS	22.1085976570655	1	1	1	1	1	1	1	1	1	1	1	1	1	1	1	1	1	1	1	62.0518280609602
TYROBP	1	1781.24938174568	1	1208.20605626186	1	2742.50981725779	2529.07040125519	1	137.989679718781	1	1	519.02171901002	682.400209740354	1	1	2071.28238617891	88.3870647500375	242.614990560115	1698.45472848668	1359.81866514318	1
TYSND1	24.0593240731495	1	1	1	1	1	1	1	1	1	1	1	1	1	26.2685802073228	1	1	20.9555423843466	1	1	54.6765518646396
TYW1	1	1	1	1	1	1	1	1	1	1	1	39.1941911005711	1	1	1	1	1	1	1	1	14.7661544365468
U52111.1	1	21.4528884707641	1	23.5960824822813	1	66.7723042008668	1	1	1	1	1	1	1	1	1	1	1	1	1	1	1
U62317.3	36.5518338750156	1	1	1	1	1	1	1	1	1	1	1	1	1	1	1	1	1	1	1	1
U62317.5	1	1	1	1	1	1	1	30.2033790558891	1	1	1	1	1	1	1	1	1	1	22.3365309384731	29.3781183652168	1
UBA5	28.9665689689502	1	1	23.5117584273671	1	1	1	30.7551523925252	1	1	1	49.1822180897098	1	1	23.7433985285323	16.4212404903897	21.8304413065147	31.7304637063182	20.9261462667027	1	37.5770942651357
UBALD1	1	1	1	27.8333163037997	1	1	1	1	1	1	1	1	1	30.3225453385855	27.2126541302459	1	23.9174794226898	1	1	1	1
UBASH3A	1	1	1	1	1	1	1	1	1	29.16806584893	1	1	1	1	1	1	1	1	1	1	1
UBE2C	114.754138606074	1	1	1	1	1	1	1	1	1	1	115.661070028778	1	1	1	1	1	1	1	1	1
UBE2E2	1	16.2021311674298	1	1	1	1	17.161876785681	1	1	1	1	1	1	1	1	23.3552226089797	1	1	34.3815760310088	28.1564966564024	20.1455257029062
UBE2J1	77.5408496995225	101.509856489904	82.0156745077286	83.7523503260697	88.5505468499162	131.387746885654	66.7893938306215	369.838807346026	107.869813595217	23.5052142896616	129.530363412166	175.177840782351	108.464265496767	116.585330473405	73.6937142064823	111.029763383208	113.895130112899	81.9019327272373	112.54299414694	79.1363952827419	46.3435225711777
UBE2O	21.4848374834323	16.1253596019734	35.9210909907657	33.7476917135918	1	1	1	1	58.6572088588581	1	1	23.8680278200954	1	1	35.5083122642593	21.505429904928	1	26.1417904593175	1	26.943776412755	1
UBE2QL1	1	1	1	1	1	1	1	20.0053811758248	1	1	1	1	1	1	1	1	1	1	1	1	1
UBE2T	105.191848199893	1	1	1	1	1	1	1	1	1	1	1	1	1	1	1	1	1	1	1	1
UBE3D	1	1	1	1	1	1	1	1	1	1	1	1	26.8680586264034	1	1	1	1	1	1	1	1
UBL7	31.6183406286325	22.2545313294301	1	1	1	1	16.8076217880941	23.0477599892708	1	38.6568139451555	1	1	31.6891393315076	49.9056690600814	1	18.7371376176289	1	1	21.47455777893	1	1
UBR1	1	17.365249609201	28.3223473888914	38.6413831643084	1	1	1	1	30.1475203081862	33.5604100824316	1	1	38.2494545372964	28.0863074284265	1	1	1	20.6417698056027	1	22.325332493391	1
UBR5-AS1	1	1	1	1	1	42.1443694475625	1	1	1	1	1	1	1	1	1	1	1	1	1	1	1
UBR7	42.4451190878386	1	1	29.5178423287594	1	1	15.6330120209885	1	1	1	1	72.951561777115	1	1	1	19.6662110176956	20.247403137703	18.2482316087391	1	1	80.6462745165119
UBXN11	1	15.869836328907	1	1	1	1	1	1	1	1	1	1	1	1	1	1	1	1	1	1	1
UBXN2B	18.7812626969236	37.3386812652538	1	34.5808063266717	1	167.275644436725	31.3777341189906	1	1	1	1	34.7973483982991	1	49.2566936719891	1	35.3946796422029	1	21.6935990365661	32.0044395617976	31.9218828883924	1
UCHL1	659.670780689466	1	1	1	1	1	1	1	1	1	1	1	1	1	1	106.364840058677	48.1355339606925	382.223154781862	1	1	900.460662341859
UCHL3	157.912028275915	34.6021198604413	1	1	1	1	28.7444039974237	24.7464572637149	1	1	1	1	1	1	1	49.1926676716908	21.7733686232284	46.2902648727179	56.5861557832785	38.7894872717513	57.3762404965822
UCHL5	48.640170623863	18.3726248953947	1	48.9052122893384	1	1	1	1	35.5471389591592	1	1	1	1	1	1	20.7882439926535	1	27.8839789371873	17.9550359221468	1	18.4223805569823
UCKL1-AS1	1	17.5292793294139	1	23.7191645130297	1	1	1	1	1	1	1	1	1	1	1	1	1	1	1	1	1
UFSP2	1	1	1	1	1	1	1	1	1	1	1	1	1	1	1	1	1	24.1582944386687	1	1	40.5384867718473
UGT1A10	41.8096705753643	1	1	1	1	1	1	1	1	1	1	1	1	1	1	1	1	34.329460568756	1	1	84.7835339629779
UGT1A6	1	1	1	1	1	1	1	1	1	1	1	1	1	1	1	1	1	1	1	1	63.4606390580727
UGT2B15	1	26.2014793150369	1	36.2616198349189	26.3042211601779	1	15.1957465479404	1	1	1	1	1	1	1	1	14.4572191651172	1	1	1	19.1514471631465	1
UHRF1	51.2679863420704	1	1	1	1	1	1	1	1	1	1	28.4406529346782	1	1	1	1	1	1	18.7365940707871	1	1
UHRF2	1	1	34.4671417294291	1	44.3449539519992	1	1	1	1	20.5243522741133	1	1	21.1939647382196	53.8907320226287	32.9046097309228	1	25.8743933626086	17.0860960581246	1	1	1
ULK2	1	19.8405409559646	1	1	1	1	1	1	1	1	1	22.4882820477718	1	1	1	1	1	1	1	1	1
ULK3	1	1	1	34.6887642173362	1	1	1	1	1	22.7177699513701	1	1	1	1	1	17.7354942752652	1	19.4172213638027	1	1	1
UMODL1	1	1	1	1	1	1	1	1	1	1	1	1	1	1	1	1	1	21.7834088828261	1	1	1
UNC13B	1	1	1	1	1	1	1	1	1	1	1	1	1	1	1	1	1	25.5664505990775	1	1	1
UNC50	16.3629803644885	22.3784342632629	1	27.9608012987214	1	1	18.6722589279924	21.4288342455433	34.3583020597828	20.776703324434	1	1	1	1	1	18.7369810445133	40.5386052543384	23.9465958573169	1	1	25.0534090334748
UNC5B	1	1	1	1	1	1	1	1	1	1	1	1	64.9495640884372	1	1	1	162.03529276385	54.1278086864252	48.812681861621	64.2712792603596	1
UNG	45.8052789866664	1	1	22.0382657947139	1	1	1	1	1	1	1	38.020305129765	1	1	1	1	1	24.6520654160076	1	1	72.8995317331566
UNK	49.5650809515985	18.614017408891	1	41.3741084404787	1	1	17.8611892370531	1	26.3922126798837	35.0201897421242	43.0013174411148	83.7135335562847	1	29.9953377506599	36.6684800599251	17.8253551387202	15.0779722705429	23.8830514012923	1	1	1
UPRT	1	15.9394520209346	1	33.2507097148754	1	1	17.7633014592842	1	1	17.9695420046063	1	55.8871185205532	1	1	1	15.0549288777666	1	21.8789729414157	1	1	1
UQCC3	37.8231629763824	1	1	1	1	1	1	1	1	1	1	1	1	1	1	1	1	1	1	1	39.1870168173871
URB1-AS1	1	1	1	1	1	1	1	1	1	1	1	30.7944573024241	1	1	1	1	1	1	1	1	90.3008870600475
URGCP	18.7812315720246	1	1	1	26.7544227767177	1	1	1	1	1	1	55.0922154308768	1	1	1	1	48.7580533834703	19.5622071601266	1	1	1
USP20	1	1	31.7134096642476	32.8512465602588	1	1	1	1	29.7079787988515	28.6623811393757	1	43.6658391959378	30.0043291382805	44.0709709415295	1	1	1	1	1	1	28.8540280978543
USP21	1	1	1	1	1	1	1	1	1	18.1929664129717	1	1	1	1	1	1	1	1	1	1	39.7778967677293
USP2-AS1	1	1	1	1	1	1	1	1	1	21.1908572796374	1	1	1	1	1	1	1	1	1	1	1
USP27X	1	1	1	1	1	1	1	1	1	1	1	1	1	1	1	1	1	41.4343583895409	1	1	1
USP28	26.2328770945957	20.6112444488482	1	180.927158300988	37.0047709516551	1	1	1	78.2281012597112	1	29.6961881474152	99.7702148025643	28.9175648601759	1	1	18.3786944816303	1	23.6236579506952	25.3638560140518	1	1
USP30	1	1	1	1	1	1	1	1	1	21.1555192525419	1	1	1	1	1	1	1	17.3480915523861	1	1	1
USP31	1	1	1	1	1	1	1	1	1	1	1	26.1745983745139	1	1	1	1	1	1	1	1	1
USP40	1	18.1783518612794	1	1	1	1	1	1	1	1	1	1	1	1	1	23.36468415927	18.8553435158143	14.6506830449913	1	1	1
USP42	25.2143276549886	18.622506869235	32.6247632850321	36.2461155988913	1	1	1	1	37.6536951640854	1	29.9642580586685	1	1	52.4082669771879	50.4225482863129	17.2644636835896	1	28.2260682926402	19.6421822982885	19.6089418664292	1
USP49	1	25.4724063904751	1	30.4369234317918	1	49.2630016327638	20.5748220524884	1	1	16.7401865228946	1	1	61.5911328314045	1	1	19.3774943496106	1	22.7372796102972	1	1	1
USP6NL	1	18.8920510310787	1	1	36.5118023669368	1	22.014037108436	1	1	1	42.7684565701869	1	1	1	1	19.3972668963519	1	20.518548457142	17.4440344975858	28.8660370735552	1
USP9Y	1	1	1	28.6747365106503	1	1	1	1	32.6439057603903	31.2050238319653	1	1	1	25.3672296527715	1	1	1	1	1	1	1
USPL1	1	1	1	1	29.2842071294195	1	1	1	1	1	1	1	1	1	1	1	1	1	1	1	1
UST	37.0137740892138	15.8378593416063	1	35.9664278419871	1	1	1	1	1	1	1	1	1	1	1	1	1	1	20.565952255831	1	17.6666778169765
UTP14C	1	17.5177115517627	1	31.2270564417005	1	1	1	1	1	21.0905806221763	1	1	1	1	1	1	1	1	1	21.7414148466805	1
UTP20	17.9404800537367	1	1	1	1	1	1	1	1	24.0308533291532	1	1	1	29.4243494266623	1	1	43.096665434616	24.3549957863108	1	1	1
UVSSA	1	26.7220325343119	1	32.187748552656	1	1	16.0031652641759	1	1	1	1	1	46.1876372412196	1	1	19.1167386791696	12.2407727633526	21.8525127262435	1	29.2106966220261	28.7036467296987
VAC14	1	1	1	1	1	1	21.4532270514584	1	1	1	1	1	1	1	1	23.7704659265714	1	1	20.4337578991478	20.4718683427219	1
VAMP1	1	1	1	26.4199569047964	1	1	1	1	1	19.5737857032206	1	21.0492916817028	1	25.4857068465617	1	1	1	1	1	1	1
VANGL2	35.7119285581911	1	1	1	1	1	1	1	1	1	1	1	1	1	1	1	1	1	1	1	22.1452478683955
VARS	34.2412235635508	24.812266708149	1	1	1	1	19.7069845046113	43.3630535545928	1	1	1	1	1	1	1	35.5858176077819	15.1887620841758	29.3053144285931	36.782511926942	24.965550377217	34.8965412576759
VASH1	1	38.7433013405658	1	1	1	1	54.9722011711521	1	1	1	1	1	1	36.9562402845863	1	37.7130804094649	40.3512766091836	1	136.41376678532	71.7080144571318	1
VASH2	1	1	1	1	1	1	1	1	1	15.6553064282547	1	1	1	1	1	1	1	1	1	1	41.091112344311
VASN	1	1	1	1	1	1	1	1	1	1	1	1	1	1	1	1	94.5660615236226	1	1	1	1
VAT1	35.0910439038093	39.211418306076	1	1	1	1	274.27703767087	1	1	1	1	24.9517546168398	74.1767493577449	1	1	280.654494425985	95.6678445151343	114.081159166837	28.6143580181711	96.1424683112692	31.7234412378669
VAV2	17.7098677213059	27.3829662743774	1	1	124.749062655813	1	26.9462064968079	1	1	1	71.8256712310971	1	1	1	1	28.3241313111912	51.80786599687	1	19.0902988546184	36.3284732909695	1
VAV3	1	25.8187834661006	1	96.222266739329	88.9310648009884	1	27.1537522096283	1	28.3051729234402	1	1	38.5406349301599	36.1306830405683	87.3249364789556	35.8822952009199	31.2525129179046	1	1	20.4800314763348	22.0671987086863	1
VCAM1	1	1	1	1	1	1	1	1	1	1	1	61.5335218268404	1	1	1	1	174.343916250855	1	1	1	1
VCAN	1	1262.49667522232	1	1	1	1	137.158420960188	1	1	1	1	1	1	1	1	396.796971594753	448.891008650167	55.3178605431312	90.0336650068256	112.310818588044	1
VCPKMT	1	1	1	1	1	1	1	20.7360334773107	1	1	1	1	1	1	1	1	1	19.9138229892772	1	1	1
VDR	68.9014202184266	209.853764748578	28.976489861988	22.2834211755028	27.7117056260422	157.829151614978	77.0371453711537	53.4000337503238	1	1	1	70.6932878461764	95.4823131814345	357.479622582099	189.267524794869	116.086700021671	96.6173319656377	46.0571877914661	236.986719406276	229.224402908334	1
VEGFA	123.004222890182	328.197033059882	1	1	1	188.569760426645	223.664243705671	36.553606400848	1	1	1	63.3357869442201	608.757831190019	1	1	260.0063822849	129.622881923716	928.114227634376	432.423913381224	406.256088638893	192.110709294311
VGLL3	1	1	1	1	1	1	1	1	1	1	1	1	1	1	1	1	67.1034558476808	1	1	1	1
VILL	1	34.5922512602487	1	1	1	1	1	1	1	25.3063051183597	1	1	1	1	1	1	1	1	1	1	1
VIM-AS1	1	1	1	1	1	48.3314291772809	1	1	1	1	1	1	1	1	1	1	1	1	1	1	1
VIPAS39	1	1	1	1	1	1	1	1	1	1	1	1	1	1	1	14.9664567184901	1	1	1	1	1
VIPR1	1	16.6902747365481	1	1	1	1	1	1	1	26.8824981552955	1	1	1	1	1	1	48.8364183381822	1	1	71.8548172532129	1
VMO1	1	1	1	1	1	1	33.7744562627632	1	1	1	1	1	1	1	1	26.8654211791808	1	1	37.0724567731322	60.9367758060583	1
VNN1	1	25.9695036830095	1	1	1	53.2779805074745	1	1	1	1	1	1	1	1	1	1	1	1	1	1	1
VNN2	1	147.702550564529	1	72.9658314036536	1	1513.71783988995	1	1	31.2923020949183	22.250105216533	1	1	22.6937129334964	1	1	1	1	1	1	1	1
VNN3	1	1	1	1	1	129.954523602815	1	1	1	1	1	1	1	1	1	1	1	1	1	1	1
VPREB3	1	1	1	1	199.911510039975	1	1	24.8234809013073	1	1	206.813005234042	1	1	1	1	1	1	1	1	1	1
VPS11	1	18.7114110526436	1	23.9309873971563	34.9637703649227	1	20.546254141446	1	1	35.3431821167903	1	1	1	38.0042300654028	1	19.2430698734881	1	17.0389122485676	1	36.8448198274351	1
VPS13D	24.5045821628005	33.4461755857412	41.642189950059	53.6163831360023	1	1	28.0350982408473	142.811800512773	43.3429250705001	53.3885103114846	29.9368238321627	1	46.8426012819412	52.7969211728169	37.8286340729118	21.5182359059003	29.2874945357496	28.0496871340618	21.2273088964326	27.8468116025992	1
VPS16	1	1	1	37.4724556172585	1	1	15.6478341869814	1	1	1	1	1	1	1	1	1	13.646442933661	1	1	1	1
VPS18	1	1	1	1	1	1	25.1339818575444	1	1	1	1	31.5584598342156	1	1	1	17.2511216624359	1	1	1	1	1
VPS33A	48.987494146538	23.1029156832701	1	40.4682033791615	1	1	22.3106042286228	1	29.0213595500724	1	1	1	1	1	1	24.4093790547929	1	23.2073822074089	31.2232219602178	1	28.8550592308859
VPS33B	1	14.7539765685549	1	29.5565605574886	1	1	1	1	1	1	1	1	1	1	1	1	1	1	1	1	1
VPS37A	27.1904555979867	21.9149631666219	1	23.9133063390656	1	1	23.4508626695234	1	1	1	1	1	41.4009763891066	1	1	32.041079764227	1	47.0645361801014	19.237086743594	1	1
VPS37C	22.8535403038998	30.5201911379461	1	1	1	1	26.3438321243099	1	1	1	1	1	1	1	1	40.7821265411971	1	32.4627718128066	1	30.5346872512763	19.8477368648279
VPS37D	1	1	1	1	1	1	1	1	1	1	1	1	1	1	1	1	1	1	1	1	43.8852943834615
VPS50	1	18.2662009129495	1	1	1	1	16.1152645518592	1	1	35.7629303238382	1	1	1	1	1	1	1	1	1	1	19.1663228640305
VRK2	29.4339257384841	1	1	1	1	1	15.4291623289002	1	1	1	1	1	1	1	1	15.645300893393	1	1	22.5604697749937	1	1
VSIG1	1	61.3498750218214	37.0439460531312	1	1	36.4160702578149	1	1	1	46.5362511138689	1	1	25.1293564279426	1	1	1	1	1	1	50.6212115326242	1
VSIG4	1	99.087018445455	1	1	1	1	689.645746915005	1	1	1	1	1	1	1	1	613.437410586613	1	1	131.774012674949	74.9957074953183	1
VSNL1	110.154053678309	1	1	1	1	1	1	1	1	1	1	1	1	1	1	1	1	1	1	1	128.035563259759
VSTM1	1	29.9391074700286	1	1	1	1	1	1	1	1	1	1	1	1	1	1	1	1	1	1	1
VSTM2L	1	1	1	1	1	1	1	1	1	1	1	1	1	1	1	1	1	28.6139198882729	1	1	1
VWA1	38.4992196274894	59.6045679801528	1	1	1	1	1	1	1	1	1	1	1	1	1	1	188.342098512383	54.6541576533164	1	45.7972621447925	18.947923153083
VWA5A	41.1791215469291	26.8439349988738	1	1	1	1	35.223387294951	1	1	1	1	30.3083191876651	264.645444618965	33.2839272139605	1	45.9678058603963	40.8714643544937	591.587001600303	1	1	158.34641089504
VWA8	28.0499148899169	1	1	35.8179643648964	1	1	1	1	31.318935172542	35.6079206077349	1	27.0801725229154	1	1	1	22.2998061097277	1	21.5189634826504	1	1	1
VWCE	1	1	1	1	1	1	1	1	1	35.7155900931705	1	1	22.3591812949916	1	1	1	1	1	1	1	1
VWF	1	1	1	1	1	1	1	1	1	1	1	1	1	1	1	1	643.754875447922	1	1	182.506402732837	1
WASF1	61.7184470212221	1	1	1	1	1	1	1	1	1	1	1	1	1	1	1	1	1	1	1	66.0099598862216
WASHC2A	1	1	1	23.2668172986544	1	1	15.4260709992157	1	1	1	1	1	1	1	1	1	1	1	1	1	1
WASHC3	1	19.4010023439581	1	22.0284647504035	1	1	17.6867906056844	1	26.0951606773074	23.25366689113	1	1	1	41.0497395456898	29.6003543951321	25.5974628318243	1	1	20.0224329510392	1	11.2678542241672
WDCP	1	1	1	1	1	1	1	1	1	1	1	96.8873586255623	1	1	1	1	1	1	1	1	1
WDFY4	1	21.9755678231271	1	1	104.155395954728	35.0135703544816	26.9772487091487	1	1	1	90.4492760355629	1	49.9777350142023	1	1	20.360664463396	1	1	56.2638871028633	46.4759860660561	1
WDR17	1	18.3797880671564	1	1	36.092907459031	1	1	1	1	1	1	1	28.2627382886966	1	1	1	1	1	1	1	1
WDR25	1	1	1	1	1	1	1	1	1	1	1	1	1	1	1	1	1	1	1	1	84.4605439263171
WDR3	44.6957940846271	1	1	29.5567271771667	1	1	1	1	1	46.0552267276214	1	1	33.2309354162252	1	1	1	1	22.9671737399219	1	1	1
WDR34	29.0152112351239	1	1	1	1	1	1	1	1	1	1	1	1	1	1	1	1	1	1	1	1
WDR37	1	1	1	38.6254971772641	1	1	1	1	1	36.6446789442023	1	1	1	1	1	1	1	1	1	1	65.9318643899022
WDR44	1	1	1	1	1	1	1	1	30.1807278288531	1	1	32.1481003645037	1	1	1	1	1	20.9786859746641	1	1	1
WDR47	1	1	33.2737873030398	1	1	1	1	1	36.8782471946203	1	27.0383836992332	1	27.0339659195815	1	37.4456758361875	1	1	20.6358608457823	17.0991585077593	1	1
WDR60	1	1	1	1	1	1	1	1	1	1	1	36.5979834388211	1	1	1	1	1	1	1	1	1
WDR70	20.8443711027514	1	1	1	1	1	1	1	1	1	1	1	1	1	1	1	1	1	1	1	50.1283274850278
WDR74	20.7490610915624	1	58.815463267414	24.0261929257112	75.2947337464657	1	21.2317051725784	1	40.8495048231788	28.1932535875402	79.3168208541165	1	1	51.8437048949477	55.4099246729995	1	1	1	1	1	56.1580549464572
WDR75	35.1826791613391	1	1	1	29.6464408547295	1	1	1	1	27.9340289697248	1	1	1	1	1	1	14.5460192890736	20.9493037327968	1	1	1
WDR76	1	1	1	1	1	1	1	1	1	21.5740726926669	1	46.2926512489562	20.245321520329	28.9960134992714	26.5835893448232	1	1	15.7154176511889	1	1	1
WDR77	69.5544199013202	16.9691733975389	1	29.9521488510717	1	1	15.8083143560994	1	1	1	1	1	1	1	1	21.9089464904297	1	28.0520176243943	1	1	82.7379486243567
WDR81	1	20.3193660857797	1	24.8344319267516	1	1	26.3771315213135	1	1	1	1	1	1	1	1	19.6822978982504	1	1	22.3014395587817	1	1
WDR89	22.3206078094748	1	1	33.8721449263171	1	1	1	1	1	72.6942167180606	1	1	1	1	1	1	1	18.0816898454584	1	1	1
WDR91	1	19.4130153208889	1	24.1636074585444	1	1	32.4843923747724	1	1	1	1	1	44.3657937809445	1	1	26.1832732145881	27.4258157142647	17.0993104351155	22.3707871036969	36.5550256257821	1
WDR93	1	1	1	1	1	1	1	1	1	19.2433353982889	1	1	1	1	1	1	1	1	1	1	1
WDR97	1	1	1	1	1	1	1	1	1	1	1	1	22.4173660747535	1	1	1	1	1	1	1	1
WDTC1	1	14.9488821727854	1	29.7221595702591	1	43.1062226342798	18.4592489921652	1	1	32.9577274863844	1	1	1	39.4397547661218	1	1	16.0599803392889	17.7720019169018	1	1	1
WEE1	74.0581732491035	30.3521012784972	1	1	38.3832904870912	1	1	1	1	1	102.032895761572	85.6492355210548	1	28.9313067185972	27.6182584803469	1	22.1520189581784	94.8445714993413	1	33.5335905419976	13.5354895351595
WFDC2	1	217.145367786084	1	1	1	1	1	1	1	1	1	1	1	1	1	1	1	148.403279340731	1	157.709078489082	1
WFDC21P	1	1	1	1	1	1	1	1	1	1	1	1	1	1	1	1	1	1	320.51148349563	223.342625845921	1
WFS1	1	1	1	1	1	1	1	28.0084149320577	1	1	1	1	1	1	1	1	1	1	1	1	1
WHRN	1	1	1	1	1	1	1	1	1	1	1	1	1	71.0973101808132	1	1	1	1	1	1	1
WIF1	50.6936664244421	1	1	1	1	1	1	1	1	1	1	1	1	1	1	1	1	1	1	1	135.495985420867
WIPF3	61.6552657296102	1	1	1	1	1	1	1	1	1	1	56.6088508624764	1	1	1	1	1	23.2781585534123	1	1	143.822026806525
WNT2	1	1	1	1	1	1	1	1	1	1	1	1	1	1	1	1	52.9421951328702	1	1	1	1
WNT5A	51.5471360258	1	1	1	1	1	1	1	1	1	1	1	1	1	1	1	95.0753084790779	1	26.1897365969746	1	30.5431004617363
WRN	1	1	1	1	1	1	1	1	1	1	1	32.1123441296754	1	1	1	1	1	1	1	1	25.4242729192166
WTIP	1	20.4763069658481	1	1	1	1	1	1	1	22.1963219983399	1	1	1	1	1	1	1	1	1	1	1
WWTR1	129.757542626105	33.7038943834972	1	1	1	1	1	1	1	1	1	1	39.8848434565482	1	1	44.377139173446	249.146001562458	121.770494014074	1	44.8229632781169	151.729236685998
XBP1	113.796034777168	221.590868564825	146.636551880868	388.298085530886	32.9074864759814	67.6215312999138	158.898289505557	1658.19108556835	155.836200293897	124.865275430138	59.7060527546198	216.798479902839	400.566568100012	75.0189429921905	130.728679281848	183.943622797242	128.650359809959	346.186587277038	153.752266161676	228.579449016027	68.0994315818777
XCL2	98.6523595419584	1	1	340.56954219108	1	1	1	1	293.053310152607	1	1	718.468607505796	1	1	132.649619094312	1	1	1	1	1	1
XIST	1	190.991645428973	211.055822215572	119.647747169727	411.634450985506	1	240.294919488006	249.662162428496	95.9558327773804	1	415.108152663108	131.301011988453	356.392626292367	332.149064737023	177.924986557763	191.112992195498	345.995050234526	239.601270715797	158.579019515925	306.297157394681	1
XKR8	1	20.5664713262505	1	41.2213785959273	1	123.368773765939	1	1	1	21.3737932523011	1	1	1	1	1	1	1	1	1	1	1
XPC	1	26.9307954258919	50.4742707294864	63.1514676115047	1	54.1113919808707	1	1	35.8114395910374	55.0886533342106	33.491739346204	53.951043744033	16.5986395046411	57.7663928507435	30.912984411561	1	25.0730075026172	19.5279827880969	1	1	1
XPO4	1	1	1	23.2012403247703	1	1	1	1	1	1	1	1	1	1	1	1	1	1	1	1	1
XRCC4	1	17.3113949928666	1	1	1	1	1	1	1	1	1	1	1	1	1	1	1	1	1	1	1
XYLT1	1	17.8584323827739	1	32.684534532132	86.157710026182	1	1	1	1	1	1	26.5664909924381	1	31.4790745718627	29.3386021260571	1	15.6093268638779	1	18.6100068441589	22.1671585949784	1
YAE1D1	37.6177565816008	1	1	1	1	1	1	1	1	1	1	1	1	1	1	1	1	19.2395542480106	1	1	40.8788490954617
YARS2	1	1	1	1	1	1	1	1	1	1	1	57.6799398641673	1	1	1	1	1	1	1	1	1
YBEY	1	1	1	28.6881437952336	1	1	1	1	36.1071855862582	76.6422900726311	1	1	1	1	24.7276914122828	1	23.3168532545785	1	1	1	14.9505009949059
YDJC	47.7396804526948	1	1	28.1065707904157	38.9437006420136	1	1	1	1	1	1	1	1	1	1	1	1	25.0074288411427	1	1	85.4486307713042
YEATS4	63.1756905170983	18.2406865979449	1	47.5118397543292	45.9286240383571	1	17.1476063205667	1	1	93.5140767464016	42.5167459478722	63.8334278086407	1	28.1029089440028	1	19.4493658503383	1	32.2607361786646	31.4853417695027	1	1
YES1	77.6411693600522	19.9575846332573	1	57.7151695129269	1	1	1	1	36.2679436452295	1	1	79.3544097633715	61.0182070082377	1	1	1	42.6710449611367	85.1262338682653	1	1	37.4176043450387
YIPF1	1	32.9175578306025	1	1	1	47.7626063725905	35.9635410837792	35.5244518341004	1	1	1	38.049213583067	1	74.4942676334218	30.0204341618562	26.4718543916898	1	17.7931295188798	30.8459311449286	35.2067919671062	42.3773681935078
YIPF2	49.0094616300541	21.9735767586601	1	1	1	1	20.7718254570418	31.7313948381243	1	1	1	1	1	1	1	24.7951625983572	30.5001473066079	30.7767116261502	21.0791241150663	34.4582039976552	32.1176946997904
YPEL1	1	1	1	118.710288413259	34.222675038747	1	1	1	29.1594780325864	1	1	66.5322596127719	1	1	1	1	1	1	1	1	1
YPEL2	1	42.9688809888272	1	34.8230947081159	1	1	25.478834969003	1	1	49.5875770418686	1	36.9174524739558	40.5750525919594	79.8473395365329	45.6960153605334	18.817738501311	14.0615443838753	1	18.3632440828755	41.4081481854511	20.0732083041147
Z82206.1	1	1	1	38.6125942616438	1	1	1	1	34.4902370302947	64.3123732563052	1	1	1	1	1	1	1	1	1	1	1
Z82217.1	1	1	1	1	25.3026291829574	53.9016255935411	1	1	1	20.3649918535064	1	1	1	1	1	1	1	1	1	1	1
Z93241.1	1	1	1	1	1	1	1	26.3644553267155	1	1	1	1	1	1	1	1	1	1	1	1	1
Z93930.2	1	1	1	1	1	1	1	1	1	23.340349252834	1	1	1	1	1	1	1	1	1	1	1
Z95114.2	1	21.0790968059623	1	19.50176862633	33.5093377103156	36.9178590791109	1	1	1	20.4812318784612	1	30.8951103368969	1	1	1	15.8708614010097	1	1	1	1	1
Z98043.1	1	21.5323228378939	1	23.3106833740141	1	39.6277889348339	1	1	1	16.216686947913	1	46.7020614303108	1	1	25.3594927787968	14.6211228412981	1	17.456773772731	1	1	1
Z99774.1	1	1	1	1	1	1	1	1	1	28.5520981825133	1	23.9659300934106	1	1	1	1	1	1	1	1	1
ZADH2	18.8345268906688	21.6278037926008	1	36.7083253321143	55.9051397688237	1	19.3692272217536	1	1	38.4308508231061	1	1	1	1	1	22.4729975467957	1	1	1	1	1
ZAP70	27.1426560521485	1	65.2151548425829	222.863141743282	1	1	1	1	98.588266882726	52.6142638787783	1	111.541880794875	1	89.7614176442438	88.1859266524101	1	1	1	1	1	1
ZBED2	1	1	1	1	1	1	1	1	1	1	1	1	1	61.6949654268985	69.8068958286316	1	1	1	1	1	1
ZBED3	1	17.9071439022459	1	1	1	1	40.8742254776068	1	1	1	1	1	1	1	1	34.0900794259863	1	1	21.3831955230873	1	15.2281906671484
ZBED4	20.1925860813556	1	1	1	1	1	1	1	25.1800259197099	1	1	37.6856407461515	1	1	1	1	1	15.621912401853	1	1	57.7579524803176
ZBED5	1	19.9523432952872	1	1	54.9756368397609	1	1	1	1	37.1190785034392	31.3337642080615	1	22.4708775297094	1	1	1	29.4139634815103	18.0330971311793	1	22.5110060472761	23.6015582468639
ZBP1	1	30.5454796096481	36.2158754044293	82.5504829085693	21.354039178512	90.124572420801	19.7619523093475	68.3190710480657	44.2032292098786	44.596363639625	28.446517830421	30.9582055993447	43.5691507545369	1	1	14.3200959346427	1	19.9802947624611	1	21.2313064522945	1
ZBTB10	1	20.1379380067884	45.8531949369719	1	56.631271774949	1	20.5228292332821	1	1	1	69.7737457253004	1	64.4881776555844	1	63.7022925323125	1	1	37.8880730385805	17.5276216848351	79.2416840359034	1
ZBTB14	1	1	1	28.2735679149558	1	1	1	1	1	37.9816550614146	1	1	1	1	1	1	1	1	1	1	1
ZBTB17	1	16.4463174189712	1	25.0895924783215	1	1	1	1	1	1	1	1	35.9316199703613	1	35.1324585324799	21.5802813251131	16.3327271478408	22.0295849887954	1	1	1
ZBTB18	32.2583137455895	39.8258924973088	37.8510751177121	1	116.707478501989	73.8534118573542	1	1	1	42.6843937062203	79.3401905320367	1	47.9014415828492	1	1	1	1	19.1844982747152	26.7396577947573	36.3343550795323	1
ZBTB2	15.0681006817752	1	1	35.1625573301409	1	1	1	1	24.9260052887862	1	1	29.2405144341317	1	42.0485938998192	1	1	1	14.6901812409618	1	1	1
ZBTB20	1	54.6434905749793	105.574607957231	99.232201902698	153.934851027143	1	44.4047488599971	64.9762874888396	110.483237845346	102.256629680649	250.319838522285	45.8071458766172	180.959247528972	75.4334603342725	111.348190453429	29.225180060804	226.425568514451	109.556096611681	36.9038656556856	119.073921572761	1
ZBTB21	1	17.2568837639793	52.2960092538027	1	52.4355673863969	1	20.4766078070645	26.0254800110953	55.8439867754087	1	53.5729165198736	49.507629384381	53.7003704427502	54.3100817663882	60.0541063687367	23.0288335670624	1	33.2553575658548	1	29.4993919068511	1
ZBTB24	1	21.9784399271404	26.6978215265312	23.0892555188756	94.2636525274696	52.2020055511408	17.4874864900678	1	1	29.6830255556842	32.6704827517095	1	20.7776849870057	42.0417581203489	30.7195513331303	1	1	14.9753828734175	1	1	1
ZBTB3	1	1	1	1	1	1	1	1	1	23.3501196871389	1	1	1	1	1	1	1	1	1	1	1
ZBTB32	1	1	1	1	1	1	1	1	1	1	1	1	1	47.417597203638	1	1	1	1	1	1	1
ZBTB37	1	21.3005639950364	1	40.6948559576238	1	42.0354111237653	15.4484070895293	1	1	31.7728774961622	1	1	40.6666208306996	1	1	1	1	1	1	1	1
ZBTB39	1	1	1	1	1	1	1	1	1	1	1	39.3575028586078	1	1	1	1	1	1	1	1	1
ZBTB40	1	16.7893502329855	1	32.5286564919266	31.1553517208531	1	1	28.681070503873	1	1	34.9587443448986	1	1	1	34.6353428250596	1	1	17.7169297508312	1	1	1
ZBTB46	1	1	1	1	1	1	1	1	1	1	1	1	1	1	1	1	1	1	20.8168688986952	1	1
ZBTB7B	1	22.1912641812749	1	1	1	1	1	1	1	1	1	1	1	1	1	1	1	1	1	1	1
ZBTB7C	123.59158227281	1	1	1	1	1	1	1	1	1	1	1	1	1	1	1	1	35.4822395200467	1	1	153.153020227861
ZBTB8B	1	17.9271290717467	1	1	1	35.9130730454786	1	1	1	1	1	1	37.3318904707725	1	1	1	1	1	1	20.0509289430499	1
ZC3H12C	1	1	1	1	1	1	1	1	1	1	1	1	1	27.6091376543716	1	1	1	1	1	1	1
ZC3H12D	28.6052265056543	18.0814471194004	135.67733034442	1	62.9430400042633	31.8047366586052	30.1556403899335	1	42.9892101074596	22.1726706365069	50.4299572949557	41.5177645939805	37.3874087669755	434.706645110229	154.762370343975	1	1	1	1	1	1
ZCCHC24	1	1	1	1	1	1	1	1	1	1	1	1	1	1	1	1	116.806375584567	1	1	1	1
ZCCHC7	1	1	1	29.7731502926742	71.4092396547353	1	1	1	25.684627665875	28.2405544598877	1	36.6452935573849	1	1	1	1	1	23.4247402762403	1	1	27.3073877769155
ZDBF2	1	1	1	1	1	1	1	1	1	1	1	90.2904517829562	1	35.1063813731744	1	1	1	1	1	1	1
ZDHHC14	1	1	1	35.1740498328151	1	1	27.3636782773126	1	1	1	44.7548073705529	1	1	1	1	1	31.7738584786914	1	1	41.8937934423415	1
ZDHHC21	1	1	1	1	1	1	1	1	1	1	28.3561306846425	1	1	1	1	1	1	29.9976952201321	1	1	1
ZDHHC9	49.7819468008574	43.6432879973856	1	1	1	1	1	1	1	1	1	1	1	1	1	33.8112401471687	49.461297551826	81.3394240975734	1	63.8453410566901	36.4062438016768
ZEB1	1	1	36.8746257938886	1	1	47.36071951806	1	1	34.2932385475793	40.3022652993253	30.0360806185213	1	57.9275743489545	92.8427087525315	60.3272132913744	1	137.468843914981	1	1	43.8899898804442	1
ZEB1-AS1	1	1	1	1	1	1	1	1	1	1	1	29.0765250302882	1	1	1	1	1	1	1	1	1
ZFAND1	22.2314345840084	21.7177491261571	1	1	1	1	1	1	1	48.74555954352	1	1	1	1	1	1	34.0426036179445	45.0118907665231	1	1	1
ZFAND2A	25.331731121189	29.5515742025136	34.0764365254289	1	1	1	28.6236839410092	60.0625313054835	42.5239998263617	1	1	54.802396279391	278.642812282179	27.3167164907187	100.473496654075	52.9599069849464	80.3665245620736	74.5597483722779	33.4464731942804	74.1849163232203	59.6485293763971
ZFAND2B	1	23.7642457165225	1	49.8514287257221	1	39.9047269622755	1	1	42.9451328205853	36.8394833721588	1	1	1	1	1	20.1761739609212	1	1	18.8104800822682	1	1
ZFAT	1	1	1	1	1	1	1	1	1	1	1	1	52.2769264685145	1	1	1	1	1	1	1	1
ZFP36L2	333.43231139282	462.915590067652	2624.83014065966	1230.90490274247	1766.92843959986	659.297969029706	412.438564932812	544.248632527942	2447.0036542619	382.725925671907	1122.89667281633	1369.18466308591	763.307151158467	1388.17367058375	2103.6100665709	263.740931177256	432.750957382411	182.607961406447	307.692265073423	347.395508331459	1
ZFP42	1	1	1	1	1	1	1	1	1	19.7436426259142	1	1	1	1	1	1	1	42.8331960656083	1	1	1
ZFP82	1	31.9085816174379	1	37.2766856203633	94.2562782617867	50.0055189764396	16.7892445845331	1	34.8223676179305	19.9219889054402	1	1	23.1523672661894	32.5678352099146	1	16.8575526850091	42.3301308775343	27.7416236789612	1	17.3411450156544	1
ZFP90	1	1	1	70.6716742154338	42.7465257568485	1	1	1	48.856184067383	55.6867154840453	1	28.3032185061387	1	1	30.2742110529546	1	1	1	1	1	1
ZFPM1	29.5161360153185	14.846880174043	1	62.772654451364	1	1	1	1	21.8072198561137	25.370522869728	1	1	1	1	32.2464329629808	1	28.694031179233	1	1	1	23.6704206253052
ZFY	1	1	1	1	1	1	1	1	1	23.6903686347161	1	67.2931479970755	1	1	1	1	1	1	1	1	1
ZFYVE26	1	20.5847009393871	1	25.4158091071278	1	1	45.7820769216786	1	1	22.4124919544344	1	1	1	1	1	38.1156569968359	17.6060980451915	1	24.3797683652351	1	1
ZFYVE28	1	1	37.6643449263057	68.5382613116659	1	1	1	1	51.4273158106843	25.911854103128	1	53.0326612123506	1	35.9045471638911	36.9617169336278	1	1	28.8377026176834	1	1	1
ZFYVE9	32.040121758252	1	1	1	1	1	1	1	1	1	1	1	1	1	1	1	1	1	1	1	1
ZGPAT	1	18.0584300281519	1	25.4123611554711	1	1	1	1	1	1	1	1	23.1109769143438	43.4804219022267	1	16.8910309850789	25.7076390731406	1	1	1	1
ZHX2	18.1856937340579	1	33.2105128295595	29.1688047616448	50.4654424508865	1	1	22.4842455188812	30.9426943759685	47.3708242791067	44.4232169442334	1	29.373614476288	1	36.6653013062339	1	1	16.4800101961266	1	22.6723372494081	51.1311011434263
ZHX3	1	17.051613469123	1	1	47.2559536260032	1	16.0726220592197	1	1	20.8328094071351	1	1	41.7831672264342	1	1	14.5349946503443	27.7484054676291	17.3051767755666	1	1	1
ZIM3	1	1	1	1	1	1	1	1	1	19.6649900150859	1	1	1	1	1	1	1	1	1	1	1
ZKSCAN4	1	1	1	1	1	1	1	1	1	1	1	34.6750539915355	1	1	1	1	1	1	1	1	1
ZKSCAN5	1	21.8764254364576	1	26.6539343589927	1	63.949665251846	1	1	1	1	1	65.0789630432464	1	1	1	1	1	15.4876404530236	1	1	1
ZKSCAN8	1	1	1	33.0595342315348	1	1	1	1	1	35.8789248166705	35.7393470202585	31.245160297478	1	1	1	1	14.8760769303296	28.4091164485244	1	1	1
ZMAT1	1	1	1	1	1	1	1	1	1	36.219491502689	1	1	1	1	1	1	1	1	1	1	1
ZMIZ1-AS1	1	1	1	1	1	1	1	1	1	1	1	1	1	1	1	30.861463875468	1	1	1	1	1
ZMYND15	1	1	1	1	1	1	17.9384785044943	1	1	1	1	1	1	1	1	1	1	1	1	1	1
ZMYND19	31.0755290908982	1	1	1	1	1	1	1	1	1	1	1	1	1	1	1	1	1	1	1	1
ZNF10	1	1	1	1	1	1	1	1	1	1	1	37.5738966684876	25.9883632555193	1	1	1	1	1	1	1	1
ZNF107	1	1	1	1	1	1	1	1	1	45.4829122242241	31.0747182966521	1	30.4194523083842	1	1	1	1	1	1	1	1
ZNF117	1	18.8219362402766	1	1	1	48.524785186091	1	1	1	1	1	1	1	1	1	1	1	22.0799902781225	1	1	1
ZNF121	18.4781016807521	24.6452292079313	1	44.6857782102765	34.9968362804718	1	1	1	31.2876338445524	26.3844435205548	35.1403835213808	26.105019735333	44.0840946600279	1	37.3440840241273	20.4273718234733	1	22.1579661723142	1	1	1
ZNF134	1	1	1	25.740022977567	32.3802073792219	1	1	1	1	1	1	1	1	1	1	1	1	21.4662064395159	1	1	1
ZNF136	1	23.110094206814	29.3981430021743	38.4540910055112	68.507563234718	34.4372806309444	1	1	32.8960289731076	26.2438058510126	31.7086348850757	1	29.9625461818871	1	1	1	1	19.8773661162892	1	29.9284275320234	1
ZNF141	1	1	1	1	1	1	16.7403156542243	1	1	1	1	1	1	1	1	1	1	1	1	1	1
ZNF142	1	1	1	1	1	1	1	1	1	1	1	34.6750539915355	1	1	1	1	1	1	1	1	1
ZNF143	1	1	1	19.7613706492836	1	1	1	1	1	1	1	1	1	1	1	1	1	1	1	1	1
ZNF154	1	15.7306698953024	1	30.4241778636143	36.821312122446	40.3447247132648	13.9228304186264	1	1	26.134403464725	39.4536312851655	1	76.3740001551515	1	1	1	1	23.8443189672058	1	21.439185508223	1
ZNF16	1	16.2621323015513	1	23.8689716571824	1	1	1	1	1	21.8341657892924	1	92.5143758038456	1	1	1	1	1	1	1	1	1
ZNF160	1	17.7262516710619	1	35.1410618373574	1	1	1	1	1	1	1	28.0112162735929	1	1	1	1	1	17.3750766901904	1	1	1
ZNF165	1	1	1	1	42.4963951675483	1	1	1	1	1	40.2676188931494	1	1	1	1	1	1	1	1	1	1
ZNF17	1	1	1	1	1	1	1	1	1	1	1	25.7467854009577	1	1	1	1	1	1	1	1	1
ZNF174	13.9108376497465	1	1	1	1	1	1	1	1	1	1	1	1	1	1	1	1	1	1	1	45.905958612049
ZNF184	1	1	1	1	1	1	1	1	39.0394397958236	1	1	1	1	1	1	1	1	1	1	1	1
ZNF185	1	19.4586574819294	1	1	1	1	28.2818128717365	1	1	1	1	1	1	1	1	29.3167316751295	1	1	1	1	1
ZNF189	1	1	1	1	1	1	1	1	1	1	1	1	1	1	1	1	1	23.319759325103	1	1	1
ZNF195	16.0539708812079	1	1	26.2704503552396	48.9752050288539	1	1	1	1	20.6571117189494	1	1	1	1	1	1	1	1	1	1	1
ZNF197	1	1	1	22.5470772157837	1	1	1	1	1	16.6321242751608	1	1	1	1	1	1	1	1	1	1	1
ZNF22	17.8498088561952	16.5937934754637	1	60.7387667093373	1	1	1	1	38.7364723072605	33.3240013679641	1	89.605623827103	1	1	1	1	1	31.1326146180152	1	1	34.5910459265236
ZNF225	1	23.8336761795704	45.3059713007071	44.9822871894857	54.9442042824079	1	1	1	26.9331352759239	1	26.90826396838	34.8745699918807	47.9621446737562	30.3904200899263	55.9155606565518	1	1	16.7886123895373	16.3214248093772	1	1
ZNF227	1	1	1	1	1	1	1	1	1	1	1	24.2881043398259	1	1	1	1	1	1	1	1	1
ZNF236	1	1	1	22.3414359109821	1	1	1	1	1	1	1	30.532635672895	1	38.2161562505899	1	1	1	1	1	1	1
ZNF25	1	1	1	1	1	1	1	1	1	1	1	1	27.3930533547824	1	1	1	1	1	1	1	1
ZNF250	1	1	1	1	1	1	1	1	1	1	1	1	1	1	1	1	27.9954036250529	1	1	21.2840561409007	1
ZNF257	1	1	1	22.9098531378113	1	1	1	1	1	19.6723001098278	1	1	1	1	1	1	1	1	1	1	1
ZNF260	1	1	1	31.313368141216	1	1	1	1	1	1	1	1	1	1	1	1	1	1	1	1	17.8100116362839
ZNF263	1	1	1	1	49.0833155665009	1	1	1	1	1	1	19.4430118470648	1	1	1	1	1	1	1	1	1
ZNF266	22.4429711395447	1	1	36.6479106618281	36.7975939758682	1	1	1	34.4901415953268	31.8118017186079	1	1	36.1095159488796	1	1	1	1	1	1	1	1
ZNF267	1	50.8693881275853	57.9541145899913	1	1	155.01041469454	74.7329718833923	1	1	1	32.7494737145891	19.6224453278285	67.8802757391966	68.4961251972989	85.5175557462192	80.5921837084642	1	43.2124668318291	54.8402921408692	111.70531987853	1
ZNF275	1	1	1	1	1	1	1	54.7699660548937	1	30.5783745370426	1	1	1	39.5881503468073	36.0819257987972	1	16.8151361616843	18.0203703186035	1	24.0341186080829	1
ZNF282	60.1295020190294	1	1	1	1	1	18.1994910641548	1	1	1	1	51.1546447418297	1	163.66748037174	51.5737214666876	1	23.897468642864	26.2112143880589	1	18.72048354362	1
ZNF296	1	1	1	1	1	1	1	21.2855875219959	1	1	55.1881918387308	1	1	1	1	1	1	1	1	1	1
ZNF3	1	15.6504278509928	1	23.9090046752767	1	1	1	1	25.6489782178516	26.2717449382753	1	17.2313889781996	1	1	1	1	1	15.9690960420261	1	1	1
ZNF302	1	1	1	29.8574100607812	1	1	1	1	1	31.8399138039733	1	1	1	1	1	1	1	1	1	1	15.8927722518715
ZNF317	20.8073807734128	18.3931067523298	1	34.0329872181842	1	1	18.0288639445122	1	1	1	1	23.5784744426842	1	1	30.13517520608	19.4171401246883	1	19.0718910817049	20.3907481216559	1	1
ZNF319	1	1	1	27.9607173863916	1	1	1	1	1	1	1	1	1	1	1	1	1	1	1	1	1
ZNF32	1	1	1	1	36.5138711908163	1	1	1	1	1	1	1	1	1	1	1	1	1	1	1	1
ZNF333	1	21.2304695177706	1	25.9488835417669	22.0421924479633	1	1	1	1	1	1	1	29.7654544367972	1	1	1	1	1	1	1	1
ZNF337	1	1	1	26.4551284412052	1	1	1	1	1	1	1	1	1	1	1	1	1	1	1	1	1
ZNF33B	1	1	1	24.8373814621049	1	1	1	1	1	45.0938906304302	1	31.1509927527728	1	1	1	1	1	1	1	1	1
ZNF345	1	23.5913128763958	1	23.893623228733	57.2492889289265	44.2738304159748	1	1	1	30.2869611449695	1	1	1	1	1	15.4192418927861	30.971343536056	18.424621392227	1	1	1
ZNF383	1	22.1938535004666	1	42.4916015668201	29.8490860910226	1	14.8037929698752	1	1	49.8000188348216	1	21.5122236198384	54.8391726255829	1	1	18.5967298666082	1	16.6645691812685	1	1	1
ZNF385A	23.028577438495	63.6418892010421	1	1	1	1	71.6866410221271	1	1	1	1	1	1	1	1	71.9929517255373	1	22.0356136708022	70.8521692238163	53.0003180064444	65.7431817902112
ZNF385C	1	1	1	21.4400552726763	1	41.4939631114708	1	1	1	1	1	1	1	1	1	1	1	1	1	1	1
ZNF419	1	1	1	20.6713402057028	1	1	1	1	1	1	1	1	1	1	1	1	1	1	1	1	1
ZNF429	1	1	1	1	1	33.9456270472457	1	1	1	1	1	1	1	1	1	1	1	1	1	1	1
ZNF43	1	1	1	27.1526267953514	32.7646119200441	1	1	1	1	35.5446966643971	1	1	1	1	1	1	1	1	1	1	1
ZNF432	1	1	1	21.1245652063496	1	1	1	1	1	1	1	1	1	1	1	1	1	1	1	1	1
ZNF438	1	1	1	1	1	45.6130120618502	1	1	1	1	1	1	1	1	1	1	1	1	1	1	1
ZNF44	1	22.3020255852914	1	36.2318100980637	1	48.7287116203372	14.6330068340438	1	25.6859781519887	41.7771300500866	1	1	1	27.2025515657789	1	16.1067105491742	1	1	1	1	1
ZNF462	28.9363152632922	1	1	1	1	1	1	1	1	1	1	1	1	1	1	1	1	35.5325759688726	1	1	1
ZNF467	1	27.9254871031579	1	1	1	106.793730804646	1	1	1	1	1	1	1	1	1	1	1	1	1	1	1
ZNF468	1	1	1	1	1	1	1	1	1	1	1	28.5737533767051	1	1	1	1	1	1	1	1	1
ZNF48	1	1	1	1	1	1	1	1	1	1	1	1	24.4700107143981	1	1	1	1	54.0366109557835	1	1	1
ZNF493	1	1	1	30.0435192764862	25.4830280705438	41.6543383281104	1	1	1	49.0293494392579	1	27.6558043617753	1	1	1	1	1	1	1	1	1
ZNF500	1	19.6002525546772	1	36.1541799758971	29.1048139536004	1	1	1	1	45.6005575273696	1	1	21.6938291675463	1	1	1	1	20.916490137841	1	1	1
ZNF507	1	1	1	28.9724267253857	1	1	1	1	1	57.9291549467004	1	1	1	1	1	1	1	1	1	1	1
ZNF512	1	1	1	1	1	1	1	1	1	1	1	1	1	1	1	1	1	1	1	1	40.943055379044
ZNF514	1	1	1	1	1	1	1	1	1	1	1	1	1	1	1	1	1	16.307723478168	1	1	58.6393874811789
ZNF516	1	21.0162129707724	1	1	1	55.1230156219742	18.3402368317726	1	1	1	1	1	1	1	1	1	1	1	19.7541488623974	17.9423387646591	1
ZNF518A	1	33.3884272987832	1	52.0067875136336	36.6661117489338	1	19.8479297977693	1	1	24.978227667749	30.9724138610327	1	1	30.2181210646928	1	16.7508791445298	19.9421252447298	19.6013221573624	22.8980003297007	43.9082302265746	1
ZNF519	1	1	1	25.0915487669184	35.4986081273762	1	1	1	1	21.2124744798177	1	1	1	1	1	1	1	1	1	1	1
ZNF524	1	24.3304678576615	1	1	1	1	1	1	1	1	1	1	1	1	1	1	1	1	1	1	1
ZNF525	1	24.0043074619519	1	45.1039833092735	1	36.4704412652762	16.0425274220334	1	26.5833866410935	37.6911058737391	1	1	1	1	1	25.1258591817943	1	18.0212924941235	1	21.9213140735659	1
ZNF526	1	21.4826907494673	1	20.9233255983259	42.0318488430569	30.9763430131459	1	1	1	22.9518963415906	1	1	24.1699054821286	1	1	1	1	15.4192336783416	15.410747991845	1	1
ZNF528-AS1	1	1	1	1	1	1	1	1	1	1	1	45.1909265939698	1	1	1	1	1	1	1	1	1
ZNF532	31.3552267606667	17.742783438888	1	1	31.4525148582824	1	17.951833012408	1	1	1	28.6812540455993	1	1	1	1	1	48.2626109508474	36.5768277072527	1	23.4876402994864	50.341175440352
ZNF544	27.4301027533958	29.1031675490868	1	50.688926320208	1	50.760148667376	15.9192466744002	1	38.8259465154784	27.329269855076	1	1	17.286602401547	1	1	17.2533345166746	1	20.7708983929038	1	1	70.0350286154141
ZNF548	1	1	1	1	1	1	1	1	1	1	1	1	24.4647929057902	1	1	1	1	1	1	1	1
ZNF549	1	15.8827067724925	1	1	1	1	1	1	1	1	1	1	1	1	1	1	1	1	1	1	1
ZNF551	1	1	1	19.7262013722142	1	1	1	1	1	28.9190996066548	1	1	1	1	1	1	1	1	1	1	1
ZNF557	1	24.2991030070276	1	47.8106311889499	43.6231857239032	1	1	1	1	41.7343233494758	34.0809375378612	76.3092582324	1	31.2766651525433	1	1	1	22.493300959255	17.7390174069707	1	65.9329934011154
ZNF559	1	15.5811527572778	1	25.5154261648209	1	1	19.6178683863177	1	1	34.4773761518136	1	1	1	1	1	1	1	1	1	1	1
ZNF568	1	17.4304752663398	1	24.8509741955423	1	30.4007633567487	1	1	1	40.7011403600232	1	1	1	1	1	1	1	1	1	21.1417978216955	1
ZNF569	1	1	1	1	1	1	1	1	1	1	1	31.9228462909803	1	1	1	1	1	1	1	1	1
ZNF570	1	16.4997893476232	33.9152448215535	48.831106678839	1	34.8255226736041	1	1	38.0347730571358	51.981966188203	1	43.0159328527101	20.9283131237089	60.1563266507373	34.0901411257964	1	1	15.659167789247	1	1	1
ZNF573	1	1	1	32.5268962874416	1	1	1	1	1	23.9045265596085	1	1	1	1	1	1	1	1	1	1	1
ZNF574	1	1	1	1	42.6644922247591	1	1	1	1	1	1	1	1	1	1	1	1	1	1	1	1
ZNF575	1	1	1	29.9528079148177	1	1	1	1	1	41.4934464539125	1	1	1	1	1	1	1	1	1	1	1
ZNF577	1	1	1	20.0525099925874	1	1	1	1	1	1	1	1	1	1	1	1	1	1	1	1	1
ZNF581	1	18.2952805023397	1	1	1	1	1	1	1	1	1	1	1	1	1	1	1	1	20.4770190645488	1	1
ZNF585A	1	1	1	31.6900839494222	36.0190309065331	1	1	1	1	1	1	1	1	1	1	1	1	1	1	1	1
ZNF585B	1	1	1	23.7787397921918	1	1	1	1	1	1	1	1	1	1	1	1	1	1	1	1	1
ZNF587	1	22.5587700579322	1	41.2109953149515	48.9277958346606	52.4309947179615	1	1	28.2693254514009	65.8398423360415	1	1	1	1	1	1	1	25.0212144402372	1	1	1
ZNF593	38.845812402332	23.8506960047985	1	1	1	1	1	30.9661652054699	1	15.8536783062548	29.6038080116145	1	1	1	1	25.354191703825	14.3957396020627	29.7308389097516	20.3264800201069	23.2211480575756	52.6648289012251
ZNF595	1	1	1	28.7463030884514	1	1	1	1	1	1	1	1	1	1	1	1	1	1	1	1	1
ZNF597	1	1	1	1	1	1	1	1	1	1	1	1	1	1	1	1	1	26.1428554922952	1	1	1
ZNF600	1	1	1	90.9376942977426	32.7162453794149	1	1	1	29.3362073193101	20.0660546705755	1	51.6395964965462	30.3064328513024	1	1	1	1	20.3342641566634	1	1	1
ZNF615	1	1	1	1	1	1	1	1	1	23.6342464147899	1	1	1	1	1	1	1	1	1	1	1
ZNF616	1	1	1	1	1	1	1	1	1	31.1121952756769	1	1	1	1	1	1	1	1	1	1	1
ZNF618	21.058601681816	1	1	1	1	1	15.295377595537	1	1	1	1	1	42.0784252751088	1	1	23.0697725980183	1	46.742146103203	25.9195838736149	21.1873110710028	23.5794563294031
ZNF620	1	18.7635983424452	1	1	1	32.7281470652395	1	1	1	1	1	1	1	1	1	1	1	1	1	1	1
ZNF621	1	21.5337019330624	1	39.6137851754537	27.6547481653947	1	1	1	25.8760678060213	29.7813227811814	1	35.9277463039411	1	1	1	1	1	17.8055861570183	1	22.9452155963784	1
ZNF622	30.4599628823637	17.5418165250543	1	30.8267056965266	1	1	1	1	1	25.3389694450327	1	28.6197063566809	1	52.4951030257641	25.1843795621156	17.7329876967943	41.4792458910787	21.0684216552317	19.3131044815964	1	14.6685306294519
ZNF626	1	1	1	37.0835284905436	1	1	1	1	31.2226433097632	22.6515654417743	1	53.7235851540335	21.4739666008708	1	1	1	17.0248699877038	15.956289786012	20.2393498181172	1	1
ZNF627	1	15.4258106426882	1	24.5825768824324	1	1	1	1	1	1	1	1	1	1	1	1	1	1	1	1	1
ZNF641	1	20.3746180999839	1	49.264262530701	1	43.9764360947586	1	1	1	25.4399554360791	1	1	1	1	1	1	1	1	1	1	1
ZNF662	1	1	1	1	1	1	1	1	1	29.7288827235614	1	1	1	1	1	1	1	1	1	1	1
ZNF664	72.2634992392816	23.3595603190604	1	47.2890320429449	1	1	1	36.728728028398	32.3320619297415	23.0175395632381	1	1	37.8690468191687	1	30.6113299045042	21.331253488258	29.509644482359	79.3096350546359	1	19.2857686675648	94.1689342930088
ZNF667	1	1	1	1	1	1	1	1	1	1	1	22.2080454439072	1	1	1	1	1	1	1	1	1
ZNF667-AS1	1	1	1	1	38.5682462190077	1	1	1	1	1	1	1	1	1	1	1	34.7065546641238	1	1	1	1
ZNF672	17.686995973025	29.2194656519711	1	1	1	1	23.5622036217875	1	1	1	29.4119617095483	51.0394251167405	1	34.9829971762554	1	18.6540080417334	1	19.5081212442115	35.3026830319083	15.9703507034429	16.2297555137378
ZNF674	1	1	1	1	1	32.4404677615903	1	1	1	1	1	1	1	1	1	1	1	1	1	1	1
ZNF680	27.4101705402163	1	1	1	1	1	1	1	1	1	1	1	1	1	1	1	1	1	1	1	1
ZNF681	1	1	1	1	1	1	1	1	1	22.0301236683533	1	1	1	1	1	1	1	1	1	1	1
ZNF682	1	1	1	1	1	1	1	1	1	1	1	43.7406916249778	1	1	1	1	1	1	1	1	1
ZNF683	1	1	1	27.85833432175	1	1	1	1	38.2688862767089	1	1	54.7216198964597	1	1	1	1	1	1	1	1	1
ZNF687	1	1	1	21.9737805342293	1	1	1	1	1	1	1	83.5636576687879	1	1	1	1	1	1	1	1	1
ZNF688	21.8041832124603	23.7698122988248	1	40.7292889089888	24.982450449431	1	1	1	31.6090353329756	25.6446562401873	1	1	1	28.5148521192521	28.7135405088054	1	1	1	1	1	1
ZNF691	1	1	1	1	1	1	1	1	1	1	1	1	1	1	1	1	1	1	1	1	59.4819355882256
ZNF697	1	1	1	1	1	1	1	1	1	1	1	1	1	1	1	24.4690260618205	1	1	1	1	1
ZNF701	1	1	1	23.8816119082858	1	1	1	130.270362633395	1	1	1	1	1	1	1	1	1	1	1	1	1
ZNF708	1	1	1	22.3953631461204	1	1	1	1	1	26.4864521548221	1	1	1	1	1	1	1	1	1	1	1
ZNF710	27.5602053624817	37.2169936563532	1	1	1	1	35.8758241452126	1	1	1	1	1	26.8967501839731	1	1	28.5297069831546	1	50.8729981423571	40.103831223819	27.081084558149	1
ZNF710-AS1	1	1	1	1	1	1	1	1	1	1	1	47.0354982816048	1	1	1	1	1	1	1	1	1
ZNF718	1	1	1	1	1	1	1	1	1	1	1	29.2525513960736	1	1	1	1	1	1	1	1	1
ZNF736	1	1	1	1	35.1098145633527	1	1	1	1	1	1	1	1	1	1	1	1	1	1	1	1
ZNF74	23.8392319150342	26.2378981710141	1	26.5425740685809	1	126.478535574832	1	1	1	1	1	1	30.4006143310934	24.5965473671275	1	1	1	15.5562514861682	1	1	1
ZNF740	1	1	1	1	1	1	1	1	1	32.3168280553234	1	1	1	1	1	1	1	14.0690572610538	1	1	1
ZNF75D	1	1	1	27.6786085808053	1	1	1	1	1	23.3941545983026	1	30.6072913098503	1	1	1	1	1	1	1	1	1
ZNF76	15.6204501428947	1	1	1	1	1	1	24.2601663329221	1	1	1	1	1	1	1	1	1	1	1	1	1
ZNF763	1	1	1	1	1	34.9640756864858	1	1	1	19.6423804722828	1	1	1	1	1	1	1	1	1	1	1
ZNF765	1	17.8878721671805	1	37.3662038432187	1	1	1	1	1	43.71653900336	1	1	27.7408290372789	1	1	1	1	18.1765725361272	1	20.6905340477456	1
ZNF776	1	1	1	1	1	1	1	1	1	1	1	1	1	1	1	1	1	1	1	1	51.5936853882633
ZNF783	1	1	1	1	1	1	1	1	1	21.8514703597171	1	1	1	1	1	1	32.1183982227917	1	1	1	1
ZNF786	1	1	1	27.9973931783244	1	1	1	1	1	25.093739462121	1	1	1	1	1	1	1	1	1	1	1
ZNF800	16.501441771371	20.6243553719424	35.4860696098354	48.0269195290106	1	1	1	1	40.3873848740188	42.1638037992543	1	46.0126841742914	1	1	1	23.5575661981443	1	21.4618011853951	1	20.9676883818059	1
ZNF813	1	19.0706731746606	1	27.2735249430555	37.2620091490133	30.365191738316	1	1	27.9170481135176	42.3612962480244	1	1	1	1	1	1	1	1	1	1	1
ZNF827	1	1	1	35.1381323453159	1	1	1	1	40.9153590614355	1	48.353256197471	120.183352167757	1	1	41.3911875330814	1	24.9784537062151	16.4784887141526	1	1	1
ZNF830	30.4758467164272	1	1	26.658262838357	1	1	1	1	1	1	1	28.0123862948324	30.3955002707566	1	1	1	1	1	1	1	1
ZNF831	1	1	85.0719102324045	59.7137925601127	1	1	1	1	70.5914034418974	30.5035929572248	1	1	1	74.0793855281956	97.9754299021949	1	1	1	1	1	1
ZNF836	1	1	1	31.2682719380988	1	1	1	1	1	23.3236866145105	1	1	1	1	1	1	1	1	1	1	1
ZNF84	1	1	29.9397866699195	21.2020955081914	1	1	1	1	32.8803907378747	21.9671439223631	36.7656729387503	1	27.4751071665073	1	1	1	1	19.2026705004911	1	1	1
ZNF843	1	17.3766771902982	1	20.365884905995	1	53.7059641352042	1	1	1	1	1	1	1	1	1	1	1	17.6578265940787	1	1	1
ZNF879	1	20.429916966764	1	32.2266976629388	1	1	1	1	1	25.3156840365517	1	39.7548737519302	1	1	1	1	1	1	1	1	1
ZNF90	21.2864569138196	1	1	1	1	1	1	1	1	20.4334725133637	1	1	1	1	1	1	1	1	1	1	1
ZNF92	1	1	1	1	1	1	1	1	1	1	28.7586247082752	22.4089711406343	1	1	1	1	1	1	1	1	1
ZNHIT6	23.6443501699383	1	1	25.9285455785196	26.1622181215769	1	1	1	32.8055764796639	20.8242590046439	1	35.4355310194386	27.2983028776848	1	1	1	1	23.3980675448601	1	1	1
ZNRD1	20.5674634063578	14.8563906023153	1	26.4127150589343	47.7954629152594	1	1	1	27.8636531789581	1	1	31.7947678739033	34.7311658285396	23.5587737973534	27.7467532740965	1	1	1	1	1	26.7996212132047
ZNRF1	33.4597779927198	17.6699512007575	1	1	1	1	1	1	1	1	1	43.7741673743741	29.9166513809954	77.8732046499724	77.9414635053397	1	34.6389719578304	62.4682623066835	1	31.9762769081814	18.2684125041717
ZNRF2	35.3699255843237	21.5312085386681	1	27.2681509136871	1	1	18.2267592175693	1	27.6324570984778	1	1	1	1	64.0012692015025	40.1744223010234	26.6318697822737	1	33.5225562035494	31.348122395476	20.9328186846025	12.9390135027959
ZRANB3	1	1	1	1	1	1	1	1	1	1	1	98.6864137688128	1	1	1	1	1	1	1	1	1
ZRSR2	1	1	1	26.0291657703474	1	1	1	1	1	59.9818628695428	1	19.763247074535	1	1	1	1	1	1	1	1	1
ZSCAN12	1	1	1	1	1	1	1	1	1	1	1	47.3723103338363	1	1	1	1	1	1	1	1	1
ZSCAN22	1	1	1	1	1	1	1	1	1	1	1	28.3191143757401	1	1	1	1	1	1	1	1	1
ZSCAN29	14.2760631075019	1	1	50.0999970367532	1	1	1	1	1	19.8746475485655	1	1	1	22.3070263945837	1	1	1	15.9158044211639	1	1	1
ZSCAN30	1	1	1	23.7437767787055	1	1	1	1	1	23.8400034985855	1	1	1	1	1	1	1	1	1	1	1
ZSCAN31	1	1	1	1	1	1	1	1	1	1	1	1	1	1	1	1	1	18.4895672556997	1	1	82.5664018736172
ZSCAN5A	1	27.7631662060648	1	25.7253019193945	58.374997146382	49.847535262452	22.1527157274613	1	1	31.5681233320836	1	1	1	26.0323127255378	1	21.3564257477766	1	26.590085113171	1	22.6493026938765	1
ZSCAN9	1	1	1	1	1	1	1	1	1	1	1	29.1999316649654	1	1	1	1	1	23.1847777416814	1	1	1
ZSWIM9	1	1	1	28.5662929802904	1	1	1	1	1	1	1	1	1	1	1	1	1	1	1	1	1
ZW10	24.8042734240873	1	1	1	1	1	1	1	1	1	1	1	1	1	1	1	1	1	1	1	65.4412994435695
ZWILCH	61.5474968296847	1	1	1	1	1	1	1	1	1	1	1	1	1	1	1	1	1	1	1	1
ZWINT	77.3435818164748	1	1	1	1	1	1	1	1	1	1	18.0171056035213	1	1	1	1	1	1	1	1	1
ZZZ3	46.664441098168	19.2265246879226	27.233456912337	1	1	1	23.1399128148183	1	1	68.4681451749242	1	1	28.1531504467856	1	25.4163545607869	21.3324673702596	1	26.8685568789785	1	1	36.8865094448731
