NAME	CD8.cells	T.cells.regulatory	Myeloid.cells	CD4.cells	NK.cells	B.cells	Mural.cells	Endothelial	Fibroblasts	Plasma	T.cells.helper	Cancer	T.cells.proliferative	Mast.cells
A2M	1	1	119.738394632024	1	1	1	2487.95835126909	1778.47249116003	4276.21482142602	1	1	1	1	1
A2M-AS1	1	1	1	1	18.2967910472159	1	1	1	1	1	1	1	1	14.5751274266277
ABAT	1	1	1	1	1	1	1	1	1	1	1	64.5721330520949	1	1
ABCA1	1	1	126.823117274148	1	1	15.1413143288902	22.29873327463	1	69.5701597570808	1	1	16.2457576283654	1	184.783163659428
ABCA3	1	1	1	1	1	1	1	1	1	1	1	191.358739653549	1	1
ABCA6	1	1	1	1	1	1	1	1	89.0385122787977	1	1	1	1	1
ABCA7	1	1	12.5471326045435	16.6122442117313	1	1	1	1	1	15.7518848232195	1	40.0431309183759	1	1
ABCA8	1	1	1	1	1	1	1	1	126.14216483906	1	1	1	1	1
ABCB1	30.2597676774558	1	1	20.0864007440272	25.1239574449662	1	1	23.1293323336969	1	1	1	1	16.4503203287406	14.9974393664123
ABCB9	1	1	1	1	1	1	1	1	1	21.9105087509237	1	1	1	1
ABCC3	1	1	25.9020245414775	1	1	1	1	1	14.4066903533203	1	1	116.560972520699	1	1
ABCC4	1	1	14.2054793678743	1	1	1	1	37.0533949704327	1	17.8316535291169	1	13.4177401519157	1	101.642733668578
ABCC6	1	1	1	1	1	1	1	1	13.4332711467076	1	1	121.935257946703	1	1
ABCC9	1	1	1	1	1	1	104.103898386827	1	21.8589841838242	1	1	1	1	1
ABHD11	1	1	1	1	1	1	1	1	1	20.7359389228644	1	86.7497347288879	16.315340520784	1
ABHD17B	1	1	1	1	1	1	1	1	1	1	1	1	1	18.3957846743095
ABHD6	1	1	1	1	1	1	1	56.2202339109867	1	1	1	1	11.0634998346506	1
ABI3	83.244620156047	38.2648140457604	66.3444746960293	25.7741816615647	125.05618285548	22.3894411235973	1	88.6268093992958	1	1	21.4335621330484	1	74.0211474671938	1
ABI3BP	1	1	1	1	1	1	22.7954475435508	1	198.192919696953	1	1	1	1	1
ABL2	1	1	190.881698108793	1	1	1	114.505897957852	50.9400777851861	82.290898184186	14.6424407900099	1	19.1542279502303	1	62.1969723578702
ABLIM1	83.3435292519844	41.9522531277847	1	94.1430022513449	40.201097854873	52.8735827542687	1	41.0658393731972	27.6831156100126	14.6185303851199	58.8178270566295	1	36.2697644648938	1
ABO	1	1	1	1	1	1	1	1	1	1	1	62.9145661303865	1	1
AC004540.2	1	1	1	1	1	1	1	69.2782352614895	1	1	1	1	1	1
AC004585.1	1	1	1	17.8561032843059	1	1	1	1	1	1	72.0173546286331	1	15.6505775426317	1
AC004832.6	1	1	1	1	25.0972784050915	1	1	1	1	1	1	1	1	1
AC004865.2	1	1	1	1	49.2479751782786	1	1	1	1	1	15.4660560949026	1	1	1
AC004982.2	1	1	1	1	1	1	1	1	1	1	1	101.842193143154	1	1
AC005392.2	1	29.4426336421164	1	1	1	1	1	1	1	1	1	1	1	1
AC006369.1	29.8877380417178	1	1	37.7958834047218	42.3880169224027	1	1	1	1	1	13.7616400020748	1	1	1
AC007216.4	1	1	1	1	21.3503144018689	1	1	1	1	1	1	14.0800260985386	13.3815751399604	1
AC007405.3	1	1	1	1	1	1	1	1	1	1	1	156.984491178964	1	1
AC007569.1	1	1	1	1	1	1	1	1	1	99.3213202767697	1	1	1	1
AC008014.1	1	1	1	1	1	1	1	1	1	58.1251946733176	1	1	1	1
AC008105.3	1	23.3267413850759	1	1	1	1	1	1	1	1	21.5575287597774	1	14.0345644216584	1
AC008555.5	1	1	1	1	22.7130014420645	1	1	1	1	1	1	1	1	1
AC008764.8	1	1	1	1	16.0436531131809	1	1	1	1	1	1	1	1	1
AC010226.1	1	1	1	1	1	18.423803322746	1	1	24.6174103800437	19.8735017026264	1	1	1	1
AC010654.1	1	19.9425337232228	1	1	1	1	1	1	1	1	1	1	1	1
AC012236.1	1	1	1	1	1	1	1	1	1	282.968290126212	1	28.0943660498978	1	1
AC012306.2	1	1	1	1	14.4474374807428	1	1	1	1	1	1	1	1	1
AC012368.1	1	21.9139359584492	1	1	1	1	1	1	1	52.8721983764009	1	1	1	1
AC012615.1	13.9737467303163	1	1	1	38.3668618490038	1	1	1	1	1	15.6646038275955	1	1	1
AC012645.3	1	14.3360991798672	1	1	1	1	1	1	1	38.2402083134056	30.0724600806539	1	1	1
AC013264.1	1	1	1	21.4615526202158	1	1	1	1	1	1	19.0263678325728	1	1	1
AC016065.1	1	1	1	1	18.1655067239561	1	1	1	1	1	1	1	1	1
AC016831.5	1	15.6795434969896	30.5997620432129	22.8340828329422	1	1	1	1	1	15.2663760589111	1	1	16.25346551108	1
AC016831.7	49.3639527142038	36.5279773638814	14.3992437653069	69.569936766242	104.14699539887	1	1	1	1	1	29.2110036313131	1	1	1
AC017002.3	1	124.717069490894	1	1	1	1	17.6225865002518	1	11.9847055299125	1	56.8801655704075	1	22.3585459486482	1
AC018816.1	1	1	1	1	1	1	1	1	1	1	14.9638836309176	1	1	1
AC020659.1	1	1	1	1	19.6372215254549	1	1	1	1	1	1	1	1	1
AC020911.2	1	1	1	1	33.2323878290972	1	13.2090956375045	15.7827489155059	1	1	1	1	1	1
AC021188.1	1	15.0538714434481	1	1	17.3645861962058	1	1	1	1	1	1	1	1	1
AC022182.1	1	1	1	1	1	21.1992471246026	1	1	1	1	1	1	1	1
AC022706.1	40.3981290290521	14.0647616576233	1	19.0059597441637	30.0241813766818	1	1	1	1	1	1	1	21.3048793205741	1
AC025171.3	16.0984445335624	1	1	15.7209104772601	25.340109954551	1	1	1	1	1	1	1	1	1
AC026202.2	1	1	1	1	1	1	1	1	1	31.9602160401339	1	1	1	1
AC027097.1	1	1	1	1	1	26.2123581946402	1	1	1	1	1	1	1	1
AC044849.1	14.1069229257344	1	1	1	14.4297649535589	1	1	1	1	1	1	1	1	1
AC058791.1	1	26.5137672483523	1	18.4504307778011	1	1	1	1	1	1	1	1	1	1
AC073332.1	1	28.5438137196398	1	14.6237080071288	1	1	13.4883569324568	1	13.4539477618036	1	16.7482785575063	1	1	11.9058800389881
AC078883.1	1	1	1	1	1	1	1	1	1	132.127674420342	1	1	1	1
AC083880.1	1	1	1	1	20.9738099806486	1	12.1061797359395	1	1	1	1	1	13.3743796100264	1
AC087500.1	1	1	1	1	1	19.9747174265993	1	1	1	1	1	1	1	1
AC087623.2	1	1	1	1	1	1	1	1	1	47.5773268751423	15.5603373211754	1	1	1
AC087623.3	1	1	1	1	30.0123361006227	1	1	1	1	1	1	1	1	1
AC090152.1	22.3666594683108	28.7722683819659	1	1	45.0417604102752	1	1	1	1	1	38.6934170557775	1	35.7938627502036	1
AC091057.6	1	1	1	1	1	1	1	1	1	1	1	1	38.7063472118699	1
AC092755.2	1	1	1	1	15.6053804143171	1	1	1	1	1	1	1	1	1
AC093323.1	1	1	1	1	29.8535055312409	1	1	1	13.6432090447296	1	1	1	22.5100722706569	1
AC093523.1	1	1	1	1	1	1	1	1	1	1	1	1	1	53.6683045461795
AC097534.2	1	1	1	1	1	1	22.7567268192577	1	1	1	15.6215631026452	1	10.8926774687281	1
AC103724.3	1	1	1	1	19.6795945972105	1	1	1	1	1	1	1	1	1
AC104699.1	1	1	1	1	1	35.5546729225452	1	1	1	105.48534039889	1	1	1	1
AC105020.6	1	1	1	1	19.5269188497711	1	1	1	1	1	1	1	1	1
AC119396.1	1	1	1	18.8891834484148	23.4427644732419	66.6411056631853	1	1	1	1	1	1	1	1
AC120193.1	1	1	1	1	1	38.8060528618297	1	1	1	1	1	1	1	1
AC124016.1	1	1	1	1	34.2307903417698	1	1	1	1	1	1	1	1	1
AC129507.4	1	1	1	1	1	1	1	1	1	1	1	67.456932423611	1	1
AC133644.2	1	34.2573864443082	1	1	1	1	1	1	1	1	1	1	1	1
AC136475.1	1	1	1	1	25.0010336512009	1	1	1	1	1	1	1	1	1
AC139530.1	1	1	1	1	17.6260819580707	1	1	1	1	1	1	1	1	1
AC139720.1	1	1	1	1	1	1	1	1	1	1	16.1732876212274	1	1	1
AC233755.1	1	1	1	1	1	1	1	1	1	69.1276495235926	1	1	1	1
AC239799.2	1	1	28.8347256920132	1	1	1	1	1	1	47.9420710152019	1	15.7550607677862	17.2285124062277	1
AC243829.1	16.4707412195503	1	1	1	22.2235357425141	1	1	1	1	1	1	1	1	1
AC243829.4	43.1467975751768	1	1	1	1	1	1	1	1	1	44.3086146973431	1	44.5916394442219	1
ACAN	1	1	1	1	1	1	50.1944026569073	1	1	1	1	1	1	1
ACAP1	247.131744156708	204.850253932802	43.7054824428503	259.328750180735	201.146766428303	158.951420001746	1	21.2933717165064	1	87.5130187534201	190.594989262287	1	154.953324149266	38.3598381381085
ACE	1	1	31.1816810140574	1	1	1	1	467.291131985683	1	1	1	1	1	1
ACER3	1	1	50.5197092791334	1	14.3475115055464	1	15.913056530159	38.0086987780934	15.7967797036874	1	1	1	13.9313926718885	68.132998824925
ACKR1	1	1	1	1	1	1	1	179.898357073798	1	1	1	1	1	1
ACOT7	13.9595829995505	1	51.7538262629765	1	1	1	1	1	19.2553755417467	1	22.6163865660227	17.456048561624	103.770154125061	76.2901437539832
ACOX3	1	24.9092983109084	1	1	1	1	1	1	1	15.4900216440176	24.6619708697094	25.9182878949341	16.8965162489784	1
ACP6	1	21.3821444735989	1	1	1	1	1	1	1	1	1	33.1890623912217	1	1
ACSF2	1	1	12.897899696803	1	1	1	1	1	1	1	1	81.7084075646037	1	1
ACSL1	1	15.8533512852238	116.453997336031	1	1	36.3636489258523	1	1	1	1	1	17.4524670576864	28.7233775346388	11.5707726429105
ACSL4	19.086014277241	35.7356881894173	49.8059567361189	1	16.143006216963	19.3354917386619	20.8062428158851	19.7210903264612	25.7609189628073	23.0938595600987	23.6496259296968	1	45.8796896295505	432.340960752628
ACSL6	1	1	1	15.078488307096	1	1	1	1	1	1	1	1	1	1
ACTA2	1	22.9053374732699	1	1	23.818522243387	1	1772.68215730443	1	624.921461723115	1	18.6351853267843	14.8281277942269	14.6933246079196	1
ACTG2	1	1	1	1	1	1	147.982472445019	1	29.6531642139187	1	1	1	1	1
ACTN1	1	1	98.3602122833789	1	1	1	276.963817979855	45.4970273486245	215.532796003268	1	1	49.5973184305677	1	1
ACVR1B	1	1	1	1	1	1	13.7298097626024	1	1	1	1	26.2040077202489	1	30.0245329715278
ACVRL1	1	1	1	1	1	1	28.088417621588	449.750521282128	20.4153459365657	1	1	1	1	1
ADA2	30.5840521269078	1	118.564577973272	32.0548752443497	25.3872142533828	19.3255069337377	1	1	1	168.938054804373	22.8005843650541	1	29.2470368806253	1
ADAM12	1	1	1	1	1	1	1	1	18.3547280169472	1	1	1	1	106.272694622525
ADAM19	16.1912874390431	17.2248079750747	31.9021671600832	38.5927609417236	1	31.3107577436721	1	1	1	36.1465203369973	58.9460123861712	1	28.4152750899645	1
ADAM28	1	1	61.2949149038779	1	1	441.859004192157	1	1	1	99.3321195815485	1	1	25.1544418254738	1
ADAMTS1	1	1	1	1	16.0425857769553	1	291.554641182633	68.5487342497151	97.6807717126522	1	1	14.8912789189381	1	1
ADAMTS4	1	1	1	1	1	1	99.1162543999017	34.6338596627463	22.0193507568774	1	1	1	1	1
ADAMTS7	1	1	1	1	1	1	1	24.1494296837441	1	1	1	1	1	31.8533404181182
ADAMTS9	1	1	1	1	1	1	39.7912761234265	67.9453258717409	1	1	1	1	1	1
ADAMTS9-AS2	1	1	1	1	1	1	65.2161877693476	1	23.2402917013657	1	1	1	1	1
ADAMTSL3	1	1	1	1	1	1	52.4487292745798	1	1	1	1	1	1	1
ADAMTSL4	1	1	46.3966110775412	1	1	1	1	1	13.4878835768873	1	1	1	1	1
ADAP1	1	1	16.4549420462231	1	29.0163444644071	1	1	1	1	1	1	26.4781191369988	1	18.8002436989706
ADAP2	1	1	75.2721247907843	1	1	1	63.6797675857855	1	1	1	1	1	1	1
ADARB1	1	1	1	18.8123042031407	1	1	12.0849072667589	35.6075463282247	53.5700457300929	1	1	1	1	14.7760788975832
ADAT1	16.4987503345892	1	1	1	14.4124509103539	1	1	1	1	1	1	10.9971419247807	1	1
ADAT2	1	48.6105613089837	12.2045392686608	1	1	1	1	1	1	1	16.6696491832589	20.6227775468956	16.9676979218381	1
ADCY4	1	1	1	1	1	1	1	163.247115766857	1	1	1	1	1	1
ADGRE2	1	1	51.91139573593	1	1	1	1	1	1	1	1	1	1	117.241806745876
ADGRF5	1	1	1	1	1	1	176.279909615815	412.658715925221	1	1	1	381.41658446287	1	1
ADGRG1	26.9087756488366	1	1	1	447.883903091103	1	1	127.81751948441	1	1	114.995557620921	73.573762345009	25.5909152067082	1
ADGRG5	1	1	1	1	43.6447718392999	1	1	1	1	37.4568832428201	1	1	14.8447464077136	1
ADGRL2	1	1	1	1	1	1	25.6181859285661	247.488841923438	14.5469950632308	1	1	1	1	1
ADGRL4	1	1	1	1	1	1	1	197.798298478155	1	1	1	1	1	1
ADH1B	1	1	1	1	1	1	163.124998495482	1	1393.65226147719	1	1	1	1	1
ADHFE1	1	1	1	1	23.5192446735662	1	1	1	14.1887869759064	1	1	23.0559534600159	1	1
ADIRF	1	1	1	1	1	1	696.643030287603	373.608046067354	261.386714470138	1	1	169.954705931712	1	1
ADORA2B	1	1	12.064056776057	1	1	1	1	1	1	1	1	1	1	60.3505115690673
ADPRM	1	1	1	14.7344306052573	1	1	1	1	1	1	19.0198297642027	1	1	24.5599802036811
ADRB2	37.9156861161657	1	25.170865355221	23.9169892140886	130.756388937108	13.8833655180584	1	43.8466952430149	1	40.1296138930092	1	14.9881424364231	1	493.588472721722
ADTRP	1	44.3558537653886	1	1	1	1	1	1	1	1	32.0706305773429	1	1	1
AEBP1	1	1	1	1	1	1	401.707469746902	27.1575987601284	844.551603580546	1	1	1	1	1
AF213884.3	1	1	47.9905155926886	1	18.4465761936488	1	1	1	1	1	1	1	1	1
AFAP1L1	1	1	1	1	1	1	1	108.823601584954	1	1	1	1	1	1
AFF3	1	1	14.4397472147404	1	1	95.9501068495795	1	38.288511978696	1	1	1	14.0035482324546	1	1
AGAP1	1	1	1	1	1	1	10.7059686794883	19.7163137556201	1	1	1	20.8412623971147	1	34.5658830501338
AGAP2	20.7742797523282	17.9441869629674	1	18.4589708400442	24.8258165928675	1	1	1	1	1	15.8768323090245	1	17.3970629041705	1
AGAP3	1	1	58.403482749193	1	1	1	1	54.7009034833257	21.344322998891	1	1	67.7855086719837	1	60.5137626494933
AGPAT5	18.651135937979	29.7507896729299	12.6525076331467	27.0167910854066	1	28.9508144779108	26.5855561411253	16.525611610253	1	14.7807264096168	98.010189153281	1	32.1201654460501	1
AGR2	1	1	1	1	1	1	1	1	1	1	1	544.093736409578	1	1
AGR3	1	1	1	1	1	1	1	1	1	1	1	137.066668250727	1	1
AGRN	1	1	1	1	1	1	25.4201228776807	79.2030593970916	21.3129601301198	1	1	303.263819014605	1	1
AHNAK2	1	1	1	1	1	1	1	21.1241319856001	1	1	1	33.9086098533866	1	40.2264642922411
AIF1	1	1	1241.35104854935	1	1	1	1	1	1	1	1	1	47.7165170942865	14.2320439715496
AIM2	1	1	1	1	1	84.801634125988	1	1	1	23.8509255513379	1	1	1	1
AK1	1	1	1	1	1	1	64.3243771592262	76.0159459866152	56.7053057344469	1	1	270.537698046837	1	1
AKAP12	1	1	1	1	1	1	106.796114722288	134.245115205582	99.8935691369502	1	1	1	1	1
AKAP5	18.4285007284322	1	1	1	1	1	1	1	1	1	23.3007417092078	1	31.3164042611779	25.3012334775271
AKAP7	27.1598252851829	1	14.2573263071802	21.396386772423	19.2248281605945	1	1	1	1	1	21.1334315674939	1	15.6487875087518	1
AKR1C1	1	1	1	1	1	1	32.771260478601	1	31.8131497495331	1	1	110.972173900561	1	1
AKR1C3	1	1	1	1	30.0384478554801	1	22.2842464097322	1	50.8096143631014	1	1	159.237672933377	1	1
AKR7A3	1	1	1	1	1	1	1	1	1	1	1	67.5867730870425	1	1
AL035701.1	1	1	1	1	17.4045432816928	1	1	1	1	1	1	13.5949714850605	1	1
AL078590.2	1	1	1	1	1	1	1	13.8342283609655	1	1	1	1	1	62.3087531298404
AL121603.2	1	1	1	1	15.6386633029115	1	1	1	1	1	1	1	1	1
AL133467.1	1	1	1	1	1	14.5625548107857	1	1	1	76.6699930216686	1	1	1	1
AL137003.1	1	1	1	1	1	1	1	1	1	20.504199994504	1	1	1	1
AL138724.1	1	1	1	1	17.8387624246892	1	1	1	1	1	1	1	1	1
AL139246.5	15.2618529883845	1	31.1335541119306	16.4349242595742	78.0594314550721	24.3254578638926	14.923893963455	1	1	1	1	1	1	1
AL157895.1	1	1	1	1	1	1	1	1	1	1	1	1	1	166.756204129532
AL158071.3	1	1	1	1	14.1616522311595	1	1	1	1	1	1	1	1	1
AL161781.2	1	1	1	1	1	13.4728130601984	1	1	1	1	1	1	1	1
AL355076.2	1	1	1	1	1	14.5568390902289	1	1	1	1	1	1	1	1
AL359834.1	1	25.7794393606981	1	1	1	1	1	1	1	1	95.8139482604592	1	15.5580022149304	1
AL365361.1	1	1	1	1	1	1	1	1	1	21.3325119521702	1	1	1	1
AL390957.1	1	1	1	1	1	1	1	1	1	1	1	1	1	29.9476987952078
AL441992.1	1	19.7433251897077	1	1	16.7144146856123	1	1	1	1	16.8631093294862	16.0088963936329	1	79.7696730806841	1
AL512625.3	1	1	1	1	1	13.580186507671	1	1	1	1	1	1	1	1
AL590226.1	1	1	1	1	1	1	1	56.5687098068562	1	1	1	1	1	1
AL606807.1	1	21.7475932228105	1	1	1	1	1	1	1	1	43.326052589597	1	13.7472335438783	1
AL627171.1	1	17.274304515208	1	1	20.7833964383153	1	1	1	1	45.9150384808715	1	1	1	1
AL645568.1	1	14.9275404327204	1	1	1	1	1	1	1	1	1	1	14.5094575562779	1
AL645728.1	1	1	1	1	15.0825390205819	1	1	1	1	1	1	1	1	1
AL731557.1	1	1	1	1	1	1	1	1	1	1	1	1	1	26.3994067796956
ALCAM	1	1	108.642341876482	1	1	23.1168473128313	40.9450109771467	1	1	25.7900346996468	1	96.228678795598	1	1
ALDH1A1	1	1	20.4262532025464	1	1	1	1	18.9927485805156	206.098247502575	1	1	1	1	146.392523583747
ALDH1A2	1	1	1	1	1	1	87.9428567605356	1	1	1	1	1	1	1
ALDH1A3	1	1	1	1	1	1	1	1	63.176685490529	1	1	13.0006530255893	1	1
ALDH1L2	1	1	1	1	1	1	1	1	13.1737806869056	39.7624349294659	1	1	1	1
ALDH2	1	1	288.245485212339	1	1	1	84.1745800906149	250.607063545622	208.230452337785	45.2965790576155	1	262.487588137392	1	26.1065024157362
ALDH3A1	1	1	1	1	1	1	1	1	1	1	1	88.2779395136673	1	1
ALDH3B1	1	1	24.1725601350056	1	1	1	1	1	11.6644507762804	1	1	123.089024689207	1	20.3456661656477
ALG14	1	1	1	1	1	1	13.1415947958492	1	23.4480825910271	50.7336619633155	1	21.9984849419692	18.6821586669778	1
ALOX5	1	1	180.102242382775	1	1	54.2947589932862	1	1	1	25.0893825091524	1	1	1	236.540635024167
ALOX5AP	528.727500583887	177.05849286748	557.109863672554	362.30644616608	121.253309783761	101.110145149285	1	17.9818294973141	1	94.9169028360931	741.192779619491	14.464133886256	282.047860646936	598.714979767954
ALS2	1	1	1	1	1	1	1	1	1	1	1	15.2827348366757	1	56.2411065396076
AMHR2	1	1	1	1	1	1	1	1	1	1	1	1	1	21.5333304817209
AMMECR1	1	21.7672137669572	1	1	1	1	12.9378049231564	1	1	1	15.3752510645252	21.365870240625	1	1
AMPD3	1	1	39.90148355942	1	1	1	1	1	1	1	1	1	1	1
ANGPT1	1	1	1	1	1	1	96.1832369857072	1	212.574836582221	1	1	1	1	1
ANGPT2	1	1	1	1	1	1	102.19346015803	21.2569227070968	1	1	1	1	1	1
ANGPTL2	1	1	1	1	1	1	71.0538400276878	45.3195455540065	107.391143437455	1	1	1	1	1
ANK3	16.6283430769438	1	1	34.6064640427636	1	19.6632715336953	1	1	13.0834467207627	1	23.4285778912686	54.6968038480209	1	1
ANKRD22	1	1	31.4727752813563	1	1	1	1	1	1	1	1	1	1	1
ANKRD33B	1	1	1	1	1	34.9230415557636	1	1	12.1166582366365	18.2349552617013	1	1	1	1
ANKRD35	1	1	1	1	1	1	20.537903669673	1	47.3753094027679	1	16.4237383490831	1	54.0850066162728	1
ANKRD55	1	1	1	1	1	1	1	1	1	1	33.9758568444456	1	1	1
ANKRD9	1	1	25.4647834908786	1	1	1	1	1	1	1	1	22.1726875294893	11.6775733635225	34.223100372064
ANKS1B	1	1	1	1	1	1	1	1	1	1	17.805987729817	1	1	1
ANLN	1	1	1	1	1	1	1	1	1	1	1	1	59.3543348164581	1
ANOS1	1	1	1	1	1	1	1	1	1	1	1	145.831342919622	1	1
ANPEP	1	1	83.0128813834713	1	1	1	1	1	1	1	1	40.8634645367513	1	1
ANTXR1	1	1	1	1	1	1	99.6025999043875	1	250.253156909084	1	1	1	1	1
ANXA1	1549.67005622336	89.700388398469	782.030426105144	2161.61887478451	729.765617228698	1	253.829825190448	442.175525231446	461.514027983806	77.5740550893075	374.983991793545	89.8926494687677	512.615395573632	4066.18508399074
ANXA3	1	1	1	1	1	1	1	57.7512426891934	1	1	1	101.188258923164	1	1
AOAH	123.967928795076	1	69.685063562498	35.2907537166861	120.976624587979	1	1	1	1	1	1	1	29.9729164267994	1
AOC3	1	1	1	1	1	1	221.855336777933	1	221.598047271917	1	1	1	1	1
AP000787.1	1	13.691954504656	1	1	1	13.0470467131915	1	1	1	1	18.2878509051908	1	1	1
AP005019.1	1	1	1	1	14.4816808457372	1	1	1	1	1	1	1	1	31.0525816090375
AP005482.1	1	1	1	1	34.4222699354793	1	1	1	1	1	1	1	1	1
AP1M2	1	1	1	1	1	1	1	1	1	1	1	69.3398560007621	1	1
AP1S3	1	1	1	1	1	36.6218812740603	1	1	1	1	1	16.471865809591	13.7467904747003	41.9206216897946
AP3M2	28.1516761032866	36.7864246825825	1	60.8611578635382	20.671107255577	15.955567691487	20.3726676234766	36.1066092665331	1	1	43.8216057716793	1	20.4087332551295	1
AP4E1	1	1	1	1	18.5886095922515	1	1	1	1	1	1	1	1	1
AP5B1	1	1	26.5694375925588	1	1	1	1	1	1	1	1	1	1	1
APBA2	29.6495788166968	1	1	20.621370588008	44.0289176962733	1	1	1	18.4354091273971	1	1	1	16.8907581993878	1
APLNR	1	1	1	1	1	1	1	55.0216666470376	1	1	1	1	1	1
APOBEC3A	1	1	35.9848990774293	1	1	1	1	1	1	1	1	1	1	1
APOBEC3B	1	1	1	1	1	1	1	1	1	1	1	1	56.8607215976733	1
APOBEC3G	276.871342753278	66.4644762205824	30.9090663923635	98.7799240873052	234.910830106195	56.7540087596185	21.3539726637402	29.3375879040276	12.5010864577222	61.7083533696391	142.554594367309	1	301.582578363849	13.5974776522552
APOBEC3H	38.763966133024	14.1111394576803	1	29.0058800285058	20.886605931789	1	1	1	1	1	42.0743633875951	1	61.1062870508555	1
APOBR	1	1	43.8972597300728	1	15.6893345597536	1	1	1	1	1	1	1	1	15.5134650992822
APOC1	1	1	1068.10184292499	1	1	1	58.3849830408347	1	25.7028134575433	1	1	11.5551393201819	1	57.2720198034589
APOC2	1	1	71.6855839283551	1	1	1	1	1	1	1	1	1	1	33.5838345549621
APOD	1	1	1	1	1	1	1	51.3944516216922	460.344354285329	1	1	42.0302004672787	1	1
APOE	1	1	1311.92944657701	1	1	1	296.695555794362	1	178.132007699942	1	1	56.4908290177689	1	1
APP	1	1	70.7064397983346	24.1471039087445	1	26.5620781643391	301.215084907087	809.949920956178	242.949645163427	1	22.8543776517168	128.938063037737	1	1
AQP1	1	1	1	1	1	1	39.4451981622809	1104.19136270413	1	1	1	1	1	1
AQP3	44.0189360892328	110.769591799972	27.2738055999932	142.247432237908	1	1	63.2915427638231	1	53.0790110452567	155.713827145648	49.0153751076306	2607.11275845757	47.3186861882878	29.4859145060805
AQP4	1	1	1	1	1	1	1	1	1	1	1	138.100319769861	1	1
AQP9	1	1	69.2059206501357	1	1	1	1	1	1	1	1	1	1	1
ARAP2	98.1943824423554	50.793066299228	27.809612268334	85.8635945507399	72.6445057890808	31.2194531450684	1	24.1855144807345	1	1	97.318629725827	51.3580612799413	66.8540535319214	1
ARAP3	1	1	1	1	1	1	1	119.847293402418	1	1	1	1	1	1
AREL1	1	16.5248471499076	1	1	15.5617472530298	1	1	1	1	1	1	1	1	16.2724657877094
ARFGEF3	1	1	1	1	1	1	1	20.6492691862185	1	1	1	68.0188982343091	1	1
ARHGAP11A	1	1	1	1	1	1	1	1	1	1	1	1	39.2058562720192	1
ARHGAP19	1	1	1	1	1	1	1	1	1	1	1	18.5410639838557	45.0942287390488	1
ARHGAP24	1	1	18.085008517778	1	1	182.674300209692	60.0908165875816	1	36.0891370169358	1	1	38.1634560213474	1	1
ARHGAP29	1	1	1	1	1	1	102.03574601734	531.747608286525	15.6021845203058	1	1	52.8761635118339	1	1
ARHGAP31	1	1	52.0250860207622	1	1	22.9979156929415	1	145.683968292306	1	1	1	12.5550186408988	1	51.6939731283453
ARHGAP42	1	1	1	1	1	1	74.0765035640016	1	17.3504250177801	1	1	73.8517741378317	1	1
ARHGAP6	1	1	12.7467170620873	1	1	1	37.6273364556094	44.6754034850885	28.1110436293473	14.7130459095528	1	1	1	64.0317451132683
ARHGAP9	258.603218205482	191.89971236365	59.09017282897	164.468044087815	188.723960793192	90.6095464996019	1	1	1	41.7826063917259	146.441956522672	1	119.405770945302	18.6245703572793
ARHGEF10	1	1	1	1	1	1	12.4441372902	67.5032953215978	14.0607107624195	1	1	1	1	1
ARHGEF10L	1	1	26.2957301680135	1	1	1	1	1	1	1	1	1	1	1
ARHGEF15	1	1	1	1	1	1	1	112.053820987411	1	1	1	1	1	1
ARHGEF17	1	1	1	1	1	1	93.0585104859094	1	25.7514118010391	1	1	45.8344425610682	1	1
ARID3A	1	1	21.5552214617484	1	1	14.4220385111049	1	1	1	31.9440162674461	1	1	1	1
ARIH2OS	1	1	1	1	30.4015640446211	1	1	1	1	13.5323753243012	1	1	1	1
ARMC2	1	1	1	1	20.9351301460979	1	1	1	1	1	1	1	1	1
ARMC6	1	1	1	1	28.9286906433084	1	16.4349721616064	1	14.4021659093902	1	1	1	20.6765082859385	1
ARMH1	17.0959815351534	1	21.5761476113494	29.7160984647772	1	1	1	1	1	1	83.1512129892942	12.0913818929426	19.1953774817721	109.281660635842
ARRDC4	1	1	16.5361988968129	1	1	1	13.8514049584281	1	1	1	1	1	1	27.6649337765147
ARSD	1	1	16.2408366512599	1	1	1	1	17.2936949646546	12.1213933755481	1	1	162.292592490091	1	12.787538202914
ARSE	1	1	1	1	1	1	1	1	1	1	1	66.3441734533726	1	1
ARSK	1	1	1	1	15.6443990049842	1	18.7197992077813	1	12.3610546964829	1	1	1	1	41.8700169894739
ASB2	17.1022661321085	40.1537905874885	1	1	1	1	1	1	1	1	22.6715636377005	1	26.345114076253	1
ASCL2	1	1	16.5054623808741	1	88.7599622357651	1	1	1	1	1	1	1	1	1
ASF1B	1	1	1	1	1	1	1	1	1	1	1	1	183.064139867635	1
ASGR1	1	1	49.7151191617018	1	1	1	1	1	1	1	1	1	1	1
ASPM	1	1	1	1	1	1	1	1	1	1	1	1	253.523934201322	1
ASPN	1	1	1	1	1	1	531.359956417338	1	176.183936034941	1	1	1	1	1
ASRGL1	1	1	14.6729406752421	1	1	1	1	48.841342131657	1	1	1	12.162847629893	14.3320501000953	52.6964011400964
ASS1	1	1	1	1	1	1	40.8337212137626	168.452605880293	31.8985719477615	93.8503792458547	1	164.983043739083	1	1
ATAD2	17.5129429510875	17.4559934848421	1	1	14.4542897570864	1	1	1	1	1	1	1	127.775659419967	1
ATAD3B	1	1	1	1	21.1854754662105	1	1	16.9125441414928	1	1	1	32.7096271500479	16.4520668487675	46.6969689011812
ATAD3C	1	1	1	1	1	1	1	1	1	28.6439661220276	1	56.5236470556688	1	1
ATAD5	1	1	1	1	1	1	1	1	1	1	1	1	56.6235200915936	1
ATF5	1	1	102.933411642869	1	17.5251307051042	32.2413646111238	12.6651104045067	1	16.6021189396086	124.948575080429	14.7030232940228	1	1	20.3228727182848
ATG16L1	22.2079133809096	17.2718424861893	1	23.5268808525089	19.0673977444231	1	1	1	1	1	14.7008071352854	14.6206068965666	20.8913178913441	1
ATOH8	1	1	1	1	1	1	1	150.961135800494	1	1	1	262.587492766609	1	1
ATP11A	1	1	14.0774025218061	1	1	1	1	34.129223813398	1	1	1	186.648169612624	1	1
ATP1B2	1	1	1	1	1	1	59.9972393391792	1	14.1782539341171	1	1	1	1	1
ATP2C2	1	1	1	1	1	1	1	1	1	1	1	63.064718379693	1	1
ATP8A1	100.131534448557	38.8758808129521	1	47.6520573173845	78.3535613467677	32.0016926147971	1	17.6816031904641	1	34.0985751332382	35.0160444913502	10.0912647964884	52.282448402779	1
ATP8B2	1	15.0865053309161	1	1	13.7305892344428	1	1	1	12.9408286845004	1	1	1	1	1
ATP8B4	1	1	32.1528488721399	1	1	1	1	1	1	1	1	1	12.5753310389086	68.1086104504813
AURKA	1	1	1	1	1	1	1	1	1	1	1	1	36.538659538538	1
AURKB	1	1	1	1	1	1	1	1	1	1	1	1	99.9516285438831	1
AUTS2	54.7775618085607	1	1	23.1271603647345	32.4872244852048	1	31.0313424289966	21.3591953602219	24.3952107157216	1	1	13.0230330390795	16.2629943143651	1
AVPR2	1	1	1	1	1	1	1	47.3346526453089	1	1	1	1	1	1
AXIN1	1	1	1	1	25.3587439559093	1	1	1	1	1	1	51.4389548404512	1	1
B3GAT1	1	1	1	1	14.7508786771787	1	1	1	1	1	1	1	1	1
B3GNT5	1	1	107.282352795775	1	1	1	1	42.1068055576176	1	1	1	21.144578148303	1	29.9680706873254
B3GNTL1	1	21.0971672730877	19.6955184737173	1	1	1	1	1	1	1	1	22.8124254172389	19.7223360068929	1
B9D1	1	1	1	1	1	1	17.3909943002937	1	13.0072398253434	83.2943618953243	1	26.5358901161762	1	1
BAALC	1	1	1	1	1	1	1	66.7511828450235	1	1	1	1	1	1
BACE2	1	1	1	1	1	25.724892964428	61.6836370276172	61.8643772161683	86.3972362571812	1	1	1	1	204.069621839218
BACH2	24.2651207474847	18.4297888754719	1	42.3311386475868	1	62.9079838417895	1	1	16.0421675281704	1	27.0797953287632	1	13.3616389533999	1
BAIAP2-DT	1	1	1	1	1	1	1	18.9529178978309	1	1	1	68.3640457893422	1	1
BAIAP2L1	1	1	1	1	1	1	1	1	1	1	1	66.4296858459804	1	1
BAMBI	1	1	1	1	1	1	46.0371082291705	1	99.3879446059517	1	1	1	1	1
BANK1	1	1	13.8316035345981	1	1	426.093329933883	1	1	1	22.771365616982	1	25.2563878030501	20.6816421463932	1
BARD1	1	27.1382777077982	1	1	1	1	1	1	1	1	15.8754340974007	1	71.4507817848943	1
BASP1	1	1	197.039259015728	1	1	196.958734905521	21.0245379853049	1	117.580689545073	115.806778039252	1	1	49.6679937863675	18.7034613660224
BATF	149.227690388208	1323.76891874456	46.9870594097402	254.295452314678	172.315249869222	38.6177371213166	1	1	1	46.618833099344	523.772567071424	48.0436388555398	318.140931843117	263.312799278828
BBS2	1	1	1	1	27.6098874436075	1	11.2545713789289	1	20.8018843129257	1	1	29.4248464599514	1	1
BCAM	1	1	1	1	1	1	153.43856380552	1083.65677726185	1	1	1	607.389317484552	1	1
BCAS4	47.1894333586596	21.3221034841372	1	19.8638852720057	26.5975957004939	184.948285461637	1	1	1	13.9164152949337	19.1637330574344	49.1823444034457	62.2044248942395	1
BCAT1	1	1	63.0265100302418	1	1	1	1	1	13.9057660190783	1	23.3445304591348	1	36.1460209752482	1
BCL11A	1	1	24.824361601062	1	1	56.4205492624915	1	1	1	1	1	1	1	1
BCL11B	74.7457855710418	83.3375642752991	1	89.8091308880164	36.8694486161016	1	1	1	1	1	88.2218069072006	1	74.0812532994238	1
BCL2A1	58.0476586956244	34.5002544124068	1116.32127243281	48.7562740559818	94.5006267782426	204.674961164992	1	1	1	1	39.4454935963498	1	43.5641142401924	57.4842100278682
BCL6B	1	1	1	1	1	1	1	72.5961168955492	1	1	1	1	1	1
BEND5	1	1	1	1	1	16.2429960299653	1	28.185752648675	18.6127548023956	1	1	1	1	1
BEX3	1	75.1159693371103	28.4109929227084	1	1	1	221.164845706829	165.250094047186	372.783957076165	1	16.3472598938669	1	13.9842145510686	1
BEX5	1	13.3580160214134	1	1	1	1	1	41.312793120679	1	61.5193472501636	1	1	1	19.5175453363452
BFSP2	1	1	1	1	1	1	1	1	1	20.4243166485364	1	1	1	1
BGN	1	1	1	1	1	1	2949.5706790196	31.3580696225745	2595.24964764187	1	1	1	1	1
BHLHE40-AS1	1	1	1	1	1	1	1	1	1	1	76.6310604183282	1	1	1
BHLHE41	1	1	44.1429476269138	1	1	26.4796977872396	1	1	17.7565210256498	100.093744500648	1	1	1	1
BICC1	1	1	1	1	1	1	1	1	55.507150984935	1	1	1	1	1
BICDL1	35.5761318601552	36.3210074529376	1	47.0130172112689	1	1	1	1	1	1	76.6050180808119	1	70.3504362071032	1
BICDL2	1	1	1	1	1	1	1	1	1	1	1	77.6013805448613	1	1
BIK	25.0723087967428	1	1	1	1	1	1	1	1	44.7854087313744	1	12.3984736414336	24.6468469296739	1
BIN2	108.563865499934	92.089780028877	50.8477938653068	106.667777054545	477.850229698341	38.6795421415667	1	1	1	51.8039690533507	55.6188808387164	1	67.3068385982039	32.1281637042389
BIRC5	1	1	1	1	1	1	1	1	1	1	1	1	214.839284617014	1
BIRC7	1	1	1	1	1	1	1	1	1	1	1	1	1	23.2784305392291
BLK	1	1	1	1	1	217.055258773841	1	1	1	17.7622543538619	1	1	1	1
BLM	1	13.7777717857352	1	1	1	1	1	1	1	17.3991028904452	1	1	18.0400549340773	1
BLNK	1	1	17.4941033116936	1	1	82.1926533911995	1	1	1	171.241766753887	1	31.7605989314231	29.6482198065999	1
BMF	1	1	1	1	1	1	1	1	1	19.4136826301333	1	1	1	1
BMP2K	1	1	54.6215897625352	1	1	19.1272632835296	1	1	1	1	1	1	1	94.8824849295913
BMP3	1	1	1	1	1	1	1	1	1	1	1	122.950026389611	1	1
BMP4	1	1	1	1	1	1	1	1	40.4877621666326	1	1	89.6325800179227	1	1
BMP5	1	1	1	1	1	1	1	1	114.047342584351	1	1	1	1	1
BMPR2	1	1	18.9360726503723	1	1	1	69.192682992806	240.27343006097	66.9757433868244	16.1938799898956	1	49.5060106295258	1	29.8344170135908
BPHL	1	1	1	1	13.1465338462143	1	1	1	15.3290650486346	1	1	77.9022166106955	1	1
BRCA1	1	1	1	1	1	1	1	1	1	1	1	1	46.1233322908536	1
BRCA2	1	1	1	1	1	1	1	1	1	16.8847866117071	1	13.713631933156	57.2363668545011	1
BRI3BP	1	1	22.0244336386564	1	1	20.5763729562473	1	1	1	26.5367366120649	1	1	46.2339882763506	1
BRIP1	1	1	1	1	1	1	1	1	1	1	1	1	23.2582095171729	1
BRPF1	1	1	1	1	1	1	1	1	1	1	1	1	1	17.9559250774215
BRSK1	1	1	1	1	1	1	1	1	1	60.0295557349257	1	1	1	1
BTK	1	1	48.6396140697189	1	1	82.7625577642025	1	1	1	45.339888284988	1	1	1	150.086966912205
BTLA	1	36.4709801997671	1	16.3736754793971	1	26.6539314026366	1	1	1	1	80.4243620922098	1	20.6225754648813	1
BTNL9	1	1	1	1	1	1	1	363.979883732224	1	1	1	1	1	1
BUB1	1	1	1	1	1	1	1	1	1	1	1	1	56.4165062164325	1
BUB1B	1	1	1	1	1	1	1	1	1	1	1	1	48.7050493836874	1
BX284668.6	1	1	1	1	24.618091860865	1	1	1	1	1	1	11.2800286124944	1	1
BYSL	1	1	1	1	1	1	1	1	1	1	1	21.2864721022376	1	22.5836982743554
C10orf143	1	1	1	1	20.1089973542448	1	1	1	1	1	1	1	1	1
C11orf21	18.3776950534871	1	1	1	78.8963038795113	1	1	1	1	1	1	1	12.4407995470327	13.2493632116093
C11orf52	1	1	1	1	1	1	1	1	1	1	1	68.6015099729842	1	1
C11orf80	1	1	1	1	16.8898557690354	1	1	1	1	93.5856434366123	1	24.2264401401939	16.9143604218818	1
C11orf96	1	1	1	1	1	1	713.361242048413	169.511464904676	499.344181922364	1	1	78.6655794021741	1	1
C12orf42	1	1	1	1	1	23.2165960942618	1	1	1	1	1	1	1	1
C12orf74	1	1	1	1	1	24.1477402170141	1	1	1	1	1	1	1	1
C12orf75	175.861893064039	59.0486821399096	31.7825776434165	75.9776634999675	425.132905204574	50.0749508409115	90.2938339225853	15.4765607462785	21.3333505535778	24.7146850159294	52.6613376442195	1	383.892752432858	1
C15orf48	1	1	814.920594890236	1	1	1	1	1	1	1	1	96.5456021492827	1	26.5404799907582
C15orf65	1	1	1	1	1	1	1	1	1	20.446613031902	1	1	1	1
C16orf74	1	1	1	1	1	14.4557603483106	1	1	1	74.0768404933765	1	1	1	1
C16orf89	1	1	1	1	1	1	1	1	43.5230131916207	1	1	1367.57068957349	1	1
C19orf33	1	1	1	1	1	1	1	1	1	1	1	415.929813397605	1	1
C19orf38	1	1	37.6692485572534	1	1	1	1	1	1	46.6022171431749	1	1	1	1
C1orf112	1	17.0115949380471	1	1	1	1	1	1	1	1	1	1	19.3829376576295	1
C1orf115	1	1	1	1	1	1	1	77.4529670383588	1	1	1	1	1	1
C1orf116	1	1	1	1	1	1	1	1	1	1	1	132.844418456276	1	1
C1orf162	17.8556481991665	1	380.266433813469	48.2678557297721	110.937740665185	20.5957361656617	1	1	1	1	15.2877706091949	1	1	155.665695318924
C1orf21	25.0296530090497	1	16.5651289013674	1	181.913995934102	1	103.012372638547	51.693783898607	65.1555203137403	1	1	53.4937279447386	13.5199889688808	27.5443880754715
C1orf210	1	1	1	1	1	1	1	1	1	1	1	80.6477288108233	1	1
C1orf216	1	1	1	1	14.8377221585331	1	1	1	11.5806356123982	1	1	1	1	28.6872448317886
C1orf54	1	1	96.3897544156177	1	1	1	55.78253984216	153.244617872228	45.6567847099149	1	1	1	1	1
C1QA	1	1	1318.17425788589	1	1	1	1	1	1	1	1	1	1	1
C1QB	1	1	1067.4494520269	1	1	1	1	1	1	1	1	1	1	1
C1QC	1	1	1293.32554774684	1	1	1	1	1	1	1	1	1	1	1
C1QTNF1	1	1	1	1	1	1	167.281644771415	1	26.0904804247757	1	1	1	1	1
C1QTNF7	1	1	1	1	1	1	11.343845627515	1	68.150381900293	1	1	1	1	1
C1R	1	1	1	1	1	1	480.70998756981	26.6604678529996	613.47309492735	1	1	48.6645265951001	1	1
C1S	1	1	1	1	1	1	600.399609074872	1	1290.63269369155	1	1	29.749898760436	1	1
C21orf58	1	1	1	1	1	1	1	1	1	1	1	1	34.7120120987399	1
C22orf34	1	1	1	1	1	1	1	37.3489690038173	1	15.5986994494909	14.2467544033712	1	1	1
C2CD4B	1	1	1	1	1	1	1	127.693167023594	1	1	1	1	1	1
C2orf88	1	1	1	1	1	1	1	1	1	53.5405026875466	1	1	1	1
C3	1	1	39.0094776097929	1	1	1	1	1	535.908045780355	1	1	256.351091869437	1	1
C3AR1	1	23.8831062906776	82.0839287297969	1	1	1	1	1	1	1	1	1	1	1
C3orf70	1	1	1	1	1	1	1	1	1	19.286794415499	1	1	1	1
C4orf46	1	1	11.6490474868076	1	15.4222356753092	1	1	1	1	1	1	1	41.7793202144479	1
C5AR1	1	1	266.21384722524	1	1	1	1	1	1	1	1	1	1	1
C5orf38	1	1	1	1	1	1	1	1	1	1	1	259.777641453651	1	1
C5orf49	1	1	1	1	1	1	1	1	1	1	1	61.0341810342279	1	1
C5orf63	1	17.7324154610409	1	1	1	1	1	1	1	1	1	10.0486774838556	1	1
C6orf132	1	1	1	1	1	1	1	1	1	1	1	64.0422564991514	1	1
C7	1	1	1	1	1	1	169.395680479712	36.2660148567875	298.992800822605	1	1	1	1	1
CA2	1	1	64.0797182308094	1	1	1	13.6960434821338	35.2132172178374	1	1	1	1	1	1
CA3	1	1	1	1	1	1	1	1	105.277021067534	1	1	1	1	1
CA4	1	1	1	1	1	1	1	1037.09863060477	1	1	1	1	1	1
CACNA1H	1	1	1	1	1	1	55.5507249281322	1	1	1	1	1	1	1
CACNA2D2	1	1	1	1	20.8618146692666	1	1	1	1	1	1	54.1838934262888	1	1
CADM1	1	1	1	1	14.3622214041218	1	1	1	1	54.6970795766264	1	308.136286220275	1	36.4223377904331
CADPS	1	1	1	1	1	1	1	1	1	1	1	1	1	26.2641708229595
CALB2	1	1	1	1	1	1	1	1	1	1	1	1	1	428.175794765376
CALCRL	1	1	1	1	1	1	49.416910971386	642.608181134858	1	1	1	1	1	1
CALD1	1	1	1	1	1	1	1532.81041700795	235.139971613855	972.581414240507	1	1	1	1	1
CALHM6	1	1	203.698768620305	1	25.8747411929128	58.4764441341411	1	1	1	1	1	1	1	1
CAMK2N1	1	1	1	1	16.0049733453535	1	93.5488718545087	1	226.831452761564	1	1	1	1	1
CAMK4	172.761180277712	148.14643836993	1	228.609509881757	42.3957064442412	1	1	1	1	15.6371775384046	95.1603848301636	1	85.4444788462968	1
CAPG	134.217451571159	34.9892684480423	803.604444713626	119.963663807887	1	239.498298054497	1	1	38.5729586619961	54.6053514539805	69.5200697450467	344.581003847052	148.545356379172	1187.09019700065
CAPN8	1	1	1	1	1	1	1	1	1	1	1	70.7943108926018	1	1
CAPRIN2	1	1	1	1	25.5227764387087	1	1	1	14.5397109752625	1	13.9213561661119	1	1	1
CAPS	1	1	1	1	1	1	1	1	1	1	1	125.716226458257	1	1
CARD10	1	1	1	1	1	1	1	47.4471862905657	1	1	1	1	1	1
CARD11	35.4605402937886	25.3345836335798	1	32.3740127939481	57.0951408304503	33.393315606065	1	1	1	1	29.4493985977588	1	26.5461239335927	1
CARD17	1	29.9362009871542	1	1	1	1	1	1	1	1	1	1	1	1
CARD9	1	1	37.6249256869158	1	1	1	1	1	1	1	1	1	1	1
CARMN	1	1	1	1	1	1	104.419545907416	1	16.3660828878453	1	1	1	1	1
CASD1	1	1	1	1	1	1	1	1	1	1	1	55.4206866217901	1	1
CASKIN2	1	1	1	1	1	1	1	175.415401106708	1	1	1	15.7145068423922	1	1
CASP10	1	1	1	1	17.9717532830118	1	1	27.8034584359594	1	58.9972016869423	1	16.131989752478	1	1
CASS4	19.1028202430369	1	13.475877753519	22.0468837641907	1	1	1	1	63.3133582764024	1	21.4263841267085	1	28.6192044148372	1
CASZ1	1	1	1	1	1	1	1	81.2770473629731	1	1	1	32.3199299850134	1	1
CATSPER1	1	1	23.3390798993834	1	1	1	1	1	1	1	1	1	1	93.4296224286126
CAV1	1	1	1	1	1	1	809.329684155131	1555.07117985108	81.9946388067137	73.5190618481848	1	254.147109322582	1	1
CAV2	1	1	1	1	1	1	268.66678472677	373.691743646783	53.3859108572733	1	1	255.038645167291	1	1
CAVIN1	1	1	1	1	1	1	327.043227785563	722.511711071051	291.207225724772	1	1	43.5025055102269	1	182.193743118847
CAVIN2	1	1	1	1	1	1	52.5838509680638	940.070437627462	155.030553362997	1	1	49.1218352759674	1	82.8707932412806
CAVIN3	1	1	17.4255032266134	1	1	1	555.026338372092	184.808643413964	236.560154332438	1	1	18.1056348581371	1	1
CBFA2T3	1	1	1	1	1	17.8454134798684	19.2641099201699	1	1	15.47262740855	1	1	1	1
CBR4	1	1	1	1	19.8146581183327	1	1	1	13.0907109381429	1	1	1	1	1
CBWD3	1	1	1	1	1	1	1	1	1	21.5969837062876	1	1	1	1
CCDC102B	1	1	1	1	1	1	168.03601875806	1	75.0897102070711	1	1	1	1	1
CCDC138	1	1	1	1	1	18.6366997131967	1	1	1	1	1	1	16.9361017285396	1
CCDC141	1	49.5535479730918	1	1	1	16.4864564612875	1	1	1	1	1	1	23.0405180104402	1
CCDC144A	1	1	1	1	1	1	1	1	1	66.659007927027	1	1	1	21.0459274793656
CCDC34	1	1	1	1	1	1	1	15.0887819738234	12.8405068146979	1	1	25.1526863098555	76.0303259211185	1
CCDC50	1	33.173573090167	57.2775205716351	1	1	201.577060555683	89.8833475126779	147.078429531198	94.9518167991806	86.8550089178291	85.6333325548015	12.7559602912315	46.6424962909917	1
CCDC65	1	1	1	1	18.1672512542459	1	1	1	1	1	1	1	1	1
CCDC68	1	1	1	1	1	1	25.7229349380507	129.582728973101	15.0243792411426	1	1	1	1	1
CCDC80	1	1	1	1	1	1	104.568770419948	1	814.286442540587	1	1	17.6506468364728	1	1
CCL11	1	1	1	1	1	1	1	1	50.120395457905	1	1	1	1	1
CCL13	1	1	53.9181258200515	1	1	1	1	1	21.3805430819795	1	1	1	1	1
CCL14	1	1	1	1	1	1	1	1236.60146570306	1	1	1	1	1	1
CCL17	1	1	40.1747833699668	1	1	1	1	1	1	1	1	1	1	1
CCL18	1	1	137.72831263544	1	1	1	1	1	1	1	1	1	1	1
CCL19	1	1	1	1	1	1	126.045862265	1	70.4878049944059	1	1	1	1	1
CCL2	1	1	128.424912075482	1	1	1	61.862582456213	322.498549449564	722.504414299925	1	1	1	1	23.6252799363597
CCL20	1	42.1954658646494	268.807447637524	79.0867084171852	1	1	1	1	1	1	1	1	1	1
CCL21	1	1	1	1	1	1	99.6616540163883	1	25.3844622053504	1	1	1	1	1
CCL22	1	1	46.2585903841368	1	1	1	1	1	1	1	1	1	1	1
CCL28	1	1	1	1	20.5897185700311	1	1	1	1	1	1	26.2470494996508	1	1
CCL3	155.777622580689	1	1288.55721399164	1	294.635483990999	1	15.3248100328789	1	1	47.0264450512877	34.8993920757666	1	210.468163864723	1
CCL3L1	47.720538672513	1	416.632100004961	1	68.0926403981356	1	1	1	1	1	1	1	32.1819222346955	1
CCL4	2175.12331099807	1	1214.92098839539	183.831155532596	4672.8475398077	17.7982788382093	29.0183606440886	41.1924902177592	63.3579228196381	60.9386123190314	261.963131107657	41.2704466847564	956.791646641572	33.3057115076195
CCL4L2	658.112964119939	1	400.07376831524	29.6692957072608	1249.27582856982	1	1	1	1	1	47.9734369764947	38.5442176853118	267.525946113901	41.4162560794494
CCL5	5229.15773543464	45.5369338481356	163.841685845679	1182.03325544031	4633.32140534771	73.7411688361354	33.0073886587758	83.9685847820669	43.5225925345622	120.611793387416	388.327341276147	62.7248992554895	2339.39846713945	50.8235721424731
CCM2L	1	1	1	1	1	1	1	51.7895112361866	1	1	1	1	1	1
CCNA2	1	1	1	1	1	1	1	1	1	1	1	1	147.587887986174	1
CCNB1	1	1	1	1	1	1	1	1	1	1	1	1	97.4368384490401	1
CCNB2	1	1	1	1	1	1	1	1	1	1	1	1	134.962362796514	1
CCND1	1	1	25.9236059714596	1	1	1	1	180.039252744258	52.3482377523962	1	1	324.471090042998	1	16.5568394420171
CCR1	1	1	29.1588678925522	1	1	1	1	1	1	1	1	1	1	1
CCR10	1	1	1	1	1	1	48.8439973266091	1	1	56.7531017440549	1	1	1	1
CCR2	1	1	1	1	1	1	1	1	1	22.1077897762338	1	1	1	1
CCR4	1	96.9509951499499	1	40.0738955784608	1	1	1	1	1	1	38.0880720121393	1	1	1
CCR5	28.4509563588535	14.5528506472925	18.2511728227539	16.278954931887	1	1	1	1	1	1	17.0657825794376	1	30.5071918268696	1
CCR6	1	157.739024036042	21.1215615540273	123.6284272773	1	64.1079763818957	1	1	1	1	27.5099675327541	1	1	1
CCR7	51.6553168935387	106.802150497125	100.512526122608	195.39642495033	1	376.003076873118	1	1	1	1	87.7065122752427	1	40.9781438299417	1
CCR8	1	204.829676487002	1	1	1	1	1	1	1	1	1	1	1	1
CCRL2	1	1	103.654183237998	1	1	1	1	33.5854480110257	1	1	1	1	11.1988778665511	15.2362656535758
CD109	1	1	92.1553540823931	1	1	1	1	44.8733757286038	1	1	38.7479209099128	1	31.1829298901764	26.0974251702637
CD14	1	1	530.317204838111	1	1	1	1	79.0259260378675	18.5135082715607	1	1	1	1	1
CD160	1	1	1	1	116.086479272861	1	1	1	1	1	1	1	1	1
CD163	1	1	149.370672161825	1	1	1	1	1	1	1	1	1	1	1
CD177	1	42.8276544254716	1	1	1	1	1	1	1	1	1	1	1	1
CD180	1	1	13.912276496538	1	1	32.3701086825018	1	1	1	49.4301480679882	1	1	1	1
CD19	1	1	1	1	1	232.701638671518	1	1	1	77.9634722531512	1	1	24.0041863665797	1
CD1A	1	1	72.9253166732637	1	1	1	1	1	1	1	1	1	1	1
CD1C	1	1	85.768430427976	1	1	18.4882482936368	1	1	1	1	1	1	1	1
CD1E	1	1	83.8949932268249	1	1	1	1	1	1	1	1	1	1	1
CD2	749.601150791729	833.259681029805	52.6273417534381	744.293534418868	455.826799715404	1	1	27.6731704643255	1	42.6988861660314	1115.13121117302	1	487.324898497809	1
CD200	1	17.9329057068627	1	1	1	1	1	122.119909759957	25.874567089722	1	95.6892003037745	1	20.2657241642545	1
CD200R1	28.2978141494229	1	1	22.0302010010654	1	1	1	1	1	1	23.1833093962646	1	26.3680918987323	1
CD207	1	1	61.7891547689471	1	1	1	1	1	1	1	1	1	1	1
CD22	1	1	1	1	1	83.4781633967122	1	1	1	1	1	1	1	95.7574880341542
CD226	47.9658355299952	28.1572710786522	12.4757968656507	53.2285166823933	65.9091192874823	1	1	1	1	1	53.4571475241343	1	26.9940818682002	21.8109666011377
CD24	1	1	1	1	1	182.172921765551	1	1	1	1	1	75.0232820387617	1	1
CD244	27.538483028976	1	1	1	74.703012896709	1	1	1	1	1	1	1	24.3612132751805	1
CD247	220.299979675272	362.611203438584	17.1066496937763	199.538306997394	611.565741259439	1	1	1	1	1	396.057948416196	1	152.178525835571	1
CD248	1	1	1	1	1	1	158.442557719107	1	78.0313344909262	1	1	1	1	1
CD27	165.632351768	436.220503779113	1	92.0486557816094	1	144.050920973527	1	1	1	440.867855407754	187.961584394524	1	116.302268708267	1
CD28	88.1695450281045	245.402780667197	18.3136057352232	163.011763277414	1	1	1	1	1	1	138.907527988939	1	41.5303573532895	1
CD300A	18.9526251904936	1	91.787294919998	15.829443800453	106.945903536332	1	1	1	1	1	1	1	1	29.2393181742127
CD300C	1	1	48.8773215808053	1	1	1	1	1	1	1	1	1	1	54.6675444336145
CD300E	1	1	41.123439797058	1	1	1	1	1	1	1	1	1	1	1
CD300LG	1	1	1	1	1	1	1	71.0304834835283	1	1	1	1	1	1
CD302	1	1	137.866226312435	1	1	1	84.1614717722863	32.5934112730188	297.42969867669	1	1	86.6733105571592	1	26.0941758578428
CD33	1	1	70.7257676837997	1	1	1	1	1	1	1	1	1	1	62.0854816319272
CD34	1	1	1	1	1	1	1	730.529682834352	19.7526358455046	1	1	1	1	1
CD36	1	1	38.935390531202	1	1	1	1	506.247855489997	1	1	1	1	1	1
CD37	589.999062239802	637.155007582265	482.185267255989	613.024656497296	747.170056788305	1989.672752893	18.7665573860348	37.6718022191394	17.8319800706563	197.520344832509	627.594643154342	18.5914172154728	255.015160809086	684.951525375694
CD38	28.7369383088479	20.3227207868257	15.0571775899051	1	21.8373035885309	1	1	1	1	312.951325406543	52.0652274189609	1	92.3170186322841	1
CD3D	922.086812800075	829.368256586978	48.7827953430017	678.563566528946	686.146511496072	1	1	32.7098713524176	1	46.0815744017308	1000.57530463085	13.5233900970307	704.37478763437	25.8991545911401
CD3E	1429.35191691748	1283.09818745558	68.1186950496829	1176.90366031578	1151.26277478518	1	20.497490064005	53.0688713719752	17.3844834869663	72.344567103147	1423.47175261252	22.9712095817947	764.425164124187	26.6401368420561
CD3G	336.622167080664	225.603418552018	18.7009490409223	253.047984232407	378.317573236478	1	1	1	1	18.4472723020561	270.321463171761	1	229.963487260072	15.4379746368031
CD4	1	172.670258395885	173.005514214202	101.837211832923	14.658967545435	1	116.954316256914	1	74.8597983465158	1	242.143090521529	1	20.9722117243198	12.8565700292398
CD40	1	1	200.844268239619	1	1	179.829650779628	48.0693148767989	132.429376450025	32.3260181298413	81.1239321032596	1	1	19.951341912286	12.1164835217268
CD40LG	1	1	1	167.27715801523	14.0287823950521	1	1	1	1	1	103.71617950089	1	1	1
CD5	99.6372285986764	204.971935960234	19.8498130062209	179.326591362368	41.803982376505	1	1	1	1	1	168.503938361211	1	80.038016765087	1
CD53	325.849032039956	325.869195261864	291.717838185639	298.538622789608	482.922014936373	411.913453422895	1	1	1	150.803815434101	314.083271485288	1	286.886030675323	133.11989946671
CD6	120.559381447089	93.3820069766336	1	194.147996319796	77.5825333087301	1	1	1	1	17.4031731054602	206.652278637609	1	139.632587542911	1
CD68	1	1	607.034387949876	1	1	1	1	1	37.2002919674182	1	1	1	1	84.7717304710499
CD69	1059.64721592716	406.633473605917	142.603351209644	1029.09895393769	773.479038378729	551.32265493674	22.7362051758713	40.566989004289	17.2229759899691	120.755404851876	363.653040180752	27.0581343753553	267.385098637087	345.830085738405
CD7	871.709412481895	959.181693922345	43.7111756909248	379.288895038826	437.117582004567	1	1	20.5699755157518	1	33.6830348922186	1157.60502860784	28.5979623910271	499.947979644253	56.3471409950414
CD70	35.0678231199135	40.5862919113067	1	1	1	207.716995291046	1	1	1	35.0154421987359	29.3506370019425	1	92.0301226348191	1
CD72	1	1	50.4904760164666	1	25.9972014973985	38.6223959123748	1	1	1	1	1	1	1	1
CD79A	1	30.9913435788539	1	1	1	1107.86418848938	1	1	1	1642.4393074386	1	1	127.462382942035	1
CD79B	1	52.6960043578495	1	1	1	150.471430448483	1	1	1	168.553722257158	30.4057430928508	1	30.2225473165203	1
CD80	1	21.795660805813	45.6182508685169	1	1	43.9594856046283	1	1	1	1	1	1	18.9438738670143	1
CD83	47.4886518515499	91.8668660599481	919.234742856348	58.5338923148518	31.7102025663205	1073.54862590396	1	30.1692183913379	46.7935256657676	25.4153484027408	53.6388153090341	22.4257058200344	69.7810054175738	891.238277686485
CD86	1	1	206.586258741819	1	1	60.496297319537	1	1	1	14.8294564091701	1	1	19.1044546744073	1
CD8A	1084.66852351348	1	24.4727372848878	110.114964462275	666.923967793153	1	1	20.567580407446	1	19.203610546223	1	1	576.910716135571	18.6067373883487
CD8B	527.941485129214	1	1	70.2164976160731	399.304830126388	1	1	1	1	1	1	1	266.859370224571	1
CD8B2	14.8650249936676	1	1	1	1	1	1	1	1	1	1	1	1	1
CD9	28.3326973502319	1	319.827692915859	1	1	1	480.580778401365	359.252293883254	288.263227573004	42.5085254124621	1	513.973148670736	34.2441292910965	578.448931962238
CD93	1	1	60.3970519975386	1	1	1	1	661.485967479182	1	1	1	1	1	1
CD96	353.564732269889	223.508887278113	26.0912475664601	296.726573270356	142.168288206659	25.9786703118086	1	14.6362349783164	1	23.9523314741402	259.264438681898	1	244.064730005492	14.3834481542036
CDC14A	62.4407166569889	77.4808674553267	16.2471575780308	119.382047525402	34.4550110267853	18.1104540302907	1	26.6961149919767	1	1	52.0432363554286	1	26.8333004200513	34.2673339954099
CDC20	1	1	1	1	1	1	1	1	1	1	1	1	117.951560706176	1
CDC25A	1	1	1	1	1	1	1	1	1	1	1	1	22.6342796496318	1
CDC25C	1	1	1	1	1	1	1	1	1	1	1	1	25.1421475646392	1
CDC42EP1	1	1	1	1	1	1	102.123555958376	180.341305427956	111.436318626794	1	1	20.7283632721321	1	1
CDC45	1	1	1	1	1	1	1	1	1	1	1	1	45.9990844786955	1
CDC6	1	1	1	1	1	1	1	1	1	16.7513122435413	1	1	56.0342878769184	1
CDCA2	1	1	1	1	1	1	1	1	1	1	1	1	75.4969004716877	1
CDCA3	1	1	1	1	1	1	1	1	1	1	1	1	81.2823097970495	1
CDCA4	23.391404073299	1	19.3892594081417	21.4458102982906	1	1	1	15.3550003102396	1	1	17.0777856827753	1	103.799459593877	18.7558457182534
CDCA5	1	1	1	1	1	1	1	1	1	1	1	1	107.766216647593	1
CDCA7	1	1	1	1	1	1	1	1	1	1	1	45.9240582490567	73.7422981437758	1
CDCA7L	1	1	12.0843451802997	1	1	33.8991335394885	1	1	1	12.4731304256282	1	42.3441219398989	34.6803116195272	1
CDCA8	1	1	1	1	1	1	1	1	1	1	1	1	127.426249280936	1
CDH1	1	1	1	1	1	1	1	1	1	1	1	160.549482462133	1	1
CDH11	1	1	1	1	1	1	48.8227256584884	1	515.255376819437	1	1	1	1	1
CDH15	1	1	1	1	1	1	1	1	1	1	1	63.7334465491701	1	1
CDH5	1	1	1	1	1	1	1	785.419197737728	1	1	1	1	1	1
CDH6	1	1	1	1	1	1	100.879247961667	1	1	1	1	1	1	1
CDK1	1	1	1	1	1	1	1	1	1	1	1	1	245.065524195933	1
CDK14	1	1	1	1	1	44.7647787588398	31.1855930608056	1	39.1865428209127	93.4916993360367	1	1	1	1
CDK15	1	1	1	1	1	1	1	1	1	1	1	1	1	32.4708336117689
CDKN1C	1	1	13.8163645501539	1	1	1	41.3657616231574	128.232788701885	184.198430540876	15.3414791807289	1	30.1653587652349	1	1
CDKN3	1	15.560385103546	1	1	1	1	1	1	1	1	25.1958310640331	1	263.205475675171	1
CDO1	1	1	1	1	1	1	1	1	61.8025458818394	1	1	1	1	1
CDS1	1	1	1	1	1	1	1	1	1	1	1	56.5623801361029	1	1
CDT1	1	1	1	1	1	1	1	1	1	1	1	1	145.087218697345	1
CEACAM1	1	14.4145067175982	1	1	1	1	1	1	1	1	1	22.6164781112777	1	1
CEACAM21	1	29.8140596789384	1	15.9144497467267	23.6562421797196	1	1	1	1	27.8211301699676	36.5805826878303	1	20.543916091133	1
CEACAM4	1	1	28.8268416836562	1	1	1	1	1	1	1	1	1	1	1
CEACAM6	1	1	1	1	1	1	1	1	1	1	1	453.420211091098	1	1
CEBPD	68.1452833715143	1	551.473956917647	52.879111997012	50.6756453752681	1	757.749546908853	2043.19826090588	1698.52995490385	17.8715160321641	1	1080.01755840425	40.1644011099905	1
CEMIP	1	1	1	1	1	1	1	1	89.8622395334348	1	1	1	1	1
CENPA	1	1	1	1	1	1	1	1	1	1	1	1	94.7875575743168	1
CENPE	1	1	1	1	1	1	1	1	1	1	1	1	106.244177629956	1
CENPF	1	1	1	1	1	1	1	1	1	1	1	1	271.276586626154	1
CENPH	1	1	1	1	12.8137874659141	1	1	1	1	1	1	1	83.7230258766785	1
CENPJ	1	1	1	1	1	1	13.5043238162738	1	1	1	1	1	25.6699400022113	1
CENPK	18.5914390513302	17.2418017899822	1	18.7809866394293	31.5445237537576	1	1	1	1	1	16.3201910222317	1	119.661136911737	1
CENPL	1	1	1	1	1	1	1	1	1	1	1	1	31.13834447268	1
CENPM	38.5176311630989	63.2836504925153	1	35.0830572859565	1	75.6465895866214	1	1	1	58.5486240188693	49.193598645029	1	266.123768629959	1
CENPN	1	1	13.0359573055011	1	1	1	1	1	1	1	1	1	164.334404788885	1
CENPO	1	1	1	1	1	1	1	1	1	1	1	1	32.4371438578317	1
CENPP	1	1	1	1	1	1	51.7517401818533	1	15.060883838489	1	1	1	38.5438216682369	1
CENPQ	1	1	1	1	1	1	1	1	1	1	1	1	33.3825500034371	1
CENPU	1	1	1	1	1	1	1	1	1	1	1	1	167.211716309523	1
CENPW	1	1	29.9379199356417	1	1	1	1	1	18.6437671328197	1	1	1	187.400900142541	1
CEP128	1	1	1	1	1	1	1	1	1	65.1815526781833	1	1	24.5739118810889	1
CEP152	1	1	1	1	1	1	1	1	1	1	1	1	49.9970810507098	1
CEP55	1	1	1	1	1	1	1	1	1	1	1	1	93.0457627114463	1
CEP68	1	1	18.8504608165424	15.8522201488145	1	1	23.3491956897813	37.6003345329641	13.8348749502169	1	1	1	1	1
CEP78	14.6139651212232	13.5348244650844	1	1	114.002617912803	1	1	1	1	1	1	11.8498984668267	30.6655736748124	27.0626760232829
CERCAM	1	1	1	1	1	1	57.9394846563921	1	120.193115732005	70.6657409369889	1	38.4147469834722	1	1
CES1	1	1	1	1	48.0778950321135	1	23.4674952147577	1	419.302510100175	1	1	1	1	1
CETP	1	1	1	1	1	1	1	51.7836630320271	1	1	1	1	1	1
CFAP54	1	1	1	1	1	1	1	1	1	21.7640756794495	1	1	1	1
CFB	1	1	1	1	1	1	77.6514825004255	16.4760049411037	66.7066108496526	1	1	164.483351749894	1	1
CFD	1	1	213.15081829995	1	1	1	1	1	1714.77351763366	1	1	26.9264677392493	1	11.5285289775044
CFH	1	1	1	1	1	1	214.704972973854	1	329.616191533804	1	1	1	1	1
CFP	1	1	73.0318215087323	1	1	1	1	23.2060277854237	1	1	1	1	1	1
CGN	1	1	1	1	1	1	1	1	1	1	1	159.538129030236	1	1
CHAC1	1	1	1	1	1	1	1	1	1	90.8671160433978	1	1	1	67.5769984081969
CHAF1A	1	1	14.9374225937446	1	1	1	1	1	1	1	1	1	69.6917005010298	1
CHEK1	1	1	1	1	1	1	1	1	1	1	1	1	59.5154890934824	1
CHI3L1	1	1	35.1698796706675	1	1	1	1	1	79.5298331329176	1	1	1	1	1
CHI3L2	1	1	1	1	18.9165206301811	21.321061007675	1	1	27.6203319711179	1	1	19.0494143786628	1	1
CHIT1	1	1	233.334977166995	1	1	1	1	1	1	1	1	1	1	1
CHKA	1	1	26.7141662661396	1	1	1	1	1	1	1	1	77.912107592746	1	54.5714686025129
CHN1	1	24.7923097797838	1	1	1	1	159.46096015906	41.4572360029827	30.352628337134	1	82.4296033224352	1	19.3478113250415	1
CHN2	13.6410639914399	1	17.0877655200353	1	14.6548181595259	1	1	1	16.2486924504602	1	1	1	1	61.0983395415913
CHPF	1	1	1	1	12.7782881611836	1	76.775731203953	1	144.855066196495	272.881342220693	17.4928148832966	114.797224621786	16.9689004535204	1
CHRD	1	1	1	1	1	1	45.2068156113012	1	1	1	1	1	1	1
CHRDL1	1	1	1	1	1	1	1	1	144.801592186704	1	1	1	1	1
CHRFAM7A	1	1	1	1	1	1	1	1	1	1	1	1	1	22.5547119630132
CHRM3-AS2	1	15.3326395269712	1	1	1	1	1	1	1	1	44.2917742450643	1	19.8890690217839	1
CHST2	1	1	15.0313817065377	1	15.4438007508881	1	1	1	1	68.2435545884157	1	1	19.3311814053781	1
CHST7	16.1547041743562	54.9005834328676	22.2506320722763	1	14.4328817187043	1	1	25.2012859050622	18.2499883222626	1	40.9954165915343	1	17.8650897808284	1
CHTF18	1	1	1	1	1	1	1	1	1	1	1	1	33.1138495503967	1
CIITA	1	1	100.984231220937	1	1	53.3969070561336	1	33.4893652953634	1	1	1	20.6163722810727	20.0548157049096	1
CIP2A	1	1	1	1	1	1	1	1	1	17.8259768228109	1	1	59.3110268397916	1
CIT	1	1	1	1	1	1	1	1	1	1	1	21.2664352564253	29.3659973174049	1
CITED4	1	1	1	1	1	1	16.0954027877348	105.304022908389	15.773740322789	1	1	30.6292829057005	1	1
CKAP2L	1	1	1	1	1	1	1	1	1	1	1	1	81.5301112958758	1
CKB	1	1	15.9903933718139	1	1	1	145.408322564974	1	46.9402001226964	1	1	230.82314243891	1	1
CKS1B	13.8410528993526	1	19.0532404013819	1	13.5333206733622	17.4199218438154	26.6721339831309	23.5724959992246	27.596976722155	18.3348229130529	1	48.948938735301	333.761099467378	1
CLDN1	1	1	46.2579161552686	1	1	1	1	1	1	1	1	66.9745082809559	1	1
CLDN3	1	1	1	1	1	1	1	1	1	1	1	266.582591446163	1	1
CLDN4	1	1	1	1	1	1	1	1	1	1	1	1201.6617553028	1	1
CLDN5	1	1	1	1	1	1	1	1049.66334146903	1	1	1	1	1	1
CLDN7	1	1	1	1	1	1	1	1	1	1	1	251.901814287733	1	1
CLEC10A	1	1	227.168901119453	1	1	1	1	1	1	1	1	1	1	1
CLEC11A	1	1	56.5170930024244	1	1	1	162.001811825272	1	302.258541158118	1	1	1	1	1
CLEC12A	1	1	48.9926583507631	1	1	1	1	1	1	1	1	1	1	31.95994817832
CLEC14A	1	1	1	1	1	1	1	1452.52664740456	1	1	1	1	1	1
CLEC17A	1	1	1	1	1	17.2740171917587	1	1	1	1	1	1	1	1
CLEC1A	1	1	1	1	1	1	1	106.004491686851	1	1	1	1	1	1
CLEC2D	230.966733532676	223.859200302917	29.3124363762017	208.002022623509	148.381888103291	46.2082867081095	1	17.1598713109761	11.2015573522364	29.4063548366631	269.048600136718	14.1025097362429	256.197460442708	1
CLEC3B	1	1	1	1	1	1	31.5955304593037	829.943126146133	1	1	1	1	1	1
CLEC4A	1	1	117.111479196797	1	1	1	1	1	1	1	1	1	1	1
CLEC4E	1	1	56.639029110073	1	1	1	1	19.0014459796876	1	1	1	1	1	1
CLEC5A	1	1	90.2948508163164	1	1	1	1	1	1	1	1	1	1	1
CLEC7A	1	15.4241721927964	268.595274324167	1	1	1	1	1	1	1	1	1	1	1
CLECL1	26.3290992304309	1	37.5436466420261	1	1	119.28386085081	1	1	1	15.0537602688217	38.8072246540758	1	48.7855315810135	33.8260129073741
CLIC3	70.4658878578749	1	1	18.3320754778735	166.896525540204	1	1	17.4313955837852	14.271308971574	1	1	227.213842222596	25.5612015273259	1
CLMN	1	1	17.5697564893088	1	1	15.1731584419781	129.791320669504	1	1	16.9338898382849	1	1	1	1
CLMP	1	1	1	1	1	1	1	1	112.9358007647	1	1	1	1	1
CLP1	13.6032406821644	1	1	1	13.2581252890268	1	1	1	1	1	1	1	16.7573803917138	18.8562410165108
CLSPN	1	1	1	1	1	1	1	1	1	1	1	1	134.913455797306	1
CLU	24.2938191074079	1	1	36.4337733800491	13.9958633463022	1	177.777439819704	122.135858810753	233.82269277776	1	27.3269678772728	193.083018191359	19.299351036467	1558.23419147666
CMTM8	1	26.9422492125333	1	33.4020651267044	1	1	1	98.8209986454466	17.3042169934786	1	20.0441563838869	37.2198829362877	1	1
CNKSR1	1	1	1	1	1	1	1	1	1	40.9349710263299	1	39.6953090974589	1	1
CNMD	1	1	1	1	1	1	1	1	1	1	1	313.044195589538	1	1
CNN1	1	1	1	1	1	1	136.765175555964	1	39.2439046260281	1	1	1	1	1
CNN3	1	1	1	1	1	1	634.350658791546	334.089174597124	324.564603900409	1	1	230.775309037671	1	1
CNR1	1	1	1	1	1	14.2073581621403	1	1	1	1	1	1	1	1
CNR2	1	1	1	1	1	18.2600048737801	1	1	1	1	1	1	1	1
CNRIP1	1	1	1	1	1	1	73.3353981261569	92.0880926543445	85.6330227895118	1	1	1	1	104.091739564233
CNTN4	1	1	1	1	1	1	52.3344318791421	1	1	1	1	1	1	1
COBL	1	1	1	1	1	1	1	1	1	1	1	41.2228996402894	1	32.5475400637136
COBLL1	1	1	1	1	1	120.206561032682	72.1716623940794	35.6178458524309	19.08393043688	134.415947890266	1	56.3458371875333	1	12.9677737738724
COCH	1	1	1	1	1	51.8145729233667	1	1	1	20.4915602148191	1	46.5468467888828	1	1
COL10A1	1	1	1	1	1	1	1	1	141.360210551812	1	1	1	1	1
COL12A1	1	1	1	1	1	1	135.460140510742	1	70.2953901748042	1	1	1	1	1
COL13A1	1	1	1	1	1	1	1	1	53.2296537271536	1	1	1	1	54.9485284787945
COL14A1	1	1	1	1	1	1	250.978208610903	1	160.53753718526	1	1	1	1	1
COL15A1	1	1	1	1	1	1	105.932062652142	84.4465680007908	50.3525435846448	1	1	1	1	1
COL16A1	1	1	1	1	1	1	27.2307944451852	1	110.527522928948	1	1	1	1	1
COL18A1	1	1	1	1	1	1	650.005742006061	197.464052273222	225.654994031372	1	1	74.9659212768829	1	56.7998295523781
COL19A1	1	1	1	1	1	20.0232487741564	1	1	1	1	1	1	1	1
COL1A1	1	1	1	1	1	1	543.734729750697	1	1583.44463332713	1	1	44.5170344193135	1	1
COL1A2	1	1	1	1	1	1	1169.66267262517	1	1891.86433863034	1	1	1	1	1
COL3A1	1	1	1	1	1	1	631.73776996793	1	1587.86332207484	1	1	1	1	1
COL4A1	1	1	1	1	1	1	522.588043605124	753.813842396374	102.367472138449	1	1	1	1	1
COL4A2	1	1	1	1	1	1	745.49860798893	842.38411132245	172.591628306046	1	1	1	1	1
COL4A3	1	1	1	1	1	17.7478098742609	1	1	1	14.3172313807641	1	96.3185618862332	1	1
COL4A4	1	1	1	1	1	14.7742592506064	1	1	1	18.2788302976847	1	78.4057505791441	1	1
COL5A1	1	1	1	1	1	1	110.759469988371	1	323.486488090875	1	1	1	1	1
COL5A2	1	1	1	1	1	1	183.315260037504	1	271.341829488814	1	1	1	1	1
COL5A3	1	1	1	1	1	1	61.6341553217492	1	1	1	1	1	1	1
COL6A1	1	1	1	1	1	1	576.5699480805	15.2514106286619	679.205155874563	1	1	1	1	1
COL6A2	1	1	1	1	66.5177208819332	1	1102.61578828208	41.0833849112503	1287.67349824978	1	1	1	1	1
COL6A3	1	1	1	1	1	1	360.0245911689	1	899.502484448875	1	1	1	11.7999073961076	1
COL8A1	1	1	1	1	1	1	109.313945740148	1	439.71292082257	1	1	79.9848189089705	1	1
COL9A2	1	32.8050324487342	1	1	1	15.123854591977	1	1	1	1	35.6032739405918	395.695024118485	1	33.5297036898104
COL9A3	1	1	1	1	1	28.2943765983624	1	1	1	41.3452316741751	1	1	1	1
COLEC12	1	1	36.0908411530954	1	1	1	1	1	80.6876150854042	1	1	1	1	1
CORO1A	783.454124977816	721.714510299734	314.581032106354	607.032028369107	952.940222046659	688.210618465406	1	24.4997339147088	1	118.855976365504	581.34721206846	24.651203259871	1261.39612952822	78.1248857529682
CORO2A	1	13.5046369284145	1	14.7698227226555	1	1	1	1	1	1	13.2980087938326	20.1467226404112	1	1
COX4I2	1	1	1	1	1	1	591.216428985484	1	1	1	1	1	1	1
COX7A1	1	1	1	1	1	1	308.723335475401	141.021571059451	222.297176032172	1	1	1	1	29.7789384776046
CPA3	1	1	1	1	1	1	1	1	1	1	1	1	1	3308.73091218668
CPA5	1	23.867080884735	1	1	1	1	1	1	1	1	24.1339944341383	1	22.0968394584731	1
CPE	1	1	1	1	1	1	337.42544224207	1	92.0044864008693	1	1	1	1	1
CPEB4	1	1	40.1163149307381	1	17.9693084898625	1	41.2486354899817	36.0380367351967	18.8084648299194	163.177913018943	1	29.9696508603002	1	91.0637689916665
CPM	1	1	60.3103028497268	1	1	1	54.0254637389006	1	1	1	22.2281375139997	193.972273760947	1	50.3976299881155
CPNE2	1	32.379077732202	1	1	1	1	17.9636463757243	172.107535934629	1	1	1	62.4962749164277	28.7478155932201	1
CPNE5	1	1	1	1	1	59.6468635753243	1	1	1	185.876666925843	1	1	1	1
CPNE7	42.4192627008189	1	1	27.1497031220689	1	1	1	1	25.747760449597	1	34.7273334595179	1	29.7360076900991	1
CPOX	17.4940002976348	19.0826778767902	1	1	1	1	1	1	1	1	1	23.1496929469453	1	1
CPVL	1	1	166.629744230936	1	1	1	1	1	15.1044008306334	1	1	1	1	1
CPZ	1	1	1	1	1	1	1	1	72.5816917351206	1	1	1	1	1
CR1	1	1	17.9803656357822	1	1	28.7976476386408	1	1	1	1	1	12.3232907494615	1	1
CR2	1	1	1	1	1	30.3603255935536	1	1	1	1	1	32.4780519060108	1	1
CRACR2A	15.9054243535422	1	1	14.6584633457411	14.2901835160916	1	1	1	1	1	1	1	11.5497590104326	1
CRACR2B	1	1	1	1	1	15.8113739425461	1	66.2343097765073	1	55.2571997900163	1	81.0526596409519	1	1
CRADD	1	85.8501526914728	18.4825610346134	1	1	1	18.395934433999	14.867463073229	1	1	15.9657682107698	1	14.2599049939821	1
CRB3	1	1	1	1	1	1	1	1	1	1	1	51.183447832648	1	1
CRIP2	1	1	1	28.2947635351462	1	22.0213686567125	616.177649359103	1375.43528131551	166.317671008757	1	1	131.398860714071	1	1
CRISPLD2	1	1	1	1	1	1	206.218992298368	1	96.001421044526	1	1	1	1	1
CRLF2	1	1	1	1	1	1	1	1	1	1	1	1	1	98.8713498707112
CRNDE	1	1	1	1	1	1	1	1	1	21.0658059378203	1	317.37993154402	50.8243825785101	1
CRTAM	258.532722396537	1	14.2708334984671	1	120.922838190031	1	1	1	1	1	22.9944062905757	1	141.125230467069	1
CRYAB	1	1	1	1	1	1	849.323023000858	1	319.973100001494	1	1	1	1	1
CRYBG1	67.4424822792935	61.2462610480834	45.7874144006839	107.045092680479	77.823400126976	31.4168560683797	1	27.2366543879275	1	1	77.7289333013751	20.6942159360362	47.7977833902266	1
CRYM	1	1	1	1	1	1	1	1	1	1	1	150.242025611562	1	1
CSF1R	1	1	186.757986432511	1	1	1	1	1	1	1	1	1	1	1
CSF2	1	1	1	1	1	1	1	1	1	1	41.9145790925345	1	1	40.7246035863627
CSF2RA	1	1	152.61973620438	1	1	1	1	1	1	1	1	1	1	1
CSF2RB	1	1	29.5319219919217	1	1	1	1	1	1	28.2317794880068	1	1	1	52.5979653912697
CSF3R	1	1	77.3558457463005	1	1	1	1	1	1	1	1	1	1	1
CSGALNACT1	1	15.9294428427117	1	23.1326682857493	1	1	76.5149523410198	20.5642909247854	14.0012034299812	18.7475117118089	44.3921869224433	1	13.3757160013554	1
CSPG4	1	1	1	1	1	1	66.9045943365052	1	1	1	1	1	1	1
CSRP2	1	1	1	1	1	1	513.040591172862	77.2522980114181	107.472883083558	1	1	1	1	1
CST1	1	1	1	1	1	1	1	1	49.2919959674565	1	1	1	1	1
CST3	1	1	3869.97922634058	1	25.6477930441654	1	1409.29405974569	182.960269682237	1785.31495945031	66.0195781677774	1	1391.70841185877	1	1007.65165257054
CST7	1531.69758797611	382.280833295303	215.718748340152	424.222031961694	2305.08227451599	1	16.7586346560974	35.796262287666	1	48.0622502014775	413.016325903706	36.0822697504448	519.323057936261	314.481853470095
CSTA	1	1	164.600132673426	1	1	1	1	1	63.8154273257268	1	1	1	1	1
CTF1	1	1	1	1	1	1	1	1	1	1	1	75.3371019801826	1	1
CTH	1	1	1	1	1	1	1	1	1	33.6361682501945	1	22.3980875701114	31.0487283563623	1
CTHRC1	1	1	1	1	1	1	120.722490077907	1	752.204117687096	24.2872825353648	1	12.7550883865431	1	1
CTLA4	109.263493014526	661.133299753185	14.0321481257165	99.0234066385812	1	1	1	1	1	1	532.857221694406	1	127.273167019656	1
CTNND1	1	1	56.6667657689411	1	1	1	42.7875764369103	258.220816467647	30.3792627865597	1	1	125.955593041502	1	13.5238890348771
CTPS1	1	1	1	1	1	1	1	1	1	1	1	1	35.6364048547423	1
CTSE	1	1	1	1	1	1	1	1	1	1	1	144.217157709919	1	1
CTSK	1	1	1	1	1	1	62.4446364944285	1	400.112598429233	1	1	1	1	1
CTSL	1	1	335.598176140863	25.4190685167749	1	1	173.535345334932	99.6038642079755	215.180928167363	1	24.1244795846678	56.6709730513819	1	31.8708649718779
CTSW	626.346590136586	16.6661648837186	20.8817449317839	123.032019833126	1249.6114406224	1	1	1	1	40.5751709987357	52.3368258205432	1	273.782509734739	235.743601242787
CTSZ	1	26.24111682887	646.269154718871	1	1	96.6386431311985	62.6681632683056	63.368652272388	101.213582340536	126.877704894758	20.801448612282	144.268917993512	48.6955164263891	1
CTTN	1	1	1	1	1	1	58.4835058241618	86.57046626491	58.0897601030815	1	1	198.098733072812	1	1
CTTNBP2	1	1	1	1	1	1	1	1	1	1	1	1	1	177.12875899881
CUL9	1	57.0946245518496	1	1	1	1	1	1	1	1	1	20.6753587532651	17.0909081998887	1
CX3CL1	1	1	1	1	1	1	19.3926291386191	229.68299227811	15.0642575017067	1	1	11.6908121418136	1	1
CX3CR1	1	1	1	1	98.4000968119038	1	1	1	1	1	1	1	1	1
CXCL10	1	1	57.7069049486972	1	1	1	1	1	1	20.2289888143393	1	1	1	1
CXCL12	1	1	1	1	1	1	121.073528252795	25.7128455950106	318.021084327403	1	1	1	1	1
CXCL13	247.976530793172	1	1	1	1	1	1	1	1	1	4716.25436302228	1	780.985618478195	1
CXCL14	1	1	1	1	1	1	1	1	94.2884069457221	1	1	637.101814857736	1	1
CXCL16	27.1388220501736	1	360.435792032257	18.3926214471373	1	24.4793553620286	17.1531090202665	19.7803253030338	27.9260840055369	1	1	109.409802578776	1	145.818383740878
CXCL17	1	1	1	1	1	1	1	1	1	1	1	77.3195419403473	1	1
CXCL2	1	1	789.047379479958	1	1	1	63.9915069757488	205.482041138686	126.041041944705	1	1	94.6535097605299	1	1
CXCL3	1	1	739.206908575077	1	1	1	17.3455051872139	61.3861600641308	42.0926664806194	1	1	33.2262783908695	1	1
CXCL8	1	1	1724.80033399142	1	1	1	1	16.353822992888	1	1	1	43.9533438038437	1	1
CXCL9	1	1	89.1151771447097	1	1	1	1	1	1	1	1	1	1	1
CXCR1	1	1	1	1	14.3479233611214	1	1	1	1	1	1	1	1	1
CXCR2	1	1	1	1	27.3197320622637	1	1	1	1	1	1	1	1	1
CXCR3	156.445834177634	98.4991588838989	19.575765237661	123.422821804438	14.4054466860558	37.7938857123591	1	1	1	37.4459536551294	120.942493830362	1	156.822654147769	1
CXCR4	1205.50672189184	751.041033125359	278.080652756726	1342.71650685427	610.907735396491	661.761774104903	32.7276756571556	50.2516982271241	20.046321801492	245.253892725975	676.856769343226	51.5019716892307	615.675946283158	24.900275611665
CXCR5	1	15.8748646653743	1	1	1	72.0609268826685	1	1	1	1	1	1	1	1
CXCR6	127.906777647889	145.741293172026	1	72.4884373497121	1	1	1	1	1	1	125.814320588832	1	76.3872396056192	1
CXorf21	1	25.9063551105202	32.1154421057011	1	1	22.452070327295	1	1	1	61.8929178190574	16.9994129304976	1	1	1
CYB561D1	1	1	1	1	14.8934879022429	1	1	1	1	1	16.9120555268266	1	1	1
CYB561D2-1	1	16.8715974472046	1	1	1	1	1	1	1	1	17.1613978354998	1	1	1
CYBB	1	1	269.894492438441	1	1	115.794377138594	1	1	1	13.4571122009244	1	1	1	1
CYBRD1	1	1	18.1165750830199	1	1	1	122.157032937349	28.0707132854108	214.709752291154	1	1	77.7659999950321	1	1
CYGB	1	1	1	1	1	1	78.2530446899552	1	186.33681662482	1	1	1	1	1
CYP1B1	1	1	38.4623248954798	1	1	1	17.0341684111336	86.7950553110039	277.993418255362	1	1	63.8042338841795	1	1
CYP2S1	1	1	37.0268760040893	1	1	1	1	1	1	1	1	1	1	1
CYSLTR1	1	18.2243486577234	18.2801862127126	31.9989450052138	1	80.5032265793507	1	26.2947890986758	1	26.8818466275937	56.9987023604404	1	1	23.3180204042754
CYTL1	1	1	1	1	1	1	1	95.4038187968751	1	1	1	1	1	1
CYYR1	1	1	1	1	1	1	1	306.149754993466	1	1	1	1	1	1
DAB2	1	1	155.601861373363	1	1	1	68.3189643221884	132.739923099359	141.567489388927	1	1	1	1	1
DAPK1	1	1	82.0690242573297	1	1	1	1	1	25.2296870433313	1	1	41.3419640086853	1	90.9161954506968
DAPK2	32.6660089731422	1	1	1	13.9284522109662	1	1	1	1	1	58.9688852882357	14.5963069688874	26.5388349733132	17.6198902656728
DAPP1	1	39.8394181168492	67.8404384125547	17.4839491350541	1	89.4478717895992	1	1	1	65.2714448607578	46.2524060111429	1	26.4215866262927	1
DCAF17	1	18.1334111957421	1	1	16.6441078246205	1	12.6810811367087	1	1	1	1	1	13.1334304211536	1
DCBLD2	1	1	1	1	1	1	25.6462859238147	1	36.3216945543425	1	1	22.3164634394375	1	70.5647301693651
DCHS1	1	1	1	1	1	1	1	64.6067819377518	28.2598621897394	1	1	1	1	1
DCN	1	1	1	1	1	1	1230.38597177267	1	4212.56960969621	1	1	1	1	1
DDAH1	1	1	1	1	1	1	13.4454052837535	1	18.6815186418404	1	1	176.079060505285	1	1
DDN-AS1	1	1	12.4312303738691	1	52.3590555195172	1	1	1	1	15.1400417214738	1	1	1	1
DDR1	1	1	1	1	1	1	13.3367833251185	1	1	1	1	298.270405178496	1	1
DDR2	1	1	1	1	1	1	73.3254616565159	1	83.1432548087987	1	1	1	1	1
DDX60L	19.605833688469	20.866462176651	19.0462649585444	17.9906973369938	22.5574391265996	1	1	1	1	1	1	1	1	1
DENND5B	1	1	1	1	1	27.8414038043667	1	1	1	63.2124969512255	1	1	1	1
DEPDC1	1	1	1	1	1	1	1	1	1	1	1	1	27.9685428755328	1
DEPDC1B	1	1	1	1	1	1	1	1	1	1	1	1	48.8353699416365	1
DEPDC5	1	1	1	1	1	1	1	1	1	1	1	1	1	29.6411476996808
DEPP1	1	1	1	1	1	1	462.170432957282	670.562261119094	1031.03783531579	45.1266789631846	1	56.4559672845123	1	1
DERL3	1	1	1	1	1	33.2127996317328	1	1	47.6115205331856	2595.68109386185	1	1	55.4260820330438	1
DES	1	1	1	1	1	1	109.161960577088	1	1	1	1	1	1	1
DGAT2	1	1	1	1	1	14.7471427077097	1	1	1	1	1	1	1	1
DGKH	1	15.7203597066056	1	1	1	1	37.5316877278125	36.4590584086779	1	1	20.0145230067839	1	1	1
DGKQ	1	1	1	1	22.2636244061395	1	1	1	1	1	1	19.7696023202582	1	1
DHCR24	1	1	1	1	1	1	1	1	1	1	1	148.450018041823	1	1
DHCR7	22.0978533031814	19.3242153620552	1	22.7202423158245	12.7370980676485	1	1	1	1	1	1	19.0870986761519	14.5600996142684	1
DHFR	1	1	1	1	1	1	13.4936308236892	1	1	1	1	14.0234188436456	132.500144068333	1
DHRS3	22.5060534037557	1	30.970546812054	50.1015140924288	23.6433604180436	1	1	81.874117780855	55.3949147624552	1	1	56.9773268990167	1	1
DHRS9	1	1	15.5848445108222	1	1	1	1	1	1	78.9443532139604	1	1	1	171.093074896962
DIAPH3	1	1	1	1	1	1	1	1	1	1	1	1	39.5493655120742	1
DIP2C	1	1	1	1	1	1	14.3698906834801	1	18.5322082901716	1	1	18.8612897982422	1	43.2438199307672
DKK3	22.3932407359905	1	1	1	1	1	322.207110935372	1	576.005222289523	1	1	1	1	1
DLC1	1	1	1	1	1	1	127.466063548772	266.896555538998	72.0085387993064	1	1	130.24289790291	1	103.296267529853
DLEU2	16.3337246561278	19.1272507229324	17.5476213038521	1	1	1	1	13.6590194482431	1	1	23.8420923004903	1	99.9303250156419	1
DLGAP5	1	1	1	1	1	1	1	1	1	1	1	1	106.062876810849	1
DLL4	1	1	1	1	1	1	1	120.782452151276	1	17.8688496159338	1	19.0660612018477	1	1
DMGDH	1	16.2931934673153	1	1	1	1	1	1	1	1	1	1	1	1
DMKN	1	1	1	1	1	1	1	1	24.384211803544	1	1	128.890861362535	1	1
DMXL2	1	1	75.8727733420942	1	1	1	1	1	1	1	1	14.3180906316446	1	18.8830630540278
DNA2	1	1	1	1	1	1	1	1	1	1	1	1	22.4863686154464	1
DNAAF1	1	1	46.3903500639745	1	1	1	1	1	1	102.227693737902	1	1	1	1
DNAH5	1	1	1	1	1	1	1	1	1	1	1	107.371725282112	1	1
DNALI1	1	1	1	1	1	1	17.1207083944754	1	21.7616479602684	1	1	112.337910954864	1	1
DNASE1L3	1	1	1	1	1	1	1	268.178744696269	1	1	1	1	1	1
DOCK6	1	1	1	1	1	1	34.8573528524072	126.755293411958	28.1434377372788	1	1	1	1	1
DOCK9	1	1	1	1	1	1	1	159.687975480838	1	1	1	30.2141635018908	1	1
DOK3	1	1	38.2211088230423	1	1	40.0634063441929	1	1	1	71.5964397107091	1	1	1	17.0854137001651
DOT1L	1	1	37.9677661947309	1	1	1	1	1	1	1	1	1	27.8905670413126	39.2231551433771
DPH2	1	1	1	1	1	15.6079378486512	1	1	1	1	1	1	1	17.7244685786358
DPP4	1	1	1	43.1557343896271	1	1	1	1	1	1	1	263.353633678717	13.3448185885865	40.2162395097611
DPT	1	1	1	1	1	1	1	1	181.263215067445	1	1	1	1	1
DPYSL3	1	1	1	1	1	1	22.2116811571123	140.216162384524	140.754591417407	1	1	18.8288311508713	1	1
DRAIC	1	1	1	1	1	1	1	1	1	1	32.713752424777	11.0181896230163	15.3996325790646	1
DSC2	1	1	40.8554708320862	1	1	1	1	1	1	1	1	35.2312253239825	1	1
DSCC1	1	1	1	1	1	1	1	1	1	1	1	1	38.2124363405495	1
DSG2	1	1	1	1	1	1	1	1	1	1	1	128.296677982763	1	1
DSP	1	1	1	1	1	1	1	1	1	1	1	178.249939855398	1	1
DST	1	1	29.6712724073514	1	1	1	150.626955566655	75.0587555493859	258.857964842474	1	1	49.311094761126	1	30.592202621444
DTHD1	44.3882683317437	1	1	1	50.3459982066735	1	1	1	1	1	37.5214758953406	1	29.6072907123112	1
DTL	1	1	1	1	1	1	1	1	1	1	1	1	58.867729675098	1
DTYMK	1	1	14.7358951736787	1	26.8933186247438	16.1742128210964	12.7800084690341	21.6277048243299	21.2584495540521	14.7710640840808	13.383977828654	33.1853707737257	179.855794011795	1
DUS2	1	1	1	1	1	16.2637113798306	1	1	1	15.7238411398598	1	1	1	1
DUSP14	16.826844641359	1	1	15.1213687956361	16.0695120997597	1	75.2906283643289	1	31.6366967039387	1	1	1	11.8870168822763	614.494980559245
DUSP16	34.6224835604636	114.125529812075	13.8326085865763	45.0830533698502	1	1	1	27.1108903416542	13.4038782894832	1	60.2480703221001	36.7443144192359	40.102346967524	1
DUSP18	1	16.6339000000357	13.8441402611307	1	1	1	1	1	1	1	1	1	14.1866746581484	33.1035147081823
DUSP2	1460.89512215437	655.391350694689	624.754068310613	858.811071248766	1429.08910167039	259.934503692861	24.9316865206086	55.0484209561335	38.9152936607103	368.205413503483	777.089009915692	48.2729807312293	607.677219196725	51.4829019864107
DUSP4	608.786364720252	839.404001207262	144.766599033263	299.183981814888	1	132.277650279244	37.0433033790753	26.655604897909	1	101.845944777915	1183.04955706008	24.7880939327307	666.795410655416	133.31231527899
DUSP6	20.4163301672613	1	84.2933586215834	16.5983221624652	14.4944778274939	1	40.7232557901306	555.694390376646	46.4907409744113	14.5529260787729	18.9276247314547	14.3479274668691	1	696.535025110785
DYSF	1	1	1	1	1	1	1	109.092817667671	1	1	1	1	1	1
DZIP3	26.2965279870793	14.6773372147404	1	15.3211088429	1	1	1	1	1	1	1	1	18.5449501835743	1
E2F1	1	1	1	1	1	1	1	1	1	1	1	1	34.2416086781779	1
E2F2	1	1	1	1	1	1	1	1	1	1	1	1	22.8814036804648	1
E2F3	1	20.1583612531331	13.4010753186274	1	1	1	1	1	1	1	1	11.1985816261564	12.9104060829156	20.740207583693
E2F5	1	1	1	1	1	13.7920111278672	1	1	1	48.0826931893875	1	11.3864575796713	1	1
E2F7	1	1	1	1	1	1	1	1	1	1	1	1	36.3020083425216	1
E2F8	1	1	1	1	1	1	1	1	1	1	1	1	35.5866655810492	1
EAF2	1	1	30.1768438386205	1	15.7104638506606	62.3339180803189	1	1	1	183.219299550396	1	1	31.5254250150632	14.7068272959679
EBF1	1	1	1	1	1	57.4602225194438	116.80648207633	14.6894418600708	12.9344813297232	1	1	1	1	1
EBI3	1	31.5953979948361	32.6743411571937	1	1	29.309572838761	1	1	1	1	24.3959619204401	1	29.100727609072	1
ECHDC3	1	1	1	1	1	1	1	1	1	1	1	73.9792813918731	1	1
ECM1	1	1	20.2260023188922	1	1	1	131.65297479921	1	99.074330160922	1	1	101.842621117499	1	1
ECM2	1	1	1	1	1	1	61.8058406956949	1	47.8964804897372	1	1	1	1	1
ECSCR	1	1	1	1	1	1	1	754.563532678983	1	1	1	1	1	1
ECT2	1	1	1	1	1	1	1	1	1	1	1	18.0536837904988	36.858905590312	1
EDARADD	37.1504706433047	1	1	23.2328251194187	1	1	1	1	1	1	32.4275340029919	1	33.8089506294012	25.4132031837595
EDIL3	1	1	1	1	1	1	203.813982180332	43.7387527978285	98.6399434829631	1	1	1	1	52.1068382859317
EDN1	1	1	1	1	1	1	1	501.993361157745	1	1	1	23.5313359230652	1	1
EDNRA	1	1	1	1	1	1	241.656819922673	1	98.7314556661442	1	1	1	1	1
EDNRB	1	1	1	1	1	1	103.962422524451	86.4526795191654	18.55264057695	1	1	1	1	1
EFCAB11	1	1	1	1	1	1	1	1	1	1	1	1	22.9385349547419	1
EFEMP1	1	1	1	1	1	1	120.233547416857	1	312.374218512763	1	1	262.064327948682	1	1
EFEMP2	1	1	1	1	1	1	183.364781421083	67.5264718066958	290.499161253002	1	1	1	1	1
EFHD1	1	1	1	1	1	1	151.994918468472	1	1	1	1	1	1	1
EFNA1	1	1	1	1	1	1	25.12589920886	196.171806165721	1	1	1	304.863108684086	1	1
EFNB1	1	1	10.9470452952504	1	1	1	15.9713438777141	132.997757293627	28.0316465357732	1	1	1	1	1
EFNB2	1	1	1	1	1	1	1	278.73896841397	1	1	1	1	1	1
EGFL6	1	1	1	1	1	1	568.604558004057	1	36.7785222406737	1	1	1	1	1
EGFL7	1	1	1	1	1	1	13.80578094544	2033.66651485982	28.7201075424486	1	1	109.155240601917	1	44.5349615464735
EGFLAM	1	1	1	1	1	1	52.8720506243357	1	1	1	1	1	1	1
EGOT	1	1	1	1	1	1	1	1	1	1	23.2825237203518	1	1	1
EHD2	1	1	1	1	1	1	267.948387507375	106.680546541232	77.2703480018753	1	1	53.6651092188307	1	1
EHD3	1	1	1	1	1	15.9663022298568	36.7536091821979	1	1	1	1	1	1	1
EHF	1	1	1	1	1	1	1	1	1	1	1	104.025385160608	1	1
EID3	1	17.5118942478122	1	1	1	1	17.4350504213081	1	1	1	12.9599577456393	1	14.7536791136278	1
ELF3	1	1	1	1	1	1	1	1	1	1	1	359.231171472654	1	1
ELF4	1	1	15.1534103761646	1	23.1252514204425	1	1	1	1	1	1	1	1	15.2320011593949
ELF5	1	1	1	1	1	1	1	1	1	1	1	68.7238807420109	1	1
ELMO3	1	1	1	1	1	1	1	1	1	1	1	88.4362514533782	1	1
ELN	1	1	1	1	1	1	37.7453271733056	53.2474529866597	449.11123496721	1	1	1	1	1
ELOVL7	1	1	1	1	1	1	1	1	1	1	1	1	1	40.7887722336586
ELP1	1	14.2572722691514	1	1	1	1	15.1357299004992	1	1	1	21.3998809485816	21.9667213285472	16.6080783687126	1
EMB	175.083021324077	116.506606081554	41.9786564533259	187.396925058148	162.807015500349	75.9310716409097	1	1	1	44.6515617625409	171.450788492796	108.752519143873	125.470812152259	1
EMCN	1	1	1	1	1	1	1	600.553031825357	1	1	1	1	1	1
EMILIN1	1	1	1	1	1	1	173.545629571031	1	473.268477785475	1	1	1	1	1
EMILIN2	1	1	107.848994935778	1	1	1	1	1	1	1	1	1	1	24.0111388340323
EMP1	1	1	61.5118197371816	19.405581960741	1	1	334.370852415685	565.716586430107	276.638617114678	1	1	46.8482880997139	1	19.1013377909154
EMP2	1	1	26.5278304019423	1	1	1	237.469859584515	593.471061450326	238.535912524036	1	1	782.759735930478	1	1
ENAH	1	1	1	1	1	1	116.688468687724	59.9796433596042	105.947656877579	1	1	41.9059146480869	1	1
ENC1	43.0029348076581	1	1	1	87.525348825013	1	18.0959208491756	32.8887115748243	51.2068051905037	21.8416281759491	1	35.6265248239854	1	1
ENG	1	1	127.185189958952	1	1	1	241.408148867772	1439.090041707	235.3738640382	1	1	1	1	26.0452200057194
ENPEP	1	1	1	1	1	1	56.2232139859468	1	26.1649317236112	1	1	1	1	1
ENPP2	1	1	36.6234499371544	1	1	1	18.4057400380082	169.961712147778	32.2137840066857	1	1	1	1	1
ENPP3	1	1	1	1	1	1	1	1	1	1	1	11.9690455791648	1	183.413095502414
ENPP5	1	1	1	1	13.3220870451532	1	16.3671434005423	1	1	1	1	93.5850672225275	1	1
EOMES	51.9532023188238	1	1	1	85.2678988458476	1	1	1	1	1	1	1	28.8607206223893	1
EPAS1	1	16.37972715276	27.535884226408	1	1	1	269.133517483389	1811.80331455099	130.538890830984	1	21.711658561075	224.704549470723	1	38.4987124827045
EPB41L1	1	1	1	1	1	1	43.5850248584244	1	19.2042935269056	1	1	64.5133642996352	1	44.6206852111228
EPB41L3	1	1	101.719286338999	1	1	1	1	1	18.0715848855434	1	1	1	1	1
EPB41L5	1	1	1	1	1	1	1	1	1	1	1	159.355454842597	1	1
EPCAM	1	1	1	1	1	1	1	1	1	1	1	900.741009770935	1	1
EPG5	1	1	14.8773545272829	1	22.2991990099702	1	1	1	1	1	1	20.6957196985724	1	36.1504742390053
EPHA1	17.2635757972338	1	1	16.4088393721669	1	1	1	1	1	1	1	1	1	1
EPHA4	15.966048506564	1	1	19.6108688245644	1	1	1	25.1751674517442	1	1	1	1	1	1
EPHB4	1	1	1	1	1	1	1	172.624595926924	1	1	1	44.4488490793232	1	1
EPHB6	1	15.4302938714774	1	1	1	15.083183907854	1	1	1	1	17.1773698596387	1	1	1
EPHX1	1	1	33.8786570086437	1	1	1	150.499837517728	221.858473597749	242.423079076905	17.2506911513747	1	720.653556013544	1	1
EPHX2	1	51.175929853436	1	1	1	1	18.0043629597339	16.6760914285694	16.4838032738641	1	18.2040370528774	34.891776625736	1	1
EPS8	14.2228619211775	1	20.7912972264943	1	34.7949640282663	1	263.588026459726	41.1325056119839	40.9447193817031	21.7096037422578	1	68.693064831575	1	1
ERBB2	1	1	1	1	16.1087960910481	1	18.9917730724278	1	23.0474606852585	1	1	144.22962553301	1	1
ERBB3	1	1	1	1	1	1	1	1	1	1	1	184.26498033939	1	1
EREG	1	1	395.928116202227	1	1	1	1	1	1	1	1	1	1	1
ERG	1	1	1	1	1	1	1	116.58301397363	18.1149571520616	1	1	1	1	14.8257179078366
ERI1	1	36.2252416746066	20.750569478878	1	1	1	1	1	1	1	17.5981513826087	18.1345613264781	29.9376990339779	24.5827261431983
ESAM	1	1	1	1	1	1	227.575528658342	1008.35121467707	1	1	1	1	1	1
ESCO2	1	1	1	1	1	1	1	1	1	1	1	1	68.9191352795093	1
ESM1	1	1	1	1	1	1	1	53.3644071591849	1	1	1	1	1	1
ESPL1	1	1	1	1	1	1	1	1	1	1	1	1	39.48323192702	1
ESR2	1	1	1	1	1	1	1	1	1	19.7559855171329	1	1	1	1
ESRP2	1	1	1	1	1	1	1	1	1	1	1	69.9896590639309	1	1
ETV7	1	48.7591441160645	1	1	1	1	1	1	1	30.987466456849	86.7879498527648	20.1015932329054	23.3766957032064	1
EVA1A	1	1	1	1	1	1	1	1	16.5469897329202	1	1	87.3651183382245	1	1
EVPL	1	1	1	1	1	1	1	1	1	1	1	66.715419317212	1	12.753865784291
EXO1	1	1	1	1	1	1	1	1	1	1	1	1	26.5501385029154	1
EXOC3L1	1	1	1	1	1	1	1	85.2943360707144	1	1	1	1	1	1
EXOC3L2	1	1	1	1	1	1	1	65.2695384844943	1	1	1	1	1	1
EXPH5	1	1	1	1	1	1	1	1	1	1	1	78.2853437002914	1	1
EZH2	16.5480203440539	19.0403434212681	25.4034539925081	1	1	1	1	1	1	1	15.2061491228487	1	135.933109265775	1
F10	1	1	1	1	1	1	75.7976772534264	1	73.1748544668927	1	1	1	1	1
F13A1	1	1	123.198785781051	1	1	1	1	1	1	1	1	1	1	1
F2R	81.1566631242513	1	1	47.3800951251188	87.9819358314075	1	61.3989311258652	25.0802976646884	110.08063701112	15.3409758472071	45.6879524883325	1	71.524954618967	1
F2RL3	1	1	1	1	1	1	1	141.675298707624	1	1	1	1	1	1
F5	1	61.8368357119955	1	1	1	1	1	1	1	1	19.2436911151316	1	1	1
F8	1	1	1	1	1	1	1	172.408919963934	1	1	1	10.8769731826663	1	1
FAAH	1	1	1	1	1	1	1	1	1	1	1	61.1939692509106	1	1
FAAH2	1	137.409466782097	1	46.9479627843653	1	15.464426514434	1	1	1	28.0766647321192	115.569226142207	38.8994235714195	1	1
FABP3	1	1	31.1858172440122	1	1	1	1	1	1	1	1	1	1	1
FAIM2	1	1	1	1	1	1	1	1	1	1	15.3714968288706	1	1	23.9419636331568
FAM102A	85.4305463792996	72.8071795142576	1	107.635067504166	1	135.014138848827	1	1	17.846763017927	29.4536667774078	40.6577201970263	50.9766382742746	60.3113216629342	137.883066729356
FAM107A	1	1	1	1	1	1	1	363.631034951537	1	1	1	1	1	1
FAM110D	1	1	1	1	1	1	1	72.1508233678803	1	1	1	1	1	1
FAM111B	1	1	1	1	1	1	1	1	1	1	1	1	66.9237275106364	1
FAM117B	1	1	1	1	1	18.794334749733	1	1	1	1	1	26.4539630464399	1	1
FAM122A	1	1	1	1	21.632170092979	1	1	1	1	1	1	1	1	1
FAM13C	1	1	1	1	1	1	100.60675614178	27.6625921728249	28.4222834831556	1	1	1	1	1
FAM162B	1	1	1	1	1	1	324.863674846214	1	39.7836909307524	1	1	1	1	1
FAM167B	1	1	1	1	1	1	1	191.994394111405	1	1	1	1	1	1
FAM171A1	1	1	1	1	1	1	1	62.0161443376217	1	1	1	1	1	1
FAM174B	1	1	1	1	1	1	1	1	1	1	13.6668332937192	44.4730128310436	1	17.4546745408993
FAM177B	1	1	1	1	1	26.5779025756486	1	1	1	1	1	1	1	1
FAM184A	1	47.7991934023228	1	1	1	1	1	1	1	1	25.2230027172215	68.6867926678658	21.3248804450365	1
FAM214B	1	1	22.1591316946232	1	13.4022342584733	1	1	25.390073954345	1	1	1	1	1	40.271361705823
FAM24B	1	1	1	1	1	1	1	1	1	1	16.6852865388963	1	26.8598323275516	15.1413535395478
FAM30A	1	1	1	1	1	94.4272488233571	1	1	1	219.237072588819	1	1	1	25.2896412494712
FAM43A	1	1	1	1	1	14.9109660856585	1	73.162934605072	30.8033186349481	1	23.5779734042378	1	1	1
FAM49A	1	1	115.219668077429	1	28.3100461476364	118.125342248596	29.1129109043147	1	19.161870790273	63.7990187610893	1	1	24.8176265499392	26.5355905078709
FAM83D	1	1	1	1	1	1	1	1	1	1	1	1	23.1010564290186	1
FAM92A	1	1	1	1	1	1	22.289079131467	1	83.0847814478341	1	1	1	1	1
FAM92B	1	1	1	1	1	1	1	1	1	70.0322973999383	1	1	1	1
FANCA	1	1	1	1	12.9660004553791	1	1	1	1	13.8895461177782	1	1	35.9622681962278	1
FANCB	1	1	1	1	1	1	1	1	1	1	1	1	24.6086592940288	1
FANCD2	1	1	1	1	1	1	1	1	1	1	1	1	41.9602608878616	1
FANCG	1	1	1	1	1	1	1	1	1	1	1	1	36.0212890756382	1
FANCI	1	1	1	1	1	1	1	1	1	1	1	1	99.5243574310153	1
FANK1	1	42.4079849391743	1	1	1	1	1	1	1	1	1	34.6167446080233	1	1
FAP	1	1	1	1	1	1	20.6551809283498	1	154.971761637454	1	1	1	1	1
FASLG	43.9456342308589	1	1	1	17.3839318074788	1	1	1	1	1	1	1	35.1843162609564	1
FBLIM1	1	1	1	1	1	1	205.424098627625	20.5488535519609	88.5992729891933	1	1	16.1945670479944	1	1
FBLN1	1	1	1	1	1	1	43.5710995729394	1	875.446609882767	1	1	1	1	1
FBLN2	1	1	1	1	1	1	1	1	322.897595337452	1	1	1	1	1
FBLN5	1	1	1	1	1	1	15.9565044402422	1	444.773002810218	1	1	18.7115593585608	1	1
FBLN7	1	102.330396210071	1	57.2707719129728	1	1	1	1	12.2755663943108	1	116.504705414919	48.2979988306275	1	1
FBN1	1	1	1	1	1	1	58.0195929003026	1	172.281037742326	1	1	1	1	1
FBP1	1	1	315.978374939802	1	1	1	1	1	62.3287711004388	25.5164865544828	1	108.714761746091	1	48.8196177254955
FBXO10	1	1	1	1	1	21.2416923040893	1	1	1	22.9186008496203	18.8724562808304	1	1	1
FBXO16	1	1	1	1	1	1	1	1	1	23.6118487157448	1	1	1	1
FBXO2	1	1	1	1	1	1	1	1	1	1	1	95.3822929111355	1	1
FBXO5	1	1	1	1	1	1	1	1	1	1	1	1	85.7098768704358	1
FCER1A	1	1	179.643289310927	1	1	1	1	1	1	1	1	1	1	341.687617864528
FCER1G	1	1	1823.89414644561	1	93.4707516816636	1	1	1	1	1	1	1	1	1200.69165472691
FCER2	1	1	1	1	1	47.4687666156157	1	1	1	1	1	1	1	1
FCGBP	1	1	64.0198117536945	1	1	1	1	1	1	1	1	1	1	1
FCGR1A	1	1	134.907477658954	1	1	1	1	1	1	1	1	1	1	1
FCGR1B	1	1	33.6659326884006	1	1	1	1	1	1	1	1	1	1	1
FCGR2A	1	1	404.673094357287	1	1	1	16.7764832869859	1	1	1	1	1	1	1
FCGR2B	1	1	259.855671960365	1	1	82.4216974850301	1	1	1	132.71887791026	1	1	1	1
FCGR3A	1	1	290.851289542566	1	762.421032756896	1	1	1	1	1	1	1	1	1
FCHO1	1	14.2521983609087	12.3651893354509	1	16.0063350439191	1	1	1	1	1	25.6926126026734	1	12.3200793716888	1
FCMR	70.0349332998309	178.964220004645	16.9341442425728	90.0522214312683	109.139850286685	198.433711827831	23.0859614841031	1	1	1	60.4204604182767	1	28.9021817336518	1
FCN1	1	1	231.722260300396	1	1	1	1	1	1	1	1	1	1	1
FCN3	1	1	1	1	1	1	1	819.229538477661	1	1	1	1	1	1
FCRL1	1	1	1	1	1	62.738436175596	1	1	1	1	1	1	1	1
FCRL2	1	1	1	1	1	35.0869227746682	1	1	1	88.1931130043861	1	1	1	1
FCRL3	1	32.243494406407	1	1	38.1691706407438	25.517767208679	1	1	1	1	1	1	1	1
FCRL5	1	1	1	1	1	40.0189269233524	1	1	1	352.140307189765	1	1	1	1
FCRL6	28.6962840080484	1	1	1	310.927049826652	1	1	1	1	1	1	1	1	1
FCRLA	1	1	1	1	1	168.243215579489	1	1	1	95.7166206110926	1	1	1	1
FCRLB	1	1	1	1	1	1	1	1	1	20.3235074260034	1	1	1	1
FEN1	1	1	1	1	1	1	1	1	1	1	1	1	114.035452349778	1
FENDRR	1	1	1	1	1	1	1	134.059331723369	1	1	1	1	1	1
FER	1	1	1	1	1	1	26.9378730537813	21.7683763453321	15.6080960557155	1	1	1	1	91.7981126562269
FERMT2	1	1	1	1	1	1	150.643258673744	99.6783352321733	71.8395354440572	1	1	20.4699583266292	1	93.1661330705335
FEZ1	1	1	1	1	47.6559377675761	1	70.2600919401404	17.5969368629637	89.8718224208426	1	1	1	1	1
FGD2	1	1	35.2814183799725	1	1	63.1470870235933	1	1	1	26.9863837220313	1	1	1	1
FGD5	1	1	1	1	1	1	1	101.632620630851	1	1	1	1	1	1
FGF7	1	1	1	1	1	1	15.6971973130839	1	325.487267935587	1	1	1	1	1
FGFR1	1	1	1	1	1	1	38.6002257200737	57.4330668255806	100.908238581733	1	1	1	1	1
FGFR4	1	1	1	1	1	1	1	1	142.728913455482	1	1	1	1	1
FGGY	1	1	1	1	1	12.6361290804152	1	1	1	1	1	398.968963895024	12.4248794947386	1
FGL2	1	17.1362088796723	193.082565790592	1	56.7232062498276	1	1	1	1	25.9954614772399	25.2894588563333	23.5385231413869	18.0030464780073	14.1363211052503
FGR	1	1	161.817175967237	1	144.542665681952	1	1	29.1007775329787	1	1	1	1	1	23.0475090446736
FHL1	1	1	1	23.5102806600073	1	1	307.187052989598	78.8082040154171	728.934740261091	1	19.0469179149198	1	1	17.2648051557248
FHL2	1	1	1	1	1	1	173.683179630464	1	238.351756437972	1	1	26.3923063787159	1	1
FHL5	1	1	1	1	1	1	134.005320117443	1	1	1	1	1	1	1
FHOD1	1	1	19.3627463988352	1	1	1	13.998979320738	45.193752914905	30.0002983159672	1	1	45.6428337423126	25.8700931658142	108.238251699455
FIBIN	1	1	1	1	1	1	1	1	82.876639859476	1	1	1	1	1
FICD	1	1	1	1	1	1	1	1	1	28.8783278373927	1	1	1	1
FIGNL1	1	1	1	1	1	1	1	1	1	1	1	1	33.5081791780822	12.7994462487466
FILIP1L	1	1	65.234828426071	1	1	1	341.740529068892	28.0348459619688	181.545844433134	1	1	19.0986282282626	1	30.8874810239041
FKBP10	1	1	1	1	1	1	167.014062263774	31.4774663382706	201.187259970751	1	1	1	1	1
FKBP11	92.273602824113	18.8258729459299	13.006595706436	118.804951077031	159.751643074501	21.5153602013517	31.7986648891899	13.4597457926819	81.7217582659264	2073.63384244337	49.1579404504292	43.9106800997095	100.445540107018	1
FLT1	1	1	24.4159534448889	1	1	1	1	439.890849716355	1	1	1	1	1	1
FLT4	1	1	1	1	1	1	1	78.314324325255	1	1	1	1	1	1
FLVCR2	1	22.8597135324265	15.8577154645541	1	1	1	1	1	1	1	1	24.1462374725522	1	1
FMO1	1	1	1	1	1	1	1	1	56.6203880068637	1	1	1	1	1
FMO2	1	1	1	1	1	1	144.10563768079	1	507.691386056494	1	1	1	1	1
FMO3	1	1	1	1	1	1	38.3967799477381	1	111.937639157258	1	1	1	1	1
FMO5	1	1	1	1	1	1	1	1	1	1	1	53.0731978733577	1	1
FMOD	1	1	1	1	1	1	274.969261882472	1	222.020997653344	1	1	1	1	1
FN1	1	1	229.346794544658	1	1	1	1493.65543750909	46.485141254425	1608.26796137743	1	1	39.9838235122556	1	1
FNBP1L	1	1	1	1	1	1	1	132.629975640825	15.2295311218065	1	1	93.1792540181143	1	1
FNIP2	1	1	113.75242537063	1	1	1	23.1461648679891	44.5443084591657	1	1	1	38.8870627091392	1	40.7742080727023
FOLR1	1	1	1	1	1	1	1	1	1	1	1	1926.07162436625	1	1
FOLR2	1	1	111.445731026189	1	1	1	1	1	1	1	1	1	1	1
FOXA2	1	1	1	1	1	1	1	1	1	1	1	52.3113161174703	1	1
FOXF1	1	1	1	1	1	1	51.316298503341	295.280449714544	34.7279716199749	1	1	1	1	1
FOXM1	1	1	1	1	1	1	1	1	1	1	1	1	36.4506853617079	1
FOXP3	1	235.38172871769	1	1	1	1	1	1	1	1	1	1	1	1
FOXQ1	1	1	1	1	1	1	1	1	13.1611354389901	1	1	120.052294294889	1	1
FOXS1	1	1	1	1	1	1	86.8812573487009	1	1	1	1	1	1	1
FPR1	1	1	137.124592785231	1	1	1	1	1	1	1	1	1	1	1
FPR3	1	1	75.2184712743971	1	1	1	1	1	1	1	1	1	1	1
FRY	1	1	13.6404587693474	1	1	1	44.0227172093673	137.882897471528	1	1	1	9.40825927459209	1	1
FRZB	1	1	1	1	1	1	286.029725508086	1	204.394921014519	1	1	1	1	1
FSCN1	1	1	60.5948234916418	1	1	1	29.4828263115519	298.905210901061	98.4311521757476	1	1	25.7863189611411	1	18.1720110407869
FSIP1	1	1	1	1	1	1	1	1	1	1	1	1	1	22.6706303402817
FSTL1	1	1	1	1	1	1	189.462830959359	46.0594080762916	354.93956479583	1	1	19.9644575677806	1	1
FSTL3	1	1	1	1	1	1	72.488073544558	1	88.1056683021181	1	1	1	1	1
FUCA1	1	1	44.522410571295	1	1	1	20.5748900625074	19.2524687354089	24.4525852817385	12.0954449095718	1	191.480559008283	1	1
FUT1	1	1	1	1	1	1	1	53.4645675729093	1	1	1	1	1	1
FXYD1	1	28.773830619802	1	41.3923866293735	12.0675634534526	15.0944907546287	221.831037093611	1	345.005969085456	1	24.4924104367204	1	1	29.6841933676353
FXYD2	29.3180180944025	1	1	1	1	1	1	1	1	1	1	1	16.2445038086226	1
FXYD3	1	1	1	1	1	1	1	1	1	1	1	131.437978570063	1	1
FXYD6	1	1	13.8132368057224	1	1	1	123.005715185203	257.243779480648	171.735719131764	1	1	1	1	1
FXYD7	16.719449627946	1	1	38.5280873224276	1	1	1	1	1	1	1	1	1	26.3163375776221
FYB1	350.502799127338	401.341419642891	258.736305448978	399.35994530086	252.94919091243	1	1	17.9563326058794	1	32.4116175715266	403.289294374456	1	265.193783160666	1
FYN	373.029570188859	267.991590469143	38.3906970033879	276.327126908033	273.091458134365	1	17.1450199265515	131.506469771975	18.7965858217092	20.8050949888918	329.488659312662	22.6532710587687	164.735338618942	66.2467492009383
FZD1	1	1	13.6679374972223	1	1	1	25.9532773663983	1	88.4081321602149	1	1	1	1	1
FZD4	1	1	1	1	1	1	15.9720655374049	141.43265301465	43.3463852845596	1	1	1	1	1
G0S2	1	1	990.144100258027	1	1	1	49.2976769989847	1	251.008440280457	39.0088828356309	160.594321553572	1	16.8352386106012	20.3196282589805
GAB1	1	1	1	1	1	1	16.8160115099627	1	21.7287611370248	83.9309959426514	1	11.9036969664376	1	1
GAB3	1	1	15.0527116927702	1	38.5215766812758	1	1	1	1	1	1	1	1	31.1424218714119
GAL3ST4	1	1	30.1978775803665	1	1	1	1	1	1	1	1	1	1	1
GALE	1	1	12.6207261836745	1	1	1	1	1	1	1	1	77.9441411904919	1	1
GALNT18	1	1	1	1	1	1	1	253.281519904122	1	1	1	64.2303566783842	1	1
GALNT3	15.8949130322915	1	16.6699437417916	1	32.0159940378306	1	1	1	1	1	1	22.5974732574183	1	83.1665730021668
GALNT6	18.0706788967265	1	21.4767383932145	19.1181267058839	19.8527071163837	1	1	1	1	1	1	1	1	103.49960633049
GAPT	1	1	22.4297786452475	1	1	56.9271648168374	1	1	1	1	1	1	1	33.1315375784528
GAS6	1	1	59.3633125461153	1	1	1	284.361382957348	480.450346901982	394.866152615929	212.847218597502	1	67.4934815546338	1	1
GAS7	1	1	21.2034029856875	1	35.9331572231822	1	1	1	64.924474523323	1	1	1	1	22.7955454757041
GATA1	1	1	1	1	1	1	1	1	1	1	1	1	1	48.9435156158844
GATA2	1	1	1	1	1	1	1	143.861417474827	1	1	1	1	1	1030.90167341807
GATA2-AS1	1	1	1	1	1	1	1	135.165882861709	1	1	1	15.0809673291721	1	1
GATA3	68.2375094693341	116.944709879021	1	87.7790615592331	40.0373692119174	1	1	16.1303478940127	1	1	59.3297524322454	1	38.00859029146	1
GATM	1	1	42.4774330289378	1	1	21.7409362422251	15.8119175369297	1	1	1	1	1	1	1
GBE1	1	1	28.3428432377292	1	17.4253142441211	13.1808697207122	53.7224207882854	28.4703105250417	27.119802699072	1	1	1	1	82.4479409422084
GBP5	145.633260234656	274.48381261827	64.4536388142091	104.288723019387	135.971721560001	23.2040991104775	1	1	1	68.4530618434538	121.042691746021	1	178.973595891576	1
GCNT1	15.8091091744583	45.9095931329797	14.256383452833	1	14.4004335421365	1	1	1	1	1	1	1	14.1693330423838	1
GCNT4	1	1	1	1	1	1	1	1	1	1	1	1	1	18.6251142077447
GCSAM	1	1	1	31.150609396926	55.9815773440148	48.7401627065546	1	1	1	1	1	1	1	1
GCSAML	1	1	1	1	1	1	1	1	1	1	1	1	1	584.055472595877
GDF10	1	1	1	1	1	1	1	1	218.232341950141	1	1	1	1	1
GDF15	1	1	1	1	1	1	24.2961383940736	25.3506306883365	74.4627993563539	1	1	318.727681122531	1	1
GDPD5	1	1	1	15.7209934577563	23.7033347307967	26.338025133807	1	20.2691424353871	1	1	1	1	1	1
GEM	56.6008699493711	145.107300828347	73.4178227383924	1	1	15.8552357466426	610.555853126953	1	656.503145401439	15.194929020213	306.036635725084	77.8331696524432	130.119170790413	1
GEMIN2	1	1	1	1	19.6813164773963	1	1	1	1	1	1	1	12.9453411101556	1
GEN1	1	1	1	1	1	1	1	1	1	1	1	1	31.4002232681518	1
GFI1	44.6386129910822	18.4282231937528	1	24.9767375984779	65.9042036908629	1	1	1	1	1	35.0117162859225	1	44.3667800116128	1
GFI1B	1	1	1	1	1	1	1	1	1	1	1	1	1	20.0401028386364
GFM2	1	1	1	1	1	1	1	1	1	1	1	1	14.1803567409887	25.1405408450717
GFOD1	25.3026865075638	1	14.4618526120365	1	47.9535265771698	1	1	92.9833421234998	1	1	1	1	17.6213323417977	1
GFPT2	23.3673236625057	1	1	1	1	1	32.4141842879338	1	76.5441436504732	1	1	1	1	1
GGACT	1	13.8681630348791	1	1	17.1287479456269	1	1	1	1	1	1	1	1	1
GGH	1	1	12.1043588308816	1	15.3049874359795	1	25.7048652320884	1	44.5681685242804	46.3689902568668	1	14.3298713797493	102.278394743039	1
GGT5	1	1	1	1	1	1	99.630502693273	18.0344175529258	183.856959768074	1	1	1	1	1
GGT7	1	23.8369751209883	1	1	1	1	17.1787649963997	1	18.0524289889997	1	1	53.6304026528688	1	1
GIMAP1	99.8440495650829	35.5594436922786	35.8435957842722	112.31079337349	109.832008212007	1	1	219.570694332501	1	1	52.6101129713486	1	17.459757075215	1
GIMAP2	54.7585220014435	29.8101147964465	19.916985400427	61.4439693955983	54.1909488351047	1	1	39.1244486202323	1	1	35.3572066682647	1	29.4023043375611	1
GIMAP4	238.158614851596	73.3180579499714	77.2186869153808	264.917061275597	251.667901508391	1	1	417.712673588502	1	1	243.207716092594	1	106.583372509545	1
GIMAP5	89.1696086146587	31.4624482312156	41.0193080705667	132.741740609201	64.9786185867656	1	1	230.953608378179	1	1	93.7584484480944	1	60.4444172020358	14.6259063607789
GIMAP6	31.2931673526651	25.4474734249587	1	34.7827340885487	47.9422335558514	1	1	116.227668445321	1	1	33.4209239441109	1	22.9540804019745	1
GIMAP7	179.841074973349	69.5987200905407	31.9106859093753	280.107592762162	210.407250588533	1	1	526.40396734785	1	1	186.904848439012	1	83.0288276240908	1
GIMAP8	1	1	1	1	1	1	1	128.129397309768	1	1	1	1	1	1
GINS2	1	1	1	1	1	1	1	1	1	1	1	1	72.5183724394871	1
GINS4	1	1	1	1	1	1	1	1	1	1	1	1	25.4246348510137	1
GJA1	1	1	1	1	1	1	1	92.8661507799863	32.1193532604348	1	1	1	1	1
GJA4	1	1	1	1	1	1	281.5366633474	80.44705146938	1	1	1	1	1	1
GJA5	1	1	1	1	1	1	1	1	47.3340500574893	1	1	1	1	1
GJC1	1	1	1	1	1	1	89.8268103523396	17.0009822011272	1	1	1	1	1	1
GK	15.416862960311	497.021174342105	257.544832514984	41.1055416172165	1	18.5909348116753	1	1	21.2492860925688	20.3055026819971	329.523818278932	23.6842809793955	65.8431898261949	46.0589654974729
GK5	1	1	16.5082164843521	1	68.0899982635515	1	1	1	1	1	1	21.4879857131958	1	11.194181433902
GLCCI1	21.6090626955246	62.7200654681644	1	18.0176507459714	21.0851009571857	1	1	1	1	79.3795334948176	47.2195818258331	105.817942596833	50.393067553449	1
GLT8D2	1	1	1	1	1	1	51.571679187397	1	113.465562276463	1	1	1	1	1
GLUL	117.22782827974	1	902.555152485382	110.880389117224	119.324905152632	1	354.436689570893	202.389204226912	349.560560654171	16.8262619308274	46.4923792820133	189.687545169168	74.4054269995024	2357.23703530125
GM2A	1	1	139.107744640071	1	1	37.840853160927	1	1	20.4512358154957	85.6383487150899	14.3004292219604	1	19.5543021654054	132.099771700128
GMPR	1	1	1	1	1	1	14.5117808651749	16.8746038557809	1	1	1	1	1	50.4369632799784
GNA15	18.6370513960782	82.7962787165657	152.427141868325	59.8752346074564	1	1	1	1	1	1	108.217240548308	25.5095862719742	62.6686887125619	162.272583139749
GNE	1	1	1	1	1	1	1	1	1	1	1	1	1	17.1010228418889
GNG11	1	1	1	1	1	1	189.396555104675	1783.92312434419	115.209286054657	1	1	1	1	1
GNG12	1	1	1	1	1	1	90.3882529965959	34.8238090300418	64.8494257059592	1	1	1	1	1
GNG4	1	1	1	1	1	1	1	1	1	1	85.923272393013	1	14.0085368531296	1
GNG7	1	1	17.1362005371305	1	1	171.246610387026	1	36.639630319726	1	170.627647290166	1	1	1	16.1073879669181
GNG8	1	49.0333994188021	1	1	1	1	1	1	1	1	1	1	1	1
GNGT2	19.2941545505278	1	23.1891624773314	1	34.8283799343288	1	1	1	1	1	1	1	27.0311035523223	1
GNLY	575.784729793298	1	1	43.64281190717	7100.45163082307	1	1	1	1	1	124.636191724794	1	363.967848263405	1
GOLGA8A	1	25.5249658592348	1	24.6479393970219	1	1	1	16.4355025748708	1	1	20.3397556899704	12.0784249190442	16.5953677231597	16.4347750580432
GOLM1	1	1	1	1	12.2843199999035	1	1	1	35.0794329620575	1	1	82.5014821009953	1	1
GPAM	1	1	1	1	1	1	1	1	1	1	1	50.7298292068877	1	1
GPAT3	1	1	65.1980961592171	1	1	1	1	1	1	1	1	11.8112854712132	1	29.2787574179728
GPC3	1	1	1	1	1	1	41.2377673180961	1	320.518619219872	1	1	1	1	1
GPC4	1	1	1	1	1	1	29.6630252075362	1	17.6372219449969	1	1	98.0784123929615	1	1
GPC6	1	1	1	1	1	1	37.9941313344735	1	69.0032540992854	1	1	1	1	1
GPER1	1	1	1	1	1	1	1	132.844899494666	1	1	1	1	1	1
GPHN	1	56.0200906614478	1	20.3375350923136	14.9554966688985	14.4368613697298	23.5746652832256	1	16.2395269050299	26.071515379253	16.5720851996146	1	1	1
GPIHBP1	1	1	1	1	1	1	1	282.122987705317	1	1	1	1	1	1
GPM6B	1	1	1	1	1	1	85.2943275516782	1	66.1653765283709	1	1	1	1	1
GPNMB	1	1	254.256622120867	1	1	1	28.6753229032411	1	83.7255160284793	1	1	1	1	1
GPR132	43.3117930162888	52.4263832404696	86.7014269509579	62.7970355565858	18.8950958862264	31.4872101990408	1	1	1	1	28.1969145400865	1	22.0385117713541	1
GPR141	1	1	21.025647030686	1	56.0803628393427	1	1	1	1	1	1	1	1	1
GPR146	1	1	1	1	1	1	1	402.706511891191	1	1	1	29.6028076940877	1	1
GPR15	1	48.9561195505901	1	20.9862806540799	1	1	1	1	1	1	1	1	1	1
GPR155	14.7146408784502	19.0010159511051	1	16.629472035363	1	1	1	1	1	15.7450583873969	19.7207129399869	1	1	1
GPR160	1	1	1	1	1	1	1	1	1	35.736337036215	1	51.2741414861515	1	1
GPR171	85.0141006023956	37.0673222467915	1	101.535552635089	14.6193285612327	1	1	1	1	1	84.2061364739203	1	52.4884429241735	1
GPR174	90.9245237118226	78.3070485379154	1	64.4576353405002	70.2862194849525	27.0522327755121	1	1	1	1	72.4985074247603	1	70.0028655746072	1
GPR176	1	1	1	1	1	1	70.2728120083582	1	32.6804953533844	1	1	1	1	1
GPR18	32.9926931017023	1	1	17.1111894950308	30.6098428333882	21.75938618696	1	1	1	1	21.4634289266046	1	23.9471136515509	1
GPR183	217.04692718288	212.767904499941	707.876995951758	349.003371461264	14.5364673476212	307.658339820321	19.1890423223346	1	1	51.8771769985989	53.8672891492405	17.1908347810253	44.9188227408467	17.467797398599
GPR25	43.9599397871603	1	1	23.6498932922036	1	1	1	1	1	15.5054722280289	1	1	41.8814295388942	1
GPR34	1	1	41.219950460264	1	1	1	1	1	1	1	1	1	1	19.9203198043624
GPR35	19.0754199566914	1	35.1560153284679	1	1	1	1	1	1	1	1	1	1	82.807329221844
GPR4	1	1	1	1	1	1	23.7844297744736	89.4258412733162	1	1	1	1	1	1
GPR65	147.022483446968	66.6785902533107	70.087712517267	106.772790376937	158.224623518463	56.1522653735609	1	1	1	16.7834772711642	81.2830790885163	1	101.261366331458	117.975556311738
GPR68	16.8338026008716	1	1	1	16.8249806132818	1	1	1	16.2237813724948	1	1	1	11.3962717861408	1
GPR84	1	1	81.5194603332866	1	1	1	1	1	1	1	1	1	1	1
GPRC5A	1	1	1	1	1	1	43.6661354345831	1	37.7760928407979	1	1	230.973607576623	1	1
GPRC5C	1	1	1	1	1	1	34.7224700965489	1	19.3813983081619	1	1	151.378918991336	1	1
GPRIN3	63.7192188349953	86.5991189023557	55.5700348928404	85.184211663981	49.4286419027625	1	1	1	1	18.200668677422	137.971095873903	1	62.6344508000409	1
GPX3	1	1	59.6042968514674	1	1	1	566.309115357283	514.848339765975	431.683762693589	1	1	1	1	1
GPX8	1	1	1	1	1	1	50.7856076429735	1	103.213849456753	1	1	1	1	1
GRAMD1B	31.9923665832385	18.6308015400252	16.3250689656042	23.0020734039647	1	1	1	1	1	1	24.337960567748	1	18.1999238745695	1
GRAMD1C	1	1	1	1	1	79.0552346262226	1	1	1	15.4519833921515	1	16.2691258557056	13.2323738606482	1
GRAMD4	1	29.2598333606823	18.7958284504895	1	1	1	1	1	1	1	35.0558228702918	28.6137119147427	17.4687682206577	1
GRAP	1	1	1	1	1	1	1	45.4808078617225	1	1	1	1	1	1
GRAP2	60.7937375915033	31.5968471151214	1	55.610772956673	66.6478397723266	1	1	1	1	1	34.426973572061	1	62.5836406341655	136.2306968567
GRASP	1	1	97.3478673562104	1	1	46.8146085233729	15.3039086562499	212.98693718541	23.1539975441635	1	1	1	1	1
GRB10	1	1	1	1	1	1	18.1742331729612	121.323024347966	1	1	1	29.3035638209574	1	1
GRB14	1	1	1	1	1	1	1	1	1	1	1	74.2788640417452	1	1
GRB7	1	1	1	1	1	1	1	1	1	1	1	62.2950636052447	1	1
GREM1	1	1	1	1	1	1	17.6364539711026	1	155.998799745999	1	1	1	1	1
GRK3	1	1	21.7096660422737	1	1	14.0226879955992	1	1	1	1	1	1	1	1
GRPEL2	1	41.034815771954	1	26.2347857287458	1	1	1	36.4527166873821	1	1	21.5896280401728	11.786237190697	1	1
GSAP	1	1	38.1453615512538	1	58.3363374818841	32.8268739805948	1	1	1	1	1	41.6395385595508	1	1
GSN	1	1	465.826418871408	1	1	30.9653981608142	832.468908154188	842.411123409367	557.627902370295	1	1	174.438095873582	1	123.541096724777
GSTM5	1	1	1	1	1	1	25.7188141925265	1	127.625041317643	1	1	1	1	1
GTSE1	1	1	1	1	1	1	1	1	1	1	1	1	84.9779192259327	1
GUCY1A1	1	1	1	1	1	1	164.973515646494	16.752718821921	88.2848368014524	1	1	1	1	1
GUCY1A2	1	1	1	1	1	1	79.7102402183462	1	11.4454527292462	1	1	1	1	1
GUCY1B1	1	1	1	1	1	1	244.347643556612	1	42.6005517506873	1	1	1	1	1
GZMA	1093.44265180954	18.6663543289532	27.1386993115283	275.642484136364	1059.42230157278	1	1	19.8264658604382	1	29.2558508109272	182.336998677035	11.3706386488061	890.163309661643	1
GZMB	794.579768675515	1	32.1511413048096	40.6132580682388	1142.47923116509	1	1	1	1	31.7880447834569	113.899285846606	1	798.446818693987	1
GZMH	579.017735686973	1	1	51.7606432144503	1931.24079349032	1	1	1	1	18.7897985982107	22.1466047529384	1	463.791843366537	1
GZMK	1020.19759325077	23.0836781547986	28.0782384992935	269.679239094268	26.031192006098	1	1	1	1	25.0737516447886	52.8021261509146	1	200.318337669089	1
GZMM	297.274093700738	83.0889690485067	14.4338065982861	146.510304922028	569.894357850958	1	1	1	1	17.5793347220098	176.634211437618	1	77.6524026954491	1
H1F0	1	1	67.2640308413758	1	1	1	320.581986163907	65.3119731674977	153.001858109532	1	1	188.412729441022	1	13.3200364625044
HABP4	1	1	1	1	1	1	1	1	11.3961964027475	1	17.3128922323277	1	1	1
HACD1	1	36.4970075831715	1	1	1	1	1	1	1	1	1	1	1	1
HAGLR	1	1	1	1	1	1	1	1	1	1	1	68.9541767366485	1	1
HAMP	1	1	27.6893653929179	1	1	1	1	1	1	1	1	1	1	1
HAPLN3	1	52.9515964812486	15.7282696328534	16.8917726374399	1	1	29.5646656165792	24.1647209971016	29.9224678457568	1	34.2858699324646	1	11.910779585244	1
HAS3	1	1	1	1	1	1	1	1	1	1	1	93.0721069954184	1	1
HAUS5	1	1	1	1	1	1	1	1	1	1	1	1	29.6281325352857	1
HAUS6	1	1	1	1	14.2434782865424	1	1	1	1	1	14.6850394026638	1	22.0602256195203	1
HAUS8	1	1	1	1	1	1	1	1	1	1	1	1	40.1473646854895	29.8938487211374
HAVCR2	77.7467209900092	26.1411244451538	109.891209516339	1	23.1718328242698	1	1	1	1	1	76.3011124198332	1	106.715438626481	225.619107130943
HBEGF	1	1	152.93110458686	1	1	1	33.3523730190676	85.544991136014	43.25580310032	1	1	1	1	1
HCAR2	1	1	29.0005819224497	1	1	1	1	1	1	1	1	1	1	1
HCK	1	1	151.48331258285	1	1	1	1	1	1	1	1	1	1	1
HCST	1032.73566571916	432.252983547747	503.965055534572	583.113549906631	1485.84293582942	118.124526932159	16.3384990782989	25.0623565381732	1	98.6342749643578	519.607366920067	25.0532852153008	535.076225089594	139.141246362654
HDAC9	1	1	25.8251549646668	1	1	34.2863864241494	18.3306740885472	28.1216446616677	1	38.3306503932085	1	1	1	1
HDC	1	1	1	1	1	1	1	1	1	1	1	1	1	779.3800867291
HECW2	1	1	1	1	1	1	1	122.781144421552	1	1	1	20.3871409307172	1	1
HEG1	1	1	1	1	18.977630369409	1	37.1136650866191	317.621684932894	59.7207605812513	1	1	1	1	30.3064736387459
HELB	36.8961635065829	39.1176972936957	14.3480266278854	44.2694289882462	30.2159569678633	1	1	1	1	25.1606428944557	29.1818015387338	1	27.5822998899899	1
HELLS	1	18.2068764402796	1	1	1	1	1	1	1	1	20.7419684200342	1	119.833395516588	1
HENMT1	20.9298490901717	1	1	1	42.9456470748043	1	1	1	1	1	18.4182915467028	1	28.6705458762278	1
HERC3	13.5097007789004	17.8564999468974	12.9767336491546	13.6147509644569	1	1	1	1	1	1	1	12.1810363710146	1	1
HES1	1	1	24.7045780279558	1	1	1	174.855772143213	482.537371871427	233.886880277311	1	1	102.772518063806	1	50.5027976089682
HES6	1	1	1	1	14.5357089026087	1	1	1	1	1	1	1	1	1
HEY1	1	1	1	1	1	1	23.907808944902	292.170229956615	1	1	1	16.6973193170127	1	15.9527964438126
HEYL	1	1	1	1	1	1	179.740954019211	1	42.7634220952979	1	1	1	1	1
HGF	1	1	1	1	1	1	92.3174359169779	1	107.406838869663	1	1	1	1	1
HHEX	1	1	17.7177470069652	1	1	39.0096049266793	1	45.9841704162026	1	1	1	1	1	1
HID1	1	1	1	1	1	1	1	52.3350648672804	1	58.6998167951556	1	40.3649972252199	1	1
HIF3A	1	1	1	1	1	1	1	64.6799068776352	15.507925566402	1	1	1	1	1
HIGD1B	1	1	1	1	1	1	469.794645656436	1	1	1	1	1	1	1
HIP1R	1	1	1	1	1	33.7157634006994	1	35.182315339133	1	14.2054789397662	1	28.208575705778	20.1343290340695	1
HIST1H1B	1	1	1	1	1	1	1	1	1	1	1	1	152.127643900306	1
HIST1H2AB	1	1	1	1	1	1	1	1	1	1	1	1	22.5188356589866	1
HIST1H2AE	1	1	1	1	1	1	1	1	1	29.6706026545864	1	1	33.0752162527648	1
HIST1H2AG	1	1	1	1	1	1	1	1	1	41.24180992968	1	1	128.620677983532	1
HIST1H2AH	1	1	1	1	1	1	1	1	1	1	1	1	47.198307294263	1
HIST1H2AI	1	1	1	1	1	1	1	1	1	16.2230609140569	1	9.5521670981339	136.314971990389	1
HIST1H2AJ	1	1	1	1	1	1	1	1	1	1	1	1	198.372603115028	1
HIST1H2AK	1	1	1	1	17.5134797994859	1	1	1	1	1	1	1	23.579005134408	1
HIST1H2AL	1	1	1	1	1	1	1	1	1	13.7414589244244	1	1	53.6088518291994	1
HIST1H2AM	1	1	1	1	14.2470208252976	1	1	1	1	21.4765983127237	1	25.6786107840881	64.6060348347237	1
HIST1H2BB	1	1	1	1	1	1	1	1	1	1	1	1	27.381861997675	1
HIST1H2BC	20.1813427474214	17.3734426804973	17.2922155915292	19.5562621227024	1	1	14.211237525033	1	1	127.927946623722	18.7110771203509	16.3742172700439	73.2282026790128	1
HIST1H2BD	1	1	1	1	1	1	1	1	1	30.8553347334002	1	26.5514673141454	1	1
HIST1H2BF	1	1	1	1	1	1	1	1	1	36.4509243774895	1	1	31.0916396536825	1
HIST1H2BG	1	1	1	1	1	1	1	1	1	60.2176263558114	1	1	1	1
HIST1H2BH	1	1	1	1	16.1620672651134	1	1	1	1	17.1343062011339	1	1	77.5466409421837	1
HIST1H2BJ	1	1	1	1	1	1	1	1	1	112.094181159997	16.9377912309334	1	91.013771111156	1
HIST1H2BL	1	1	1	1	1	1	1	1	1	1	1	1	24.8264160877761	1
HIST1H2BM	1	1	1	1	1	1	1	1	1	1	1	1	21.8528025752002	1
HIST1H3A	1	1	1	1	22.7151012944415	1	1	1	1	1	1	1	15.3197379568433	1
HIST1H3B	1	1	1	1	1	1	1	1	1	1	1	1	126.179918713236	1
HIST1H3C	1	1	1	1	1	1	1	1	1	1	1	1	54.748726723697	1
HIST1H3D	1	1	1	1	1	1	1	1	1	46.3035815689345	1	1	90.4098603134318	1
HIST1H3F	1	1	1	1	1	1	1	1	1	1	1	1	69.709867623704	1
HIST1H3G	1	1	1	1	1	1	1	1	1	1	1	1	56.362515094694	1
HIST1H3H	16.4960533369317	18.3606772212346	1	1	1	1	1	1	1	59.3375363166316	1	1	86.7549633955502	1
HIST1H4F	1	1	1	1	1	1	1	1	1	1	1	1	85.2604327644212	1
HIST1H4H	1	1	1	1	1	1	1	1	12.7262545863958	47.2394926249448	1	18.1379230253315	61.3927632394759	1
HIST1H4J	1	1	1	1	20.0838279263053	1	1	1	1	1	1	1	48.7690962395136	1
HIST2H2AB	1	1	1	1	1	1	1	1	1	1	1	1	40.8524107966051	1
HIST2H2BF	1	1	1	1	1	1	13.6936030917909	1	1	48.9457207582023	1	10.6636528561464	49.7873349309334	1
HIST4H4	1	1	1	1	1	1	1	1	1	22.5239209461015	1	1	1	1
HJURP	1	1	1	1	1	1	1	1	1	1	1	1	51.5409644374093	1
HK2	1	1	45.8395200984534	1	1	1	1	1	1	1	1	1	1	15.5462734943335
HK3	1	1	39.2724476038827	1	1	1	1	1	1	1	1	1	1	1
HLA-DMB	22.486315160845	1	386.719357043558	1	1	227.116230341745	1	73.9480873255432	1	1	1	185.862114063928	56.244402019916	1
HLA-DOA	1	1	91.0039280765832	1	1	95.8296522029032	1	33.0855693079517	1	1	1	113.054668297048	16.7448486734985	1
HLA-DOB	1	1	16.0602511185324	1	1	71.231963535076	1	1	1	67.8969082459699	1	55.8507828500678	1	1
HLA-DQA1	354.427986296606	197.709534951143	2306.04665708381	55.2292391389968	97.3222979193266	2053.09358796459	1	186.069132999808	1	193.722588264448	111.370687776858	933.656083831149	843.760317365314	1
HLA-DQA2	1	1	264.954305655105	1	1	32.9344102744725	1	23.4866618422975	1	22.4339214561583	1	287.26656025887	36.8023470779667	1
HLA-DQB1	235.216136793636	205.727957581208	1873.28371556185	91.6735606384768	50.7708693280241	1622.31876033981	1	152.63491098238	1	147.478481079447	111.188967408837	778.534743080392	522.564041057894	16.8747330873371
HLA-DQB2	1	1	268.016566255498	1	1	1	1	1	1	1	1	204.180817390969	1	1
HLA-DRA	281.73746597264	150.707283734598	6214.51721547937	63.1934464934349	45.5778529583576	4834.67310787395	1	1286.18172759418	81.34386198552	63.9983367012121	136.980570278603	1874.71578905048	1064.07446422372	37.9631496175565
HLA-DRB1	559.700333504891	468.178271570957	4850.56930557402	158.267314380743	247.836069139698	2997.42377838042	1	2188.99786190825	92.3811047378344	162.968952389887	225.495940214848	2790.67326898368	1030.94473189146	32.4401822671255
HLA-DRB5	199.820886289953	130.940772728304	1408.28569328197	45.3090420960109	49.8365741363714	897.381011297264	1	584.436966160962	1	70.4028055720031	101.220410193289	912.197176019659	637.195824855547	1
HLF	1	33.6854885104686	1	1	1	1	1	1	1	1	1	33.4119546448024	1	1
HMCN1	1	1	1	1	1	1	22.797575982017	1	118.337956159692	1	1	1	1	1
HMGB3	1	1	24.1070777946932	1	1	1	1	16.4694431326515	1	13.9378189701041	1	185.478333079169	152.678852854671	1
HMMR	1	1	1	1	1	1	1	1	1	1	1	1	69.6670081646388	1
HNMT	1	1	135.706902851474	1	1	1	66.9215155429769	1	132.469641326995	1	1	130.924952288072	1	1
HOOK1	1	1	1	1	1	1	1	1	1	1	1	72.7717384976991	1	1
HOXD1	1	1	1	1	1	1	1	1	1	1	1	57.2222153837469	1	1
HPGD	1	79.591875358496	1	1	1	1	1	250.648725101467	1	1	1	66.1027182222644	24.75403654519	343.220565809317
HPGDS	1	1	37.9912664795632	1	1	1	1	1	1	1	1	1	1	1632.7434870723
HPN	1	1	1	1	1	1	1	1	1	1	1	98.3040504038935	1	1
HPSE	1	43.1514943661891	1	1	1	1	1	1	1	1	1	1	14.5938824384563	1
HRC	1	1	1	1	1	1	41.5011302176806	1	1	1	1	1	1	1
HRH2	1	1	26.5637074573359	1	1	1	52.5205681434002	1	1	1	1	1	1	1
HS3ST3B1	15.1644159185599	95.8841201651075	17.0342554008166	19.7608165790173	19.4374193729999	1	1	1	1	1	56.8281916079892	1	1	1
HS6ST1	1	1	1	1	1	1	1	1	33.9632226539137	1	1	26.46958083906	1	50.6987927161827
HSD11B1	1	1	1	1	1	1	23.9329880205999	1	145.531671727517	1	1	1	1	1
HSH2D	24.0708574626567	20.4199268383353	1	16.3057323425096	118.299278010179	99.8329773030936	1	1	1	190.684024054223	13.9314590523449	1	34.4138618073948	1
HSPA12A	1	1	1	1	1	13.0617134962106	1	1	1	1	1	18.482102802726	1	1
HSPA12B	1	1	1	1	1	1	1	102.751294473735	1	1	1	1	1	1
HSPB2	1	1	1	1	1	1	109.31956836857	1	82.3670359881145	1	1	1	1	1
HSPB6	1	1	1	1	1	1	128.642630001726	1	300.646708913914	1	1	1	1	1
HSPB8	1	1	1	1	1	1	216.896943890335	136.871154563432	143.468530432035	1	1	1	1	1
HSPG2	1	1	1	1	1	1	31.5552890426652	867.921338143919	120.208051140076	1	1	99.2243353782776	1	1
HTRA1	1	1	18.6927255019884	1	1	1	86.3506033119858	284.193854683468	292.411118392456	1	38.0647599008542	1	1	1
HTRA3	1	1	1	1	1	1	15.4378334083208	1	147.988253555973	1	1	1	1	1
HVCN1	1	1	47.5150459313918	1	16.5047443497838	139.376929314134	13.7264351088419	17.4255127645654	1	1	1	1	16.4066103034337	1
HYAL2	1	1	1	1	1	1	32.1520203842027	963.878974661214	23.0899127337318	1	1	46.9921120060436	1	1
ICA1	1	80.9037847262147	11.9337240498212	1	1	1	1	68.1699001409604	1	1	62.9737573503026	100.022590117309	1	1
ICOS	199.711323842844	496.593968371226	20.138643820146	283.580010911133	54.1032339320057	1	1	19.4053037180284	1	21.7470431644651	308.656805836858	11.6128125689063	87.4017431020621	1
ID1	24.2718165965583	1	13.9776489788024	19.1479723444071	34.2406552356308	1	283.218590454095	1636.08554914831	186.929789103627	24.0030187521754	1	102.017316889966	1	1
ID4	1	1	1	1	1	1	263.285290326581	1	132.581640573675	1	1	1	1	1
IDE	1	16.8188609657155	1	1	1	1	1	1	1	23.9389776213607	1	37.0586917721049	1	1
IDO1	1	1	37.4975069615727	1	1	1	1	63.9255055003663	1	1	1	1	1	1
IER3	37.5784684668155	1	1133.0684138216	35.6146545514123	73.4401457204453	1	346.057870310986	176.884171141771	751.650721393663	63.8231184173002	15.6534716764084	56.5898712694835	20.2136369914877	1714.73205354062
IFFO2	1	1	1	1	1	1	12.5746965609099	1	1	1	1	1	14.2295740278626	37.7815245850118
IFI27	1	1	112.332063292273	1	1	1	77.8732270403982	4023.21109025353	1	1	1	16.8895072455918	1	1
IFI30	1	1	2821.72931330896	1	1	517.651309214325	23.4872401851354	25.9716204361956	26.168806960129	176.003257175291	1	245.036610879096	96.8852546611787	120.524348838628
IFITM10	1	1	17.4701697730254	1	1	1	1	1	1	1	1	94.3546823445671	1	73.8900826491161
IFITM3	51.140782849211	14.8247353354834	454.162205095665	28.2028003950034	73.5037716626158	1	4060.59572514048	4764.42198065726	2707.82259624287	1	30.0415645506553	1359.75223374565	18.7116656422807	67.2582576597269
IFNG	478.433451554539	1	16.8980451015176	103.013045296866	775.287227787151	1	1	1	1	1	187.870576718754	1	253.026537243606	1
IFNG-AS1	1	1	1	1	1	24.4956712249069	1	1	1	80.7840456950788	1	1	1	1
IFNGR2	1	21.9662061133191	228.595807707303	1	1	151.868965567557	65.6632336536339	52.6377154617352	80.4089461954089	89.7537636092463	1	95.0618160556502	1	151.045168603558
IFT140	1	1	1	1	1	1	1	1	1	1	1	53.5195783356284	1	1
IGF1	1	1	1	1	1	1	1	1	79.7459175004126	38.6419440473381	1	1	1	1
IGFBP2	1	1	1	1	1	1	280.078461077078	343.667635310541	121.326662866092	1	1	1	1	1
IGFBP3	17.1497360088232	1	1	1	1	1	46.7720426121791	40.4197871317374	238.130732758107	1	1	29.1360793741719	1	1
IGFBP4	1	1	24.5620571946054	25.3341631593676	1	1	936.359506049047	2489.88781410608	1064.23454235191	1	50.4153623936307	747.687710425985	18.4219156712724	1
IGFBP5	1	1	1	1	1	1	278.56387414498	21.0157278605662	167.315208163015	1	1	1	1	1
IGFBP6	1	1	1	1	1	1	68.4966116706505	1	111.787801258879	1	1	1	1	1
IGFBP7	1	1	32.2207007833284	1	57.7504409897718	1	5810.84256779949	1748.96549992451	2638.53608256812	1	1	1	1	1
IGFL2	1	1	1	1	1	1	1	1	1	1	71.0757056172119	1	1	1
IGHA1	1	1	1	1	1	247.613986451902	1	1	1	6024.25467948684	1	1	81.3730949993368	1
IGHA2	1	1	1	1	1	43.233812988733	1	1	1	713.110434956841	1	1	26.6361868306708	1
IGHD	1	1	1	1	1	19.5257105605165	1	1	1	108.007612193648	1	1	1	1
IGHE	1	1	1	1	1	16.9570792646336	1	1	1	1	1	1	1	1
IGHG1	1	18.5348516290271	25.1255942632482	1	1	88.0455885372087	1	1	1	11815.4807573596	23.7423718656642	1	274.818600051737	1
IGHG2	1	1	1	1	1	68.8389506628693	1	1	1	1556.53185390744	1	1	74.1494319831048	1
IGHG3	1	1	1	1	1	58.2487352455799	1	1	1	2778.48506238582	1	1	49.383148405946	1
IGHG4	1	1	1	1	1	1	1	1	1	379.363019613096	1	1	19.1266138741482	1
IGHGP	1	1	1	1	1	1	1	1	1	656.508873934742	1	1	1	1
IGHJ3	1	1	1	1	1	1	1	1	1	39.0398424421624	1	1	1	1
IGHJ4	1	1	1	1	1	1	1	1	1	143.363133806549	1	1	1	1
IGHJ5	1	1	1	1	1	1	1	1	1	49.426890802136	1	1	1	1
IGHJ6	1	1	1	1	1	1	1	1	1	174.101651353859	1	1	1	1
IGHM	1	1	1	1	1	163.635771026113	1	1	1	428.75177628712	1	1	38.2207128995312	1
IGHV1-18	1	1	1	1	1	23.0807971925846	1	1	1	195.837599067652	1	1	1	1
IGHV1-2	1	1	1	1	1	18.4418961179077	1	1	1	200.260882943044	1	1	1	1
IGHV1-24	1	1	1	1	1	1	1	1	1	181.003539447379	1	1	1	1
IGHV1-3	15.8787237476281	1	1	1	1	18.2713328017281	1	1	1	210.282843954993	1	1	24.2462493075579	1
IGHV1-46	1	1	1	1	1	1	1	1	1	164.425838890261	1	1	1	1
IGHV1-69	1	1	1	1	1	1	1	1	1	152.217859141464	1	1	1	1
IGHV1-69-2	1	1	1	1	1	1	1	1	1	73.2139604326635	1	1	1	1
IGHV1-69D	1	1	1	1	1	63.1217342578645	1	1	1	884.300544283803	1	1	35.5047467751667	1
IGHV2-5	1	1	1	1	1	1	1	1	1	201.576839292564	1	1	1	1
IGHV2-70	1	1	1	1	1	1	1	1	1	94.7685746046423	1	1	1	1
IGHV2-70D	1	1	1	1	1	1	1	1	1	44.3902084039085	1	1	1	1
IGHV3-11	1	1	1	1	1	1	1	1	1	218.13101458864	1	1	1	1
IGHV3-15	1	1	1	1	1	1	1	1	1	194.361820135533	1	1	1	1
IGHV3-20	1	1	1	1	1	1	1	1	1	54.4680723111594	1	1	1	1
IGHV3-21	1	1	1	1	1	23.0747768954568	1	1	1	232.450682725486	1	1	1	1
IGHV3-23	1	1	1	1	1	44.4448537664015	1	1	1	681.454504557493	1	1	1	1
IGHV3-30	1	1	1	1	1	26.1310892091547	1	1	1	319.318071055152	1	1	1	1
IGHV3-33	1	1	1	1	1	18.6965357498192	1	1	1	243.397492327509	1	1	1	1
IGHV3-43	1	1	1	1	1	1	1	1	1	87.601188122034	1	1	1	1
IGHV3-48	1	1	1	1	1	22.5368294067906	1	1	1	331.297710717552	1	1	1	1
IGHV3-49	1	1	1	1	1	1	1	1	1	65.3677931013203	1	1	1	1
IGHV3-53	1	1	1	1	1	1	1	1	1	483.073126706695	1	1	1	1
IGHV3-66	1	1	1	1	1	1	1	1	1	82.3069576612716	1	1	1	1
IGHV3-7	1	1	1	1	1	20.807277250712	1	1	1	205.350371144432	1	1	1	1
IGHV3-72	1	1	1	1	1	1	1	1	1	26.9571345763128	1	1	1	1
IGHV3-73	1	1	1	1	1	1	1	1	1	62.0299508157535	1	1	1	1
IGHV3-74	1	1	1	1	1	1	1	1	1	121.47686446346	1	1	1	1
IGHV4-28	1	1	1	1	1	1	1	1	1	69.9265400333876	1	1	1	1
IGHV4-31	1	1	1	1	1	1	1	1	1	107.745720958246	1	1	1	1
IGHV4-34	1	1	1	1	1	29.9879832970134	1	1	1	382.74329972137	1	1	1	1
IGHV4-39	1	1	1	1	1	38.1238711621619	1	1	1	309.71890424285	1	1	1	1
IGHV4-4	1	1	1	1	1	1	1	1	1	191.305756573855	1	1	1	1
IGHV4-59	1	1	1	1	1	27.9431209317163	1	1	1	339.800112295948	1	1	1	1
IGHV4-61	1	1	1	1	1	1	1	1	1	155.708789025245	1	1	1	1
IGHV5-10-1	1	1	1	1	1	1	1	1	1	58.1743859315869	1	1	1	1
IGHV5-51	1	1	1	1	1	31.6320316169466	1	1	1	337.791064899944	1	1	1	1
IGHV5-78	1	1	1	1	1	44.5240527687527	1	1	1	17.6271365409251	1	1	1	1
IGHV6-1	1	1	1	1	1	1	1	1	1	90.0427029813174	1	1	1	1
IGKC	18.6784352079563	23.5969508646799	40.9807040387864	29.808831025155	1	253.145517142041	1	1	63.1600232502449	16879.5015059051	31.0578176868229	1	250.759848658803	14.4613482413527
IGKV1-12	1	1	1	1	1	29.4608651600934	1	1	1	1116.30382659179	1	1	1	1
IGKV1-13	1	1	1	1	1	1	1	1	1	22.8483170413148	1	1	1	1
IGKV1-16	1	1	1	1	1	1	1	1	1	150.473261146184	1	1	1	1
IGKV1-17	1	1	1	1	1	1	1	1	1	186.000156971736	1	1	1	1
IGKV1-27	1	1	1	1	1	1	1	1	1	190.593839280702	1	1	26.2536973374789	1
IGKV1-33	1	1	1	1	1	1	1	1	1	245.502172550188	1	1	1	1
IGKV1-39	1	1	1	1	1	39.498909111267	1	1	1	2662.23708172406	1	1	1	1
IGKV1-5	1	17.5276654544454	19.1560887581789	21.5457945024083	1	96.9687479214915	1	16.3290236416549	1	1259.01032119975	31.5538112161743	1	49.9710090383515	1
IGKV1-6	1	1	1	1	1	1	1	1	1	129.549764398025	1	1	1	1
IGKV1-8	1	1	1	1	1	1	1	1	1	49.2139724009119	1	1	1	1
IGKV1-9	1	1	1	1	1	1	1	1	1	198.441722433631	1	1	20.3135606015814	1
IGKV1D-12	1	1	1	1	1	1	1	1	1	77.6147286688028	1	1	1	1
IGKV1D-13	1	1	1	1	1	1	1	1	1	103.029396505106	1	1	1	1
IGKV1D-16	1	1	1	1	1	1	1	1	1	45.3129697083063	1	1	1	1
IGKV1D-33	1	1	1	1	1	1	1	1	1	248.937182676268	1	1	1	1
IGKV1D-39	1	1	1	1	1	1	1	1	1	1303.79003464122	1	1	1	1
IGKV1D-8	1	1	1	1	1	1	1	1	1	48.0867172753167	1	1	1	1
IGKV2-24	1	1	1	1	1	1	1	1	1	54.3307499681827	1	1	1	1
IGKV2-28	1	1	1	1	1	1	1	1	1	682.710835069921	1	1	1	1
IGKV2-29	1	1	1	1	1	1	1	1	1	64.8708091465765	1	1	1	1
IGKV2-30	1	1	1	1	1	1	1	1	1	145.809483699046	1	1	1	1
IGKV2D-28	1	1	1	1	1	1	1	1	1	928.442622900079	1	1	1	1
IGKV2D-30	1	1	1	1	1	1	1	1	1	85.8378520177673	1	1	1	1
IGKV3-11	1	1	1	1	1	76.9652181480885	1	1	1	831.55855297782	20.5031057468774	11.5932125909893	30.4521743165763	1
IGKV3-15	1	1	1	1	1	84.3160232963471	1	1	1	1631.20747933468	1	1	26.0768625753965	1
IGKV3-20	24.7642140564903	31.5366355079615	26.3722526490283	29.4809062732256	1	345.094752036296	1	29.3337519488825	1	2361.67219860139	36.2337453660234	19.1280824949802	112.66603960589	20.8211837941666
IGKV3-7	1	1	1	1	1	1	1	1	1	34.5771392493543	1	1	1	1
IGKV3D-11	1	1	1	1	1	1	1	1	1	134.192540315594	1	1	1	1
IGKV3D-15	1	1	1	1	1	1	1	1	1	362.750650470201	1	1	1	1
IGKV3D-20	1	1	1	1	1	1	1	1	1	257.686038764373	1	1	1	1
IGKV3D-7	1	1	1	1	1	1	1	1	1	34.8987266725728	1	1	1	1
IGKV3OR2-268	1	1	1	1	1	1	1	1	1	77.2491337175686	1	1	1	1
IGKV4-1	17.0378514624802	20.2111346061268	21.5559455826412	26.7248378679151	1	98.375359640611	1	15.769491158608	1	1659.88578405705	29.7348406768058	1	72.6033059379683	1
IGKV6-21	1	1	1	1	1	1	1	1	1	31.9728876605391	1	1	1	1
IGLC1	1	1	1	1	1	1	1	1	1	708.107558717167	1	1	34.5212856208338	1
IGLC2	1	1	1	1	1	27.6253022000115	1	1	1	1712.59826934456	1	1	1	1
IGLC3	1	1	1	1	1	29.0106980917813	1	1	1	1800.2005045871	1	1	44.7180964959973	1
IGLV1-40	1	1	1	1	1	53.5136112679739	1	1	1	606.111972059934	1	1	18.927624027487	1
IGLV1-44	1	1	1	1	1	32.7229081283893	1	1	1	436.977936361947	1	1	1	1
IGLV1-47	1	1	1	1	1	23.7949404158399	1	1	1	307.223306798502	1	1	1	1
IGLV1-50	1	1	1	1	1	1	1	1	1	26.1036662007984	1	1	1	1
IGLV1-51	1	1	1	1	1	33.2462182128376	1	1	1	223.759184592487	1	1	1	1
IGLV2-11	1	1	1	1	1	21.1507414125198	1	1	1	182.957287073343	1	1	1	1
IGLV2-14	19.9789841669666	1	1	1	1	68.9397765779035	1	1	1	582.429368775102	22.976176708691	1	1	1
IGLV2-23	1	1	1	1	1	32.4991970345205	1	1	1	483.585729743494	22.9505505757369	1	15.0662108237041	1
IGLV2-8	1	1	1	1	1	21.7056831755651	1	1	1	230.316030671574	1	1	1	13.8113087887463
IGLV3-1	1	1	1	1	1	30.5257117580837	1	1	1	972.524245275997	1	1	1	1
IGLV3-10	1	1	1	1	1	1	1	1	1	109.98574718441	1	1	1	1
IGLV3-19	1	1	1	1	1	30.1971206053031	1	1	1	515.549951806384	1	1	30.7723415050216	1
IGLV3-21	1	1	1	1	1	52.0816787395926	1	1	1	570.637473616124	21.592708044934	1	65.0640218368383	1
IGLV3-25	1	1	1	1	1	28.7337571713234	1	1	1	206.299855887492	17.1652276743007	1	22.7270600700307	1
IGLV3-9	1	1	1	1	1	1	1	1	1	48.0611605270715	1	1	1	1
IGLV4-69	1	1	1	1	1	1	1	1	1	59.408171620844	1	1	1	1
IGLV6-57	1	1	1	1	1	1	1	1	1	416.830672077073	1	1	1	1
IGSF6	1	1	280.531040928339	1	1	1	1	1	1	1	1	1	1	1
IKZF1	121.167840301728	151.1781324481	55.7066606989958	172.208449723526	240.033689110507	81.155616312642	1	1	1	74.4717857722678	144.650605143336	1	110.118344567986	38.9062097547176
IKZF2	1	183.189409203792	1	1	31.9040962473529	1	1	1	1	1	1	1	1	1
IKZF3	104.934224666096	87.0113877897133	1	88.0503667095416	105.377500896297	62.0164986863728	1	1	1	56.7624369981231	91.9597735434013	1	113.978879498515	69.6524523984071
IKZF4	1	33.7186901649436	1	1	1	1	1	1	1	1	16.5521742791794	15.6748752900973	1	1
IL10	1	1	65.8287128172503	1	1	1	1	1	1	1	1	1	1	1
IL10RA	197.464242287486	265.226524805152	162.393792004187	190.873322179628	264.604119918911	88.9654099116818	1	1	1	152.820966359751	120.911016240267	1	102.6241758599	1
IL10RB-DT	1	1	33.5306899083584	1	1	1	1	1	1	1	1	1	1	13.9641598200139
IL12RB2	1	84.6336858985188	1	17.7757342213306	1	1	1	1	1	1	19.5429533385597	1	1	1
IL18	1	1	164.737119682849	1	1	1	1	1	1	1	1	1	1	140.196996044678
IL18R1	1	49.1336429452111	1	30.3401934451971	19.7693656032295	1	1	15.6897075950586	1	1	1	1	12.8304863908147	71.3246542122481
IL18RAP	15.5759014039288	1	1	1	1	1	1	1	1	1	1	1	11.7544508786557	1
IL1A	1	1	58.6237651465074	1	1	1	1	1	1	1	1	1	1	1
IL1B	1	1	1541.58061362903	1	1	1	1	1	1	1	1	1	1	1
IL1R2	1	98.701149124663	36.1772341940865	1	1	1	1	1	1	1	1	1	1	1
IL1RL1	1	1	1	1	1	1	1	1	1	1	1	1	1	757.749351081373
IL1RN	1	1	295.336674242423	1	1	1	1	1	1	1	1	1	1	1
IL2	1	1	1	31.8206116456854	1	1	1	1	1	1	1	1	1	1
IL21	1	1	1	1	1	1	1	1	1	1	87.6989808891736	1	1	1
IL21-AS1	1	1	1	1	1	1	1	1	1	1	25.2922713824098	1	1	1
IL21R	86.9144780208261	117.192347276886	21.1778417762222	41.4088310827593	34.2981511478148	1	1	18.3282804132285	1	32.0015843760051	56.6402833396474	1	108.147918831833	1
IL23A	1	15.5570248526617	29.0614352586402	25.6637770367208	1	14.8200878273248	1	1	1	1	1	1	1	1
IL2RA	1	285.126394766709	34.7293100384186	1	1	27.7539517868	1	1	1	1	30.1528320535926	1	16.6291582504484	1
IL2RB	173.850708374224	187.623288734066	1	90.4166130265743	184.939265618222	1	1	1	1	1	105.320850957601	15.0627526569126	72.9945590709566	1
IL32	1969.80975364895	3691.36916951443	129.79873753196	1594.66401124786	1567.20718578917	1	184.404323202819	504.94933047062	369.91595701619	103.658618776614	2188.19868605357	190.673332543925	1272.15943168809	33.5745708793874
IL33	1	1	1	1	1	1	21.0681459875993	343.745969826034	57.3031828066653	1	1	1	1	1
IL3RA	1	1	40.5254889605517	1	1	1	1	167.333379355563	1	1	1	1	1	1
IL4I1	1	1	123.799058700523	1	1	1	1	1	1	1	1	1	1	1
IL5RA	1	1	1	1	24.0772315915307	1	1	1	1	23.6209646707267	1	1	1	1
IL7	1	1	1	1	1	13.5510629192795	15.5781446572707	1	1	1	1	1	1	1
IL7R	747.283007521809	856.134066083374	211.597012250941	2171.15907310138	177.558282348907	1	22.4397160301414	123.733085351357	24.5005911842223	69.1856058026993	719.668251414892	45.5911341458196	65.9089997382595	50.8251004943567
IL9R	24.4756439487919	1	1	1	1	1	1	1	1	1	1	1	14.5385253491849	22.2703131424144
IMPA2	1	1	15.2059040641795	1	1	1	102.585708514452	1	1	1	1	115.474091557337	13.5789566696307	1
INAFM1	1	1	18.950202721252	1	1	1	261.496520722651	16.8560153911847	120.864441613943	19.3717897868806	1	1	27.6795247475511	1
INCENP	1	1	1	1	1	1	1	1	1	1	1	1	41.8698448733207	1
INHBA	1	1	72.9350615403332	1	1	1	42.0921542919029	1	147.326880469589	1	1	1	1	1
INKA1	1	1	1	1	1	16.127148250743	1	34.5299052618806	1	1	1	1	1	1
INMT	1	1	1	1	1	1	84.0735232981539	40.145017075067	159.888910655228	1	1	1	1	1
INPP4B	74.0104635731417	57.6887061846604	1	111.071514115323	1	1	162.591611334792	1	13.4395311758752	1	118.213006209479	14.4991948366666	79.4743592317058	1
INPP5F	1	63.2138050778785	21.658600106427	1	1	64.5120006905086	12.6333610207916	14.6405419761408	13.2912616798299	13.0577973175614	50.1699276919403	1	41.6577529196563	1
INVS	1	1	1	1	24.0260728307613	1	15.3292652592094	1	1	1	1	1	15.0336327691591	1
IPCEF1	67.1330501696918	101.392968869185	1	62.2758109416086	79.3182365023179	1	1	1	1	1	65.2430744168837	1	41.5569680615649	1
IPO4	1	1	1	1	1	1	1	1	1	1	1	14.7417732631532	1	32.4807138739399
IRAK2	1	1	61.9441663330101	1	1	36.1692108246016	1	1	1	13.9139709689228	1	15.4455932152224	1	32.9838949145869
IRF4	65.6355717136607	41.2197735691956	39.9597753878792	28.7942717485906	1	61.5910955198905	1	1	1	192.73499097013	33.8920324138485	10.6989788117	99.7713709145351	1
IRF5	1	18.0610812926384	37.3281789698507	1	1	48.840908233444	1	1	1	19.4830455956211	17.8845378382381	1	15.8568109392176	1
IRF8	1	1	143.683482017341	1	24.0905520143325	351.795541490223	1	1	22.7504028897129	1	1	1	21.2914617556642	1
IRS2	1	54.7327342133305	41.1232537547557	28.8853733438051	1	1	37.0330302451564	1	86.6457721184336	1	40.7171018998471	1	1	22.9366678507174
IRX2	1	1	1	1	1	1	1	1	1	1	1	142.883182321242	1	1
IRX3	1	1	1	1	1	1	1	1	1	1	1	159.470230987519	1	1
IRX5	1	1	1	1	1	1	1	1	1	1	1	97.6571709210207	1	1
ISLR	1	1	1	1	1	1	75.0751017870613	1	401.815728869222	1	1	1	1	1
ISYNA1	1	1	1	1	16.6258855504801	1	279.40782337962	69.1365056985205	32.8610610719988	1	1	55.7484132152456	14.4119867646445	18.3605378611754
ITGA1	49.3028671448345	1	1	1	1	1	291.538987104062	171.146401718908	79.7851357308392	1	1	1	41.1594032887834	1
ITGA11	1	1	1	1	1	1	1	1	66.1895841009295	1	1	1	1	1
ITGA3	1	1	1	1	1	1	14.9378358592428	41.5949649849564	1	1	1	184.016684640507	1	21.2451146683009
ITGA6	1	1	1	22.7400895243901	1	1	1	343.209084789535	1	111.453877063197	1	1	1	1
ITGA7	1	1	1	1	1	1	58.8277250668292	1	1	1	1	1	1	1
ITGA8	1	1	1	1	1	1	23.9317465281992	1	111.440761720694	1	1	1	1	1
ITGAL	68.9207099044232	64.157330522979	27.9555446026975	58.8637246315106	184.560233789581	17.5376052070918	1	1	1	23.5702534781583	67.7914965972835	1	59.0299631075592	1
ITGAM	1	1	76.0620042867871	1	76.5766744494366	14.5769379963952	1	1	1	1	1	1	1	36.2297356465915
ITGAV	1	15.6936177274091	41.7681133325171	1	1	1	86.9069751440717	49.3446224919547	68.1557840254265	1	15.1846507333534	107.473386623747	1	124.70253294913
ITGAX	1	1	144.008080093414	1	19.9133312492735	1	1	1	1	1	1	1	1	70.4378472825148
ITGB2	379.821450136903	312.250796193776	789.117779133986	286.003133489442	1088.05957747679	98.4701478320435	1	18.5100887959833	1	63.0736848696994	384.57857967183	24.9831181073551	269.370553721987	34.2175907180874
ITGB2-AS1	35.015684977572	42.0266399838955	44.2300266850112	46.3737210562013	96.4112697387246	36.1879696921966	1	1	1	1	48.9226966056536	1	15.988817751816	1
ITGB3	1	1	1	1	1	1	1	1	1	1	1	1	1	17.9994745205681
ITGB4	1	1	1	1	1	1	1	47.6526037496837	1	1	1	71.4943983328728	1	1
ITGB6	1	1	1	1	1	1	1	1	1	1	1	118.380851843675	1	1
ITGBL1	1	1	1	1	1	1	1	1	378.251416153943	1	1	1	1	1
ITK	165.054927761141	240.924397502571	20.342175466391	222.801297718004	141.139489095044	1	1	1	1	1	209.853787220393	1	111.693254301094	38.3325922290691
ITM2A	304.584422610528	281.748124010261	20.8641623949009	261.983470350789	82.1720489517426	30.875867369778	1	893.537310331858	1	74.1234552888979	597.550656479412	11.2105009441669	408.08126852583	107.957582339537
ITPR3	16.492171115028	1	1	15.254593812912	1	16.1124616078444	1	29.4921185948318	1	27.8065093402369	1	344.654324675809	19.110775713052	1
ITPRIPL1	24.7154551712595	19.5275630581941	1	33.002485278865	1	1	1	1	1	1	15.8679961819614	1	13.9891105637127	1
IZUMO4	1	19.4717506956042	1	1	1	1	1	1	1	1	17.8071498729573	21.5666535292492	1	1
JAG1	1	1	15.4606689966457	1	1	1	113.900672293065	50.8596896704051	39.4939183121083	1	1	1	1	1
JAG2	1	1	1	1	1	1	1	86.8940273530041	1	1	1	1	1	1
JAKMIP1	16.4410198039985	1	1	1	40.0802171172219	1	1	1	1	1	1	1	21.978565974411	1
JAKMIP2	1	1	1	1	47.179581100175	1	1	1	1	1	1	1	1	1
JAM2	1	1	1	1	1	1	1	337.815454533708	11.9194691185327	1	1	1	1	1
JAM3	1	1	1	1	1	1	59.2325188635489	94.6577076620249	51.5132550639142	1	1	1	1	1
JAML	116.74654959757	54.3498647893004	170.27708758969	72.6978424825142	1	1	1	1	1	1	65.8026810794931	1	66.0144021869939	1
JCAD	1	1	1	1	1	1	1	247.272472133646	24.0028863310745	1	1	1	1	1
JCHAIN	1	1	1	1	1	62.0900732975161	1	1	20.2710782475467	8444.16119413302	1	1	46.7181242669215	1
JSRP1	1	1	1	1	1	1	1	1	1	392.907672288215	1	1	1	1
KANK2	1	1	1	1	1	1	108.418204079263	18.1333230992816	92.2337886418754	1	1	1	1	1
KANK3	1	1	1	1	1	1	24.3365484403917	291.507622229365	1	1	1	1	1	1
KATNB1	1	1	1	1	21.2262146945855	1	1	1	1	1	1	13.3326648737762	18.3860717719481	1
KBTBD8	1	1	27.1737870456554	1	1	22.7534080898074	1	1	1	13.9044336159357	1	1	1	1
KCNA3	65.3256327308842	30.2364598597764	1	99.6115748964879	57.9955328358132	14.2509124042151	1	1	1	72.9261598784947	31.9722992311032	1	20.4543660079854	1
KCNE4	1	1	1	1	1	1	78.4649811857182	1	23.5901968298972	1	1	1	1	1
KCNH2	1	1	1	1	1	1	1	1	1	1	1	1	1	22.8355703229438
KCNJ8	1	1	1	1	1	1	127.177635160009	1	20.1932140012701	1	1	1	1	1
KCNK1	1	1	1	1	1	1	1	1	1	1	1	58.7923974658696	1	1
KCNK3	1	1	1	1	1	1	62.5666731336623	1	1	1	1	1	1	1
KCNK5	1	1	1	1	1	1	1	1	1	1	20.7513069417878	27.2736103738806	13.2047321879248	1
KCNK6	1	1	29.9038777970664	1	1	1	25.3330019357921	1	22.8317474347235	55.1873551918574	1	1	11.9292504267559	1
KCNMA1	1	1	35.6908816520314	1	1	1	1	1	1	1	1	1	1	1
KCNMB2-AS1	1	1	1	1	1	1	1	1	1	1	1	54.4364849898186	1	1
KCNN3	1	1	1	1	1	1	1	16.0595662605227	1	91.0778081916262	1	1	1	1
KCNQ1	1	1	21.1693049263291	1	1	1	1	1	1	1	1	40.3822166168228	1	32.2164168785392
KCNS3	1	1	1	1	1	1	105.458317665661	1	86.6912629567463	1	1	121.447558809307	1	1
KCTD12	1	1	83.6960321751242	1	1	1	11.9165809635223	68.5640624926634	75.4838616524566	17.1902644660591	1	1	1	1
KDELR3	1	1	1	1	1	1	51.5858961655601	1	77.3556517734683	49.5417165437603	1	15.3943163309863	1	1
KDR	1	1	1	1	1	1	1	178.83027465333	1	1	1	1	1	1
KHK	1	1	1	1	1	1	1	1	1	24.5439060926745	1	21.8753042054138	1	1
KIAA0355	1	1	1	1	1	1	1	85.6557713178213	15.3754042660587	1	14.1688012072497	1	1	1
KIAA0513	1	1	1	1	1	1	1	1	1	21.3556969223017	14.3523679306636	1	1	1
KIAA0930	1	1	51.4429257915729	1	1	1	12.7618576484767	1	1	16.8632850710714	1	1	13.8728155012803	1
KIAA1211L	1	1	1	1	1	1	1	134.30763765527	1	1	1	1	1	1
KIAA1217	1	1	1	1	1	1	1	55.7142752857088	26.4243099300049	1	1	92.4969701861707	1	1
KIAA1324	1	16.9689856165065	1	1	1	1	1	1	1	1	37.5845906804692	14.8102254700688	1	1
KIAA1522	1	1	1	1	1	1	1	1	1	1	1	116.279952170161	1	38.1492522554803
KIAA1671	14.6730226180524	1	1	1	16.8787446195891	1	1	53.5079526627114	1	1	1	24.0080307575866	1	1
KIF11	1	1	1	1	1	1	1	1	1	1	1	1	108.077015786353	1
KIF14	1	1	1	1	1	1	1	1	1	1	1	1	53.6288530033834	1
KIF15	1	1	1	1	1	1	1	1	1	1	1	1	50.7086543303899	1
KIF17	1	1	1	1	1	1	1	48.1400477446735	1	1	1	1	1	1
KIF18A	1	1	1	1	1	1	1	1	1	1	1	1	48.6983466747167	1
KIF18B	1	1	1	1	1	1	1	1	1	1	1	1	25.9162135570241	1
KIF19	1	1	1	1	19.1467928613172	1	1	1	1	24.7402338002803	1	1	1	1
KIF20A	1	1	1	1	1	1	1	1	1	1	1	1	28.5613244223928	1
KIF20B	28.2800095695697	26.8321438733442	1	21.5058810690484	13.2238361361583	17.4483557894339	1	1	1	1	24.1312728996749	1	144.195205862789	19.503543071511
KIF21B	20.8272710522148	13.2878574922336	1	24.8698934118759	33.6088817273612	1	1	1	1	1	17.5580966167042	1	34.9793743885768	15.7389002806411
KIF23	1	1	1	1	1	1	1	1	1	1	1	1	116.89534965765	1
KIF26B	1	1	1	1	1	1	1	1	61.6241484899959	1	1	11.9660419357518	1	1
KIF2C	1	1	1	1	1	1	1	1	1	1	1	1	65.5349049009629	1
KIF4A	1	1	1	1	1	1	1	1	1	1	1	1	39.8391128549511	1
KIFC1	1	1	1	1	1	1	1	1	1	1	1	1	120.813807797236	1
KIR2DL3	1	1	1	1	21.502553279831	1	1	1	1	1	1	1	1	1
KIR3DL2	1	1	1	1	58.16958051636	1	1	1	1	1	1	1	1	1
KIT	1	1	1	1	1	1	1	20.0608403525554	1	1	1	30.3472582120788	1	574.594180342455
KLC4	1	1	1	1	1	1	1	1	1	1	1	56.2435904063888	1	1
KLF4	1	1	369.24914916568	1	1	1	606.114630002913	958.77975725633	487.776267767177	1	1	1	1	21.2043261898119
KLF5	1	1	1	1	1	1	21.1187836848243	1	35.3843394498008	1	1	108.160502587031	1	1
KLHDC7B	1	14.5528388902995	1	1	1	1	1	1	1	13.1884969822025	20.8857256071242	1	1	1
KLHL22	1	21.6496510316037	1	1	20.277569708391	1	16.5985385046805	1	17.1227596364307	1	1	1	12.1173328023693	1
KLHL23	1	1	1	1	1	1	75.0685194979397	1	1	1	1	12.7406987311627	1	1
KLK1	1	1	1	1	1	30.6641477273546	1	1	1	23.7178645026383	1	1	1	1
KLRB1	158.278851316427	197.935923043929	29.4626611095833	290.03058783768	389.795769804256	1	1	1	1	22.1214792675464	568.274767063437	1	71.8680080958395	1
KLRC1	102.230438441213	1	1	1	1	1	1	1	1	1	1	1	26.5511573850324	1
KLRC2	96.9435061740003	1	1	1	215.269551842113	1	1	1	1	1	1	1	45.9082730853603	1
KLRC3	57.360512111509	1	1	1	207.45061979925	1	1	1	1	1	1	1	22.8200639067711	1
KLRC4	114.011146200006	1	1	1	103.810666564274	1	1	1	1	1	1	1	71.9844564293599	1
KLRD1	291.582225524896	1	1	1	1148.88695076289	1	1	1	1	1	1	1	151.426289124266	1
KLRF1	1	1	1	1	219.290381771896	1	1	1	1	1	1	1	1	1
KLRG1	113.128430511943	16.6195040446636	1	64.7570774010733	538.293739608214	1	1	1	1	1	1	1	13.2703291722962	126.57965265071
KLRK1	293.677238418906	1	1	41.5124718847684	192.011390245018	1	1	1	1	1	1	14.3057900402998	185.040420469285	1
KMO	1	1	140.097989700064	1	1	21.8502574195333	1	1	1	1	1	1	1	1
KMT5C	22.6728464940939	22.419356407387	1	24.3598534212776	1	1	1	1	1	1	39.3050857876774	14.2065718704585	60.2325802368287	1
KNL1	1	1	1	1	1	1	1	1	1	1	1	1	128.909075828229	1
KNSTRN	1	1	1	1	1	1	1	1	1	1	1	1	33.1747362859128	1
KNTC1	1	1	1	1	1	1	1	1	1	33.7192940344443	1	1	47.2299691278215	1
KRBA2	1	1	1	1	13.9691443356745	1	1	1	1	1	1	1	1	1
KREMEN1	1	1	1	1	1	1	1	1	25.9303439885408	1	1	18.2315311827634	1	44.2821981958046
KRT18	1	1	1	1	1	1	153.226817471871	1	1	23.1898676991879	1	741.535887773064	1	1
KRT19	1	1	1	1	1	1	1	1	1	1	1	575.669287724349	1	121.943308419742
KRT7	1	1	1	1	1	1	1	1	1	1	1	260.646385824305	1	1
KRT8	1	1	1	1	1	1	67.4732116562817	1	1	1	1	564.404964303802	1	1
KRT86	51.572154709157	1	1	1	1	1	1	1	1	1	1	1	20.6817797991934	1
KRTCAP3	1	1	1	1	1	1	1	1	1	1	1	206.326109672499	1	1
KTI12	1	1	1	1	27.7068810009664	1	1	1	1	1	1	1	1	1
KYNU	1	1	141.705330404041	1	1	99.5873755040487	1	1	1	1	1	1	1	1
L3MBTL3	1	20.8730230782976	1	1	17.4184367622128	15.9553855412428	1	1	1	1	1	1	13.3340632395369	39.5010090492771
LACC1	1	1	15.659031072107	1	1	1	1	1	1	1	1	1	1	20.5372715712091
LACTB2-AS1	1	13.4844983576204	1	1	1	1	1	1	1	1	1	1	1	1
LAG3	148.90312273622	32.5154128068752	1	25.3821496503994	59.2092274611996	1	1	1	1	1	165.998648903746	1	195.010504756423	1
LAIR1	21.3466007287465	16.3179751671639	133.032074341465	22.0484943175457	91.2330267164435	1	1	1	1	1	1	1	1	71.7082780891576
LAIR2	1	133.791013040666	1	1	102.509182848344	1	1	1	1	1	139.775288039985	1	30.857536476035	1
LAMA2	1	1	1	1	1	1	14.9309417856975	1	174.200460180163	1	1	1	1	1
LAMA4	1	1	1	1	1	1	239.647539034608	145.447001090811	248.709509624532	1	1	1	1	1
LAMB1	1	1	1	1	1	1	158.063698525773	79.7351512762379	138.645323440023	1	1	1	1	1
LAMB2	1	1	1	1	1	1	132.500663446347	132.159131922212	98.4782795759047	1	1	81.7993318801814	1	1
LAMB3	1	1	14.8467344722526	1	1	1	1	1	1	1	1	148.677578134539	1	1
LAMC2	1	1	1	1	1	1	1	1	1	1	1	62.774324416026	1	1
LAMC3	1	1	1	1	1	1	134.830543703703	1	1	1	1	1	1	1
LAMP3	1	1	25.7742059490306	1	1	1	1	1	1	1	1	117.155420931439	1	1
LAPTM4B	1	29.4446615823997	1	1	1	1	27.9638868505543	1	45.5917491280706	1	1	201.145509079932	1	1
LARGE2	1	1	1	1	1	19.206060396655	1	1	1	1	1	74.7090556059086	1	1
LARP1B	1	1	1	1	17.3359422602625	1	17.3053601160464	1	1	60.3260604311641	1	17.5048875775921	11.7523288723403	1
LAT	169.394748801236	244.222497569117	20.7318567566119	168.370656410242	254.194678009846	1	1	1	1	15.1096829857439	235.701712402214	1	147.531555839216	585.239562044589
LAT2	1	1	102.485299016049	1	43.9999000885325	162.745753804541	1	1	1	44.2078166044792	1	1	33.0293830485545	258.851367222537
LAX1	40.7871399765998	57.2340572009516	1	35.8835664214458	73.9802646883348	17.0915353644682	1	1	1	111.186976780786	47.5642524323591	1	30.3317377574405	193.916823920722
LAYN	1	159.281936956086	1	1	1	1	41.7784173627161	44.3711464581736	35.4031585583267	1	1	1	21.3461529076269	1
LCK	334.846220481588	386.252978045019	18.3209256009972	279.674920878326	386.478882924846	27.4597559762631	1	14.6445520079982	1	18.8936370982356	303.874557128868	1	194.820346043176	1
LCN10	1	1	1	1	1	20.253427391968	1	1	1	1	1	1	1	14.9103570000791
LCN2	1	1	1	1	1	1	1	1	1	1	1	323.013252976356	1	1
LDAH	1	1	1	1	1	1	1	1	1	12.9323027149802	15.3041435714856	1	1	1
LDB2	1	1	1	1	1	1	47.4672606431838	420.599415468551	34.0612882375395	1	1	1	1	1
LDHD	1	1	1	1	1	1	1	1	1	1	1	58.7604974751854	1	1
LDLRAD4	221.82524353866	185.529511297282	98.8270116630832	142.031794611087	1	183.709041554312	11.5251970542941	22.1577676441214	16.1509461164562	22.603222187717	137.353032151508	1	159.012000805028	21.7094679993886
LEF1	19.3257785242992	120.379928319293	1	83.9106517509925	21.176087279109	1	19.3106925092439	18.4203444043641	19.2895272462916	1	45.5168603327287	1	17.7537823926483	1
LEFTY2	1	1	1	1	1	1	1	1	55.5465048239715	1	1	1	1	1
LEO1	20.1805872357261	19.9122572456567	11.7856168128755	20.5524900225811	16.7211213945469	17.6363139093769	17.5630997187867	16.1020550822665	20.395568609923	1	16.1016064522415	18.3653287310746	23.7289137665089	287.807426365976
LEPR	1	1	1	1	1	1	1	147.071781329001	19.0868440034492	1	1	1	1	1
LETM2	21.4282723459625	20.3216500647899	1	14.9452157694546	1	1	1	1	1	1	15.0662716409977	1	20.15948865184	1
LGALS2	1	1	138.159616153427	1	1	1	1	1	1	1	1	1	1	1
LGALS3BP	1	14.0326438028745	62.3516781687185	16.2176305751562	1	1	296.791331816625	1	252.597669864622	15.9307902485378	14.5981734990525	743.862056769824	1	1
LGI4	1	1	1	1	1	1	87.4664734794184	1	1	1	1	1	1	1
LGR6	1	1	1	1	38.7789547981466	1	1	1	1	1	1	1	1	1
LHFPL2	1	1	52.5132505974373	1	1	1	13.1253540295742	33.4785061667824	19.9156375164291	1	1	1	1	1
LHFPL6	1	1	1	1	1	1	959.884419287388	90.2178733759659	178.569145832369	1	24.6913855755676	19.5686772381141	1	1
LIF	1	1	1	1	1	1	1	1	19.3501443841655	1	1	1	1	239.038004119663
LIFR	1	1	1	1	1	1	1	258.834846852236	41.8171822430093	1	1	116.166184749105	1	1
LILRA2	1	1	28.4456776348479	1	1	1	1	1	1	1	1	1	1	1
LILRA5	1	1	42.6254311806996	1	1	1	1	1	1	1	1	1	1	1
LILRB1	1	1	56.2432044426468	1	88.4418783086095	23.2398434519882	1	1	1	44.9215627373645	1	1	1	1
LILRB2	1	1	111.183607797468	1	1	1	1	1	1	1	1	1	1	1
LILRB3	1	1	94.9826053743099	1	1	1	1	1	1	1	1	1	1	1
LILRB4	1	1	176.873143526537	1	1	1	1	1	1	1	1	1	1	1
LIMCH1	1	1	1	1	1	1	36.733023809518	73.9542369416961	357.468633023664	1	1	82.748399562416	1	1
LIME1	200.355294050733	147.610769580025	21.8151166198311	205.011973211421	313.696007367488	41.1053908527499	1	20.0470145652121	1	468.166577115395	90.7303922921869	1	257.740686029329	1
LIMS2	1	1	1	1	1	1	30.6522658410789	419.965653823355	19.7850593410008	1	1	22.8528776640449	1	1
LIN7A	1	1	1	1	1	1	49.4775040318831	1	1	1	1	1	1	1
LIN7B	1	1	1	1	1	1	1	22.3350853740064	1	36.2936832429999	1	1	1	1
LINC00158	1	1	1	1	1	1	1	1	1	1	1	1	22.8160757105865	1
LINC00239	16.6121583578923	27.2781794495321	1	24.9149354714975	20.1244799434789	1	1	1	1	1	18.6584596878015	1	1	1
LINC002481	1	1	1	1	28.1720889548158	1	1	1	1	1	1	1	1	1
LINC00299	1	1	1	1	16.5003772306998	1	1	1	1	1	1	1	1	1
LINC00324	1	1	1	1	1	19.2666024298513	1	1	1	15.1688730205541	1	1	1	1
LINC00511	1	1	1	1	1	1	1	1	1	1	1	55.9563336451182	1	50.7540084057618
LINC00528	1	1	1	1	1	1	1	1	1	21.2992833709421	1	1	1	1
LINC00539	1	1	1	1	1	15.3747000872392	1	1	1	13.701539140181	16.5627031143505	1	15.9184154782599	1
LINC00649	47.2514802978098	77.4130783851922	1	43.4893502221887	31.1944890082609	1	1	1	1	18.3004081108341	78.5883713000355	1	37.5548000117097	1
LINC00702	1	1	1	1	1	1	44.5608058204497	1	1	1	1	1	1	1
LINC00861	72.9330173204209	59.4298285411696	1	73.9885258411618	184.793284787795	1	1	1	1	1	40.0664021327553	1	25.8418332853376	1
LINC00877	1	1	18.6288241280749	1	1	1	1	1	1	38.3143705143208	1	1	1	39.3104192218334
LINC00891	1	1	1	1	1	1	1	1	1	22.3321205886188	1	1	1	1
LINC00926	1	1	1	1	1	206.346330846208	1	1	1	1	1	1	1	1
LINC00944	30.6448864389839	1	1	28.0060668863069	96.3033719906256	23.7624431423651	1	1	1	1	1	1	1	1
LINC01140	1	1	1	1	1	1	1	1	74.6535556620623	1	1	1	1	1
LINC01197	1	1	1	1	1	1	42.3315630570042	1	1	1	1	1	1	1
LINC01215	1	1	1	1	1	18.4568900125639	1	1	1	1	1	1	1	1
LINC01229	1	21.0354076094363	1	1	1	1	1	1	1	1	43.9257776455398	1	1	1
LINC01281	1	34.9879907026013	1	1	1	1	1	1	1	1	55.9433633861165	1	1	1
LINC01340	1	1	1	1	1	1	1	1	1	1	1	1	1	19.4538155992762
LINC01358	1	1	1	1	1	1	1	1	1	27.5402250552539	1	1	13.847968225455	1
LINC01426	1	1	1	1	1	1	1	1	1	1	1	50.8318257552819	1	1
LINC01480	1	1	18.145911350752	1	1	46.5505041292758	1	1	1	135.400703646753	54.1361945292836	1	37.1443291483268	1
LINC01484	1	1	1	1	1	1	1	1	1	37.9053731589177	1	1	1	1
LINC01550	20.4344908063817	27.1437116045445	1	30.9795460121	15.398692102999	1	1	1	1	1	19.3492559677781	24.4898856154319	14.6876911918228	1
LINC01588	1	27.0628700656614	22.7156558505842	1	14.5138458889859	1	1	1	1	1	1	1	22.5971403915022	1
LINC01781	1	1	1	1	1	173.086010763994	1	1	1	32.3872435578999	1	1	1	1
LINC01857	1	1	28.3248010022496	1	1	168.705945293401	1	1	1	1	1	1	1	1
LINC01871	250.828075818136	1	1	106.234297204074	188.477558448745	1	1	1	1	1	181.534075470114	1	159.91051563444	1
LINC01934	39.937343866731	28.803517832182	1	28.2262006043541	21.4403266859754	1	1	1	1	1	80.9218592150051	1	35.6784988122473	1
LINC01943	34.7431122692728	234.068947445152	12.6685216085407	17.7231988735451	14.5776842663243	1	29.3386946050681	1	26.1934415847728	13.189797070215	207.250780402938	1	58.0677785958503	1
LINC02084	25.0340894578634	1	1	1	54.6086688845784	1	1	1	1	1	1	1	13.3349346490993	1
LINC02099	1	41.6588447429904	1	1	1	1	1	1	1	1	1	1	1	1
LINC02195	23.1529567745208	36.8402004397353	1	1	1	1	1	1	1	1	1	1	41.6927267718024	1
LINC02202	1	1	1	1	1	14.1374301777471	82.3142726512904	1	1	1	1	1	1	1
LINC02273	1	1	1	25.9841563122576	1	1	1	1	1	1	1	1	1	1
LINC02328	15.7069107181859	1	1	1	24.9045642407674	1	1	1	1	1	1	1	1	1
LINC02345	1	1	27.670489945299	1	1	1	1	1	1	1	1	1	1	1
LINC02352	1	1	1	1	1	1	1	1	1	1	1	1	1	16.9521672778583
LINC02361	1	1	1	1	14.5646781101031	1	1	1	1	1	14.3639498471434	1	1	1
LINC02362	1	1	1	1	1	1	1	1	1	224.39684854791	1	1	1	1
LINC02384	1	1	1	1	67.8213855854193	24.117920818163	1	1	1	128.688533058298	1	1	1	1
LINC02397	1	1	1	1	1	96.6097941499504	1	1	1	1	1	1	1	1
LINC02446	420.972405144425	1	1	1	108.478676982073	1	1	1	1	1	1	1	501.434526718151	1
LINC02576	1	1	1	1	1	1	1	1	1	52.1694242498821	1	1	1	1
LIX1L-AS1	1	16.988770732351	1	1	1	1	1	1	1	1	1	10.2364221670335	1	1
LLGL2	1	1	1	1	37.9349725634957	1	1	17.6352033563878	1	20.7591553220021	1	184.319321920529	1	1
LMCD1	1	42.3572411501798	1	1	1	1	326.878816567405	282.309412226315	456.252260886125	1	30.9992407258301	1	35.9015882465238	1
LMF1	1	1	1	1	1	1	1	18.7341608354805	1	60.8173149677979	1	24.2496356368657	1	1
LMO2	1	1	23.1530190398529	1	1	1	1	82.8052652102297	1	1	1	1	1	1
LMO3	1	1	1	1	1	1	1	1	1	1	1	51.0432941270817	1	1
LMO7	1	1	1	1	1	1	1	1	33.0374045417208	1	1	235.750371145296	1	1
LMOD1	1	1	1	1	1	1	125.609237583166	1	39.1238841876811	1	1	1	1	1
LMTK2	1	22.2964675581357	1	1	1	1	1	1	1	1	1	37.0500200068142	1	1
LMTK3	1	1	1	1	1	1	1	1	1	51.9306919418149	1	10.8996620487255	1	1
LONRF3	1	1	1	1	1	1	1	1	1	1	1	1	1	24.7144234788395
LOX	1	1	1	1	1	1	13.1755675704104	1	90.1504417312995	1	1	1	1	1
LOXL1	1	1	1	1	1	1	21.3325388775254	1	148.808764577483	1	1	1	1	1
LOXL2	1	1	1	1	1	1	131.650147304579	85.7839308421768	32.055109448417	1	1	1	1	1
LPAR2	33.6805346816943	45.9595723164998	16.7218509845024	45.2595421713882	1	27.8157591926658	1	1	1	16.1688676583736	42.5864866952468	1	16.3877391764158	1
LPAR5	1	1	1	1	1	20.2127641750322	1	1	1	1	1	1	1	1
LPCAT1	22.3696820693946	1	47.1661850766724	1	116.540431258523	50.4242824107642	16.4979627632515	1	11.068832383585	12.8954784377278	1	614.462829939354	33.4188815058154	21.8367044495728
LPCAT2	1	1	52.2601579012963	1	1	1	1	1	1	1	1	1	1	157.894921279824
LRIG1	1	21.9426935944044	1	23.3745165399572	1	1	38.9978154575318	22.4399296699741	29.3833561634348	1	1	36.0487999277236	1	1
LRMDA	1	1	63.2632047243803	1	1	1	19.0513270865771	97.0548453338103	1	1	1	57.1981203035042	1	67.0407896149135
LRMP	40.6970092986317	1	17.1174534000271	20.5736608225251	43.2949551519907	67.8208348378384	1	1	1	61.8496404388656	76.5575341509586	1	85.5693016176852	1
LRP1	1	1	95.7057850927307	1	1	1	164.88431479043	1	477.382233704724	1	1	1	1	1
LRP1B	1	1	1	1	1	1	1	1	1	1	1	1	1	19.4027318514085
LRP5	1	1	1	1	1	1	1	83.61683774772	15.9503456708027	1	1	154.180212105539	1	1
LRR1	1	1	12.9664494322485	1	1	1	1	13.6141721635089	1	14.4269541594165	13.9142711144397	1	67.5630304551795	36.6734874896562
LRRC25	1	1	44.0222333434056	1	1	1	1	1	1	1	1	1	1	1
LRRC32	1	30.7150640932363	1	1	1	1	108.65511537163	230.559694911178	28.7636976476733	1	1	1	1	1
LRRC8A	1	1	1	1	1	1	23.0146687702038	104.148301342907	26.0191801354275	1	1	40.1818742937943	1	1
LRRC8B	1	16.2142934049326	1	1	1	1	1	1	1	1	19.943054314504	25.3653542692025	1	1
LRRC8D	1	22.0214046037273	12.0796098936741	19.4868999693094	1	15.008884395243	1	1	1	12.6701796814132	49.5145735201473	21.5081705293978	12.8716684048824	1
LRRK2	1	1	26.1365247973465	1	1	20.8026694856562	1	1	1	1	1	52.3065448121119	1	1
LRRN4	1	1	1	1	1	1	1	1	1	1	1	81.8049229391662	1	1
LRRN4CL	1	1	1	1	1	1	1	1	52.8953233706892	1	1	1	1	1
LSAMP	1	1	1	1	1	1	1	1	106.419914913965	1	1	1	1	1
LSP1	670.803913094316	614.887831476856	683.776107451766	459.921895988241	918.908128167315	485.711558066979	1	27.5800278254885	14.9489441975469	305.487199568915	604.431883151417	20.4728643012542	809.391229967118	1
LST1	1	22.196632367336	551.860893603685	1	1	18.0376709254283	1	1	1	1	1	1	15.1819873444077	13.6470527978839
LTA	1	58.2881278386768	1	19.334611856882	1	37.5282703711865	1	1	1	1	36.7710016538247	1	18.4523216686831	1
LTB	165.297869787889	1242.9753641276	138.583941564802	642.734510112267	34.0561585820551	780.637543811275	19.2590676204043	18.2164844842033	1	29.2111375853624	316.007107332782	1	61.5084289626799	46.1495591914778
LTB4R2	1	1	1	1	21.3901051634058	1	1	1	1	1	1	1	1	1
LTBP1	1	1	1	1	1	1	225.41686609947	19.4686854727081	239.385909732581	1	1	1	1	1
LTBP2	1	1	1	1	1	1	94.0698270631193	1	535.212831891332	1	1	1	1	1
LTC4S	1	1	52.4245117206047	15.4937676877104	1	1	1	189.459748045007	1	77.8958399309887	1	11.3737797358529	1	764.519317627869
LUCAT1	1	1	57.9219772020029	1	1	1	1	1	1	1	1	1	1	1
LUM	1	1	1	1	1	1	704.542245586387	1	4131.61230976808	1	1	1	1	1
LURAP1L	1	1	1	1	1	1	131.847883304177	1	101.161358660936	1	1	17.9921574412708	1	1
LXN	1	1	1	1	1	1	21.4509093238862	220.955009134653	106.148800567789	1	1	23.6886791788397	20.8786219893977	76.6822412904283
LY6G5C	1	1	1	1	1	1	1	23.0188604383504	1	1	14.0813237314182	20.8394705558772	1	1
LY75	21.3670578083698	65.0165572429575	22.2647239805856	20.9403765988688	23.4879109406343	29.6072883141989	1	1	1	1	27.2763915884275	15.5596838627291	30.8537622280619	1
LY86	1	1	171.463504536548	1	1	172.077916169393	1	1	1	1	1	1	1	1
LY9	77.0952542027655	49.2573391863434	22.966601069148	56.7645005965108	68.8391676525935	806.911442153047	1	1	1	147.151505760973	24.8155652350274	11.392262272852	45.7126838028724	1
LY96	1	44.5352423463642	152.848923704723	20.9006285026324	1	43.9109573632476	48.5085071210946	15.7805841408626	48.3517272406725	278.978296172059	59.5652408812716	1	17.6637249001909	1
LYL1	1	1	24.8219149383693	1	1	55.5359023971945	1	133.461884123623	1	17.6547849469025	1	1	1	18.109921772725
LYN	1	1	150.521468736237	1	50.2258790211889	269.003335632804	11.8138369857077	33.1687535062997	14.6967981029633	35.033026055927	1	33.442646121265	26.4171254237925	84.6959739922463
LYVE1	1	1	1	1	1	1	1	176.163080401877	1	1	1	1	1	1
LYZ	1	1	2300.65479370633	1	1	1	1	1	1	1	1	1	1	1
LZTS1	1	1	1	1	1	1	63.306996883968	1	1	1	1	1	1	1
MAD2L1	1	1	1	1	1	1	1	1	1	1	1	1	165.11219177446	1
MAF	30.3002630390275	118.384417430115	42.4497708033761	70.7273401504371	28.8609485319047	1	24.4260670790394	42.4312174577821	56.343303409978	1	208.112560652905	1	32.469133340362	1
MAFB	1	1	222.071181261087	1	1	1	26.779945056759	17.4062639916654	82.7789565321686	1	1	1	1	1
MAG	1	1	1	1	1	1	1	1	1	1	1	1	1	20.9061920550785
MAGEH1	1	279.39094630432	1	1	15.876548861841	1	38.7210891756557	36.0350511670238	52.0300518733131	50.3760999287616	134.76447470638	1	22.0739214994905	1
MAGI2	1	1	1	1	1	1	26.6379977941786	1	20.1437402382782	1	1	1	1	41.1475249336218
MAGI3	1	1	1	1	1	1	1	1	1	1	1	144.793639286867	1	1
MAL	1	107.735952360834	1	61.5388080817668	1	1	50.4053323271026	1	53.4908053984363	1	108.849509694328	1	1	1
MAL2	1	1	1	1	1	1	1	1	1	1	1	110.491848257551	1	1
MALL	1	1	1	1	1	1	1	30.721322066046	1	1	1	178.163425125594	1	1
MAMDC2	1	1	1	1	1	1	1	1	173.339692178939	1	1	1	1	1
MANEA	1	14.5235457582674	1	1	1	1	17.0991109901554	1	12.9130144967927	130.60931098376	12.937856124623	1	26.7785244664139	1
MANEA-DT	1	1	1	1	1	1	1	1	1	24.4015692825104	1	1	1	1
MAOA	1	1	1	1	1	1	31.3089676320573	106.323756181653	15.9356958267794	1	1	105.875664425026	1	1
MAOB	1	1	1	1	1	1	25.2560942883497	1	85.8942038280244	1	1	1	1	239.270281137499
MAP1B	1	1	1	1	1	1	238.842764165128	1	25.5437701071429	1	1	1	1	1
MAP2K6	1	1	1	14.4101732437715	25.532795264454	1	1	19.1035823458767	1	14.3735633491341	1	1	1	1
MAP3K7CL	1	1	1	1	1	1	207.699843945978	1	1	1	1	1	1	1
MAP7	1	1	1	1	1	1	1	1	1	1	1	64.4540820185474	1	1
MAPK11	1	1	1	1	1	1	1	46.483025686897	1	1	13.5651873357995	1	13.5684568649203	1
MAPRE3	1	1	1	1	1	1	23.8274276946662	1	15.6643525734479	1	1	29.5099802188375	1	35.7343522306867
MARCH1	1	1	45.2323723798778	1	1	99.9476561659722	1	1	1	1	1	1	1	1
MARCKS	1	1	192.759086734797	1	1	89.478531897053	85.3616873933869	176.507800321605	217.298792015804	72.4670966218704	1	1	1	1
MARCO	1	1	159.375950832834	1	1	1	1	1	1	1	1	1	1	1
MAST3	1	1	1	1	23.8451028272611	1	1	1	1	1	1	1	1	1
MASTL	1	1	1	1	1	1	1	1	1	1	1	1	58.5331018238288	1
MATK	144.313521988166	1	33.9538375057321	49.8930923742419	282.399478955714	1	1	1	1	1	1	1	26.4053374745462	110.026302943982
MBOAT1	1	16.3724056180686	1	1	1	1	1	1	1	1	1	23.5362282445037	1	1
MCAM	1	1	1	1	1	1	168.324797513331	143.509943259877	1	1	1	1	1	1
MCEMP1	1	1	45.6564737516408	1	1	1	1	1	1	1	1	1	1	1
MCF2L	1	1	1	1	1	1	1	90.3828086462696	1	1	1	17.5786925669327	1	1
MCM10	1	1	1	1	1	1	1	1	1	1	1	1	33.9426912822089	1
MCM2	1	1	1	1	1	1	1	1	1	1	1	1	63.8254520329894	1
MCM4	1	1	1	1	1	1	1	1	1	1	1	1	52.4190653579814	1
MCTP1	1	1	93.1565971311545	1	1	1	1	71.0401488159687	1	1	1	1	1	78.3122551676453
MCTP2	21.7490006188339	1	1	1	70.8734653939223	1	19.2415694097835	1	21.3367028618492	25.0972892548464	1	25.4321565677421	1	44.3811403714752
MDFI	1	1	1	1	1	1	1	27.1359871048106	78.637661074855	1	1	1	1	1
MDK	1	1	1	1	1	1	71.4470074570627	122.577527227624	312.26688448565	64.9279337508382	1	548.103897995732	1	1
MEDAG	1	1	1	1	1	1	71.6994215861944	1	21.397041472179	1	1	1	1	1
MEF2B	1	1	1	1	1	1	1	1	1	162.768486314044	1	1	1	1
MEF2C	1	1	99.8421941258826	1	1	306.796506490164	320.361276089793	151.551232998507	29.8204652205028	240.914378397587	1	33.8087377834021	57.238688865139	1
MEF2C-AS1	1	1	1	1	1	18.0606163584225	15.1383904487975	1	1	1	1	1	1	1
MEG3	1	1	1	1	1	1	1	1	115.453975210615	1	1	1	1	1
MEI1	34.5558801076731	53.8931138513296	1	36.4446972222414	38.4291698380092	20.9362220670086	15.5642867637224	1	1	258.001429683653	37.2967138562826	1	39.156247284472	12.0765978232872
MEIS2	1	1	1	1	1	1	25.0936162172393	99.2720661164029	22.6012076101466	1	1	24.4655930831943	1	72.565100417354
MELK	1	1	1	1	1	1	1	1	1	1	1	1	60.370717102969	1
MEOX2	1	1	1	1	1	1	1	1	72.2944833237115	1	1	1	1	1
MESP1	1	1	1	1	1	1	1	1	1	18.7198632981331	1	131.330641562139	1	1
MEST	1	1	1	1	1	1	78.230780238077	1	43.2068700654644	1	1	37.1238650323664	1	1
MET	1	1	1	1	1	1	1	1	1	1	1	69.6737035195883	1	1
METTL27	1	1	1	1	1	1	1	1	1	1	1	74.8769457161737	1	1
MFAP2	1	1	1	1	1	1	81.8282808501522	81.516558560338	723.014296337046	1	1	1	1	1
MFAP4	1	1	1	1	1	1	643.141048961367	1	1713.71640122402	1	1	1	1	1
MFGE8	1	1	1	1	1	1	476.778781614154	30.2199389020501	170.186516017611	1	1	1	19.8258762253103	1
MFHAS1	1	20.6093658594904	12.4610958014093	19.1926001239897	1	1	1	14.7284895329375	16.5239177770747	1	68.8055747359688	21.8175528010461	16.393392824105	1
MFSD12	1	1	57.445458535997	1	1	1	1	1	1	19.6508230622961	1	21.7272118327407	1	1
MFSD3	1	1	1	1	1	1	1	1	1	34.6942232654309	1	28.5521857029983	1	1
MFSD4A	1	1	1	1	1	1	1	37.324173588707	1	1	1	95.6548209855987	1	1
MFSD4B	1	1	11.9012381524492	1	1	13.911964805433	13.2399090177613	1	1	1	1	1	1	63.2876826374735
MGAT4A	147.901629273206	47.4718028872003	68.8147621854539	168.396553458103	155.182026890064	63.2712848380392	1	126.97980669417	1	27.5683693982284	87.2933805596479	31.5845780917333	59.0263542513973	1
MGAT5	19.630230054945	1	13.9914172188539	29.6782471316179	1	60.069946601717	17.618161366167	1	1	1	14.7438496260116	29.3948104688497	1	1
MGLL	1	1	47.9933670452889	1	1	1	134.367488736805	317.563762034709	65.1487259931605	39.2877218844816	1	488.495697006716	1	1
MGP	1	1	1	1	1	1	4590.70736408018	2841.05848541535	5182.46100124402	1	1	34.097014269463	1	1
MGST1	1	1	24.3549365954902	1	1	1	1	1	116.292342443429	1	1	647.490250939894	1	1
MGST2	1	18.8930843423178	92.0152749392689	1	1	1	48.9638223318905	197.346206970083	36.5651663803947	1	1	72.0789014497014	1	1
MIAT	25.9525014235752	28.6963660727675	1	33.7446979364063	32.5960969635121	1	1	1	1	33.3930676206722	31.1813602364059	1	23.9647193548239	1
MICAL3	1	1	1	1	1	31.5279003464755	1	19.01002942962	20.6384934968164	1	1	1	13.1738659354672	17.5900294516669
MIER2	1	1	12.9938177430348	1	1	1	11.169514176433	160.718232802343	11.8105422245549	1	1	1	1	26.9232233605568
MIGA2	1	14.1138244520958	1	1	15.8374945653942	1	1	1	1	1	1	17.3457377188522	1	1
MIR181A1HG	1	36.3267549670041	44.7009785590079	1	24.4102222360793	1	1	1	1	29.2175309465226	18.1228603545933	1	33.2265816792747	1
MIR29B2CHG	1	1	1	1	1	30.5853998019388	18.8426615817662	1	1	45.3888205464037	14.3978016685942	1	1	1
MIR3142HG	1	24.0955988182185	14.7232920428408	1	1	1	1	1	1	1	14.815154934227	1	1	79.5717057744371
MIR3945HG	1	1	38.3581906292505	1	1	1	1	1	1	1	1	1	1	1
MIS18A	1	1	1	1	13.6155073394796	1	1	1	1	1	1	1	30.9813658180794	1
MITF	1	1	28.8826257597024	1	1	1	28.1960134064029	1	54.6675942068025	1	1	1	1	97.8879285003292
MIXL1	1	1	1	1	1	1	1	1	1	36.7751539624577	1	1	1	1
MKI67	1	1	1	1	1	1	1	1	1	1	1	1	383.450592160923	1
MLC1	1	1	1	1	16.2997335529881	1	1	1	1	1	1	1	1	1
MLPH	1	1	1	1	1	1	1	1	1	1	1	90.2281438948624	1	152.368551104147
MMP11	1	1	1	1	1	1	93.4592727133766	1	155.2417207959	1	1	1	1	1
MMP12	1	1	65.3622370566139	1	1	1	1	1	1	1	1	1	1	1
MMP14	1	1	79.5832208148306	1	1	1	106.801887801758	17.9503692013383	304.837077201472	1	1	1	1	1
MMP15	1	1	1	1	1	1	1	47.4686306117523	1	1	1	80.1010142574693	1	1
MMP19	1	1	102.803636385417	1	1	1	51.7242063169809	1	89.0121514045442	1	1	1	1	1
MMP2	1	1	1	1	1	1	59.7019431637298	26.6865299265836	1724.63697429684	1	1	1	1	1
MMP23B	1	1	1	1	30.1673895677408	1	36.0632989050969	1	316.904963400793	1	1	1	1	1
MMP25-AS1	21.5180783614007	1	1	19.3975409878687	39.7928252959658	1	1	1	1	1	1	1	1	1
MMP28	1	1	1	1	1	1	1	101.621175897472	1	1	1	30.5660879690644	1	1
MMP9	1	1	156.874705003926	1	1	1	1	1	1	1	1	1	1	1
MMRN2	1	1	1	1	1	1	1	243.635959935614	1	1	1	1	1	1
MMS22L	1	1	1	1	1	1	1	1	1	1	1	1	21.9804673676574	1
MND1	1	1	1	1	1	1	1	1	1	1	1	1	75.3291931257628	1
MNDA	1	1	205.131615184092	1	1	49.2388686461303	1	1	1	1	1	1	1	1
MOCS1	1	1	1	1	1	1	141.882254303695	1	21.8148607824572	1	1	1	1	1
MOK	1	1	1	1	1	1	1	1	1	1	1	34.4063615254365	1	24.2811354349419
MORN2	1	1	11.9712955692227	1	1	1	25.6722083156147	1	35.5732363309729	1	1	137.57142650602	1	1
MOXD1	1	1	1	1	1	1	19.2723065098507	1	349.268690195585	14.3744783106269	1	1	1	1
MPEG1	1	1	54.6813409595508	1	1	14.4971163203567	1	1	1	1	1	1	1	1
MPP1	1	1	103.066139856459	1	1	1	13.2394819613231	29.4626181486998	19.6624833924636	1	1	1	19.6576393880915	144.83627167708
MPP7	1	1	1	15.2768385305377	12.7012207064455	1	1	1	1	1	1	74.7792349432687	1	1
MPZL2	1	1	1	1	1	1	1	1	1	1	1	115.856260188849	1	1
MPZL3	89.4323802488904	65.6366734073824	16.3498752791971	102.490817849651	1	13.7055507444003	1	14.7381074155847	1	15.517816821945	34.2459563058843	36.2333082795561	45.4657137296865	1
MRC1	1	1	219.582602937087	1	1	1	1	1	1	1	1	1	1	1
MRC2	1	1	1	1	1	1	54.3599709366242	1	211.741660819564	1	1	93.0560310384063	1	1
MREG	1	1	32.4936410787892	1	1	1	1	1	1	1	15.9957969879666	1	20.5902989905141	1
MRGPRF	1	1	1	1	1	1	97.0007160578227	1	34.6507659534715	1	1	1	1	1
MS4A1	16.8771265214311	1	1	1	1	1262.25181337266	1	1	1	1	1	1	40.3684368747955	1
MS4A15	1	1	1	1	1	1	1	1	1	1	1	227.537711664233	1	1
MS4A2	1	1	1	1	1	1	1	1	1	1	1	1	1	1379.44242163165
MS4A4A	1	1	134.067960306573	1	1	1	1	1	1	1	1	1	1	1
MS4A6A	1	1	574.987436775929	1	1	1	1	1	1	1	1	1	1	1
MS4A7	1	1	266.085815901376	1	1	23.6429795299283	1	1	1	1	1	1	1	1
MSH2	1	1	1	1	1	1	1	1	1	1	1	16.1903186843046	30.6050875654246	1
MSH5	1	1	1	1	1	1	1	1	1	1	1	22.3740051147305	27.5606849827975	1
MSR1	1	1	138.735736443668	1	1	1	1	1	1	1	1	1	1	1
MSRB3	1	1	1	1	1	1	130.078518413047	74.1156748171607	78.400876860758	1	1	1	1	1
MT1A	1	1	1	1	1	1	123.509345875228	27.6539032544153	41.2612063699859	1	1	1	1	1
MT1G	1	1	42.8437818995532	1	1	1	17.5888745410412	1	1	1	1	33.1030085252949	1	1
MT1M	1	1	1	1	1	1	345.936063555509	282.575846287843	99.6837326217391	1	1	41.1123294332347	1	1
MTCL1	1	1	1	1	1	1	1	1	1	1	1	1	1	30.0324878637688
MTFR2	1	1	1	1	1	1	1	1	1	1	1	1	27.1254932663553	1
MTUS1	1	1	1	1	1	1	121.128984341951	118.196595672302	48.2836852862682	1	1	112.427785987377	1	1
MUC1	1	1	1	1	1	1	1	1	1	1	1	1465.49459633126	1	1
MUC12	1	1	1	1	1	1	50.6742199902578	1	17.2410655558689	1	19.1337497180812	1	15.9853134776764	1
MUC20	1	1	1	1	1	1	1	1	1	1	1	190.192727884187	1	1
MUC4	1	1	1	1	1	1	1	1	1	1	1	201.982835307604	1	1
MUSTN1	1	1	1	1	1	1	315.037573842493	1	1	1	1	1	1	1
MVB12B	31.7872942224452	1	1	19.3855079240276	28.8449964987896	1	1	1	1	1	1	16.0897708154541	20.2644412426679	1
MXD3	1	1	1	1	1	1	1	1	1	12.7033881255739	1	1	60.6131309870075	1
MXRA5	1	1	1	1	1	1	1	1	153.044591158911	1	1	1	1	1
MXRA8	1	1	1	1	1	1	260.242140245392	1	736.058158292029	1	1	63.8055107520322	1	1
MYB	1	1	1	1	1	1	1	1	1	1	1	1	24.4113683788862	21.5050338800981
MYBL1	24.0622050030453	1	1	25.1139811990686	138.671312277738	1	1	1	1	1	1	1	1	1
MYBL2	1	1	1	1	1	1	1	1	1	1	1	1	82.8824097987807	1
MYCT1	1	1	1	1	1	1	1	164.870693705208	1	1	1	1	1	1
MYEF2	1	1	1	1	1	1	1	1	1	1	14.7987545490678	16.4403082239617	33.7693488514318	1
MYH10	1	1	1	1	1	1	47.216998230547	1	237.964158540412	1	1	1	1	1
MYH11	1	1	1	1	1	1	329.076368819052	17.5493928692968	67.7279032779052	1	1	1	1	1
MYH14	1	1	1	1	1	1	1	1	1	1	1	108.401018275458	1	1
MYL9	1	1	13.8992888433133	1	1	1	2099.35988479442	94.4738495356353	931.4167049713	13.5108314390491	1	162.21772538211	1	1
MYLK	1	1	1	1	1	1	314.268087849287	71.1648897944207	281.13506726131	1	1	1	1	1
MYLPF	1	1	1	1	1	1	1	1	1	1	1	1	1	18.939079459647
MYO1B	1	1	1	1	1	1	262.225291224561	46.4422727653201	67.4081392202735	1	1	64.0717768943744	1	1
MYO1F	54.7022650862121	36.5289828999499	89.2653237678127	52.790074948009	135.605460714769	20.9924255950598	1	1	1	1	35.5168542609844	1	46.232322220492	17.1751751411417
MYO7A	1	1	1	1	1	1	1	1	1	1	59.9156751458147	1	38.9597825032796	1
MYOCD	1	1	1	1	1	1	50.7822369793882	1	1	1	1	1	1	1
MYOF	1	1	56.0236846544516	1	1	1	90.1380571619628	1	48.2915041280045	1	1	136.457315001088	1	1
MYOM2	1	1	1	1	245.07378966016	1	1	1	1	1	1	1	1	1
MZB1	1	25.2579108245607	1	1	1	17.9355846325292	1	1	1	4339.23370044013	14.1084406131501	1	130.792084816923	1
N4BP3	1	1	1	1	1	21.1482590572972	1	44.6790859297039	1	1	1	1	1	69.9568939057162
NAA40	1	1	1	1	21.1120752799022	1	1	1	1	1	1	1	17.8583135945487	1
NAIP	1	1	62.741710225565	1	1	1	1	1	1	1	1	1	1	1
NAPA-AS1	1	1	1	1	1	1	1	1	1	42.1094855294489	13.0325401558942	1	1	1
NAPB	1	1	1	1	1	1	1	1	1	1	1	1	1	32.3686216030468
NAPSA	1	1	1	1	1	1	1	1	1	1	1	3185.91551453856	1	1
NAT10	1	1	1	1	1	13.2039226335558	1	1	1	1	1	37.2693019002434	19.5971610191323	34.240959629071
NAV2	1	1	1	1	1	1	1	1	20.6996672219791	1	1	77.8646510215615	1	1
NBEA	1	1	1	1	1	1	1	1	1	1	1	21.5306023450487	1	24.4654945373012
NBL1	79.7334056375866	1	12.6283726198124	37.4652293388946	1	1	343.674394628551	33.6125701582362	1630.65235606544	1	81.0542310514165	37.3812779207216	67.655067477512	13.5775359172974
NBPF19	1	1	26.7540782056727	17.1799479753126	38.5895068507255	1	1	1	1	1	1	1	1	13.2135248165821
NCALD	1	1	1	1	52.0656456708393	1	59.2770051998795	22.3527163177264	31.4685809049704	1	36.8675303098372	19.5813912840437	1	1
NCAM1	1	1	1	1	31.8793404774908	1	1	1	1	1	1	1	1	1
NCAM2	1	1	1	1	1	1	1	1	63.1561211152811	1	1	1	1	1
NCAPD2	1	1	1	1	18.6934992388663	1	1	1	1	1	1	21.6814131431634	79.4217894799655	1
NCAPD3	14.1296066438735	18.6582214503182	13.3149602792444	1	1	1	1	19.2669325668428	1	1	1	1	117.980302580215	13.9558388412523
NCAPG	1	1	1	1	1	1	1	1	1	1	1	1	84.5278527120202	1
NCAPG2	1	1	1	1	1	1	1	1	1	1	1	1	65.9712450455426	1
NCAPH	1	18.0916508501431	1	1	1	1	1	1	1	1	1	1	96.5441829335833	1
NCDN	1	16.2987554234734	1	18.4891400400151	1	1	15.7514393529068	1	13.303591049365	1	44.902890976186	20.1771015345493	1	1
NCF1	56.6068440044626	48.5666703440651	133.512300378663	82.1385659535363	1	263.686789755729	1	1	1	283.706825666147	51.6924283323016	41.6346782338913	63.8395121454222	64.6863973854011
NCF2	1	1	206.678555495912	1	1	13.0610576512004	1	1	1	1	1	1	1	1
NCR1	1	1	1	1	67.7293787525863	1	1	1	1	1	1	1	1	1
NCR3	32.558232268759	66.5542551646328	1	1	166.755956145402	114.071135182084	1	1	1	1	16.5496257978557	1	41.6428470539772	1
NDC1	1	1	1	1	1	1	1	1	1	1	1	1	26.3513757972998	1
NDC80	1	1	1	1	1	1	1	1	1	1	1	1	74.0332768444773	1
NDN	1	1	1	1	1	1	80.3768483403501	1	154.971103428457	1	1	1	1	1
NDNF	1	1	1	1	1	1	33.9264040959306	1	50.0603108840429	1	1	181.146181484859	1	1
NDRG2	1	1	50.8625126774922	1	1	1	172.282067290315	157.43577165552	73.5507368621871	1	1	1	1	44.2109211091907
NDUFA4L2	1	1	1	1	1	1	1064.49805419621	1	49.7605384587151	16.4573614812689	1	1	1	1
NEBL	1	1	1	1	1	1	1	1	31.9667601712007	1	1	99.5961793918058	1	1
NECTIN2	1	1	108.703610010993	1	1	1	118.440181795763	238.259723445342	81.4022745196792	1	1	82.2726166441806	1	25.4769467783456
NEDD4L	1	1	12.8326426793906	1	1	1	1	38.1610442883522	1	14.9715419594956	1	207.975625377838	1	1
NEIL1	1	1	1	1	1	16.8037869155349	1	28.9574993054936	1	1	1	22.8018820269948	1	1
NEIL3	1	1	1	1	1	1	1	1	1	1	1	1	64.9942764325239	1
NEK2	1	1	1	1	1	1	1	1	1	1	1	1	27.4657926898762	1
NEK6	1	1	61.7960206764846	1	1	82.4091617355745	18.4181675935905	1	54.8029436194835	20.7453795687327	1	49.939238077071	17.2334430181511	41.882547609511
NEK8	1	1	1	1	1	15.7840569339201	1	1	1	13.51727168779	1	1	1	1
NELL1	1	1	1	1	1	1	1	1	1	1	1	160.952811971373	1	1
NELL2	102.987608393749	22.2809575769431	1	90.4083216715689	1	1	1	1	1	1	141.114787790739	1	86.5873633654185	1
NEMP1	1	1	1	1	1	1	1	1	1	1	1	1	28.7638919859295	1
NEMP2	1	25.1228567778376	1	1	1	1	1	1	1	1	17.0595613718748	1	17.5672885760566	1
NES	1	1	1	1	1	1	47.2774192429057	167.152025838067	13.2000004759318	1	1	1	1	1
NETO2	1	30.2009665159144	13.2017784107697	1	1	1	1	24.0298758725863	1	1	1	1	1	1
NEURL1B	1	1	1	1	1	1	54.5135151832621	28.6805160222823	1	1	1	1	1	1
NEXN	1	1	1	1	1	1	136.271838445236	1	190.246727015556	1	1	1	1	1
NFAM1	1	1	31.4317622866543	1	1	1	1	1	1	1	1	1	1	1
NFASC	1	1	1	1	1	1	72.5570929905919	1	17.3710738203097	1	1	1	1	1
NFE2L3	1	21.375463876486	15.2290746435547	1	1	1	1	18.9596638844059	15.7077485314832	1	1	12.628114161636	1	1
NFIB	1	1	1	1	1	1	110.227037281923	350.500655331202	129.618534186623	1	1	41.1523396036561	1	1
NFIX	1	1	1	1	1	1	31.8225899832039	35.2202307720833	133.690766166556	1	1	56.2554005723967	1	1
NFKBID	47.0781632627627	22.8811241414558	142.376194609246	31.8952584102086	45.2057318914159	186.67446455065	1	1	1	17.0861664556264	25.0564824971469	1	40.5137854237087	135.900560491834
NFS1	1	1	1	1	1	1	1	1	12.4664641531251	1	14.7888012513962	21.1544733749856	1	1
NFYC-AS1	1	1	1	1	14.6567559782742	1	1	1	1	1	1	1	1	1
NHSL1	1	1	1	1	1	1	1	1	1	1	1	56.1974370600346	1	1
NID1	1	1	1	1	1	1	250.172443551625	15.7481735946368	85.4031225050854	1	1	1	1	1
NIPSNAP3B	1	1	1	1	1	19.2536604035752	1	1	1	1	1	1	1	1
NKD2	1	1	1	1	1	1	1	1	130.850335444655	1	1	1	1	1
NKG7	1797.64600325472	1	53.0751716811322	152.412443222911	5299.91874574981	1	17.7696174034729	18.9788355530658	1	31.5543062121148	65.2636639609534	1	1195.86796344841	15.3323770553922
NKX2-1	1	1	1	1	1	1	1	1	1	1	1	446.011392629581	1	1
NLRC3	33.7313363119748	23.7093685905546	1	37.2731433406786	42.4609866709794	1	1	1	1	1	25.1873344715707	1	31.8223182312541	1
NLRP3	1	1	108.415210217707	1	1	1	1	1	1	1	1	1	1	1
NLRP6	15.2370263591966	1	1	17.3161792961128	1	1	1	1	1	1	37.6987285688084	1	1	1
NMB	1	42.1337740837942	29.4186968301402	15.4154991821952	1	1	34.2137230226309	14.3675238138421	23.9515952729627	23.9222636126499	233.498600343631	35.81987382404	1	1
NMU	1	1	1	1	1	1	1	1	1	1	1	82.2763834720756	1	1
NMUR1	1	1	1	1	31.1087562827253	1	1	1	1	1	1	1	1	1
NNMT	1	1	1	1	1	1	472.818392109965	198.834119341573	1050.72338432367	1	1	1	1	1
NOP14-AS1	18.9778507033457	26.375858861113	1	16.8942530303238	27.3762491550616	1	1	1	1	1	29.1911329476747	1	12.305001178009	1
NOS3	1	1	1	1	1	1	1	56.3130484971263	1	1	1	1	1	1
NOSTRIN	1	1	1	1	1	1	1	250.429266104525	1	1	1	30.9053488657815	1	1
NOTCH3	1	1	1	1	1	1	524.014413679176	1	46.955951187364	1	1	48.3426401405308	1	1
NOTCH4	1	1	1	1	1	1	1	270.53129905598	1	1	1	1	1	1
NPDC1	16.7193030759764	44.7441494191482	14.3866536083945	19.7527091223754	1	1	48.2386901620199	562.567767079243	84.175607889487	1	111.86798371714	1	44.1169909699113	1
NPIPB11	1	1	1	1	34.828629962438	1	1	1	1	1	1	1	1	1
NPIPB4	1	1	1	1	25.4217653649425	1	1	1	1	1	1	1	1	1
NPL	1	1	50.6362157187944	1	1	1	1	1	1	1	1	1	1	1
NPR1	1	1	1	1	1	1	1	118.024791765781	1	1	1	20.3183911320908	1	1
NPR3	1	1	1	1	1	1	1	119.483257079324	1	1	1	1	1	1
NPTX1	1	1	1	1	1	1	1	1	1	1	1	187.725012927976	1	1
NQO1	1	1	1	1	1	1	13.192653226238	80.7555854156789	1	1	1	348.156240440269	1	1
NR2F1	1	1	1	1	1	1	99.5702391055479	1	195.464076461622	1	1	13.6033958676989	1	1
NR2F2	1	1	1	1	1	1	395.641713358411	72.2385941805912	147.84183917896	1	1	39.3265189944077	1	1
NRGN	1	1	14.066640993073	1	1	1	78.6071568625095	1	1	1	1	21.6877837939714	1	1
NRIP3	1	1	20.2096617266713	1	1	1	1	1	1	1	1	1	1	66.5864013750424
NRN1	1	1	1	1	1	1	1	115.238662921195	1	1	1	1	1	1
NRP1	1	1	47.7213712451855	1	1	1	72.5163632622427	208.564495428737	85.8207614579449	1	1	46.7296879670642	1	15.3905476339323
NRP2	1	1	101.489192285314	1	1	1	32.8153419544399	35.6431903768786	72.7424059479303	1	1	1	1	19.7166425088662
NRROS	1	1	48.0550417168066	1	23.8473782542926	60.6389498340609	1	18.9076897721764	1	24.7326375813508	1	1	16.0702429464308	18.5564715044229
NSD2	1	21.809479018833	1	1	1	1	14.9177441623033	1	1	15.3130918337592	22.951723404855	21.2912332519213	115.860630421387	17.1598676238819
NSG1	1	1	1	24.5579006460462	1	1	1	1	1	1	1	1	1	11.7672895936642
NSMF	1	1	1	1	1	1	1	1	1	1	1	60.9045651804052	1	1
NSUN3	13.440669934643	21.0528541295806	1	1	1	1	1	1	1	1	15.0152040653629	1	11.2842563179182	1
NT5DC2	1	1	1	1	1	1	32.0731776793394	1	24.6989570844867	32.1675283192835	1	22.8205893186204	1	56.1051961352569
NT5E	1	1	1	1	1	47.5247842852302	23.408581264987	42.5846448546504	1	1	1	53.1410815750024	1	1
NTM	1	1	1	1	1	1	16.4822677693051	1	29.8921943692917	1	1	1	1	178.911624942334
NTN4	1	1	1	1	1	1	79.5166246881218	19.2770109516694	1	1	1	38.2937635203216	1	1
NTRK1	1	1	1	1	1	1	1	1	1	1	1	1	1	89.0048293808124
NUF2	1	1	1	1	1	1	1	1	1	1	1	1	110.708927287447	1
NUGGC	1	1	1	1	1	1	1	1	1	37.1469136245141	1	1	1	1
NUP88	1	1	1	1	17.4661827538149	28.1577501533672	14.1630292728121	1	1	1	1	1	22.9823752068191	15.282931765662
NUPR1	1	1	214.325477874361	1	1	1	317.770183003944	50.9888176314966	639.584971124865	1	1	221.388253734617	1	1
NUSAP1	1	22.3872869069581	1	1	1	1	1	1	1	1	30.6722529802564	1	401.366279217941	1
NXT2	1	1	13.7893765362537	1	17.0247619406556	1	1	1	1	1	1	1	1	1
OASL	127.328040526215	31.8507875339597	29.5768126131734	54.0029353497107	43.8382326477593	1	1	15.5336676135986	1	17.8107977429758	55.1273328572014	13.5334009511749	127.975858252642	1
OCLN	1	1	1	1	1	1	1	33.4015509295583	1	1	1	70.6831072863826	1	1
OGFRL1	1	1	103.165943870349	1	1	1	1	1	21.7386724297771	1	1	1	14.023546615086	1
OGN	1	1	1	1	1	1	1	1	66.8881286629239	1	1	1	1	1
OIP5	1	1	1	1	1	1	1	1	1	1	1	1	22.6973416156292	1
OLFML1	1	1	1	1	1	1	66.0375311532262	1	102.415895780572	1	1	1	1	1
OLFML2A	1	1	1	1	1	1	54.6617790891917	87.2356764143143	1	1	1	1	1	1
OLFML2B	1	1	31.7846087745542	1	1	1	116.038812470006	1	59.1623465151725	1	1	1	1	1
OLFML3	1	1	1	1	1	1	42.1895510155303	1	566.718639163832	1	1	1	1	1
OLR1	1	1	341.567377499203	1	1	1	1	1	1	1	1	1	1	1
OR8G5	1	1	1	1	1	1	1	1	1	1	1	1	1	25.2179982768513
ORC1	1	1	1	1	1	1	1	1	1	1	1	1	24.6874398308762	1
ORC6	1	1	1	1	1	1	1	1	1	1	1	1	88.7574817109149	1
OSBPL10	1	1	1	1	1	33.6674631547115	1	34.6263375201593	22.326569731309	20.822722894023	1	39.8283131320613	1	1
OSBPL5	1	1	1	1	81.6875144163308	1	39.1813228029723	31.1571823366987	20.0699009886366	1	1	15.5766645679137	1	1
OSBPL7	16.8836415278226	1	1	1	21.9032106722146	1	1	1	1	1	1	15.2659203572453	1	1
OSCAR	1	1	56.9961858774246	1	1	1	1	1	1	1	1	1	1	1
OSGEPL1	1	1	1	1	14.7042779057596	1	1	1	1	1	1	1	1	1
OSM	1	1	102.758352872011	1	1	1	1	1	1	1	1	1	1	33.9641598156148
OTOA	1	1	37.1419911232221	1	1	1	1	1	1	1	1	1	1	1
OXNAD1	164.79304035326	160.504295491672	15.8977680302875	160.141858056927	62.9582226449273	1	12.5898626779972	17.6139717945552	1	22.5204231259266	187.444783493972	1	137.679380561839	32.493251419583
P2RX1	1	1	1	1	1	1	1	1	1	100.655217138209	1	1	1	61.5720436810797
P2RX5	1	1	1	17.08874165501	1	48.0891645554689	1	1	1	32.0969357101294	19.9606986931443	1	1	1
P2RX7	1	1	30.4202016340548	1	1	1	1	1	1	1	1	1	1	1
P2RY10	115.020357089483	249.388304982297	22.4020013099456	136.110647085334	24.2372392312299	107.927396722247	1	1	1	53.7914495991149	132.730136790402	1	94.9811393757033	1
P2RY14	1	1	1	1	1	1	38.8865356356762	1	1	1	1	1	1	49.551931637212
P2RY8	49.4720723324951	20.4433000496668	15.0290395549464	81.7307354315903	94.6959351912429	46.7018817456913	1	1	1	71.1829420082872	53.7194417335226	1	43.9538619444227	1
P4HA2	1	1	1	1	1	1	47.9465898416622	1	109.136797551867	17.9664532550107	1	51.0372866850217	1	1
PAFAH2	1	1	1	1	25.5145103312329	1	1	1	1	1	1	36.2717359814091	1	1
PAIP2B	1	1	1	1	1	1	1	1	1	86.7579553790455	1	1	1	1
PAK1	1	1	104.587262965109	1	1	28.684126719444	1	1	17.2309423785365	19.5642262776679	1	29.3518963425206	26.7076378029225	214.724597890059
PAK4	1	1	1	1	1	1	1	130.30616080466	1	1	1	44.6447286709049	1	1
PALLD	1	1	19.0273613924683	1	13.1759538299575	1	114.962653937982	1	284.777546928297	1	1	1	1	61.2250617895896
PALM2-AKAP2	1	14.0751112516107	41.7590080984695	1	1	64.6199497907013	146.940292404225	266.695324802389	70.7133109823655	90.2654860817511	1	1	32.9542596459785	505.49053259768
PALMD	1	1	1	1	1	1	1	212.900673419539	46.7516353198128	1	1	1	1	1
PAMR1	1	1	1	1	1	1	1	1	54.7594994915863	1	1	1	1	1
PAOX	1	1	1	1	17.2997224639712	15.4673361899804	1	1	1	40.45862229283	1	18.2347434985158	1	1
PAPSS2	1	1	149.715249660321	1	1	1	58.6927224455939	155.806431755924	112.639909877628	1	1	62.0652172564153	1	1
PAQR4	1	1	1	1	1	1	1	16.06904452694	1	1	1	1	26.0832664986393	1
PAQR5	1	1	1	1	1	1	1	1	1	1	1	1	1	26.3565927602685
PARD6G	17.781338265664	15.3069322753534	1	1	1	1	1	1	1	1	1	1	27.9498961602955	1
PARD6G-AS1	1	1	1	1	1	1	1	1	1	28.1025451372421	1	1	1	1
PARG	1	1	1	1	18.616516975818	1	1	1	1	1	1	1	11.2974484882587	1
PARM1	1	1	17.0346745363641	1	1	1	109.313974987971	1	1	71.7617342621698	1	49.3028279643376	1	1
PARP15	37.1004416911653	44.818674907611	13.4561000962196	36.8295843067129	87.5857016157584	164.275903325967	1	1	1	14.4551643151844	23.3980146624338	1	30.3699687873899	17.927133391473
PARP3	1	1	1	1	1	30.6385402810573	1	1	14.3029032140219	1	1	33.8171863535588	1	1
PARP8	249.716710006351	78.7385088401218	33.6702213545263	222.639370293843	228.590022865695	54.1510676295897	20.394136655707	19.683738109115	19.6683219105698	21.4254191460679	88.0503251898621	56.9148831739488	59.4767498350839	1
PARPBP	1	1	1	1	1	1	1	1	1	1	1	1	39.7328328771778	1
PARVA	1	1	1	1	1	1	102.869581135687	34.0690906771776	137.350292200828	1	1	52.861941863113	1	1
PASK	29.425825440686	52.090688576882	1	78.2176269177536	1	26.8013661531445	1	92.3707352595919	1	16.7391294782755	71.8333607083806	1	13.7881144288371	1
PATJ	1	1	1	21.9155551095556	1	12.5744493859577	1	1	1	1	1	86.6823532747062	1	1
PAX5	1	1	1	1	1	39.1381022403366	1	1	1	1	1	1	1	1
PBK	1	1	1	1	1	1	1	1	1	1	1	1	50.5403410787349	1
PBX4	91.251821842553	153.435496901564	16.5223500287092	143.036480621028	27.4508321750344	44.0571288760311	1	1	1	18.4465650699805	142.812233315802	16.0284309674583	97.5148847076995	1
PCAT19	1	1	1	1	1	1	1	179.69409096422	1	1	1	1	1	1
PCCB	1	1	1	1	21.4805701855899	1	1	1	1	18.4253927740533	1	1	1	1
PCDH1	1	1	1	1	1	1	31.3065443189916	80.3534819419596	1	1	1	13.1321646497302	1	1
PCDH12	1	1	1	1	1	1	1	123.912530601266	1	1	1	1	1	1
PCDH17	1	1	1	1	1	1	1	371.611894367319	1	1	1	1	1	1
PCED1B	70.2729069959077	124.00363732346	13.6316077637641	53.1530088852221	51.2771067156141	49.0462258735633	1	1	1	86.3795984483792	90.7497889496029	1	85.1327353113519	1
PCLAF	1	1	1	1	1	1	1	1	1	1	1	16.235289498968	498.101728078274	1
PCNT	1	1	1	1	27.9004245695547	1	10.1444941385419	1	1	1	1	1	51.6443437832207	1
PCNX2	20.6234092298823	14.8349179777839	1	23.3386223291952	1	1	1	1	1	1	32.7827096634928	1	13.899622906378	1
PCOLCE	1	1	1	1	1	1	502.482465680699	1	516.852549322389	1	1	23.2146651454233	1	1
PCSK1N	1	16.5716035207847	1	1	1	1	18.8583212241715	1	18.4498505283969	1	15.1602290114529	1	1	1
PCYOX1L	1	23.5298618272121	12.2815341424793	1	1	1	1	16.4939797340049	1	1	18.808495372353	1	1	1
PDCD1	123.834995196142	41.7375975827539	1	80.9279292651065	29.6708017864365	1	1	1	1	1	291.353655720066	1	95.0557603120503	1
PDCD4-AS1	20.6027622749235	21.0244202950575	1	23.5881796812102	1	16.3659781790874	1	1	1	12.187198390219	1	1	11.0325322008212	14.3805640075416
PDE3A	1	1	1	1	1	1	83.6684456187495	1	1	1	1	1	1	17.0858290254188
PDE3B	115.354159737472	106.811081607866	19.0594939517924	110.973282869091	36.7741411911777	1	1	43.076241826179	28.0335984420957	1	186.500941865744	1	90.9275865525177	22.0085283881253
PDE5A	1	1	1	1	1	1	56.3228448207674	1	71.7306840371571	1	1	1	1	1
PDE7B	1	1	1	1	1	1	1	1	1	1	98.1959165284052	1	1	35.0809276503008
PDGFB	1	1	25.6883254001087	1	1	1	1	208.504399943309	1	1	1	1	1	1
PDGFD	1	1	1	1	45.0688649276484	1	1	1	14.5304342296104	1	1	1	1	1
PDGFRA	1	1	1	1	1	1	49.0626921985385	1	205.079826444063	1	1	1	1	1
PDGFRB	1	1	1	1	1	1	438.78799653274	1	152.173138760877	1	1	1	1	1
PDK1	1	1	12.8998799625445	1	1	1	1	1	1	214.922945114575	1	1	13.018575187743	1
PDK4	1	1	27.8365940222725	1	1	1	88.2273811491677	262.637954982528	71.5574179732324	1	1	24.8876595169082	1	1
PDLIM1	1	1	19.1660563926163	1	33.5057411035308	189.827737190597	365.461185980984	634.476473813047	194.10173336996	50.0773050414186	1	236.214437090341	35.6717729369997	1
PDLIM3	1	1	1	1	1	1	686.605791223909	27.0279746906388	437.486191668044	1	1	1	1	1
PDLIM4	1	1	1	1	1	1	1	1	56.6027605101519	1	1	1	32.818092933286	28.843586490765
PDPN	1	1	1	1	1	1	1	1	148.808749297312	1	1	52.265444354766	1	1
PDZD4	1	1	1	1	14.0300008887032	1	1	1	1	1	1	1	1	1
PDZK1IP1	1	1	1	1	1	1	1	1	1	1	1	344.453335815949	1	1
PEBP4	1	1	1	1	1	1	1	1	1	1	1	115.75133884286	1	1
PECAM1	37.0708085573083	1	76.5325320865021	1	40.2651614464621	1	1	2188.09688746458	1	150.519078477901	1	14.7937923573724	41.3108403634704	1
PECR	1	18.1209470097186	1	1	22.885858145058	1	1	1	1	1	13.960118363429	1	20.4974090876267	1
PEG10	1	1	1	1	1	1	1	1	1	1	1	128.12716006566	1	1
PFKFB2	1	1	1	1	1	1	1	1	1	1	1	58.7451857456739	1	1
PFN2	1	1	1	1	1	1	85.307685406924	1	88.5896732062152	1	1	29.8285583601606	1	1
PGAP1	1	21.3927702759325	1	1	1	1	15.2260231881815	1	14.8170732530062	1	29.699028246751	1	16.272506643287	16.6493740281806
PGLYRP2	1	1	1	1	1	1	1	1	1	52.1568904354022	1	1	1	1
PGM3	1	1	1	1	1	1	29.1720276663675	1	47.0447756130773	63.1970355523347	1	22.306729536407	1	1
PHACTR1	1	1	137.18172767081	1	1	82.6640327434247	1	1	1	38.1531908275038	1	1	1	149.653210429748
PHF19	13.8742877569067	28.6319899234077	23.6615924970698	16.5703077597185	1	1	1	1	1	1	20.2139808215786	1	122.029022823194	15.9879670916835
PHF7	1	1	1	1	1	1	1	1	1	1	1	1	21.3998251060014	1
PHGDH	1	1	1	1	1	1	27.786489185287	1	23.4407550457279	95.5675897899564	1	1	82.4393813024337	1
PHLDA3	1	1	1	1	1	1	27.1475098799201	53.3575566535534	146.638786320546	1	1	76.6001804498421	1	1
PI15	1	1	1	1	1	1	111.141036103665	1	1	1	1	1	1	1
PID1	1	1	56.8547761502736	1	1	1	1	1	49.6244430865799	1	1	17.2206244771349	1	1
PIDD1	1	1	1	1	1	1	1	1	1	1	1	20.186973086134	26.5917050940623	1
PIEZO2	1	1	1	1	1	1	1	1	50.710358046943	1	1	1	1	1
PIFO	1	1	1	1	1	1	1	1	1	1	1	90.1026293175289	1	1
PIGO	1	1	1	1	14.0293441131271	1	1	1	1	1	1	1	1	1
PIGR	1	1	1	1	1	1	1	1	1	1	1	723.014258588557	1	1
PIK3AP1	20.1684938794778	1	51.1581844775118	1	40.0654644378469	54.7682366421424	1	1	1	1	1	1	21.7145847222402	16.1932539950527
PIK3CD-AS2	1	1	1	1	1	1	1	1	1	47.3128310331562	1	55.2835697804087	1	1
PIK3R3	1	1	1	1	18.0461936967298	1	25.9046317443943	301.214381480375	16.5068819698925	22.1261257821594	1	1	14.012367455227	1
PIK3R6	1	1	1	1	1	1	1	1	1	1	1	1	13.5162075480434	30.8055379334157
PILRA	1	1	177.004922390584	1	1	1	1	1	1	1	1	1	1	1
PIM2	42.8946372600081	192.048302115029	33.261801728769	80.3682433283666	70.77364085753	105.264149112013	15.4584981427823	1	1	572.22960708178	87.1374604475828	1	35.0579049046574	28.8183866128732
PIMREG	1	1	1	1	1	1	1	1	1	1	1	1	37.4585793569829	1
PIP5KL1	1	1	1	1	1	1	1	1	1	1	1	62.1889464207697	1	1
PKHD1L1	1	1	1	1	1	29.5951132809232	1	64.653614963951	1	89.0805349246474	1	1	1	1
PKIA	1	39.3965987708897	1	18.0332796943817	1	1	1	1	1	1	40.8226476183622	1	21.065302714822	1
PKIB	1	1	100.99146006463	1	1	1	1	1	1	1	1	20.4124033794803	1	1
PKIG	1	1	1	1	1	172.548733214244	538.370230714705	156.599666061398	338.340011601548	28.1704777538594	1	1	26.3660205397728	79.5934058944625
PKMYT1	1	1	1	1	1	1	1	1	1	1	1	1	137.736750492851	1
PKP3	1	1	1	1	1	1	1	1	1	1	1	87.0926328971012	1	1
PKP4	1	1	1	1	1	1	1	76.8568816951758	13.1019634413734	1	1	99.1193776979838	1	1
PLA2G10	1	1	1	1	1	1	1	1	1	1	1	317.32761821438	1	1
PLA2G2A	1	1	1	1	1	1	1	1	63.4046532368727	1	1	1	1	1
PLA2G4A	1	1	1	1	1	1	1	1	1	1	1	22.7826219640797	1	25.3310459495494
PLA2G5	1	1	1	1	1	1	1	1	57.7600347471673	1	1	1	1	1
PLA2G6	1	14.2175850995733	1	1	1	1	1	1	1	1	1	27.1337615586609	1	1
PLA2G7	1	1	95.0524066595092	1	1	1	1	1	1	1	1	1	1	1
PLAC8	29.5389473773961	1	51.1671151119151	61.1758376636098	307.618214037143	67.4086846064835	1	1	1	1	1	22.0415299314602	1	1
PLAC9	1	1	1	1	1	1	570.253111102677	1	482.652093166835	1	1	1	1	1
PLAGL2	1	13.8320616278993	1	1	1	1	1	1	1	1	33.4374939820218	9.18805863075946	21.1384077672801	19.7973661624605
PLAT	1	1	1	1	1	1	96.4439254533128	217.353324420067	96.6645595854501	1	1	1	1	65.5017699086605
PLAU	1	1	203.122358463755	1	1	1	19.7704577572352	15.3189982785103	58.9741792295958	1	1	1	1	36.1124087874302
PLAUR	1	1	1321.73642272749	30.6005779153274	1	1	71.6858094473799	33.8789614749008	113.667594970059	21.5197166411996	1	1	1	99.159061168356
PLBD1	1	1	117.443226060556	1	1	1	1	1	30.804440668266	1	1	1	1	1
PLCD1	1	1	1	18.9763675337034	13.8082592116118	1	1	15.2792800696463	16.5067921700304	1	1	1	1	1
PLCE1	1	1	1	1	1	1	76.522214458537	1	1	1	1	11.7126472070892	1	1
PLCG2	15.6288059843648	1	23.2804189987717	1	22.4230981121806	90.9183999636076	1	24.0283203526603	1	88.7545487490702	1	1	25.8828024931795	34.5205860729114
PLCL1	1	30.835569262918	1	1	1	1	22.5599545547138	1	1	1	1	10.4423622272731	1	1
PLCL2	1	1	1	1	16.2352649987416	1	1	1	1	1	14.6425354048113	1	1	1
PLCXD2	23.5670902914675	1	1	1	14.1443647458889	1	1	1	1	1	1	1	17.0831696242932	1
PLD4	1	1	73.8670163973731	1	1	40.417121498011	1	1	1	1	1	1	1	1
PLEK	46.3305656378873	1	463.082599919397	1	316.366542716996	70.1980771658873	1	1	1	29.7069608801843	1	1	25.9317426139019	39.2877007657254
PLEK2	1	1	34.969464372613	1	1	1	1	1	1	1	1	1	1	1
PLEKHB1	1	1	1	16.3315276503499	1	14.9911204863848	1	1	1	1	1	118.421225631427	1	1
PLEKHG1	1	15.5436928632208	1	1	1	78.8741931438418	1	76.2082833409479	1	1	1	15.0924624952217	1	1
PLEKHG3	1	1	1	1	55.289817334613	1	13.6154928301465	1	1	1	1	1	1	1
PLEKHH2	1	1	1	1	1	1	28.7248464915808	1	140.734705010776	1	1	40.7388108431199	1	1
PLK1	1	1	1	1	1	1	1	1	1	1	1	1	53.3141914763836	1
PLK2	1	1	26.0932720151156	1	31.0882220685534	1	71.3120978243448	368.963152901758	82.6241528857183	15.1572090308349	15.1708144308425	27.5432761883028	1	1
PLK4	1	1	1	1	1	1	1	1	1	1	1	1	34.0843158333818	1
PLLP	1	1	1	1	1	1	1	86.8163610529604	1	1	1	113.280993558547	1	1
PLN	1	1	1	1	1	1	144.656376505758	1	35.396440240819	1	1	1	1	1
PLOD2	1	1	1	1	1	1	125.727899042262	18.7181797902631	131.807283963594	1	1	1	1	1
PLPP2	1	1	1	1	1	1	1	19.4441948852391	1	1	1	153.385719588371	1	1
PLPP3	1	1	1	1	1	1	74.562638715221	178.36343761745	236.496732097437	1	1	37.7658175418851	1	1
PLS1	1	1	1	1	1	1	1	1	1	1	1	58.5572909860957	1	1
PLS3	1	1	1	1	1	1	260.392586708548	173.103739216218	205.868187274078	1	1	188.698633148792	1	1
PLSCR4	1	1	1	1	1	1	54.0429990386758	63.3416551844397	137.379625161133	1	1	1	1	1
PLTP	1	1	200.247437914766	1	1	1	169.645824931806	15.0840174598553	512.558242108593	65.2402599818526	1	17.2372880526316	1	1
PLVAP	1	1	1	1	1	1	1	1398.44465462275	1	1	1	1	1	1
PLXDC1	1	1	1	1	1	1	168.33410733075	1	18.7604479417591	1	1	23.8942377808998	1	1
PLXDC2	1	1	152.465188381572	1	1	1	41.8920439840254	44.7560778198573	270.712100985285	1	1	1	1	23.1423822572794
PLXNB1	1	1	1	1	1	1	1	1	1	1	1	54.419116801346	1	1
PLXND1	1	1	56.5693431462659	1	1	1	76.7579076511824	156.92856720396	18.2715064440574	1	1	57.3922153266484	1	1
PMCH	1	21.6742484960762	1	1	1	1	1	1	1	1	1	1	1	1
PMP22	1	1	200.52914282974	1	1	1	310.066838289847	115.059070745836	633.936933452546	1	1	31.8407832103363	1	122.529820519192
PNOC	1	1	1	1	1	55.8904315304412	1	1	1	119.940408731561	1	1	1	1
POC1A	1	1	1	1	1	1	1	1	1	1	1	1	30.2669505293063	1
POC5	1	15.3020711998393	1	1	1	1	1	1	1	13.1018004023622	18.8861274984178	1	22.75907972749	1
PODN	1	1	1	1	1	1	41.1347404671509	1	267.814138425627	1	1	60.4293998298019	1	1
PODXL	1	1	1	1	1	1	1	293.353944232817	1	1	1	1	1	1
PODXL2	1	1	1	1	1	1	15.8270449349406	1	1	22.2615602630018	1	140.394994808041	1	1
POLA2	1	1	1	1	1	1	1	15.6491243426565	1	1	1	1	29.0647560086585	1
POLD1	1	1	13.5021658043863	1	1	1	1	1	1	1	1	1	40.7190187183173	1
POLE	1	1	1	1	1	1	1	1	1	1	1	1	32.2916300129156	1
POLQ	1	1	1	1	1	1	1	1	1	1	1	1	26.5638400342594	1
POLR1A	1	1	1	1	1	1	1	1	1	1	1	16.4402186872897	1	22.8962001712063
POLR2J2	1	1	1	1	1	1	1	1	1	1	16.2219340503403	1	16.0733870232939	1
POMT1	1	1	1	1	1	1	1	1	12.3694896528706	1	21.0393326529851	30.3548663794746	11.13848480075	1
PON2	1	1	34.0838485998679	1	1	1	70.5403837220047	169.975783185026	35.6394093786559	1	1	426.882215575355	1	1
PON3	1	1	1	1	1	1	1	1	1	1	1	89.7902496770291	1	1
PORCN	1	1	1	1	26.7048655910073	1	16.2533445714256	1	1	1	1	11.309870062261	1	1
POSTN	1	1	1	1	1	1	34.7229541802153	524.519704031261	607.656144076515	1	1	1	1	1
POU2AF1	1	1	1	1	1	138.278551766565	1	1	1	426.21653344173	19.6086819261158	1	37.6994995297406	1
POU2F2	1	33.6279867637605	23.9220384765842	16.8927756178572	1	116.059909057216	1	1	1	122.69526627495	17.4645510536264	1	38.301102169255	1
PPARG	1	1	1	1	1	1	1	27.2189712481213	1	1	24.3729271651206	1	1	1
PPCDC	1	1	14.7470632654582	1	1	1	1	12.6811698070119	1	73.4184864801965	1	11.2206334804125	17.92408444804	1
PPFIBP1	1	1	1	1	1	1	95.3665847874381	165.985134166896	114.140477887067	1	1	39.5000338735351	1	1
PPFIBP2	1	1	18.8817463506046	1	1	28.6256257344111	14.7644460894304	1	13.2235076475412	17.2404864429149	1	13.2930383357836	1	1
PPIC	1	1	1	1	1	1	222.061943645831	86.2804769512036	276.211991527682	1	1	150.508874810444	1	1
PPIP5K1	1	1	1	1	1	1	1	1	1	1	1	1	1	19.2657514443991
PPL	1	1	1	1	1	1	1	1	1	1	1	101.551540845983	1	1
PPM1H	1	1	1	1	1	1	1	1	1	1	1	14.9569035277102	1	37.2022648231357
PPM1L	1	1	1	1	22.7068235001582	1	26.7002192804164	1	1	1	1	1	1	1
PPM1N	1	1	30.1515065908064	1	1	1	1	1	1	1	1	1	1	1
PPP1R13B	1	1	1	1	1	1	1	66.4689550328491	1	1	1	23.9933148547711	1	1
PPP1R14A	1	1	18.6810985490694	1	1	1	776.801775525893	78.3594797249871	591.516523487839	1	1	1	1	1
PPP1R16B	84.9201833663591	80.8544082826085	14.641943046909	66.03465441062	35.8346093312996	45.9859889183263	1	30.299954138161	1	14.3952350707126	65.218865869259	1	66.5287206652015	1
PPP1R2C	22.0474375709701	27.8111489361033	1	1	1	1	1	1	1	1	1	1	1	1
PPP1R3F	1	20.208781016093	1	1	1	1	1	1	1	1	1	15.6432831623913	1	1
PPP1R9A	1	1	1	1	1	1	1	1	1	1	1	55.6015834766142	1	1
PPP2R2B	53.7079996333568	33.4149052250779	1	28.8136007028205	70.4369001451242	1	1	1	1	1	1	1	36.8630929722801	1
PRAM1	1	1	32.8245465859204	1	1	1	1	1	1	1	1	1	1	1
PRC1	1	1	1	1	1	1	1	1	1	1	1	1	105.850360863514	1
PRCD	1	1	1	1	1	18.00523035996	1	1	11.0260940732897	1	1	1	1	1
PRDM1	81.4768761760537	154.055008694763	86.6034477994106	85.0112108273836	137.170139731999	1	18.129823751633	52.9419040927372	1	244.154032193344	229.306218340527	1	116.873857887086	1
PRDM4	1	13.501757367249	12.315730583466	1	14.0792257719851	54.6398996112789	12.0505644911562	18.3741448814087	1	1	15.2548682111961	15.8785758728529	17.8038792096462	1
PRDM6	1	1	1	1	1	1	17.1126764540903	1	61.8155337761562	1	1	1	1	1
PRDM8	1	1	1	1	1	1	1	1	1	1	1	1	1	40.5178038140596
PRDX4	19.2429642812823	34.9151945537475	54.2518550566622	22.0836424615498	20.1293413564926	29.4930381477631	147.404780203472	59.6278373715545	175.11897716068	1462.17891493868	29.0062312023919	247.325507102108	75.7044956942198	25.7651167997392
PRELP	1	1	1	1	1	1	378.763363213337	1	673.067614756607	1	1	1	1	1
PRF1	256.353060155423	43.8141268756265	1	38.583954216175	982.83022187062	1	1	1	1	1	43.204025067569	9.95571087341589	127.043222759499	1
PRG2	1	1	1	1	1	1	1	1	1	1	1	1	1	226.962305614688
PRG4	1	1	1	1	1	1	1	1	96.6987632396868	1	1	1	1	1
PRIM1	1	1	1	1	13.3032041477386	1	1	1	1	1	1	1	36.2948936573423	1
PRKAG2-AS1	1	1	26.4049954383434	1	1	1	1	1	1	1	1	1	1	1
PRKCH	183.200288056081	159.579438001434	23.2658767066018	126.898567804775	205.746233590743	1	1	132.971293659494	1	1	143.729309620444	1	83.9197702286342	1
PRKCQ	53.0082249588926	43.7631199859679	1	59.2622138227142	68.9745041084839	1	1	1	1	1	61.0618820520315	1	28.3724178102542	1
PRKCZ	18.1199475681303	19.8680744115292	1	15.3993054833996	1	1	1	1	1	12.5457663804379	1	79.7727901652909	1	1
PRKG1	1	1	1	1	1	1	116.266880049002	1	72.7437811724267	1	1	1	1	1
PRMT3	1	35.3332406623288	1	14.00240044368	1	1	13.7948546939545	1	1	1	20.8695064997698	27.4713033010736	13.8790261128034	1
PRMT6	1	1	1	1	1	1	1	1	1	1	1	1	13.0599830594844	21.794489574197
PROCR	1	1	25.0195236360457	1	1	1	68.7607039734792	52.127032180029	16.4723744342543	1	1	14.4960128704766	1	99.0682508051663
PROK2	1	1	1	1	31.0098041159337	1	1	1	1	1	1	1	1	1
PROS1	1	1	1	1	1	1	119.825946758013	94.377073448297	50.7452409799991	1	1	24.5380578746333	1	1
PROSER1	1	15.5703219288915	1	1	1	1	1	1	1	1	15.772034589436	1	12.6078032708715	16.6974015557071
PRR11	1	1	1	1	1	1	1	1	1	1	1	1	23.9722901606485	1
PRR15L	1	1	1	1	1	1	1	1	1	1	1	129.16470991706	1	1
PRR16	1	1	1	1	1	1	105.676679512335	1	41.7613680560671	1	1	1	1	1
PRR5	30.8978219714202	31.0964812192345	1	24.2318798261411	84.7818763720593	1	1	1	18.0472670729327	30.3119075487514	1	1	17.4101452645545	37.2743262036095
PRR5L	1	1	1	1	46.1373080991162	1	1	1	17.3958697795695	1	1	1	1	1
PRRX1	1	1	1	1	1	1	110.469807593577	1	160.318032677184	1	1	1	1	1
PRSS12	1	1	1	1	1	1	1	1	1	1	1	37.5122424113032	1	21.8740987343351
PRSS16	1	1	1	1	1	1	1	1	1	33.7537695980836	1	41.4479866565257	1	1
PRSS21	1	1	1	1	1	1	1	1	1	24.4615511830216	1	1	1	1
PRSS22	1	1	1	1	1	1	1	1	1	1	1	71.5919488268332	1	1
PRSS23	1	1	1	1	148.732577097411	1	170.986424106139	608.192017780055	108.420134425281	1	1	45.6419433998326	1	1
PRSS8	1	1	1	1	1	1	1	1	1	1	1	158.152746444471	1	1
PRX	1	1	1	1	1	1	1	174.766883677086	1	1	1	1	1	1
PSAT1	1	1	1	1	1	1	1	1	1	94.5509109363513	1	1	46.7677165168537	1
PSMC3IP	1	1	1	1	1	1	1	1	1	1	1	1	25.7432707439552	1
PSPH	1	1	1	1	1	1	1	1	1	19.3255853841791	1	1	1	1
PSTPIP1	121.558100258685	81.9297424444554	48.5835575035166	96.1610714229771	123.384724180232	13.6215350029676	1	1	1	1	122.872744201724	1	96.7915019415993	1
PSTPIP2	1	1	66.2365080119983	1	23.0242438206607	1	1	1	1	1	1	15.9421857918881	1	25.6639628107552
PTAFR	1	1	60.9079885616149	1	1	1	1	1	1	1	1	1	1	147.038291734939
PTER	1	14.4069953639405	1	1	1	1	1	1	1	1	1	29.9544002414835	1	1
PTGDR	34.4921373490062	1	1	15.5036843216643	193.698308614513	1	1	1	1	1	1	1	1	1
PTGDS	1	1	1	1	26.0471234563123	1	1	71.8654202601694	3187.60195158231	1	1	1	1	1
PTGER2	42.0297757528493	26.4916320309242	36.1912229225377	68.2792527265122	196.169462942975	1	1	1	27.9237914639961	1	1	1	1	23.158837138283
PTGER4	265.524162290784	110.843609107653	181.047066120729	360.834695005189	237.046911545788	50.9850779411049	19.3313133307476	23.1306640561922	98.1993530009554	19.2413468638913	137.577683815556	1	80.0563186945304	80.6164579020491
PTGIR	1	18.464506094229	1	1	1	1	116.297099258459	1	58.9514993956559	1	1	1	1	1
PTGIS	1	1	1	1	1	1	37.2674022278199	1	72.4740606110688	1	1	1	1	1
PTGS1	1	1	50.6835715957488	1	1	1	1	1	1	1	1	1	1	335.0264779983
PTGS2	1	1	143.656495057071	1	1	1	23.0358061843498	1	61.6494625540821	1	1	29.8842694009198	1	350.508696210218
PTK2	1	1	1	1	1	29.6457819687293	184.404954532138	99.5047098528411	37.1551976667214	1	1	82.1386288232843	1	33.7941362857989
PTK7	1	1	1	1	1	1	47.2971984460699	1	114.73035095998	1	1	227.975543103135	1	1
PTN	1	1	1	1	1	1	162.20516492736	1	37.0496782706412	1	1	1	1	1
PTP4A1	36.923689385277	1	1	43.7666237257648	88.0200836146132	1	1	1	1	1	1	1	1	1
PTP4A3	1	28.4914861326481	1	1	1	1	343.063024322652	93.9569265179035	12.6278880443674	148.127952326436	15.0301354899298	29.7994748351111	1	1
PTPN13	1	1	1	1	1	1	21.5104147927099	1	24.4866403483799	1	170.274188523181	106.52462508231	1	1
PTPN22	232.12519174848	153.245099801434	40.0212155282293	114.407400590136	120.945865613466	47.7599101139708	1	1	1	24.6938606031439	140.498993676698	1	157.102626476125	36.5488284150383
PTPRB	1	1	1	1	1	1	1	480.313727514879	1	1	1	1	1	81.3892857640062
PTPRC	1098.88871075637	1042.9775608614	300.85256711853	976.733047589174	996.414733188945	308.191048393891	1	42.3940859214701	1	100.788861571971	908.596600990547	17.2420741292319	616.371041236563	111.519803655908
PTPRCAP	1243.99175469291	968.37173175371	81.0760367371985	869.129000930477	1278.41487504117	1153.60198302932	18.9686038998866	43.1337461408316	18.6006747566982	391.434661898134	734.025080323626	34.8919316451095	763.770313273841	32.0554735749324
PTPRF	1	1	1	1	1	1	1	1	1	1	1	216.897469780559	1	1
PTPRJ	31.0169919644953	43.2555510914814	30.4162030041493	19.2779807515749	26.1312643696427	1	1	1	1	1	43.4553327018209	1	46.716490116521	1
PTPRM	1	1	1	1	16.7692207858168	1	1	186.387608628408	19.8675793090874	1	1	29.2700177559917	1	1
PTTG1	92.5705544548372	146.184678956287	34.7796587639888	48.5114463596128	31.1554708563854	33.623007772391	13.5920567459356	1	1	25.1312367028778	117.10759135739	1	560.017259241998	163.627114892809
PUS1	1	1	1	1	1	12.9916886159166	1	1	1	1	16.1906619461205	1	1	22.7794261530534
PVRIG	24.9282509140306	1	1	15.3898817840733	45.3571970792575	1	1	1	1	1	1	1	1	1
PXDN	1	1	1	1	1	1	61.2723659675087	116.527385763895	52.3584409780035	1	1	31.5953333250809	1	1
PYCR1	1	1	1	1	1	1	1	1	38.3389093897781	91.4110603278397	1	105.090379943409	14.8496232551873	1
PYHIN1	87.274735483448	71.6633300834651	1	50.2315854895779	212.565268208356	1	1	1	1	1	62.0995850502088	1	48.5646099207301	1
QPRT	1	1	1	1	1	1	16.5490670931379	1	59.1210249718356	74.766610369042	1	143.735089314516	1	1
QRSL1	1	13.1105230664434	1	1	20.0507488439765	47.1934194590114	15.7389330381859	1	1	1	1	1	18.1654595514856	1
RAB11FIP4	20.7591931340052	19.8646607084492	1	14.130247435531	25.779169094352	1	1	1	1	1	14.3237423349328	14.5618009322015	1	1
RAB17	1	1	1	1	1	1	1	1	1	1	1	182.3805676736	1	1
RAB20	1	1	150.190785228454	1	1	1	62.8656607455816	32.5478700938892	1	1	1	58.7992274548232	1	20.8736220025239
RAB25	1	1	1	1	1	1	1	1	1	1	1	207.760918165413	1	1
RAB27B	1	1	1	1	15.5172109628453	1	1	1	1	1	1	23.9838698550523	1	450.836258228187
RAB31	1	1	272.660912277445	1	1	92.7092258231284	171.518663135523	1	139.231198622484	40.151108788597	1	51.5522557207452	25.3293727367647	1
RAB32	1	1	106.955474578565	1	1	1	91.9161995440129	62.4725072147426	73.1493432853203	1	1	1	1	125.433948130841
RAB33A	1	36.0316704679614	1	1	1	1	1	1	1	1	18.3638866576034	1	20.2639304037801	45.2567760802344
RAB34	1	1	47.1736521374582	1	1	16.9614465854037	159.11078402245	1	186.694027780897	22.5623283105406	1	124.249090028057	12.5440434200054	163.027849223536
RAB37	25.6436695433854	22.5413498342864	1	1	84.0905979382246	22.9607473065538	1	1	1	1	15.7237426447987	1	11.2224022652171	66.3042011283449
RAB38	1	1	1	1	1	1	1	1	1	1	1	54.1643498385419	1	152.542647272433
RAB44	1	1	1	1	1	1	1	1	1	1	1	1	1	17.6482756554263
RACGAP1	1	1	1	1	1	1	1	1	1	1	1	1	98.5290608008685	1
RAD51	1	1	1	1	1	1	1	1	1	1	1	1	55.0451369833683	1
RAD51AP1	1	1	1	1	1	1	1	1	1	1	1	1	92.0195539647338	1
RAD54B	1	1	1	1	1	1	1	1	1	1	1	1	21.4974214870014	1
RAD54L	1	1	1	1	1	1	1	1	1	1	1	1	25.8672889551456	1
RAI14	1	1	1	1	1	1	16.0309283613291	92.2755438322818	52.1747705357134	1	1	324.739443630738	1	1
RALGAPA2	1	1	11.4998760092412	1	1	1	1	114.8450742353	1	1	14.1318761103501	34.2431769238433	1	13.5357299607781
RALGPS2	1	1	1	1	1	189.306363494445	1	1	1	119.686388507574	1	11.1186939130891	21.7589347485955	1
RAMP1	1	1	1	1	1	1	62.4657899810051	1	157.256391997648	1	1	194.252279616002	1	1
RAMP2	1	1	1	1	1	1	1	2509.18328364552	1	1	1	1	1	1
RAMP3	1	1	1	1	1	1	1	693.632590919379	1	1	1	1	1	1
RANBP10	1	15.0412968482221	1	1	1	1	1	1	1	1	1	15.4827343594026	1	12.4009075875936
RANBP6	1	13.4210593665206	1	1	12.9663677301907	1	1	13.2664688363587	1	1	1	1	1	1
RAP1GAP	1	1	1	1	1	1	1	1	1	1	1	101.6318924181	1	1
RAP1GAP2	1	1	1	1	46.5950209540662	1	1	1	1	1	1	16.1232301538845	1	1
RAPGEF2	1	1	54.5050427584517	1	1	1	29.2821696007386	49.8297997570117	1	13.8178462752554	1	1	1	84.5230864786554
RAPGEF3	1	1	1	1	1	1	1	65.2297205924603	1	1	1	1	1	1
RAPGEF4	1	1	1	1	1	1	1	46.3117116782705	1	1	1	1	1	1
RAPGEF5	1	1	1	1	1	1	40.477884966289	182.110991733191	21.196103910604	1	1	26.1697161705013	1	1
RARRES1	1	1	33.4576370721522	1	1	1	18.9180671623364	1	327.398337267397	1	1	1	1	41.2366413344825
RARRES2	1	1	1	1	1	1	549.497067243008	1	2748.62056500531	1	1	335.968829369679	1	1
RASAL1	1	1	1	1	1	1	1	1	1	1	1	1	1	20.7116215616333
RASGEF1A	1	1	1	1	19.3912963472158	1	1	1	1	1	1	20.2960466339489	1	1
RASGRP1	49.4096755088829	57.9878077022604	1	40.099127027141	38.6572567562173	16.7658877306908	1	1	1	13.4560940763067	39.6568563384276	1	53.0563055317536	1
RASGRP2	23.6284852403272	23.8038697271045	29.1765427841765	58.9442305260039	129.584570907908	107.441731977663	38.3136570344803	17.279111721719	1	1	17.869097165347	1	1	1
RASGRP3	1	1	54.3959018760317	1	1	36.7541563846489	1	53.3045793384896	1	59.9046229914901	1	1	31.2915310857545	1
RASGRP4	1	1	12.4120351707337	1	1	1	1	1	1	1	1	1	1	84.5370032542902
RASIP1	1	1	1	1	1	1	1	182.642575070486	1	1	1	1	1	1
RASL11A	1	1	12.8329664586323	1	1	1	120.832621222916	1	75.1661447534038	32.4740500275624	1	1	1	1
RASL12	1	1	1	1	1	1	164.642207863912	1	55.1201897463296	1	1	1	1	1
RASSF4	1	1	195.777521220037	1	24.3482194005023	1	34.2476016834597	1	19.548636766104	1	1	78.6610730184961	1	1
RASSF6	1	1	1	1	1	29.8063268524825	1	1	1	124.682514819918	1	26.3095242670505	1	1
RBKS	22.9459993793829	33.0063557268572	34.1220079572807	23.4746991791304	98.3210874742706	18.506160310341	1	19.2192769700483	1	1	16.0354320094973	1	14.6069571930362	1
RBL1	1	1	1	1	21.8532544057992	1	1	1	1	1	16.0482257526744	1	43.0874271335552	1
RBM47	1	1	122.892042395793	1	1	1	1	1	1	29.7402131041994	1	90.131255340249	1	12.1317726965941
RBMS2	1	1	1	1	1	1	42.1537053247793	104.721256985844	40.701481364022	1	1	35.1603457825475	1	1
RBP5	1	1	1	1	1	1	1	89.7705595634974	38.9465776326452	1	1	1	1	1
RBP7	1	1	1	1	1	1	1	183.488660859648	1	1	1	1	1	1
RBPMS	1	1	1	1	1	1	290.234683380753	149.30278281595	125.221659149511	1	1	74.5314498018697	1	1
RCAN2	1	1	1	1	1	1	165.727611431181	1	41.2097722564087	1	1	67.6873688079386	1	1
RCAN3	93.0320436392156	139.22165124541	30.7159016591284	117.044873614568	1	30.3609767101027	1	19.5697152213599	1	20.4482435825525	72.5301684305686	44.4327181217455	92.9285796008478	1
RCBTB1	1	14.8316580863158	1	1	1	1	1	15.8887246946447	1	1	1	14.8188987056494	1	1
RCBTB2	1	1	23.6163823032446	15.5874297772497	74.0944554072963	1	22.032351224319	22.784193965198	25.1388686134168	1	1	1	1	19.6983303161635
RCC1	19.0259071680446	1	12.0194967123643	21.4281542626932	87.9352830123825	1	13.65604623458	1	1	1	1	31.5405777682095	46.833453622441	1
RCCD1	1	1	1	1	1	1	13.7911208404364	1	1	1	1	1	33.0778577282868	1
RCN3	1	1	1	1	1	1	105.769988401279	1	151.689416905558	1	1	87.452387071509	1	1
RDH10	1	1	1	1	1	1	1	1	21.8233593468746	1	49.3226960382551	17.2731828002578	1	1
RECQL4	1	1	1	1	1	1	1	1	1	1	1	1	27.3338646858899	1
RELL2	1	1	1	1	15.9472807244043	1	1	1	1	1	1	1	1	1
RENBP	1	1	51.1974521913373	1	1	1	1	19.2877208597	1	1	1	23.146585093833	1	195.845286979351
RERG	1	1	1	1	1	1	143.285035683637	1	117.683255780877	1	1	1	1	1
RETN	1	1	34.7575746201708	1	1	1	1	1	1	1	1	1	1	1
RETREG1	23.035064710254	22.3970001970558	1	25.5592306334351	1	1	1	1	1	1	42.8669709128343	1	1	1
RFC3	1	1	1	1	1	1	1	1	1	1	1	1	48.5739714244166	1
RFC4	1	1	1	1	1	1	1	1	1	1	1	1	65.1827545412195	1
RFC5	1	1	1	1	1	1	11.198927216159	1	1	1	1	1	36.3969756393854	1
RFLNB	1	1	1	1	1	1	1	56.1788645900769	1	1	1	1	1	1
RFWD3	1	1	1	1	1	1	1	1	1	1	1	11.7473943711511	39.7204282683622	1
RFX2	1	1	24.0788425317449	1	1	1	31.6687339753691	15.4404379836653	21.5918359714648	1	1	11.2569838920783	27.9547666011786	95.8405970889136
RGL4	53.2613019855212	51.2129198500971	1	39.6387107976774	35.6274168926632	1	1	1	1	1	26.2589647373041	1	41.8294968579869	1
RGPD2	20.4734536877367	45.1062360514751	1	22.8544665801252	1	23.3557924317615	1	1	1	1	1	1	1	16.7423147829784
RGPD8	1	13.0521791781884	1	1	1	1	1	1	1	1	15.2783833338039	1	1	14.9304036368892
RGS1	823.968637052755	1166.90953300496	915.664618020504	686.940309040671	116.53477391021	126.327862908908	29.2384548158889	20.1506911635429	18.6228620541071	822.911624783494	1237.78531700359	1	687.908867660396	251.052676460794
RGS13	1	1	1	1	1	1	1	1	1	1	1	1	1	520.678512466868
RGS14	48.5502958794904	45.5922915280338	21.9618862446227	69.1174770363668	90.278747975069	21.4920086999951	1	1	1	32.4907173918231	26.6778554036503	10.7368704568176	30.7756613441477	1
RGS18	1	1	32.9532260388507	1	1	1	1	1	1	1	1	1	1	1
RGS3	14.6300368816237	1	1	1	58.2915732147339	1	118.725671633363	146.707499727665	228.837114619446	1	1	13.1415171865053	1	1
RGS5	1	1	1	1	1	1	1686.01946915895	58.3471832002811	1	1	1	1	1	1
RGS9	21.0917684745624	1	1	1	55.0902539939062	1	1	1	25.4965030332935	1	16.6655276304186	1	26.6032824906309	1
RHBDD1	1	22.9236693026995	1	1	1	17.6038302853961	1	1	1	53.1174971031728	14.6100807127199	25.4710785989534	1	1
RHEBL1	1	1	1	1	24.5683131989603	31.3706857884454	1	1	1	1	1	1	29.9940744094898	1
RHEX	1	1	1	1	1	1	1	1	1	1	1	1	1	757.076903045859
RHOBTB2	1	1	1	1	1	1	1	1	1	1	1	63.5764132380396	1	1
RHOBTB3	1	1	1	1	13.541410393059	1	81.3140805569482	1	101.941940447935	1	1	67.5909236790725	1	274.205353729333
RHOJ	1	1	1	1	1	1	14.670383725526	96.0651062021947	36.5989418162521	1	1	1	1	1
RIC3	1	45.6342817611765	1	26.0913543737016	1	63.1421804844286	1	1	1	31.0185322879464	19.0443616839449	1	1	23.9374197755413
RIN1	1	1	1	1	1	1	1	1	1	1	1	1	1	35.5698836486936
RIPK3	1	1	1	1	18.1686956464371	1	1	1	1	1	13.7551904649482	1	1	1
RIPOR2	60.4302659611152	79.9628553141114	19.8845255842432	98.2760788973172	168.687285950545	150.047675829158	26.2670043952251	1	1	1	47.6939287430008	1	38.6211528391757	1
RMI2	1	1	1	1	1	1	1	1	1	1	1	1	33.3949190753702	1
RMRP	1	1	16.5739122178864	19.1115040812642	23.6009480151097	1	1	1	1	1	1	1	21.888963227435	14.5656191833767
RNASE1	1	1	369.931465497193	1	1	1	1	2482.99725920516	1	1	1	2282.66129951468	1	1
RNASE6	1	1	130.545746390894	1	1	18.8378297218487	1	1	1	44.128987810426	1	1	1	1
RNASEH2A	1	1	1	1	14.0441705075939	1	1	17.3330427212949	1	12.5317100546276	1	1	97.9734015296909	1
RNASEL	1	1	1	1	1	1	1	1	15.6839420499377	1	14.8111901218084	11.8498367247503	1	1
RND1	1	1	1	1	1	1	1	165.935481933165	1	14.3943434426932	1	21.828102362651	1	1
RND3	1	1	1	1	1	1	143.965603741175	1	207.165998273646	1	1	33.9524661388505	1	1
RNF125	115.370167290552	50.3352270043597	15.3927727783796	102.440804642692	129.890465399694	1	1	39.2562668959425	1	1	54.1070044796711	1	36.1943829543893	15.4801457168426
RNF130	1	1	344.43604433833	1	26.146197788603	16.943631186021	100.57098641254	100.082913896674	92.6599344036658	1	1	71.12126568072	1	183.257271035536
RNF144B	1	1	125.952351710147	1	1	30.2587319294519	1	80.2582645711005	1	1	1	1	1	1
RNF212	1	1	1	1	1	1	1	1	11.9585009284627	1	1	73.5350662995269	1	1
ROBO2	1	1	1	1	1	1	1	1	73.0797402557507	1	1	1	1	1
ROBO4	1	1	1	1	1	1	1	302.431358973116	1	1	1	1	1	1
RORC	1	1	1	1	1	1	1	1	1	1	1	61.1298549920163	1	1
RPS6KA2	1	1	1	1	1	1	29.0622789085423	126.334226020571	20.397758643873	1	1	17.731352072747	1	13.2978360651566
RPTOR	1	1	1	14.714564950042	16.0479645748004	1	1	1	1	1	14.4431038124791	27.3515050382972	1	1
RRAD	1	1	19.0213900552504	1	1	1	141.960755155626	1	140.970483677987	1	1	99.3419007075673	1	19.9364812899795
RRM2	1	1	1	1	1	1	1	1	1	1	1	1	585.892641129132	1
RRS1	1	40.2191463835051	1	21.6554138656053	13.8771146146605	1	23.0561336429284	1	1	1	26.1035422595846	1	1	18.8811590099019
RSPO4	1	1	1	1	1	1	1	1	74.1154563859802	1	1	1	1	1
RTKN2	1	182.072102467021	1	1	1	1	1	1	1	1	1	1	1	1
RTN1	1	1	27.6605621643335	1	1	1	1	1	1	1	1	1	1	1
RUBCNL	1	1	19.8332626791696	1	1	182.427275801813	1	1	1	1	1	1	1	1
RUNX2	25.1303920266417	22.9741942826967	14.310032437635	40.4610519900714	1	1	1	1	20.5166969554076	24.7652419880414	76.5964196615421	11.142834501492	47.497760328907	1
RUNX3	232.00400644088	94.717328327243	64.7007596180908	127.92785160324	199.106989114097	61.9950925273386	1	1	1	28.596892838013	53.0136064934913	19.605142866452	168.440679060665	41.9046656117907
RYR1	1	1	1	1	1	1	1	1	1	1	1	1	1	25.5847014897815
S100A12	1	1	35.3293838951477	1	1	1	1	1	1	1	1	1	1	1
S100A13	1	1	26.8939513700028	1	1	1	241.130482806366	464.210038019386	797.458374724398	12.5168313465135	1	317.512372314873	1	16.9847041632099
S100A14	1	1	1	1	1	1	1	1	1	1	1	310.699111867561	1	1
S100A16	1	1	1	1	1	1	28.6118852839698	408.438673291176	170.283796226214	1	1	195.695550889865	1	1
S100A8	1	1	491.795006439463	1	1	1	1	1	1	1	1	1	1	1
S100A9	1	1	496.584232866758	1	1	1	1	1	1	1	1	1	1	1
S100B	1	1	267.425777100086	1	287.69964661333	1	1	1	1	1	1	1	1	1
S1PR1	19.3346989840499	19.8234957131046	1	71.7080630810096	87.7936048195523	18.7451406562238	1	450.351970034552	1	1	1	1	1	22.6153742048287
S1PR3	1	1	1	1	1	1	77.603019400351	1	1	1	1	1	1	1
S1PR4	56.7086222566642	54.727947376175	20.5591272037266	75.9624513976247	54.6231158678569	37.9167837516513	1	13.0907600431267	1	27.4811231607023	41.8538841285407	1	49.8890130859989	1
S1PR5	1	1	1	1	247.63885187797	1	1	1	1	1	1	1	1	1
SAC3D1	1	1	1	1	1	1	1	1	1	1	1	28.3451242530347	53.7892050171861	1
SAMD11	1	1	1	1	1	1	1	1	79.5580978833497	1	1	1	1	1
SAMD3	103.3452566664	1	1	52.311526726486	254.867206306704	1	1	1	1	1	14.1108584009323	1	36.8096621455206	1
SARDH	1	1	1	1	1	1	1	1	1	1	45.5939451100836	1	20.1261436689574	1
SASH1	1	1	1	1	1	1	48.9947157975837	172.389634104317	28.0307826135307	1	1	1	1	1
SASH3	55.0491928534333	62.4952947183982	32.6212146034853	45.6982798619953	161.88106482569	94.1261851945203	1	1	1	34.4735329540216	51.9715422673692	1	62.178262400086	1
SASS6	1	1	1	1	1	1	1	1	1	1	1	1	24.8799310691343	1
SATB1	58.1898717271758	86.5428391141308	55.297623387625	88.5549177640683	23.2664438245929	14.2288429529658	1	21.5089769451301	1	1	102.073241474405	42.9187497885283	32.0566245243081	1
SBK1	1	1	1	1	17.0300562659014	1	1	1	1	1	1	11.4703984616183	1	1
SCAMP5	1	1	1	1	1	1	1	1	1	33.2123811531902	1	1	1	1
SCARF1	1	1	17.3897187017362	1	1	1	1	126.305241164418	1	1	1	1	1	1
SCGB3A1	1	1	1	1	1	1	1	1	1	1	1	102.011834018663	1	1
SCGB3A2	1	1	1	1	1	1	1	1	1	1	1	2850.04031725944	1	1
SCIMP	1	1	41.6144532373759	1	1	125.825212006911	1	1	1	1	1	1	1	1
SCIN	1	1	1	1	1	1	15.2968231557914	1	1	1	1	72.9192638705394	1	77.3392333713357
SCML4	156.552395075335	35.6531798110837	1	156.639752977807	126.678311870951	42.5516551914235	1	1	1	1	61.6152927689697	1	55.5775599126532	1
SCN7A	1	1	1	1	1	1	77.2399663220397	1	172.309197245626	1	1	1	1	1
SCNN1A	1	1	1	1	1	1	1	1	1	1	1	99.0837933519505	1	1
SCNN1B	1	1	1	1	1	1	1	1	1	50.9716089211332	1	217.577877674491	1	1
SCRN1	1	1	1	1	1	22.9725537203778	13.7935726692331	1	11.4635440389582	1	1	58.4579901935632	1	1
SCTR	1	1	1	1	1	1	1	1	1	1	1	90.4935274303563	1	1
SDC1	1	1	1	1	1	1	1	1	1	275.534959965054	1	659.828107860373	1	1
SDC2	1	1	32.9468336013495	1	1	1	223.866774987025	1	59.5655972427427	1	1	1	1	1
SDC4	1	41.2487046861537	58.8233530373913	1	1	1	31.6730164756194	1	29.6717990876036	1	23.7301263015569	353.486009178387	29.1284148531733	13.474854948188
SDR42E2	1	1	1	1	20.0772834317594	1	1	1	1	14.0355254452909	1	1	1	1
SDS	1	1	86.2359214253258	1	1	1	1	1	1	1	1	1	1	1
SDSL	1	1	47.1426633163569	1	1	1	1	1	1	1	1	1	1	40.0714456231539
SEC14L2	16.4317973095476	17.1706848651937	1	21.5375186739798	1	1	1	1	1	1	37.4614533467499	1	15.5089345322244	24.8525752617825
SELE	1	1	1	1	1	1	1	53.576037948339	1	1	1	1	1	1
SELENBP1	1	1	1	1	1	1	91.0626687777546	35.8548473349752	47.4915582808874	1	1	247.683635051175	1	1
SELENOP	1	1	100.021768198968	1	1	1	176.23060409133	206.504066269747	1506.13738863536	1	1	446.71742265151	1	1
SELL	31.864532185519	285.611280265948	22.4474240362829	87.1015693191126	137.482092250322	328.040421916137	1	1	1	16.7558792346936	56.2506908010991	1	39.9627502158133	1
SELPLG	128.614924823687	137.105643154123	75.3423308808453	98.0551340698228	203.014633303688	1	1	1	1	78.5105053120295	109.955005598957	1	82.9147136755415	14.0876465194008
SEMA3C	1	1	16.9296341260228	1	1	1	12.9208685631688	1	77.9509599913106	1	1	1	1	1
SEMA3F	1	1	1	1	1	1	1	71.8774859444991	1	1	1	1	1	1
SEMA5A	1	1	1	1	1	1	42.6740838276938	1	1	1	1	1	1	1
SEMA6A	1	1	1	1	1	1	14.429593741428	113.023226305194	1	1	1	1	1	1
SEMA6B	1	1	75.2494205906832	1	1	1	1	27.5346226204557	1	1	1	1	1	1
SEMA7A	1	1	20.0682425346014	1	1	47.2450891206584	1	1	1	1	1	1	13.6653751830094	101.1491695591
SERINC2	1	1	16.3362490571551	1	1	1	1	1	1	1	1	242.063446769811	1	1
SERINC5	28.5470809148771	38.6777569293472	38.64451343256	76.0383858312724	1	1	12.1951311462593	17.1377898252053	39.8956414221481	1	70.0269908917263	70.6679135039961	19.5087621672199	1
SERP2	1	1	1	1	1	1	22.8590879797177	1	17.5544114119413	1	1	1	1	33.3672618647718
SERPINA1	1	1	633.804583347378	1	1	1	1	1	1	1	1	1	1	1
SERPINA3	1	1	1	1	1	1	15.9048072338689	1	73.7288783692976	1	1	1	1	1
SERPINB8	1	1	39.1739052354241	1	1	12.4258642734425	1	1	1	1	1	1	1	14.7534045460228
SERPINE1	1	1	29.654845053941	1	1	1	360.563307292435	298.028138352035	393.822787549898	1	1	1	1	1
SERPINE2	1	1	1	1	1	1	35.2454251742105	1	294.327947235033	1	1	1	1	1
SERPINF1	1	1	113.864878551723	1	1	1	64.2504368580551	1	1312.00729899799	1	1	1	1	16.3247214466828
SERPING1	1	1	75.9485266331374	1	1	1	932.610245964437	146.985585844187	987.640676008587	1	1	14.6981831866563	1	1
SERPINI1	1	1	1	1	1	1	108.078937065302	1	1	33.2720255662345	1	1	1	1
SESN3	17.4963682094632	97.1771397155081	20.1941628643986	47.0466005404833	1	134.120659391445	16.7619232385785	1	47.547491925317	1	92.8618255775562	41.1608041146216	33.9107736321878	1
SETBP1	1	1	1	1	1	31.9162418430957	53.7461919273804	15.3514645275938	50.3959278240099	1	1	1	1	1
SETD1B	1	20.426767812232	1	1	1	1	1	1	1	1	1	1	16.7558174254317	13.1852085016094
SEZ6L2	1	1	1	1	1	1	1	1	24.7536559623612	1	1	265.806515089794	1	1
SFMBT1	1	16.8191755178773	1	34.8520150638734	1	25.7116173762431	1	1	1	14.9096751898429	25.3985117055534	1	34.2410156054701	18.707084744795
SFMBT2	24.2095945419903	1	22.1765303211118	1	1	1	1	1	1	27.1136696257552	24.9668845363875	1	16.189014728095	1
SFN	1	1	1	1	1	1	1	1	1	1	1	239.410119698729	1	1
SFRP2	1	1	1	1	1	1	1	1	764.521026494099	1	1	1	1	1
SFRP4	1	1	1	1	1	1	16.3390535483874	1	348.039900506042	1	1	1	1	1
SFT2D3	1	1	12.3658316042506	1	1	1	1	1	1	1	1	67.5746501651032	1	1
SFTA1P	1	1	1	1	1	1	13.6643534343326	1	116.341327904691	1	1	78.0342205611468	1	1
SFTA2	1	1	1	1	1	1	1	1	1	1	1	3001.23116177903	1	1
SFTA3	1	1	1	1	1	1	1	1	1	1	1	348.589147542072	1	1
SFTPA1	1	1	1	1	1	1	1	1	1	1	1	1104.02267304735	1	1
SFTPA2	1	1	1	1	1	1	1	1	1	1	1	523.783522556848	1	1
SFTPB	1	1	1	1	1	1	1	1	1	1	1	5378.80960260401	1	1
SFTPD	1	1	1	1	1	1	1	1	1	1	1	636.886039852121	1	1
SGCA	1	1	1	1	1	1	190.091193321436	1	117.538705286033	1	1	1	1	1
SGCE	1	1	1	1	1	1	155.839507630099	1	100.841178893812	1	1	98.2921039629187	1	1
SGIP1	1	1	1	1	1	1	66.8911744499009	1	67.7264456637623	1	1	1	1	1
SGO1	1	1	1	1	1	1	1	1	1	1	1	1	66.6692634360211	1
SGO2	1	1	1	1	1	1	1	1	1	1	1	1	56.8785455847871	1
SGPP2	1	28.2357962356829	1	1	1	1	1	1	1	1	35.6592570700647	63.4453993986076	1	1
SH2B3	1	1	67.7056833645504	1	1	22.6205584651695	1	43.9661395266775	1	1	1	1	1	78.6027766457896
SH2D1A	248.508005547468	196.936451222427	1	113.30993542208	133.236169863755	1	1	1	1	1	232.006115138972	1	185.965996049129	1
SH2D1B	1	1	1	1	80.9547738359364	1	1	1	1	1	1	1	1	1
SH2D2A	271.283060711093	284.683020669201	22.1408450761472	196.407182927842	161.963792001032	16.2451225143269	1	16.962745915683	1	23.7737547053489	314.523487853824	9.32329536848738	248.336242811408	29.5296579651831
SH2D3A	16.6054607244807	1	1	20.9590390541461	1	16.4641523894538	1	1	1	1	1	20.3310789738907	1	1
SH2D3C	1	1	1	1	34.0663132980938	1	16.6369424596466	244.881498128706	1	1	1	1	14.4369933644851	1
SH3BGRL2	1	1	1	1	1	1	1	63.7100929504683	1	1	1	33.2675612679783	1	1
SH3D19	1	1	1	1	1	1	18.8552425961519	65.8552410154006	122.767546900675	1	1	21.0072173643567	1	1
SH3PXD2B	1	1	25.8828718348743	1	1	1	1	1	70.8801793149459	1	1	1	1	1
SH3TC1	1	44.044433499714	45.3210907456805	29.9396703312643	1	1	1	40.7441202418652	1	22.2420683804083	60.1484847906167	1	1	23.3042063756675
SHANK3	1	1	1	1	1	1	1	133.785266128048	1	1	1	1	1	1
SHCBP1	1	1	1	1	1	1	1	1	1	1	1	1	58.1906961998525	1
SHE	1	1	1	1	1	1	1	125.809260262286	1	1	1	18.9063641242447	1	1
SHMT1	1	1	1	1	1	1	1	1	1	1	1	36.5906359491941	35.6803919750797	1
SHROOM3	1	1	1	1	1	1	1	1	1	1	1	109.145698356949	1	1
SHROOM4	1	1	1	1	1	1	1	115.267185192099	1	1	1	19.3113887309014	1	1
SHTN1	1	1	49.0608583942009	1	1	1	1	1	1	1	1	23.7714397565767	1	1
SIDT1	21.0850436086007	24.2428966929213	1	21.3496797949658	39.346919313487	62.0339436163589	1	1	1	13.6618827246487	16.6252865648331	1	12.1638669387941	1
SIGLEC1	1	1	30.6532222731026	1	1	1	1	1	1	1	1	1	1	1
SIGLEC10	1	1	37.6922464409884	1	1	34.6326255296936	1	1	1	1	1	1	1	26.4512121661727
SIGLEC6	1	1	1	1	1	1	1	1	1	1	1	1	1	154.509329102172
SIGLEC7	1	1	31.1316271869942	1	19.6328875557052	1	1	1	1	1	1	1	1	1
SIGLEC8	1	1	1	1	1	1	1	1	1	1	1	1	1	24.5405882207882
SIGLEC9	1	1	31.2049034589202	1	1	1	1	1	1	1	1	1	1	1
SIK1	1	1	1	1	1	1	1	1	1	20.5201989921033	1	1	1	1
SIRPA	1	1	112.659193286551	1	1	1	1	1	20.9617446268968	1	1	1	1	19.2350877674237
SIRPB1	1	1	31.1065707978482	1	1	1	1	1	1	1	1	1	1	1
SIRPG	88.1820186407097	175.976797194493	1	49.1240505525208	1	1	1	1	1	1	180.654305647497	1	112.426372154345	1
SIT1	87.2457729362119	110.820341138767	1	74.72490479554	74.2019251986052	58.2325332458528	1	1	1	28.00193363699	107.960898251403	1	105.381764760844	1
SIX1	1	1	1	1	1	1	1	1	1	1	1	86.3355334726101	1	1
SKA1	1	1	1	1	1	1	1	1	1	1	1	1	49.3115142588366	1
SKA3	1	1	1	1	1	1	1	1	1	1	1	1	59.3412436061455	1
SKAP1	213.042780722201	313.266443488973	18.5379243371043	179.59922602515	276.603339319639	1	1	19.5106342675993	1	32.3795890522627	188.283918218991	1	154.604372208484	137.133424500938
SKP2	1	1	1	1	1	1	1	1	1	1	1	1	28.0985894955598	1
SLA	193.515733628608	127.504450606416	57.7969609256452	128.011752366796	206.499377036953	1	1	1	1	27.9999375759408	227.790370874879	1	133.634696950077	1
SLA2	142.45247629715	27.3084259055477	1	38.5178197485782	85.7869573892039	1	1	1	1	1	50.0585490204008	1	104.121712397793	1
SLAMF1	36.989147421607	147.26179709916	13.9506536426904	74.5605110427126	1	51.1994409845277	1	1	1	43.1476501303864	52.7316655293437	1	36.2856009359329	1
SLAMF6	45.0595447151436	29.8610017795981	1	35.0840051703684	87.3135199161433	16.4092536611276	1	1	1	24.7370022120923	40.8494096696577	1	25.6800232395506	1
SLAMF7	54.4086347590485	1	69.0322610383904	1	83.7780463150175	34.615049506473	1	1	1	313.595079186158	1	1	55.4425678975287	1
SLAMF8	1	1	80.9817309633899	1	1	1	1	1	1	1	1	1	1	1
SLC11A1	1	1	173.793634595001	1	1	1	1	1	1	1	1	28.8967842915701	1	1
SLC15A3	1	1	109.896276112844	1	1	1	11.7862555285325	33.29041732827	13.5034689090059	1	1	1	1	1
SLC15A4	1	1	13.8390222687362	1	28.4746842399293	16.9388647773526	1	1	1	1	1	12.6889458183701	1	1
SLC16A10	1	1	67.2165850695312	1	1	1	1	1	1	1	1	10.317161545454	1	1
SLC17A9	1	1	16.7413710247027	1	1	1	1	1	1	104.404517851684	1	1	1	1
SLC18A2	1	1	1	1	1	1	1	1	1	1	1	1	1	498.494434844938
SLC1A3	1	1	65.4976161141036	1	1	1	1	1	17.2081299209261	1	1	1	1	1
SLC22A23	1	1	1	1	1	1	1	1	1	1	1	73.5594634923237	1	1
SLC22A3	1	1	1	1	1	1	1	1	1	1	1	61.4280491178748	1	1
SLC22A31	1	1	1	1	1	1	1	1	1	1	1	483.350310742008	1	1
SLC24A3	1	1	1	1	1	1	1	1	1	1	1	1	1	41.5319209082159
SLC25A20	19.2523873169311	1	1	14.1363724759459	53.7712721056665	1	1	18.2483299854764	1	18.7978001526994	20.2447162606427	1	15.1066154296674	1
SLC26A2	1	1	1	1	1	1	13.8338278289967	47.8015484663332	1	1	1	1	1	41.6418952320435
SLC27A2	21.1847043900472	1	1	1	1	1	1	1	1	1	44.463622049197	1	65.7739408820014	60.7226257966096
SLC2A11	1	1	1	1	1	25.7157331174613	1	1	13.8375860040947	38.3169321421562	1	15.967435287141	1	1
SLC2A5	1	1	17.7378776385074	1	1	1	1	1	1	25.3822494580296	1	1	1	1
SLC2A6	1	1	42.8311087771178	1	1	16.5586889125097	13.3209670994512	15.3207882462714	1	12.6550624232466	1	1	1	230.186914310022
SLC30A2	1	1	1	1	1	1	1	1	1	1	1	1	1	22.0963361693915
SLC30A6	1	18.4662404372461	1	1	14.734302790402	1	1	1	1	16.7652010718265	20.9796630421391	25.4971843678319	1	1
SLC31A2	1	1	116.683288931775	1	1	1	18.7418918202229	1	1	14.8224200683215	13.4122677087847	1	1	1
SLC34A2	1	1	1	1	1	1	1	1	1	1	1	1259.92332518183	1	1
SLC35D1	1	17.9545071998603	1	1	1	1	1	1	1	1	1	18.6127432504376	14.6100070685417	1
SLC37A1	1	1	1	1	1	29.407962020873	1	1	1	1	1	1	1	1
SLC37A2	1	1	49.9995762951856	1	1	1	1	1	1	1	1	1	1	1
SLC38A1	193.077959524256	149.245081608095	38.8985253081244	179.873078626271	181.713940043709	89.7032702818636	1	14.3298603656166	1	67.9635405212759	128.602142762667	1	129.948694357428	13.0971740915334
SLC38A5	14.5206861566485	1	1	1	1	1	20.9884592760216	1	178.988409389545	112.029066347135	1	1	27.7143591064016	1
SLC40A1	1	1	38.0465407603253	1	1	1	98.4629784854046	1	319.969057812507	1	1	120.481569021312	1	1
SLC43A2	1	1	78.1592312150126	1	1	23.9889150020711	1	19.9299039313645	1	18.9186970634725	1	36.0801487657852	1	1
SLC43A3	1	1	65.5821930294234	1	1	1	15.6610722146208	15.4580200489081	40.2873791018792	1	1	60.2835201149285	36.5280014522038	363.001297208513
SLC44A4	1	1	1	1	1	1	1	1	1	1	1	233.831831479894	1	1
SLC45A3	1	1	1	1	1	1	1	1	1	1	1	1	1	39.3659739128152
SLC47A1	1	1	1	1	1	1	1	1	1	1	1	67.6661008558879	1	1
SLC4A2	1	1	14.8652501553754	1	1	1	20.6050282805451	25.5717745057481	19.545879401983	1	21.0177755981761	56.104714513198	24.8382003202222	92.138754504938
SLC5A6	1	1	1	1	1	12.7236831381548	1	1	1	1	1	1	1	1
SLC7A1	1	1	1	1	1	14.4817886141401	1	1	1	26.9818597708704	1	1	53.0375633461416	25.6360261272871
SLC7A7	1	1	107.941343248076	1	1	16.6381292475351	1	1	30.2711071386113	42.2464389898178	1	1	1	1
SLC8A1	1	1	73.0116010579715	1	1	1	14.5090447753698	1	15.6769547854486	1	1	1	1	1
SLC9A3	1	1	1	1	16.1527146877172	1	1	1	1	1	1	1	1	1
SLC9A3R2	1	1	1	1	1	1	80.9068952396237	1598.36867305157	197.044575345891	1	1	507.062718214799	1	1
SLC9A9	19.7888465318881	33.2225321415029	16.2730103724718	24.6579371162623	1	1	1	1	24.6961914624596	14.2802691077726	59.9057540804871	1	20.9728642035588	1
SLCO2A1	1	1	1	1	1	1	1	496.107695297128	1	1	1	1	1	1
SLCO2B1	1	1	97.4617824682173	1	1	1	1	117.426438000979	1	1	1	1	1	205.239767695113
SLF1	62.7459577516661	14.6368040196311	1	46.7744129982879	22.2358390357982	1	1	22.0975864790256	13.6502619924847	1	44.998246428091	1	73.9434245843755	1
SLFN12L	18.6262859394327	1	1	1	66.8680036390984	1	1	1	1	1	1	1	1	1
SLIT2	1	1	1	1	1	1	12.5820794083279	1	141.76282605134	1	1	35.6333257548262	1	1
SLIT3	1	1	1	1	1	1	144.521788284064	1	236.148318739286	1	1	1	1	1
SLN	1	1	1	1	1	1	128.88107548135	1	1	1	1	1	1	1
SLPI	1	1	1	1	1	1	1	46.3713724891295	1	1	1	1120.91143419774	1	1
SMAD1	1	1	1	1	1	1	1	87.6452569491729	22.5351375658168	1	1	21.3326207515002	1	1
SMAD6	1	1	1	1	1	1	1	401.374001400384	1	1	1	1	1	1
SMAGP	1	1	1	1	18.4756986325314	33.4058728248574	1	95.7002934806256	11.0006211950657	1	1	11.3293009632011	1	1
SMARCD3	18.0166309881907	1	1	1	1	1	20.9801219779796	1	52.1768942734605	1	1	18.7242993921108	1	1
SMC2	1	1	14.0880476470068	1	1	12.4091019131316	1	28.0704075947697	1	1	1	20.128977878334	129.870116308049	14.5130152597689
SMCO4	1	15.6490400467294	94.7276742897714	1	1	1	12.1375155512723	24.9314026911202	37.4211797318491	24.8468035484192	82.0776155673179	48.8989134194686	33.1327851788173	1
SMIM1	1	1	1	1	1	1	1	1	1	39.6354769627181	1	108.751484161545	1	1
SMIM14	1	1	45.7667988790302	16.5722931050347	41.6552874132419	359.733723285398	67.059114068988	73.4718252788687	83.8679270211433	41.7202195662525	1	189.124864695439	17.2972803818561	21.0294250833347
SMIM22	1	1	1	1	1	1	1	1	1	1	1	622.442640592366	1	1
SMIM25	1	1	148.148411084321	1	1	1	1	1	1	1	1	1	1	1
SMKR1	1	1	1	1	14.7590737513214	26.8409894812465	1	1	1	1	1	1	1	1
SMOC2	1	1	1	1	1	1	115.546128231642	1	48.5938608911169	1	1	1	1	1
SMPDL3B	1	1	1	1	1	1	1	1	1	108.022033211633	1	264.276812510207	1	1
SNAI1	1	1	48.6548319439894	1	1	1	16.3408486757724	122.865134180674	59.8688848716965	1	1	1	1	1
SNAI3	22.3313865504639	1	12.3773085986155	24.9228957652996	22.7229710629039	1	1	1	1	17.4152093702957	1	1	1	1
SNCG	1	1	1	1	1	1	45.4476631214723	80.4371077782451	1	1	1	1	1	1
SNHG18	1	1	1	1	1	1	78.9544816298334	1	79.394390168911	1	1	16.5454505275135	1	1
SNN	1	14.6621983874566	61.0728342922186	1	1	137.855534550589	1	25.9955464472323	1	1	15.0732331924204	12.9472335695097	1	24.3180281271044
SNTB1	1	1	17.7901329494568	1	29.5056854287608	1	16.1204360085051	1	1	1	1	51.2786951962008	1	1
SNX22	1	1	1	1	1	27.9647387732196	1	1	1	1	1	1	1	1
SNX8	1	1	69.9677178909383	1	1	90.3060933972394	1	1	14.0058650929558	13.1303391776747	1	21.0089024189618	23.1831210760487	1
SOCS2	1	1	1	1	24.4031184772929	1	70.3113553116006	164.451258238113	32.1862540119768	1	1	1	1	1
SOCS6	1	1	16.0737758191838	1	1	1	15.042506961237	1	12.758514926435	1	1	25.048257214556	1	95.6556503203459
SOD3	1	1	1	1	1	1	1094.36494499907	1	812.264263450294	1	1	246.683934733784	1	1
SORBS1	1	1	1	1	1	1	40.2590683152529	31.0128169301305	1	1	1	1	1	32.1388538112986
SORBS2	1	1	1	1	1	1	27.173619744677	92.905840784261	1	1	1	40.5620307551492	1	1
SORL1	37.1317880186684	39.4358733495157	49.2102614645375	70.1539226593062	84.0810728957082	1	1	1	1	1	18.868330760135	60.8260529663816	1	1
SOX17	1	1	1	1	1	1	1	252.434665791296	1	1	1	1	1	1
SOX18	1	1	1	1	1	1	1	1291.4953728029	1	1	1	1	1	1
SOX7	1	1	1	1	1	1	1	249.686624928918	1	1	1	1	1	1
SP140	143.180547118771	101.947808110735	27.5548199657632	114.744751355841	157.231311040816	200.883661353331	1	1	1	80.9307184006198	140.780433892774	1	156.838589116528	1
SPAG4	1	1	1	1	1	1	13.6023963927788	1	1	368.284127248643	1	1	30.3380205843536	25.8293917098472
SPAG5	1	1	1	1	1	1	1	1	1	1	1	1	59.773942003585	1
SPARC	1	1	19.4350503419216	1	1	1	2269.95090809008	2068.28688725922	1932.4418519184	1	1	1	1	1
SPARCL1	1	1	1	1	1	1	1607.09026129435	3065.10984497375	885.048068722752	1	1	1	1	1
SPART	1	1	36.9596298518021	30.7652165538438	1	25.4871179854475	56.698960433968	29.8275789237759	75.3516975886152	1	1	32.8675071211214	1	137.081321157699
SPAST	1	16.0283255685345	1	1	1	1	1	15.364801023061	11.0684897426688	1	14.0502029522096	1	1	1
SPATA2	1	13.0250934204185	1	1	1	1	1	1	1	1	1	1	1	12.2218463190789
SPATC1L	1	1	1	1	1	1	1	1	18.0040386559035	38.760320135053	1	1	1	1
SPATS2	1	1	16.670040842782	1	1	21.8424096284898	41.3854634098985	43.058294214822	41.4435138378509	146.682177005486	1	1	20.1926934728157	1
SPC24	1	1	1	1	1	1	1	1	1	1	1	1	43.383825846973	1
SPC25	1	1	1	1	1	1	1	1	1	1	1	1	113.706562057617	1
SPDL1	1	1	1	1	1	1	1	1	1	1	1	1	42.0142369548267	1
SPECC1	1	1	17.2302432872362	1	1	1	20.4407700161444	1	17.9321319458023	1	1	1	1	53.8281233031876
SPHK1	1	1	84.5750106190113	1	1	1	56.649630998138	38.994255553258	47.078636031527	1	1	1	1	146.510750202974
SPI1	1	1	612.033454346364	1	1	82.5835918089474	1	1	1	56.6884121967708	1	1	1	90.4312312113616
SPIB	1	1	26.9378097172042	1	1	196.852141291773	1	1	1	1	1	1	1	1
SPINT1	1	1	34.8296790004252	1	1	1	1	1	1	1	1	144.736545358283	1	1
SPINT1-AS1	1	1	1	1	1	1	1	1	1	1	1	97.7055868175698	1	1
SPN	71.7241252046945	46.6470562368648	41.3729557283067	55.5584165471105	184.512345821093	1	1	1	1	15.6607317354022	44.1141844599165	1	59.5865466082414	61.1427054763515
SPNS2	1	1	1	1	1	1	1	88.1157858210982	1	1	1	21.1958148873832	1	1
SPNS3	33.3810504924273	27.06988526946	1	23.4177872600172	12.2165915760096	1	1	1	1	1	19.9653116422329	1	30.8399329972238	1
SPOCK2	307.620251295827	798.957325300913	32.2798750569843	500.158208304671	196.46502711572	82.3389029726185	1	134.074464398288	1	34.3965676367629	876.966306941075	1	210.006082554102	19.9268497961201
SPON1	1	1	1	1	1	1	12.5966508992954	1	194.514816494259	1	1	1	1	1
SPON2	31.9759529711444	14.5306193136142	1	24.7509497306452	513.272566785938	1	72.8389566000163	1	181.925447470759	22.6992582692707	16.6018436291009	1	15.3969952641675	1
SPP1	1	1	750.67699148076	1	1	1	1	1	1	1	1	1	1	1
SPRY1	60.5444614862395	1	1	1	1	1	164.048280683153	199.648058302198	370.141252104355	1	17.4726685333151	46.4733535741578	33.1828699053798	1
SRGAP3	21.5008346742538	18.4814928077046	1	1	1	1	1	1	1	1	27.9122943561017	1	16.6307764117867	1
SRPX	1	1	1	1	1	1	77.7933729648651	86.2929778501088	114.292312095985	1	1	1	1	1
SRPX2	1	1	1	1	1	1	25.3571506463011	1	71.3502681474082	1	1	1	1	1
SSC5D	1	1	1	1	1	1	24.7966472483391	1	73.4308368357088	1	1	1	1	1
SSPN	1	1	1	1	1	60.8729952024616	29.3118891454509	1	146.751618043614	39.7275360140501	1	27.5264783431247	1	1
SSTR2	1	1	1	1	1	1	31.9722340537412	1	1	1	1	1	1	40.2966689278744
ST14	1	1	39.0192003614626	1	1	18.7223359461468	1	1	1	1	1	155.826608132291	1	26.1848910139935
ST3GAL6	1	1	44.9346636357411	1	1	1	1	1	1	1	1	1	1	64.7107412740234
ST7	1	1	1	1	1	1	22.7187169459844	16.2544734831897	17.0992694931847	1	1	22.5334121435351	1	40.3642341574512
ST8SIA1	1	1	1	1	1	1	1	1	18.2285403915212	1	22.7812524409834	1	14.9828599027961	23.0572930602284
ST8SIA6	1	1	1	1	15.8893441311775	1	1	73.7071850261363	1	1	1	1	1	1
STAB1	1	1	77.0225429340127	1	1	1	1	59.7838470630623	1	1	1	1	1	18.9111060639222
STAC3	1	1	27.4871497486417	1	1	1	1	1	1	1	1	1	1	1
STAG3	1	1	1	1	1	69.6649174501705	1	1	1	1	1	1	14.3765724635045	1
STAM	27.5793975506686	183.439258672177	16.353492699469	25.5415686034641	12.8444896971916	1	26.1256811110765	25.4691676783472	22.7134338111522	15.1594772558625	45.3035197858475	22.0172257053732	30.6756395557747	61.8651995435251
STAP1	1	1	1	1	1	105.687991102892	1	1	1	107.273182799658	1	1	21.4639737266743	45.5873689742576
STARD10	1	1	1	1	1	1	1	1	32.344568316445	13.1765332855747	1	202.906811303262	1	27.4965738163295
STARD5	1	1	13.192441453402	1	1	1	1	1	11.8540965618146	71.966034260105	1	1	1	1
STAT4	133.171896101448	127.947917569442	32.6730788188238	148.453728603481	141.668514815772	20.9204831919454	1	1	1	15.6569877662197	135.797933212819	1	72.5667817803153	1
STC1	1	1	1	1	1	1	1	55.5156712231639	1	1	1	1	1	1
STC2	1	1	1	1	1	1	1	68.7817118778191	1	1	1	1	1	1
STEAP1	1	1	1	1	1	1	22.6106060411859	1	93.2094060044929	1	1	29.6221005680091	1	1
STEAP3	1	1	1	1	1	1	1	1	1	1	1	63.6609570678178	1	1
STEAP4	1	1	1	1	1	1	26.3968616041573	1	1	1	1	85.279955216562	1	1
STIL	1	1	1	1	1	1	1	1	1	1	1	1	34.7149451352169	1
STMN1	70.2540819322199	33.3159208678999	91.8713635309496	33.0420327272559	65.201717339013	37.1523230496287	34.9298931612923	172.627589273816	78.2489745563318	14.3442896805102	50.9572340132345	30.2764479549128	2336.95224160989	329.917098644771
STMN3	22.2275190648591	14.3233258494819	1	33.3404777047898	14.296855890888	1	49.4158802884426	1	56.2091210193994	1	1	1	18.3314351157832	1
STRBP	15.6643315746693	1	13.5514968262799	1	1	71.7237027675332	1	1	1	41.8275459423209	1	20.614648335625	30.6653965785476	1
STRIP2	1	1	1	1	1	1	1	1	1	1	1	1	1	29.805703568327
STX17-AS1	1	1	1	1	1	1	1	1	1	1	1	1	1	16.8344883772611
STX1A	1	1	1	1	1	1	1	1	1	1	1	1	1	34.4120760276876
STX3	1	1	26.8684812867147	1	1	1	27.4398586321722	33.6539208305955	21.0303119036803	1	1	38.0038630292005	1	99.4369720976256
STXBP5	1	1	1	1	1	1	1	1	18.229168584122	1	1	1	1	38.7859865059161
STXBP6	1	1	1	1	1	1	1	126.438094787562	1	1	1	1	1	47.2447255863181
SUFU	1	1	1	1	1	1	1	21.8752858493045	11.507475778981	1	14.7821468179512	1	1	1
SULF1	1	1	1	1	1	1	105.145734610357	1	193.178866488137	1	1	1	1	1
SULT1A2	1	1	1	1	1	1	1	1	1	1	1	69.6550702607772	1	1
SUSD1	1	1	1	1	21.1468356428668	1	1	1	1	1	1	1	1	25.6135184071834
SUSD2	1	1	1	1	1	1	32.8659657375813	1	1	1	1	561.412906620587	1	1
SUSD3	47.985619304889	86.7787048156803	26.0206922373373	61.8164371817018	1	24.4239339458118	1	1	1	28.1238635785577	77.0980188550137	1	60.9001033950531	1
SUV39H1	1	1	1	1	1	1	1	1	1	1	1	1	24.0181606479368	1
SVEP1	1	1	1	1	1	1	1	1	125.179669209636	1	1	1	1	1
SVOPL	1	1	1	1	1	1	1	1	1	1	1	1	1	54.1648437926985
SWAP70	1	14.7389984431537	66.6328098746337	1	1	243.915475358853	45.3618697183827	112.65303194483	24.0839785422527	15.8621429502361	1	76.2460003562833	25.3415620779107	113.957421645153
SYK	1	1	80.035474534701	1	1	71.0328249544963	1	1	1	56.8540898717487	1	29.1913183502475	23.0355553210027	36.7928105002685
SYNE3	1	1	1	1	1	1	1	1	1	25.8267303343922	1	1	26.6499888412486	1
SYNGAP1	1	1	1	1	1	1	17.4797007512046	1	18.7135784402316	1	13.5426266691635	1	1	1
SYNGR3	1	1	1	1	1	25.8269132692706	1	1	1	1	22.6604221368836	1	16.4714758425328	1
SYNPO2	1	1	1	1	1	1	66.5229140802294	1	21.0724576143709	1	1	1	1	1
SYT1	1	1	1	1	1	17.7293706037917	1	1	1	1	1	1	1	1
SYTL3	322.33248510199	208.254691054436	54.6037259323689	219.625659934422	192.736552646185	24.9384659389125	1	20.7060961118896	1	23.4194460755994	171.192246263797	50.8393559382315	125.303376479039	164.575580054198
TAB3	1	14.7844261339802	1	1	11.8144242656456	1	1	1	1	1	19.5864499828413	11.5146333959922	1	1
TACC2	1	1	1	1	1	1	1	1	1	1	1	119.856816472077	1	1
TACC3	24.4660288716432	50.5111319116146	24.9485345858768	35.8907178669139	1	22.4410452036018	1	1	1	1	32.941159058633	12.3802996040516	134.920950319903	1
TACSTD2	1	1	1	1	1	1	1	26.5041187522378	1	1	1	743.903275711611	1	1
TADA2A	1	1	1	1	1	1	1	1	1	1	1	1	1	20.5268048030221
TAF1A	1	1	1	1	1	1	1	1	1	1	1	1	1	18.4083620966701
TAF4B	1	1	1	14.0657138944187	1	28.8328965615522	1	1	1	32.8515901497191	1	13.8362209503286	13.079596378617	1
TAGLN	1	1	12.6814857469916	1	1	1	2530.0436357544	15.6992763080491	1312.03496099388	1	1	20.9820329493263	1	1
TAL1	1	1	1	1	1	1	1	38.8624360824617	1	1	1	1	1	44.27458860648
TARS2	1	1	1	1	1	13.1232112077524	1	1	1	1	1	23.9960559537706	1	1
TAS1R3	1	1	1	1	1	1	1	1	1	33.8649971628831	1	1	1	1
TBC1D10C	158.455524936885	127.36150845385	17.2826870833165	132.767773964292	358.103883591813	90.0858426155597	1	1	1	48.7827691386348	96.1126964611613	1	111.340646438402	1
TBC1D30	1	1	1	1	1	1	1	1	1	1	1	1	1	17.2934210595039
TBC1D4	1	232.321046047364	28.6241594832859	18.3626274685286	1	1	1	17.5185049411885	1	1	41.3348176248515	1	27.1854841512698	1
TBC1D8	1	38.4244651024524	25.183204135898	1	1	1	1	25.7294058881695	1	1	1	76.6399634707908	1	1
TBCEL	1	1	1	1	1	1	1	15.2728163958384	13.5441588852781	42.9549036171639	1	1	1	1
TBX2	1	1	1	1	1	1	145.742688689329	46.0294907305232	117.684232670762	1	1	1	1	1
TBX21	81.8268864319871	20.7051902444196	1	49.0709115521344	309.890962201862	1	1	1	1	17.911255481802	35.5782016086474	1	36.8889491611665	1
TBX2-AS1	1	1	1	1	1	1	68.094104842881	1	35.0312222709412	1	1	1	1	1
TBX3	1	1	1	1	1	1	69.8097147679391	111.192222480793	37.4064926828851	1	1	1	1	1
TBXAS1	1	1	129.345332569356	16.7404062875717	15.804771551625	51.9706828583351	1	1	1	88.8642257814916	38.1722580208064	1	22.8670260699645	178.990797877421
TC2N	124.847188973755	22.9081045407681	1	152.951791290596	124.754713474546	15.2009612485435	1	1	1	1	64.1043515606351	57.5158950981217	38.2379246665854	1
TCAF2	14.1466706890252	33.002344751924	1	19.8191104499688	1	1	1	1	1	1	27.2985313863899	1	1	1
TCEA3	1	1	1	1	1	1	19.7505537901056	1	35.1865459741315	1	1	418.042432357144	1	1
TCEAL7	1	1	1	1	1	1	119.688825413238	1	58.6502031653721	1	1	1	1	1
TCEAL9	1	1	54.8645186087081	1	1	1	351.368971579951	153.5076954565	279.19011004326	32.8796964506092	1	103.074210608189	1	1
TCF19	1	1	1	1	1	1	1	1	1	1	1	1	97.6271870678127	1
TCF21	1	1	1	1	1	1	286.564029342811	1	1121.99772596539	1	1	1	1	1
TCF4	1	1	49.2267420925231	1	1	197.8527160359	196.369829690386	533.889839323419	266.251919343433	150.019389908432	1	1	38.0757174866984	1
TCF7	36.9220929213229	14.9720455459878	1	70.1061538183215	30.6721619015099	22.640783258831	1	1	1	1	32.0279764056809	1	1	1
TCHH	1	1	26.676893317385	1	1	1	1	1	1	1	1	1	1	1
TCIM	1	1	1	1	1	1	199.530626873257	1774.76551948724	324.634345339791	1	1	1	1	1
TCP11L1	19.0528749519797	13.6946311339971	13.0130434044008	1	1	1	1	1	1	12.6324005819946	15.9817835127682	1	20.7236912751738	1
TCTEX1D1	1	1	1	1	1	1	1	1	1	1	1	1	1	17.2822595058004
TDRD3	14.2858622850432	22.0283366810803	17.3469374407591	1	17.8286482650073	1	1	1	21.0864033610125	1	14.5808921005957	1	13.4150840644135	150.693197131241
TEAD4	1	1	1	1	1	1	16.7440945145249	74.2955466286141	12.457245386093	1	1	1	1	1
TEC	1	1	1	1	1	1	1	1	1	1	1	1	1	39.2565329419938
TEDC1	1	1	1	1	21.185248756865	1	1	14.5816802518041	1	1	14.3749754337631	1	67.5054651189542	1
TEK	1	1	1	1	1	1	1	183.47775329579	1	1	1	1	1	1
TENT5A	16.5041962460631	1	50.1824210221321	1	38.0588599979443	1	98.6304668358383	1	88.2357192976585	1	1	72.2279545870657	1	233.19258842954
TERF2	1	1	1	1	1	16.6557072041313	1	16.4362620512858	1	1	1	21.8660062318136	1	1
TESK2	1	1	1	1	1	25.7211018063544	1	1	1	19.0724736873196	1	12.9126820395724	1	1
TESPA1	17.8400620739656	38.4711710235685	1	60.9523600852014	16.7303911087839	1	1	1	1	1	48.9543980839159	1	24.188200617256	135.268623023348
TET2	1	24.5469273419082	72.4666043135805	1	1	13.3142936351439	13.8921514643525	1	1	1	22.6395139343154	24.5956436284801	26.5313546644706	100.571980659015
TEX9	1	1	1	1	1	66.134826842819	15.2154607022829	1	1	15.2734120071086	1	39.097619472652	1	1
TFEC	1	1	62.1215040540147	1	1	29.1577535296007	1	1	1	1	1	1	1	1
TFPI	1	1	1	1	1	1	775.707313579926	283.03221573106	383.912120076745	1	1	197.702575401356	1	1
TGFB1I1	1	1	1	1	1	1	359.538305290993	84.7553817394842	134.900146004734	1	1	24.0289335458763	1	14.0777184051925
TGFBI	1	1	257.499640879812	1	1	1	193.458208102771	1	74.7492575834305	1	1	1	1	1
TGFBR3	28.9679581593771	1	1	31.3420157261176	127.107281170466	1	51.2825361996084	45.1575228553175	35.3233406402705	1	15.8945676044344	1	1	1
TGFBR3L	1	1	1	1	1	1	1	1	1	31.2453855554248	1	1	16.6412404413117	1
TGM2	1	1	24.6318440378696	1	1	15.6145213459124	457.179112853716	347.783850115142	672.192907030632	1	1	1	1	1
THBD	1	1	109.512643685936	1	1	1	20.5011141295595	403.111421411058	1	1	1	1	1	1
THBS1	30.0563729495958	1	132.366457846401	26.0429297208573	1	1	681.355503606391	1	310.437533080067	1	1	35.5975047558735	1	51.157636432188
THBS2	1	1	1	1	1	1	116.639624005227	1	385.663740922688	1	1	1	1	1
THEMIS	105.72726151086	1	1	89.1180096614397	83.317432712655	1	1	1	1	1	53.5131970420119	1	76.2986863826483	1
THEMIS2	1	1	140.221448178829	1	44.6959888815054	72.0740735510724	1	1	1	116.443642438783	1	22.3814280281463	22.4802705894081	1
THSD1	1	1	1	1	1	1	1	83.8155464733675	1	1	1	1	1	1
THY1	1	1	1	1	1	1	396.590961027148	1	453.706794138081	1	1	1	1	1
TIAM1	1	84.5699856290468	24.7545439706193	20.5427812640298	1	1	1	31.5109384641234	1	1	96.3175811480622	1	19.7410225514434	30.1441501684123
TIAM2	1	1	1	1	1	37.739508281722	1	1	1	1	1	1	26.1187896195971	13.3331807071468
TIE1	1	1	1	1	1	1	1	314.759460835026	1	1	1	1	1	33.094531254299
TIGIT	228.551604237558	655.958409247358	1	61.1998492344531	124.922093023463	1	1	1	1	1	357.330835768519	1	113.866497841137	1
TIMELESS	1	1	1	1	1	1	1	1	1	1	1	1	23.9809128147122	1
TIMP2	1	1	132.769136584974	1	1	1	255.909692346663	1	383.400970872699	1	1	1	1	1
TIMP3	1	1	1	1	1	1	482.823343149852	1477.43968851087	831.80812523931	1	1	1	1	154.790451906002
TINAGL1	1	1	1	1	1	1	286.706500301616	218.867313393767	1	1	1	16.9868537061315	1	1
TJP1	1	1	1	1	1	1	85.3479861551913	207.648179606563	53.8937184890557	1	1	120.147444918411	1	1
TK1	1	1	1	1	1	1	1	1	1	1	1	1	179.363780538637	1
TKTL1	1	1	1	1	18.3103712832053	1	1	1	1	1	1	1	1	1
TLE1	1	1	1	1	1	42.3944914119813	86.6463564681509	27.6852804043739	22.7487385123174	54.7810249647458	1	1	1	1
TLR1	1	1	25.2685851799249	1	1	28.3522668847359	1	1	1	1	1	1	1	1
TLR10	1	1	1	1	1	32.3734800703628	1	1	1	1	1	1	1	1
TLR2	1	1	95.8129435029413	1	1	1	1	1	1	1	1	1	1	1
TLR4	1	1	46.7864937449388	1	1	1	1	31.9701079179891	1	1	1	1	1	1
TM4SF1	1	1	1	1	1	1	238.925030813502	1523.62346629829	26.2032554886233	1	1	267.991284870642	1	1
TM4SF18	1	1	1	1	1	1	1	146.958466342254	1	1	1	1	1	1
TM4SF19	1	1	1	1	16.0058207199917	1	1	1	1	1	1	1	1	1
TM6SF1	1	1	53.067895773644	1	1	1	1	1	1	1	1	1	1	57.1167221624827
TM7SF2	1	1	1	1	15.4592030505599	1	1	1	1	38.7221432438176	1	88.9617143855532	1	1
TMC3-AS1	1	1	1	1	1	1	1	1	1	32.8104927286723	1	1	1	1
TMC4	1	1	1	1	1	1	1	1	1	1	1	89.4570843210739	1	1
TMC5	1	1	1	1	1	1	1	1	1	1	1	75.5961735293	1	1
TMED8	1	22.1561764621939	1	1	1	28.142431026058	1	1	1	1	1	1	17.1798118184783	1
TMEM100	1	1	1	1	1	1	1	290.235571494873	18.7198799227512	1	1	1	1	1
TMEM102	16.8470938991241	1	1	1	1	1	1	1	1	1	13.1612014232592	1	1	1
TMEM116	15.0356340988186	1	1	24.1478416797838	15.2427872028547	1	1	1	12.3467642955025	1	1	1	17.9947093616598	1
TMEM117	1	1	1	1	1	16.6273222574064	1	1	1	20.3241187791987	1	1	1	1
TMEM119	1	1	1	1	1	1	1	1	207.265046317076	1	1	1	1	1
TMEM125	1	1	1	1	1	1	1	1	1	1	1	242.343374306788	1	1
TMEM130	1	1	1	1	1	1	1	1	74.9530704514195	1	1	1	1	1
TMEM156	24.199711784547	31.3380871674539	1	28.4158851970228	27.3407667260681	96.6836939750605	1	1	1	82.1898257594864	30.1401502876345	1	21.4178127488575	1
TMEM163	1	1	15.7648041490429	1	1	16.230798876705	1	1	1	1	1	188.672851066505	1	1
TMEM176A	1	1	318.332175846017	1	1	1	139.536047551184	1	684.417530237557	1	1	1	1	80.1380928253679
TMEM176B	1	1	399.005070273596	1	1	1	138.719538505689	1	668.541815236769	1	1	1	1	227.384877717717
TMEM19	1	1	17.5877608504429	1	17.3775507531774	34.2568853757067	1	1	1	68.5865223569984	1	26.2402289209605	22.7069478495524	1
TMEM191C	13.7066879616355	1	11.7191016631829	15.1238955701696	20.5929701446964	13.2987309952854	1	1	1	1	1	1	1	1
TMEM200A	1	1	1	14.4634888030179	1	1	49.0944373058788	1	35.1440978459186	1	1	1	1	1
TMEM204	1	1	1	17.7203286857424	1	1	130.867454129273	549.037377515908	107.251858640368	1	14.9465711977455	1	1	1
TMEM220	1	1	1	1	1	1	29.0402157253241	1	44.4775271618039	22.0408840277133	1	1	1	66.9309598370004
TMEM233	1	1	1	1	1	1	1	31.0993592537275	1	1	1	1	1	111.602893335136
TMEM255B	1	1	21.1484153016114	1	1	1	1	169.547996403863	1	1	1	1	1	57.2492487297267
TMEM265	1	1	1	1	1	1	1	1	1	1	1	106.509467299613	1	1
TMEM273	1	1	31.4126639698666	1	1	31.5651521496406	16.6653970172192	23.490096144958	1	1	1	1	1	136.178920122047
TMEM30B	1	1	1	1	1	1	1	1	1	1	1	59.7590388657673	1	1
TMEM45A	1	1	1	1	1	1	39.0908085687969	1	88.3784247127983	46.7845001714301	1	1	1	1
TMEM45B	1	1	1	1	1	1	1	1	1	1	1	61.8417583351117	1	1
TMEM47	1	1	1	1	1	1	96.5253270722049	51.733608929041	63.4675942633956	1	1	1	1	1
TMEM51	1	1	63.9234079032921	1	1	1	30.170691155477	49.5132845200585	31.8953385797858	1	1	1	1	1
TMEM54	1	1	1	1	1	1	14.0137942870947	1	23.5379940966324	1	1	172.623044235752	1	1
TMEM63A	1	16.6997843967697	1	24.3980920784729	17.7053976285342	1	1	14.4793168935091	12.374181326457	1	1	39.7604890803298	1	14.8931295606655
TMEM63B	1	1	14.9766576624686	1	1	1	1	1	1	1	1	82.7945909484689	1	1
TMEM64	1	15.6513043368678	1	1	1	1	1	15.881020897043	11.4998821718892	1	16.2393840187856	1	1	1
TMEM67	1	1	1	1	1	1	14.6803223562598	1	1	1	1	21.4944248441074	1	25.8194633254773
TMEM71	37.7410221463088	1	14.1734120876219	38.859906352793	46.9453934128261	1	1	1	1	1	18.0910130585541	1	37.336616746424	1
TMEM88	1	1	1	1	1	1	1	210.130766530238	1	1	1	1	1	30.9800234620459
TMEM92	1	1	1	1	1	1	1	1	1	1	1	61.4163940161752	1	1
TMEM98	1	1	1	1	1	1	77.1358654602381	1	202.274817947202	1	1	234.956515685085	1	1
TMIGD2	1	1	1	1	1	1	1	1	1	1	1	1	27.200017816356	1
TMIGD3	1	1	29.9277968486484	1	1	1	1	1	1	1	1	1	1	1
TMOD1	1	1	1	1	1	1	60.3492364582055	1	1	1	1	1	1	23.8506318894659
TMOD2	1	1	14.0433715986699	1	1	17.2852089165841	1	27.3242626934612	1	1	1	1	1	1
TMPRSS2	1	1	1	1	1	1	1	1	1	1	1	109.934323060404	1	1
TMPRSS4	1	1	1	1	1	1	1	1	1	1	1	71.3438549517419	1	1
TMTC2	1	15.2820569126436	1	1	1	1	1	1	12.0719445565419	13.3864854877529	1	1	1	1
TNC	1	1	1	1	1	1	91.6184644451435	1	32.2155829576358	1	1	24.844266603517	1	1
TNF	341.516952465759	112.459446758429	322.587941328501	276.521920841383	856.561089758717	112.427454595321	1	1	1	37.0405998750018	160.631274449744	9.82907035704021	110.283643156486	43.5563113546198
TNFAIP2	1	1	182.464605757252	1	1	1	14.3562226406768	45.3835496310739	31.3141379197812	15.5959169565677	1	1	1	1
TNFAIP6	1	1	60.5030358360767	1	1	1	69.669016975692	1	103.230063145189	1	1	1	1	1
TNFAIP8L1	1	1	1	1	1	1	1	45.7612948167791	1	1	1	1	1	47.4317615486598
TNFRSF12A	1	1	35.0670522194714	1	1	1	200.479249274039	16.9417282393627	132.915541312728	1	1	109.360925985839	1	308.110049932537
TNFRSF13B	1	17.1736422806103	1	1	1	211.535897106224	1	1	1	42.8325414447138	1	1	1	1
TNFRSF13C	1	1	1	1	1	286.989441433462	1	1	1	65.5255142145234	1	1	1	1
TNFRSF17	1	1	1	1	1	1	1	1	1	299.029347892458	1	1	1	1
TNFRSF18	39.7995697987117	546.751919645777	22.5222729940238	54.7797905722434	1	1	1	1	1	57.6778741800638	476.86343213014	1	82.6755319109304	204.8545393956
TNFRSF25	18.8948551875352	106.659205839105	1	87.6565394209215	1	1	1	38.5789322937663	1	1	106.953353678409	32.8437073766011	35.2524061414675	1
TNFRSF4	1	719.287031637707	33.6186191401349	84.84999649491	1	1	1	97.8648660722757	1	41.4138670614985	468.608918661519	1	39.8274598664381	111.09404889457
TNFRSF9	79.3153113019873	210.389384740624	25.8718474957178	1	20.4796209443377	1	1	1	1	1	28.034991695952	1	117.468683912301	50.2845404652896
TNFSF13	1	1	193.651623436076	1	1	1	1	1	14.4945831176602	1	1	29.9213967597207	1	15.0901279031546
TNFSF13B	1	31.3769895615255	202.777525034062	45.425524817087	1	1	26.9460774979179	1	191.935309175501	1	63.5896322389324	1	1	1
TNFSF4	1	1	1	1	1	1	1	1	1	1	1	1	37.6054568906153	1
TNFSF8	27.531932521227	20.821706348102	18.7347037265565	59.7425773142801	15.869106686701	1	1	1	1	1	92.8547608281202	1	22.2877056375634	1
TNFSF9	210.8481931276	1	48.7734178149498	31.8114829563307	139.642339434232	69.777651470548	14.3504169204834	53.0519870583349	24.4216175087254	29.1597332224326	35.3476351920581	26.463615456122	33.621637374822	1
TNIK	45.9716198672334	180.09722898224	14.6341687780223	68.5134544441778	66.2139726562988	1	14.8920741428994	1	25.6847856252152	1	101.526170559481	28.451065940223	38.2702383969753	434.490914356901
TNIP3	59.3103861702587	27.0772177071311	18.9992773334206	1	16.4995413249003	1	1	1	1	1	26.0411876257665	1	59.0783147268344	1
TNNC1	1	1	1	1	1	1	1	1	1	1	1	57.7269604986281	1	1
TNNI2	1	1	13.8776264285359	1	1	1	1	1	1	1	1	1	1	31.5579783354292
TNS2	1	1	1	1	1	1	65.1900584840106	120.978180761245	57.4025008117294	1	1	27.8204725508832	1	1
TNXB	1	1	1	1	1	1	16.1035466911743	112.525371122271	148.543961036998	1	1	1	1	1
TOGARAM2	1	1	1	1	20.5366939680287	1	1	1	1	1	1	1	16.0765588889039	1
TOM1L1	1	1	1	1	1	1	21.3355944409087	1	1	1	1	75.4706286915574	1	1
TOP1MT	1	1	15.6836005891014	1	1	1	1	1	1	1	13.7053838210522	1	1	1
TOP2A	1	1	1	1	1	1	1	1	1	1	1	1	264.328232001548	1
TOX	60.001558879149	68.4629153340752	1	25.6135043730803	55.5783191779533	31.6602671784428	1	1	1	13.3622069397309	102.063426954318	1	60.235899157971	1
TOX2	1	74.1985105444121	1	1	1	1	1	74.378157475973	16.0248095855537	1	94.98505886223	1	70.0559120902046	1
TP53INP1	15.0996359860647	37.9714578219892	1	24.9975860700014	1	53.5415645640324	14.5798142817544	27.7077543581985	18.3517447916419	284.045601481902	57.8133320081515	26.019263048478	17.3440155823014	1
TPBG	1	1	1	1	1	1	59.9953907118632	1	49.155303668573	1	1	1	1	1
TPM1	1	1	24.9486427654062	1	1	1	858.318836718799	218.435647214829	682.28094960599	1	1	62.0351400559351	1	31.4839610079476
TPM2	1	1	1	1	1	1	1256.50730999825	24.272575947311	967.465779976981	1	1	20.9417216310202	1	1
TPMT	16.2814606600368	24.4592677649728	41.2810517454043	1	1	1	1	1	1	1	1	49.7529820087364	18.1660674350844	1
TPPP	1	1	1	15.3903459621636	1	1	1	1	1	1	1	64.3572293061054	1	1
TPPP3	1	1	1	1	1	1	192.132733827787	32.3289570516168	1	1	1	179.45109761271	1	1
TPRG1	25.2509646084772	1	1	17.414867808322	26.8805042161881	1	1	1	1	1	1	1	1	1
TPSD1	1	1	1	1	1	1	1	1	1	1	1	1	1	2248.01169438085
TPSG1	1	1	1	1	1	1	1	1	1	1	1	1	1	83.7512503713745
TPX2	1	1	1	1	1	1	1	1	1	1	1	1	184.604102826659	1
TRABD2A	1	1	1	25.7307480563739	1	1	1	1	1	1	43.0198097100105	63.5995838465109	1	1
TRAC	151.821935825932	218.80224641911	19.0408622788603	141.969956332541	95.4371927471312	63.5782528790026	1	1	1	21.1256632045143	154.22663894507	1	242.57982984018	1
TRAF3IP3	95.5972906932226	132.183425302624	31.2848206358231	107.337174179323	218.55174645446	77.0195617692519	1	1	1	44.199265850164	161.768644597425	1	72.4113056309134	15.2439110294479
TRAIP	1	1	1	1	1	1	1	1	1	1	1	1	26.9388691408068	1
TRAPPC13	1	1	1	1	1	1	1	13.2970198545459	1	1	16.5283752209901	9.13377528754092	11.7866180349354	1
TRAT1	165.15761571701	52.8890718350874	18.7597140752629	235.354821406323	19.7422672839976	1	1	1	1	17.4413323277926	201.386780738551	1	83.262087699635	1
TRAV10	1	1	1	1	55.03280893945	1	1	1	1	1	1	1	1	1
TRAV12-1	1	18.0201661746989	1	21.1834943152646	99.3695438054749	1	1	1	1	1	1	1	1	1
TRAV12-2	40.5271352825581	32.6189024182542	1	19.0629819563692	1	1	1	1	1	1	21.000415512897	1	21.1270228446361	1
TRAV12-3	1	31.2395131336122	1	16.4197625854257	32.3084267274065	1	1	1	1	1	1	1	1	1
TRAV13-1	29.4407376809373	53.8341436122468	1	36.7619484064234	1	1	1	1	1	1	20.9504042145402	1	22.357168236758	1
TRAV13-2	1	32.0817810624118	1	19.8000317641106	1	1	1	1	1	1	21.0639076531125	1	54.2617191262547	1
TRAV14DV4	25.8159669460771	21.6909892621231	1	20.070346604046	1	1	1	1	1	1	18.3007632235447	1	17.6078925536374	1
TRAV16	17.3982244439712	22.1431741957879	1	1	1	1	1	1	1	1	1	1	1	1
TRAV17	31.7585505293192	28.4958307235651	1	31.3479831675246	18.6445096433557	1	1	1	1	1	25.2501677845256	1	22.5500828462679	1
TRAV19	43.2014797957914	25.3557582089645	1	18.0324641476426	15.6420230779352	1	1	1	1	1	22.2660264215849	1	52.1500158260378	1
TRAV2	1	24.6562967704616	1	1	1	1	1	1	1	1	1	1	1	1
TRAV21	20.5594419197364	36.122179591947	1	22.0903973536584	1	1	1	1	1	1	48.1875876056195	1	1	1
TRAV23DV6	1	26.8247586372295	1	1	1	1	1	1	1	1	22.5600714390611	1	1	1
TRAV24	1	1	1	1	1	1	1	1	1	1	1	1	30.3082393846363	1
TRAV26-1	1	31.6234603837463	1	18.6055134506771	1	1	1	1	1	1	93.0006939232441	1	1	1
TRAV27	1	21.8822164063028	1	18.8675083803481	55.9147291503258	1	1	1	1	1	1	1	1	1
TRAV29DV5	39.0043594055694	49.1742553984508	1	21.7173416263805	37.979004854436	1	1	1	1	1	27.1804249612889	1	1	1
TRAV3	32.0898302160631	34.4370093098517	1	15.9804812013766	1	1	1	1	1	1	21.4360753582838	1	1	1
TRAV35	1	16.0964368919578	1	1	1	1	1	1	1	1	1	1	1	1
TRAV36DV7	1	15.5801674784048	1	1	1	1	1	1	1	1	1	1	1	1
TRAV38-2DV8	22.2988981021856	42.5749966766801	1	23.2225161570212	1	1	1	1	1	1	1	1	21.0271570718601	1
TRAV39	1	16.1457672157432	1	1	1	1	1	1	1	1	1	1	1	1
TRAV4	25.2170012617256	28.1295373554083	1	17.1852123911526	1	1	1	1	1	1	19.3642792322157	1	18.2424450220678	1
TRAV6	1	17.6950079675524	1	1	1	1	1	1	1	1	20.0756146257355	1	1	1
TRAV8-2	31.252139675249	52.9203413485662	1	45.2305837991835	1	1	1	1	1	1	32.9571612121612	1	28.8423271016389	1
TRAV8-3	1	18.251089869924	1	1	1	1	1	1	1	1	1	1	1	1
TRAV8-4	1	32.406900634211	1	29.0854611742771	1	1	1	1	1	1	34.7699520445492	1	1	1
TRAV8-6	1	24.7538855194977	1	22.606772714545	1	1	1	1	1	1	22.3009801545892	1	1	1
TRAV9-2	1	55.1429386616419	1	22.6517336649286	63.0373697694072	1	1	1	1	1	41.3014092608579	1	1	1
TRBC1	240.83769058126	309.684703469158	23.7141412621983	193.263985586733	482.84723414232	1	1	1	1	20.2615610481122	208.415434867708	1	194.504661206483	1
TRBC2	467.243252310472	517.335267631603	33.8062416893045	381.901352228119	544.454659460577	178.460090679706	1	21.9873016770073	1	37.311695522577	527.157424995854	12.4262545290422	455.446574467778	17.5011288687139
TRBV11-2	33.8622811667898	1	1	1	1	1	1	1	1	1	31.6044010207825	1	1	1
TRBV11-3	1	1	1	1	1	1	1	1	1	1	219.986043144167	1	1	1
TRBV12-3	1	22.6413931990113	1	23.1189359869996	1	1	1	1	1	1	34.9354982558802	1	1	1
TRBV12-4	1	1	1	1	45.5364437560407	1	1	1	1	1	1	1	1	1
TRBV13	1	1	1	1	58.3274041557776	1	1	1	1	1	1	1	1	1
TRBV14	1	22.1289302436598	1	1	92.9131801013506	1	1	1	1	1	19.144953856688	1	1	1
TRBV18	1	36.867802162986	1	21.5942883833653	1	1	1	1	1	1	29.4968996831175	1	1	1
TRBV19	71.7252589608058	43.3987486779822	1	37.4384857113621	1	1	1	1	1	1	39.1098447382203	1	126.46471707902	1
TRBV2	1	23.8768897877555	1	27.9574155829528	15.7388500370935	1	1	1	1	1	19.806807814325	1	1	1
TRBV20-1	43.4691403170937	153.857095328086	1	80.8266607413365	21.8851825651782	1	1	1	1	1	92.9588513737252	1	50.8121231650701	1
TRBV24-1	1	22.9534605922212	1	1	1	1	1	1	1	1	1	1	1	1
TRBV27	42.619538159827	19.795826301788	1	1	1	1	1	1	1	1	17.786595223385	1	1	1
TRBV28	44.5974845389066	43.894374621371	1	36.3503058541935	25.6802865063984	1	1	1	1	1	73.395609979344	1	29.7772877429883	1
TRBV29-1	29.7214411328237	21.3770173042531	1	1	1	1	1	1	1	1	1	1	1	1
TRBV3-1	1	24.6073679183802	1	29.1569951305029	1	1	1	1	1	1	1	1	1	1
TRBV4-1	25.22083679771	1	1	1	39.4188397988828	1	1	1	1	1	1	1	1	1
TRBV4-2	24.3164702968258	1	1	24.5543462806919	1	1	1	1	1	1	28.4694498729042	1	1	1
TRBV5-1	24.2395072919176	74.5238958642477	1	51.1472012057879	1	1	1	1	1	1	70.9972019018445	1	1	1
TRBV5-4	1	19.8112011456201	1	1	1	1	1	1	1	1	27.3673722099318	1	1	1
TRBV5-5	1	1	1	1	1	1	1	1	1	1	1	1	33.6405703934185	1
TRBV5-6	1	21.3544893412661	1	1	1	1	1	1	1	1	1	1	32.4787648697929	1
TRBV6-1	1	33.2623793565912	1	28.7332652805367	1	1	1	1	1	1	26.566845211049	1	1	1
TRBV6-2	25.0683926979266	41.6765515814682	1	24.5495319510506	1	1	1	1	1	1	20.0260316579439	1	1	1
TRBV6-5	22.6580390898895	43.1407194264502	1	30.5801829587973	1	1	1	1	1	1	1	1	1	1
TRBV6-6	1	23.2880641841381	1	1	1	1	1	1	1	1	20.0976479361134	1	1	1
TRBV7-2	83.7920705193893	51.5981473136456	1	55.492865442936	1	1	1	1	1	1	66.8028860395932	16.8625733644695	35.8830305240135	1
TRBV7-3	1	21.3314501720639	1	1	66.9762554157501	1	1	1	1	1	1	1	1	1
TRBV7-6	36.5560816685943	30.3586943673685	1	20.2593173857631	1	1	1	1	1	1	20.6651566464538	1	20.5088995212614	1
TRBV7-9	50.6720494269189	40.0507675054463	1	33.3927829330799	1	1	1	1	1	1	32.7523392206841	1	1	1
TRBV9	95.7712075918015	26.4005601917197	1	21.1964730039877	191.723918675707	1	1	1	1	1	27.2782276836768	1	99.1501729680567	1
TRDC	1	1	1	1	76.9308089065095	1	1	1	1	1	1	1	1	1
TRDMT1	18.8909136756127	14.8299245144381	1	25.1036579753014	1	13.4820632642952	1	1	1	1	17.4197319271292	1	14.2764845484316	17.474491311247
TRDV2	1	1	1	1	39.0778393497496	1	1	1	1	1	1	1	1	1
TREM1	1	1	202.160918272009	1	1	1	39.8619162436414	1	1	1	1	1	1	1
TREM2	1	1	231.636804890275	1	1	1	1	1	1	1	1	1	1	1
TRG-AS1	79.8003664276682	23.2490011593885	18.8735723562381	40.7087790263208	120.106193039661	1	1	1	1	39.3370818174562	41.9323113982861	1	42.029707727245	1
TRGC1	1	1	1	1	35.9628357935745	1	1	1	1	1	1	1	1	1
TRGC2	27.4883350999951	1	1	1	43.2812554467654	1	1	1	1	1	1	1	1	1
TRGV10	71.9445928237212	1	1	42.8867983535816	65.0211542027941	1	1	1	1	1	1	1	27.760719122149	1
TRGV11	1	1	1	1	19.875035114892	1	1	1	1	1	1	1	1	1
TRGV2	36.8061163197535	1	1	1	130.200476517249	1	1	1	1	1	1	1	1	1
TRGV3	34.3433619017612	1	1	1	78.5211493222669	1	1	1	1	1	1	1	1	1
TRGV4	37.4456375017587	1	1	1	65.168270110557	1	1	1	1	1	1	1	1	1
TRGV5	23.7491967723943	1	1	1	38.9767935898927	1	1	1	1	1	1	1	1	1
TRGV5P	1	1	1	1	41.561570251564	1	1	1	1	1	1	1	1	1
TRGV7	16.2256403722238	1	1	1	69.9339090306222	1	1	1	1	1	1	1	1	1
TRGV8	22.7279418360551	1	1	1	22.2349889288273	1	1	1	1	1	1	1	1	1
TRGV9	39.6985949426093	1	1	1	88.9480157591074	1	1	1	1	1	1	1	23.7403338521201	1
TRIB3	1	1	1	1	14.7327393676387	1	1	1	1	1	1	11.1867435743041	11.1019759953127	31.2859310375473
TRIM16	1	20.053256817815	1	1	1	1	21.7016031275226	39.4074072200683	1	1	1	12.0600988940689	1	1
TRIM2	1	1	1	1	1	1	16.6101108136597	1	15.7654059813634	1	1	80.3867290707879	1	1
TRIM41	1	1	1	1	19.2360326048201	1	1	1	1	1	1	1	12.3682939622301	1
TRIM52	1	1	1	1	20.8220477886383	1	1	1	1	1	1	1	1	13.9059805585448
TRIM59	22.0533851954033	44.1432316999803	1	16.1912410469949	1	1	1	1	1	1	46.5320269020067	1	32.4484722782546	1
TRIM62	1	1	1	1	14.6418055316754	1	1	1	1	1	1	1	1	1
TRIM63	1	1	1	1	1	1	1	1	1	1	1	1	1	44.0249317506389
TRIP13	1	1	1	1	1	1	1	1	1	1	1	1	33.6817524725768	1
TROAP	1	1	1	1	1	1	1	1	1	1	1	1	121.232199129367	1
TRPC4	1	1	1	1	1	1	42.3135353441076	1	1	1	1	1	1	1
TRPC6	1	1	1	1	1	1	149.243619052689	1	26.0904214448225	1	1	1	1	1
TRPM2	1	1	33.7072589215068	1	1	1	1	1	1	1	1	1	1	1
TRPS1	31.4998372579808	37.1551452161053	33.6836281624525	23.1749133967529	1	1	18.8352197466176	1	25.6654065450565	1	64.634847812747	1	31.532682589072	18.5077585315809
TSHR	1	1	1	1	1	1	1	1	1	29.5084494133238	1	1	1	1
TSHZ2	1	56.7670535581098	1	25.4299105204253	1	1	1	1	61.8922083538621	32.3956257828278	247.110264280424	1	46.1937412993908	1
TSPAN1	1	1	1	1	1	1	1	1	1	1	1	96.5511730092556	1	1
TSPAN12	1	1	1	1	1	1	42.5141444955433	126.385697042115	1	1	1	67.6239026969112	1	1
TSPAN15	1	1	42.0653770393115	1	1	1	12.7977170313092	109.672497266573	1	1	1	75.3756641914669	1	1
TSPAN18	1	1	1	1	1	1	1	87.4610234474675	1	1	1	1	1	1
TSPAN2	1	1	1	21.857840191796	37.7096953658642	1	19.822979020861	19.8093272688656	1	1	22.8087588571131	1	1	1
TSPAN32	24.2085774782019	16.6077200703838	1	1	140.357468157576	1	1	1	1	1	1	1	1	21.5581402533322
TSPAN33	1	1	22.7234082547645	1	1	18.7187202833229	1	1	1	1	1	1	1	1
TSPAN5	43.380198186967	106.1598940319	1	32.3330759535104	32.5036060255989	1	1	1	22.9519788619142	1	81.202549028837	35.2479197594612	47.1928919691796	1
TSPAN7	1	1	1	1	1	1	1	579.142977086057	1	1	1	22.8691697345045	1	17.9628792499069
TSPAN9	1	1	1	1	1	1	35.8169966906541	133.655923800031	70.2976192222355	1	1	1	1	1
TSPOAP1	1	1	1	1	24.8628874779086	1	1	1	1	1	1	39.8252260524321	14.2423457742135	1
TSPOAP1-AS1	1	1	1	1	26.2943258575014	1	1	1	1	1	1	1	14.6724504377832	1
TTC16	1	1	1	1	60.230288085112	1	1	1	1	1	1	1	1	1
TTC27	1	1	1	1	12.1989883603024	1	1	1	1	1	1	1	1	24.4514082580821
TTC38	17.4251237473848	1	1	1	226.118042793821	1	10.7748995012827	1	14.2150972085663	24.3206640142415	14.1018240288461	28.989884417147	14.7846772981175	15.4414491542962
TTC39C	137.516725097567	262.946430742405	48.0620064592892	183.08759858927	55.7055210866499	34.1790811288118	16.6349581177685	20.0884854594169	43.1904420718556	1	79.372620297092	33.0975531937204	105.532188746658	1
TTC39C-AS1	1	1	1	17.3668406079957	1	1	1	1	1	1	1	1	1	1
TTF2	1	1	1	1	1	1	1	1	1	1	13.5621872555482	1	41.0351462761316	1
TTI1	1	1	1	1	1	1	1	15.0247817630497	1	1	1	14.7337213635739	1	38.2843849382712
TTK	1	1	1	1	1	1	1	1	1	1	1	1	23.2806963267384	1
TTLL7	1	1	1	1	1	1	42.6308544709333	1	1	1	1	1	1	37.7362422899641
TTN	1	55.4985066906879	1	1	1	27.4532053533852	1	1	1	1	1	1	14.9403560524779	1
TTYH2	1	1	31.406175858827	1	15.0474377317715	1	12.0092029994326	1	1	1	1	1	1	66.9041801234023
TTYH3	1	1	73.542576290809	1	1	1	1	22.1578676338375	18.5294380673235	1	1	46.7943127038623	1	17.8619488790082
TUBA4A	446.92382120843	118.325159523125	39.0876090322904	261.552854286112	297.111599300388	123.648532353021	18.3787049735504	35.0230521070309	1	184.047769562573	201.54817551494	72.3473614161719	381.205438251055	25.992106552847
TUBG1	1	1	14.0388526712891	1	1	1	32.9950857315932	33.430745154187	1	19.9738145099267	1	37.5963563621507	79.6139552906353	1
TUSC3	1	1	1	1	1	1	94.413322394794	83.2619652781707	51.6735716267353	1	1	1	1	1
TXK	1	1	1	18.1310010000633	39.4686973452076	1	1	1	1	1	1	1	1	1
TXNDC5	1	1	1	1	1	1	35.4698289421571	69.6850084526659	58.9181369475226	392.165848051008	1	126.209403860057	21.8398008489713	1
TYMS	1	1	1	1	1	1	1	1	1	1	1	1	591.492895764757	1
TYROBP	1	1	2708.09859367963	1	772.288990355795	1	1	1	1	1	1	1	1	874.228496173314
TYW5	1	14.8019349295779	1	1	13.2965267787404	13.2566890864746	1	1	1	1	22.8052941658145	18.119553405567	1	1
U62317.4	1	1	41.2768093104905	1	1	59.8033317963526	1	1	1	183.631396559224	1	1	29.8554972973524	1
UACA	1	1	1	1	1	1	206.431690393087	200.97499107886	188.592471144906	1	1	1	1	1
UBASH3A	29.7319322675607	31.4200314977111	1	31.1126547832455	16.0722553169703	1	1	1	1	1	24.7679109433295	1	19.4740384175247	1
UBASH3B	1	18.7782508391373	17.0041159919452	1	1	1	1	1	1	1	13.8757109243722	1	1	1
UBD	1	1	46.6705397090204	1	1	1	1	1	58.3346248368961	1	1	1	1	1
UBE2C	1	1	1	1	1	1	1	1	1	1	1	1	486.561383140926	1
UBE2T	1	1	1	1	1	1	1	1	1	1	1	1	157.943325008942	1
UBL7-AS1	1	1	1	1	1	1	1	1	1	1	1	1	36.7127428951672	1
UBOX5	1	1	1	1	1	1	1	1	1	1	1	1	1	24.8605042230639
UBR5-AS1	1	1	11.2918131261117	1	1	18.3024683660492	1	1	1	1	1	1	1	12.1544782414648
UBTD1	1	1	15.1958105277853	1	1	1	16.7657551875085	35.3933760230028	31.2583669605097	1	1	169.875836575264	1	1
UBXN10-AS1	1	1	1	1	1	1	1	1	1	1	23.3085343968859	1	1	17.325629738975
UGT8	1	1	1	1	1	13.245235888987	1	1	1	1	1	1	1	1
UHRF1	1	1	1	1	1	1	1	1	1	1	1	1	101.449460122555	1
ULBP2	19.62886405162	1	1	1	1	1	1	46.8089243540686	1	1	1	1	21.0976077217635	1
ULK4	1	1	1	15.9468828781875	1	1	1	1	1	1	1	1	1	1
USHBP1	1	1	1	1	1	1	1	63.4611614928087	1	1	1	1	1	1
USP20	28.5947558510201	36.3973317159325	1	30.9688370003892	1	1	1	1	13.2855453813868	1	16.1278503199983	10.4648089703026	29.5238443375336	12.7785911895737
USP28	18.3066846652092	1	1	1	57.1999610488891	15.8354848032772	1	13.4236310163943	1	1	1	13.2997163445284	13.2979653563588	1
USP51	1	13.7962534751622	1	1	1	1	1	1	1	1	1	1	1	1
USP6NL	1	1	17.3677682611003	1	1	43.0622660952999	18.0014707657567	15.9941881441006	1	18.8272156499362	1	38.3710272891158	1	1
UTP25	1	1	1	1	1	16.1317438052279	11.5488964318798	1	1	1	1	1	1	26.7211898629415
UTS2	1	22.7555257380328	1	1	25.1535474509552	1	1	1	1	1	1	1	33.4829482799995	1
UVSSA	1	1	1	1	18.1666783477607	1	1	1	1	13.6235042024886	18.7168472072441	1	1	1
VASN	1	1	1	1	1	1	136.229283147738	1	154.709607633658	1	1	28.5571048246411	1	1
VAV3	19.4247737611389	37.681332270981	12.7160694524003	1	44.5639944305047	15.9258267851825	1	21.031397036122	1	1	15.6980389387189	1	1	1
VCAM1	53.0717122628057	1	1	1	1	1	105.804272329006	1	84.733152349727	1	1	1	95.1762402489803	1
VCAN	1	1	108.718737675294	1	1	1	111.853743171116	1	364.248957497114	1	1	1	1	1
VEGFA	1	1	137.273279212301	1	1	1	79.9611861612198	1	84.5527493736029	20.8700691934266	1	72.7486371896332	1	102.618521350904
VEGFD	1	1	1	1	1	1	1	1	183.905484348702	1	1	1	1	1
VGLL3	1	1	1	1	1	1	56.8600595398849	1	155.168707576005	1	1	1	1	1
VILL	1	1	1	14.4861369978323	23.3660464134144	1	1	1	1	1	1	1	1	1
VIPR1	1	1	1	1	1	1	1	226.542310998025	1	1	1	20.0458951514032	1	1
VIPR2	1	1	1	1	13.8566329999933	1	1	1	1	1	1	1	1	1
VMAC	1	1	1	1	1	1	1	1	1	17.9794022947788	16.8369129758975	14.2610544602091	1	1
VMO1	1	1	48.473509768394	1	1	1	1	1	1	1	1	1	1	1
VPREB3	1	1	1	1	1	202.700440726063	1	1	1	72.4839572388564	1	1	1	1
VSIG2	1	1	1	1	1	1	1	1	1	1	1	161.762351388257	1	1
VSIG4	1	1	172.153142742919	1	1	1	1	1	1	1	1	1	1	1
VWA1	1	1	1	1	1	1	31.4299598776957	567.648113299308	43.0135882927221	1	1	199.36647077111	1	1
VWA5A	1	1	1	1	1	1	19.1800688524648	1	31.4087203911572	1	1	34.048996890117	1	648.36372313676
VWF	1	1	1	1	1	1	1	2265.12139920195	1	1	1	1	1	1
WDFY4	1	1	25.6721381404144	1	1	47.5412493939472	1	1	1	1	1	1	1	1
WDR34	1	1	1	1	1	20.1830333046046	22.2932593157571	17.8129501220559	24.0160235997968	1	1	189.300072516577	97.4312904259727	1
WDR53	1	22.174228402268	1	1	1	1	1	1	1	1	1	1	1	13.7373582922919
WDR62	1	1	1	1	1	1	1	1	1	1	1	1	24.0929950687239	1
WDR76	1	1	1	1	14.8848314336893	1	1	1	1	1	1	1	62.8371341833172	1
WDR89	1	17.8550910220911	1	1	1	1	1	1	1	1	1	1	1	13.886246009847
WEE1	1	13.7521362749854	1	1	1	42.9291471023438	32.5110419182372	1	35.3895294448289	1	1	1	35.9153120719625	1
WFDC2	1	1	1	1	1	1	15.6749326217593	1	1	1	1	3065.11247149391	1	1
WIPI1	1	1	33.1353091636797	1	21.2682618119018	1	33.6969988061589	37.4687030659239	51.0510319671553	127.517237815877	1	47.9007268370519	13.1522021392036	1
WNT10A	1	1	1	1	1	1	1	1	1	31.0445387292065	1	1	1	1
WNT2	1	1	1	1	1	1	1	1	74.1014443871046	1	1	1	1	1
WRAP53	1	1	1	1	1	1	1	1	1	1	1	1	21.209500731962	1
WWTR1	1	1	1	1	1	1	34.8984288851048	238.817589088702	54.7983798492817	1	1	56.8241968609139	1	1
XAGE1B	1	1	1	1	1	1	1	1	1	1	1	61.9686548869617	1	1
XCL1	386.015367131368	1	1	44.537509330459	146.346828575176	1	1	1	1	1	25.1714175416949	1	78.5341890627644	1
XCL2	409.716817592308	1	1	1	362.171855482914	1	1	1	1	1	1	18.9197597327448	133.840179575505	1
XKR8	1	1	1	1	25.9037944819693	12.68764602831	1	1	12.4924302798973	51.3137165208932	1	1	1	1
YES1	29.8442383633306	1	1	17.6731631942682	111.269515359365	1	16.8547852408171	140.187288616589	26.4164145769058	22.9905483741458	1	30.7736418137684	1	26.1184447600598
YPEL1	1	1	1	1	26.1540145344592	1	1	1	1	1	1	1	1	1
ZAP70	150.351728362996	171.126887477755	1	157.202964704846	324.515619912119	1	1	1	1	1	177.468983002514	1	123.007393002227	1
ZBED2	1	1	1	1	1	1	1	1	1	1	77.4609877310154	1	30.5229189456778	1
ZBED4	1	1	1	1	13.0360783344057	1	1	1	1	1	15.9494180137787	1	1	1
ZBP1	34.6390454072293	20.7452603613068	1	24.877698554653	63.4144215152067	16.7577016992672	1	1	1	244.63445903767	14.6764821201741	1	31.7210921750389	1
ZBTB16	1	1	1	19.1108156701632	1	1	188.859088635425	283.29733932513	82.4976772435175	1	1	1	1	1
ZBTB32	16.7043340884174	39.208862479096	1	1	1	36.5012816925627	1	1	1	14.0743582433341	1	1	51.4922951554598	19.9140041568209
ZBTB33	1	1	1	1	1	1	1	1	1	1	1	1	1	18.5902178658516
ZBTB40	1	1	1	1	1	13.5141253641159	1	1	1	15.8855695466007	1	1	1	1
ZC3H12D	27.623935631891	152.762269171135	1	52.8244201215177	1	18.1768286454174	1	1	1	1	96.8973516224784	1	45.1536540301201	1
ZCCHC4	1	1	1	1	1	1	1	17.8937218337981	1	1	14.8392410965836	24.1279839992881	1	1
ZDBF2	1	33.1225039897372	1	1	1	1	11.3593400004421	1	1	14.2654796566476	32.1917548258228	1	18.3696489001985	12.9082189072292
ZEB2-AS1	1	1	30.5357606874347	1	1	1	1	1	1	1	1	1	1	1
ZFAND4	1	1	1	1	1	1	1	1	1	1	1	1	1	20.7190431847311
ZFAT	1	1	1	1	1	1	1	1	1	28.9566707517938	1	1	1	1
ZFP82	1	1	1	1	1	1	1	1	1	1	1	1	1	29.5583578171123
ZFYVE28	52.8856982148051	26.2746469893406	1	36.5713597443876	42.7401383923827	1	1	1	1	12.7510560984089	26.92680085804	1	44.3225405676335	1
ZGRF1	1	1	1	1	1	1	1	1	1	1	1	1	42.824990330268	1
ZKSCAN8	1	1	1	1	1	1	1	1	1	1	1	14.0321375206078	1	26.5357241990323
ZMAT1	1	1	1	1	1	16.1651617215529	1	17.7995623811122	1	1	1	24.3082967837777	1	1
ZNF101	19.52655197558	35.2452776963901	1	21.5512930272789	1	1	1	1	1	1	14.0455514294057	1	21.7419464221232	1
ZNF14	1	13.8462036490737	1	1	13.7192573310197	1	1	1	1	1	1	1	1	25.9091169892364
ZNF184	18.1783163995547	16.2466532141971	1	1	21.1287325038853	1	13.3296119677572	1	1	1	1	1	1	1
ZNF200	1	1	1	1	1	1	1	1	1	1	15.1163730599484	1	1	1
ZNF213-AS1	1	1	1	1	17.9388277411417	1	1	1	1	1	1	1	1	1
ZNF215	1	1	1	1	1	1	1	1	1	25.8170624932099	1	1	1	1
ZNF236	1	1	1	1	16.2420820662601	16.2538028952476	1	1	1	1	1	11.5414521104989	1	1
ZNF250	16.3154862072781	1	1	22.3778913897906	24.7690236033071	1	13.6871840952892	1	12.2728984710282	1	19.7388415022072	1	1	1
ZNF275	1	1	1	1	1	1	14.5406324852245	1	16.6296631259882	32.4805683542072	1	1	1	1
ZNF282	1	18.482033367274	1	1	1	1	1	1	1	1	25.4740680521999	14.0127649486233	1	1
ZNF296	21.6571054403815	1	14.5391073789228	1	19.5414940668308	50.7853302639132	1	1	1	40.2423078910204	1	1	1	15.1785945065538
ZNF333	1	1	1	1	22.035970510448	1	15.3574533669449	1	11.2386396585349	1	1	1	1	33.7395593780409
ZNF35	1	1	1	1	1	1	1	1	1	1	1	1	1	24.0936419574707
ZNF365	1	1	1	1	21.6085490241878	1	1	1	1	1	1	1	1	1
ZNF367	1	1	1	1	1	1	1	1	1	1	1	1	31.5510474430597	1
ZNF383	1	1	1	1	1	1	11.7492506498288	1	1	1	1	1	1	31.9686748074115
ZNF385A	1	1	161.920256190281	1	1	1	29.5078967232579	1	14.2934464913202	1	1	1	1	1
ZNF462	1	1	1	1	1	1	1	15.6959920189465	1	1	1	19.212983022366	1	32.7953958440543
ZNF467	1	1	18.8907458591161	1	1	1	1	66.3536297995107	1	1	1	1	1	1
ZNF48	1	1	1	1	1	1	1	1	1	1	1	1	1	20.4707305889172
ZNF503	1	1	18.1118502814572	1	1	1	109.277068926296	80.8066614108083	180.649049241326	1	1	27.8262379025861	1	1
ZNF507	1	1	1	1	21.4777888148431	1	1	1	13.0358272522817	1	1	1	13.3662556206567	1
ZNF562	1	1	13.4155697682131	1	1	1	10.2974573696877	1	1	1	1	1	1	30.0470964429116
ZNF567	16.3551822987799	1	1	1	19.5840839748718	17.5561494847272	1	1	1	1	17.4281830722191	1	1	17.7675475253846
ZNF583	1	1	1	1	1	1	1	1	1	1	1	1	1	24.2880126772285
ZNF595	1	1	1	1	24.2140410576247	1	1	1	1	1	1	1	1	1
ZNF597	1	1	1	1	1	1	1	1	1	1	1	1	1	19.522277398643
ZNF611	1	1	1	1	17.741813652997	1	1	1	1	1	1	1	1	1
ZNF649	1	1	1	1	1	1	1	1	1	1	1	1	1	28.957181418416
ZNF667-AS1	1	1	1	1	1	1	88.3397051882916	51.5681877953626	72.0661093067069	1	1	1	1	56.6512659655083
ZNF682	1	1	1	1	19.2174622739864	1	1	1	1	1	1	1	15.4744875971054	1
ZNF683	163.821464980596	1	1	1	27.5128798669378	1	1	1	1	1	1	1	72.3158984096367	1
ZNF689	1	1	1	1	1	1	1	1	1	1	13.5435483486989	1	1	18.5301676570828
ZNF704	1	1	1	1	1	1	31.5206728333276	32.7300573350626	28.7749961522843	1	1	16.6187426218662	1	51.836592891371
ZNF718	1	1	1	1	21.4041708968305	1	12.383938317214	1	1	1	1	1	12.6303867391807	1
ZNF736	1	1	1	1	1	20.4250100934284	1	1	1	1	1	13.4383890512768	13.2095063632153	1
ZNF746	13.8966368776631	1	1	1	16.3010451408865	1	1	1	1	1	1	26.4517109904236	1	14.5441921162593
ZNF764	1	1	1	1	1	1	1	1	1	1	16.8424545660489	1	1	19.0046200183347
ZNF808	1	1	1	14.4690240593766	29.3488458121785	1	1	1	1	1	1	1	14.774673414606	1
ZNF831	56.8080982113133	64.0761359082045	1	65.8681410457258	66.4864827591091	1	1	1	1	1	60.3318225359463	1	20.8766063665663	1
ZNF860	1	1	1	1	1	16.6081905598119	1	1	1	1	1	1	1	1
ZNF93	1	1	1	1	1	1	1	1	1	1	1	1	22.5831833340319	1
ZNRF1	21.6751848669101	43.1044478000318	1	18.8704592271506	1	1	1	56.5416000397852	13.1096357102123	1	64.4213270867174	27.023072081675	64.9106950853032	14.2083328490263
ZNRF2	1	25.0385840571968	14.3881806820204	1	1	1	1	1	1	1	1	1	13.6375291925229	1
ZSCAN16	1	1	1	1	1	14.1010882081072	1	17.5143962299241	1	1	1	1	1	1
ZWILCH	1	1	1	1	1	1	1	1	1	1	1	1	32.0834415571487	1
ZWINT	1	1	1	1	1	1	1	1	1	1	1	1	181.666453475398	1
